order_id,customer_id,order_status,order_purchase_timestamp,order_approved_at,order_delivered_carrier_date,order_delivered_customer_date,order_estimated_delivery_date
order_00000000,cust_00001520,delivered,2024-12-06 23:52:15,2024-12-07 02:08:47.811223,2024-12-09 14:06:41.570248,2024-12-14 13:20:38.897065,2024-12-23 23:52:15
order_00000001,cust_00002224,delivered,2025-05-05 10:04:14,2025-05-05 11:19:57.620958,2025-05-07 21:34:38.230067,2025-05-13 00:56:47.860183,2025-05-21 10:04:14
order_00000002,cust_00002573,delivered,2024-07-18 09:22:08,2024-07-18 12:57:03.591565,2024-07-19 04:03:03.219601,2024-07-29 09:28:10.164644,2024-08-11 09:22:08
order_00000003,cust_00000547,delivered,2024-10-30 07:28:43,2024-10-30 15:43:11.757831,2024-10-31 05:34:16.617962,2024-11-02 07:49:52.086630,2024-11-14 07:28:43
order_00000004,cust_00000717,processing,2024-05-21 18:02:32,2024-05-21 21:47:06.088745,,,2024-06-12 18:02:32
order_00000005,cust_00001965,delivered,2025-12-17 10:32:49,2025-12-17 12:48:05.146577,2025-12-18 16:13:25.801768,2025-12-23 08:11:48.093623,2026-01-04 10:32:49
order_00000006,cust_00001363,delivered,2025-02-10 14:40:12,2025-02-11 01:12:05.642862,2025-02-14 02:45:28.595883,2025-02-16 19:04:41.236971,2025-03-02 14:40:12
order_00000007,cust_00000053,unavailable,2025-04-12 07:20:44,2025-04-12 10:30:10.754479,,,2025-05-09 07:20:44
order_00000008,cust_00002054,delivered,2024-02-21 09:54:08,2024-02-21 15:11:24.163041,2024-02-22 10:16:06.182093,2024-02-25 05:56:03.169188,2024-03-05 09:54:08
order_00000009,cust_00001237,delivered,2024-08-31 09:02:04,2024-08-31 09:50:26.815611,2024-09-01 04:01:42.023869,2024-09-04 00:48:31.177474,2024-09-26 09:02:04
order_00000010,cust_00001459,delivered,2025-08-11 15:33:37,2025-08-11 17:55:09.257535,2025-08-12 21:59:12.037950,2025-08-28 03:58:11.418036,2025-08-28 15:33:37
order_00000011,cust_00001829,delivered,2024-08-29 09:47:51,2024-08-30 17:00:19.783738,2024-09-02 10:43:35.865739,2024-09-13 22:35:37.707167,2024-09-12 09:47:51
order_00000012,cust_00000924,shipped,2025-09-12 11:48:01,2025-09-12 15:40:55.346597,2025-09-14 13:25:30.011754,,2025-09-28 11:48:01
order_00000013,cust_00000679,delivered,2024-11-17 04:05:56,2024-11-17 22:31:00.459957,2024-11-19 02:04:17.873133,2024-11-21 21:23:53.860276,2024-11-29 04:05:56
order_00000014,cust_00000694,delivered,2025-01-22 05:40:09,2025-01-22 07:58:26.132374,2025-01-23 17:58:48.480481,2025-01-31 14:56:32.673217,2025-02-05 05:40:09
order_00000015,cust_00001425,delivered,2025-12-14 20:36:06,2025-12-15 06:18:29.322392,2025-12-17 06:19:34.869140,2025-12-18 21:09:30.532962,2026-01-01 20:36:06
order_00000016,cust_00000660,delivered,2025-02-11 14:42:49,2025-02-12 02:08:15.941441,2025-02-15 15:05:25.354361,2025-02-17 10:27:22.994099,2025-02-28 14:42:49
order_00000017,cust_00001012,delivered,2024-02-19 02:56:09,2024-02-19 03:45:39.130856,2024-02-19 17:45:20.955575,2024-02-21 04:29:44.420923,2024-03-07 02:56:09
order_00000018,cust_00002439,invoiced,2024-06-17 23:13:33,2024-06-18 03:30:32.206874,,,2024-07-19 23:13:33
order_00000019,cust_00002415,delivered,2024-10-01 02:16:35,2024-10-01 04:40:01.466156,2024-10-02 21:37:19.661076,2024-10-07 18:50:05.785903,2024-10-15 02:16:35
order_00000020,cust_00002570,delivered,2025-04-20 02:07:28,2025-04-20 04:53:00.550438,2025-04-21 23:45:53.614738,2025-04-23 12:57:56.880566,2025-05-11 02:07:28
order_00000021,cust_00000758,delivered,2024-10-04 01:16:46,2024-10-04 09:13:34.784959,2024-10-06 01:41:49.239910,2024-10-13 08:27:58.359299,2024-10-24 01:16:46
order_00000022,cust_00001752,delivered,2025-10-21 20:47:39,2025-10-22 02:13:30.665291,2025-10-26 05:05:14.563805,2025-10-27 11:46:44.336934,2025-11-08 20:47:39
order_00000023,cust_00002868,delivered,2024-09-26 22:09:23,2024-09-27 08:13:40.891942,2024-09-30 22:29:44.401321,2024-10-06 15:11:41.125130,2024-10-12 22:09:23
order_00000024,cust_00000397,delivered,2025-12-29 17:30:29,2025-12-30 01:56:49.148984,2026-01-01 01:43:34.244966,2026-01-04 08:49:29.725956,2026-01-14 17:30:29
order_00000025,cust_00001397,shipped,2024-12-27 06:28:28,2024-12-27 13:50:38.192642,2024-12-28 11:55:11.158069,,2025-01-14 06:28:28
order_00000026,cust_00000266,unavailable,2025-01-25 02:08:14,2025-01-25 05:07:17.659050,,,2025-02-11 02:08:14
order_00000027,cust_00001983,delivered,2025-07-23 13:27:26,2025-07-23 16:33:44.431332,2025-07-26 18:23:09.282898,2025-08-10 18:08:24.663385,2025-08-22 13:27:26
order_00000028,cust_00001517,delivered,2025-12-25 03:09:09,2025-12-25 05:07:42.518149,2025-12-26 14:52:03.766805,2025-12-31 20:30:18.917351,2026-01-15 03:09:09
order_00000029,cust_00001975,delivered,2025-06-07 18:16:30,2025-06-08 04:44:18.802996,2025-06-08 17:36:29.876076,2025-06-10 08:06:02.102919,2025-06-21 18:16:30
order_00000030,cust_00000400,delivered,2025-03-03 23:58:12,2025-03-04 00:33:12.339446,2025-03-09 20:27:20.172870,2025-03-13 00:52:27.770592,2025-03-21 23:58:12
order_00000031,cust_00002657,delivered,2024-06-03 05:32:24,2024-06-03 12:14:42.590827,2024-06-04 15:16:28.954903,2024-06-06 16:27:47.542002,2024-06-22 05:32:24
order_00000032,cust_00002221,delivered,2025-06-04 02:10:36,2025-06-04 21:48:37.004122,2025-06-05 13:05:08.293022,2025-06-11 14:23:35.308917,2025-06-24 02:10:36
order_00000033,cust_00002642,delivered,2025-03-17 15:40:27,2025-03-18 05:24:09.790448,2025-03-21 12:28:29.939688,2025-03-30 00:01:29.310814,2025-03-28 15:40:27
order_00000034,cust_00001915,delivered,2024-08-18 19:52:31,2024-08-19 02:09:01.482507,2024-08-21 13:49:20.349537,2024-08-23 00:34:48.595528,2024-09-06 19:52:31
order_00000035,cust_00000582,delivered,2024-06-12 20:54:18,2024-06-13 03:33:24.151545,2024-06-13 17:33:12.988945,2024-06-19 22:43:44.131335,2024-06-27 20:54:18
order_00000036,cust_00000860,shipped,2025-06-26 12:43:07,2025-06-26 16:50:19.501741,2025-06-29 18:56:28.891730,,2025-07-12 12:43:07
order_00000037,cust_00000213,delivered,2024-07-04 17:07:37,2024-07-04 20:28:30.087271,2024-07-06 11:22:24.370889,2024-07-08 04:56:04.800708,2024-07-20 17:07:37
order_00000038,cust_00000062,delivered,2024-11-22 10:14:35,2024-11-22 13:47:42.776392,2024-11-23 20:26:35.227642,2024-11-25 18:01:51.232462,2024-12-07 10:14:35
order_00000039,cust_00002044,delivered,2024-07-26 19:30:47,2024-07-27 02:27:38.934917,2024-07-28 04:37:27.990033,2024-08-03 02:08:52.761270,2024-08-12 19:30:47
order_00000040,cust_00001988,delivered,2024-05-10 04:45:26,2024-05-10 05:47:08.360492,2024-05-11 19:21:14.093650,2024-05-13 19:16:30.276648,2024-05-27 04:45:26
order_00000041,cust_00002025,delivered,2024-11-08 04:29:53,2024-11-08 05:36:01.531733,2024-11-18 10:18:49.608912,2024-11-26 17:17:25.067534,2024-11-25 04:29:53
order_00000042,cust_00002470,delivered,2024-05-11 04:41:09,2024-05-11 11:35:00.184885,2024-05-13 23:17:01.381241,2024-05-18 04:49:24.045802,2024-05-29 04:41:09
order_00000043,cust_00002224,delivered,2024-01-24 18:29:55,2024-01-24 20:29:03.025301,2024-01-31 05:06:29.421081,2024-02-23 09:39:27.271791,2024-02-10 18:29:55
order_00000044,cust_00001144,delivered,2024-08-16 17:52:10,2024-08-16 21:29:37.505659,2024-08-18 11:26:30.520011,2024-08-23 05:59:19.921840,2024-08-31 17:52:10
order_00000045,cust_00002592,processing,2024-04-06 00:46:07,2024-04-06 01:21:53.223008,,,2024-05-02 00:46:07
order_00000046,cust_00001054,delivered,2024-06-07 23:23:07,2024-06-08 05:28:27.926043,2024-06-12 01:45:58.396756,2024-06-13 20:38:22.788497,2024-06-29 23:23:07
order_00000047,cust_00001558,invoiced,2024-12-13 12:38:58,2024-12-13 16:48:58.292302,,,2024-12-28 12:38:58
order_00000048,cust_00000168,unavailable,2025-04-29 20:41:05,2025-04-29 22:13:05.990854,,,2025-05-09 20:41:05
order_00000049,cust_00002998,delivered,2025-10-30 00:53:12,2025-10-30 01:32:23.428741,2025-11-01 16:46:22.996528,2025-11-04 09:00:34.525057,2025-11-20 00:53:12
order_00000050,cust_00002379,delivered,2024-12-17 01:36:51,2024-12-17 06:41:18.667976,2024-12-18 08:23:21.095510,2024-12-24 01:38:00.650550,2025-01-03 01:36:51
order_00000051,cust_00002268,delivered,2024-08-12 14:43:38,2024-08-12 16:45:33.460646,2024-08-15 10:35:29.053727,2024-09-07 18:02:28.430009,2024-09-03 14:43:38
order_00000052,cust_00000608,delivered,2025-05-23 06:02:12,2025-05-23 10:35:59.526323,2025-05-24 04:13:40.217138,2025-05-25 05:26:11.499930,2025-06-06 06:02:12
order_00000053,cust_00001903,delivered,2025-05-26 04:38:59,2025-05-26 07:48:47.686004,2025-05-30 03:59:09.180511,2025-05-31 11:59:16.274675,2025-06-14 04:38:59
order_00000054,cust_00001990,delivered,2025-03-30 14:37:33,2025-03-30 20:53:07.108940,2025-04-02 07:38:21.412346,2025-04-04 14:57:37.039676,2025-04-19 14:37:33
order_00000055,cust_00001782,delivered,2024-06-23 09:12:50,2024-06-23 12:40:17.456013,2024-06-24 13:42:07.461855,2024-06-27 00:58:45.980371,2024-07-16 09:12:50
order_00000056,cust_00000392,delivered,2025-09-11 09:32:37,2025-09-11 10:06:58.225885,2025-09-15 12:39:31.117108,2025-09-25 10:27:32.547739,2025-09-27 09:32:37
order_00000057,cust_00002920,delivered,2025-07-18 09:00:18,2025-07-18 13:08:11.921861,2025-07-20 13:37:03.843059,2025-07-22 21:09:42.445469,2025-08-03 09:00:18
order_00000058,cust_00001913,delivered,2024-01-02 08:31:12,2024-01-02 10:03:24.392595,2024-01-03 01:22:43.090269,2024-01-11 07:04:02.071327,2024-01-25 08:31:12
order_00000059,cust_00002574,delivered,2024-11-18 14:56:53,2024-11-19 04:57:10.637975,2024-11-24 00:15:51.666567,2024-12-06 22:34:49.766017,2024-12-09 14:56:53
order_00000060,cust_00001539,delivered,2024-08-12 12:56:52,2024-08-12 18:06:27.403811,2024-08-15 06:24:59.179905,2024-08-25 13:17:40.397742,2024-08-28 12:56:52
order_00000061,cust_00001524,delivered,2025-04-04 01:40:47,2025-04-04 08:19:44.932347,2025-04-05 02:02:06.607709,2025-04-25 13:53:20.973053,2025-04-25 01:40:47
order_00000062,cust_00001905,delivered,2025-12-08 03:32:52,2025-12-08 04:44:36.330551,2025-12-12 04:09:04.828129,2025-12-24 19:51:55.901056,2025-12-25 03:32:52
order_00000063,cust_00000633,delivered,2024-10-08 04:05:28,2024-10-08 12:24:29.292295,2024-10-10 08:34:23.731450,2024-10-18 17:59:36.077736,2024-10-30 04:05:28
order_00000064,cust_00001786,delivered,2025-01-11 18:04:20,2025-01-12 00:20:20.301223,2025-01-14 00:41:50.434866,2025-01-16 16:55:08.759266,2025-01-30 18:04:20
order_00000065,cust_00000029,delivered,2024-01-19 16:40:19,2024-01-20 07:21:46.327882,2024-01-21 15:37:56.205614,2024-01-26 23:10:36.971637,2024-02-07 16:40:19
order_00000066,cust_00000210,invoiced,2024-10-08 23:31:33,2024-10-09 00:04:39.397940,,,2024-10-25 23:31:33
order_00000067,cust_00001829,delivered,2025-09-27 00:32:11,2025-09-27 09:38:38.350351,2025-10-02 03:20:30.376599,2025-10-12 09:50:02.161706,2025-10-18 00:32:11
order_00000068,cust_00001969,delivered,2025-10-10 05:24:12,2025-10-10 08:39:27.517112,2025-10-11 22:56:22.222805,2025-10-12 23:21:32.699630,2025-10-31 05:24:12
order_00000069,cust_00001269,delivered,2025-11-25 18:54:53,2025-11-25 19:55:18.197608,2025-11-27 01:00:41.201372,2025-12-04 00:50:39.752892,2025-12-10 18:54:53
order_00000070,cust_00002022,delivered,2025-01-11 21:42:39,2025-01-12 04:30:34.178756,2025-01-15 11:18:30.215853,2025-01-16 21:43:24.220622,2025-01-27 21:42:39
order_00000071,cust_00002032,delivered,2024-07-16 09:54:16,2024-07-16 10:33:33.218616,2024-07-19 12:51:16.955459,2024-07-20 20:20:53.373082,2024-07-29 09:54:16
order_00000072,cust_00001841,delivered,2025-11-08 13:24:59,2025-11-08 20:09:09.835545,2025-11-11 04:12:12.909427,2025-11-12 10:45:24.486912,2025-12-02 13:24:59
order_00000073,cust_00002650,delivered,2024-12-28 03:36:45,2024-12-28 08:13:19.681276,2024-12-29 10:34:32.224876,2025-01-01 22:10:21.256042,2025-01-24 03:36:45
order_00000074,cust_00001356,delivered,2024-10-26 14:02:26,2024-10-26 19:34:48.893595,2024-10-28 22:25:18.985627,2024-10-31 07:20:06.506264,2024-11-11 14:02:26
order_00000075,cust_00000865,delivered,2024-01-13 00:59:05,2024-01-13 14:41:27.660751,2024-01-15 16:25:36.902154,2024-01-23 23:17:27.841228,2024-01-30 00:59:05
order_00000076,cust_00000291,canceled,2024-12-25 09:28:36,,,,2025-01-11 09:28:36
order_00000077,cust_00002035,delivered,2025-11-30 19:27:43,2025-12-01 03:33:20.438785,2025-12-03 05:48:05.757731,2025-12-09 09:43:22.335210,2025-12-21 19:27:43
order_00000078,cust_00002155,shipped,2024-01-14 04:31:11,2024-01-15 00:18:21.636227,2024-01-20 13:16:36.803558,,2024-02-07 04:31:11
order_00000079,cust_00001467,delivered,2024-01-04 16:12:34,2024-01-05 00:25:01.650452,2024-01-09 15:20:23.925630,2024-01-21 00:27:02.254787,2024-01-27 16:12:34
order_00000080,cust_00002539,delivered,2024-09-04 18:56:29,2024-09-04 21:00:59.575353,2024-09-07 12:09:03.721701,2024-09-13 22:02:53.153119,2024-09-22 18:56:29
order_00000081,cust_00000827,delivered,2025-11-11 00:39:06,2025-11-11 09:31:38.894168,2025-11-15 10:34:44.584241,2025-11-16 16:31:26.787064,2025-11-29 00:39:06
order_00000082,cust_00001035,delivered,2025-08-25 23:38:43,2025-08-26 02:28:03.717525,2025-08-27 19:51:38.942445,2025-08-29 07:25:32.366856,2025-09-15 23:38:43
order_00000083,cust_00001013,delivered,2025-02-05 04:51:26,2025-02-05 06:14:32.747966,2025-02-06 10:47:32.806007,2025-02-17 04:10:33.362434,2025-02-28 04:51:26
order_00000084,cust_00000602,delivered,2025-12-01 08:44:27,2025-12-01 10:00:06.230700,2025-12-05 00:00:57.643273,2025-12-10 10:08:46.937282,2025-12-23 08:44:27
order_00000085,cust_00002582,delivered,2024-01-30 09:13:52,2024-01-30 12:00:17.954381,2024-01-31 12:56:57.662338,2024-02-21 04:21:35.672276,2024-02-22 09:13:52
order_00000086,cust_00002586,delivered,2025-05-13 17:40:52,2025-05-13 21:28:41.400491,2025-05-15 16:02:46.371587,2025-05-22 17:29:24.852950,2025-06-05 17:40:52
order_00000087,cust_00000974,delivered,2024-11-04 14:42:55,2024-11-04 19:03:50.618814,2024-11-05 18:36:55.859441,2024-11-19 15:41:30.018072,2024-11-25 14:42:55
order_00000088,cust_00000170,delivered,2025-11-18 07:01:55,2025-11-18 08:26:09.025138,2025-11-19 04:18:24.151291,2025-11-20 06:13:42.301845,2025-12-05 07:01:55
order_00000089,cust_00001844,delivered,2024-01-09 13:13:57,2024-01-09 19:12:51.231471,2024-01-10 08:36:00.313434,2024-01-12 03:54:54.701681,2024-02-04 13:13:57
order_00000090,cust_00002224,delivered,2024-02-22 02:59:14,2024-02-22 06:04:16.940794,2024-02-24 05:18:09.200824,2024-03-04 04:12:43.217220,2024-03-13 02:59:14
order_00000091,cust_00002710,delivered,2024-09-13 00:23:14,2024-09-13 02:14:26.652460,2024-09-14 09:57:02.887800,2024-09-16 21:57:25.685198,2024-10-02 00:23:14
order_00000092,cust_00002506,delivered,2024-06-24 03:37:39,2024-06-24 05:10:00.030422,2024-06-26 00:33:24.492435,2024-07-06 19:50:00.799456,2024-07-11 03:37:39
order_00000093,cust_00000494,canceled,2025-11-10 12:53:05,,,,2025-11-30 12:53:05
order_00000094,cust_00002642,delivered,2024-02-23 12:10:10,2024-02-23 16:14:12.906950,2024-02-25 11:59:05.271868,2024-02-27 16:20:58.852481,2024-03-11 12:10:10
order_00000095,cust_00000014,delivered,2025-01-06 21:43:15,2025-01-06 22:53:28.879165,2025-01-07 13:33:43.199180,2025-01-10 09:30:11.802701,2025-01-24 21:43:15
order_00000096,cust_00001320,delivered,2025-03-07 19:33:56,2025-03-08 09:54:29.867910,2025-03-10 22:37:12.300262,2025-03-19 12:50:42.534890,2025-04-03 19:33:56
order_00000097,cust_00000980,delivered,2025-01-05 01:27:56,2025-01-05 03:27:41.738840,2025-01-09 00:35:21.899199,2025-01-17 01:44:56.288849,2025-01-30 01:27:56
order_00000098,cust_00000762,delivered,2025-03-05 01:22:38,2025-03-05 08:18:29.531734,2025-03-07 15:43:21.733770,2025-03-10 13:47:47.058718,2025-03-24 01:22:38
order_00000099,cust_00002470,delivered,2024-06-26 12:59:46,2024-06-26 20:19:42.083598,2024-06-28 05:35:45.393429,2024-07-11 15:26:23.804625,2024-07-13 12:59:46
order_00000100,cust_00001814,delivered,2024-02-27 01:22:30,2024-02-27 04:07:07.841936,2024-02-28 10:26:14.203344,2024-03-03 09:00:40.461153,2024-03-15 01:22:30
order_00000101,cust_00002589,delivered,2025-01-26 14:11:57,2025-01-27 00:17:40.867141,2025-01-28 10:16:11.796608,2025-02-15 22:29:38.093021,2025-02-10 14:11:57
order_00000102,cust_00000687,delivered,2024-05-13 16:01:40,2024-05-13 17:30:21.356860,2024-05-16 20:39:00.310067,2024-05-21 04:04:10.549288,2024-06-02 16:01:40
order_00000103,cust_00000817,delivered,2025-10-29 02:50:29,2025-10-29 06:02:25.574180,2025-10-29 22:12:24.564358,2025-11-10 13:47:59.351706,2025-11-18 02:50:29
order_00000104,cust_00002101,delivered,2025-02-19 21:30:11,2025-02-20 00:00:12.975786,2025-02-20 18:49:10.065988,2025-03-06 10:40:37.809706,2025-03-11 21:30:11
order_00000105,cust_00000585,delivered,2025-11-21 01:17:13,2025-11-21 04:15:45.912410,2025-11-23 17:55:18.997948,2025-12-07 08:33:43.176604,2025-12-10 01:17:13
order_00000106,cust_00002287,delivered,2024-08-08 02:16:06,2024-08-08 04:04:52.798362,2024-08-09 05:23:40.903074,2024-08-14 13:52:47.265800,2024-08-27 02:16:06
order_00000107,cust_00000452,delivered,2024-07-28 05:39:48,2024-07-28 08:44:46.212339,2024-08-01 05:09:42.173169,2024-08-09 13:42:40.562854,2024-08-12 05:39:48
order_00000108,cust_00000054,delivered,2024-08-27 23:25:34,2024-08-28 00:47:18.895498,2024-09-01 20:35:52.880905,2024-09-03 17:42:09.899700,2024-09-17 23:25:34
order_00000109,cust_00000683,delivered,2024-07-16 05:02:12,2024-07-16 07:01:11.412816,2024-07-19 01:18:09.221399,2024-07-21 00:10:39.519754,2024-08-08 05:02:12
order_00000110,cust_00001124,delivered,2025-12-21 22:31:45,2025-12-22 04:57:38.344236,2025-12-23 03:11:18.736945,2025-12-26 02:33:01.345243,2026-01-10 22:31:45
order_00000111,cust_00002845,delivered,2024-05-08 01:20:09,2024-05-08 09:56:02.947690,2024-05-10 15:34:02.694142,2024-05-31 17:42:43.466329,2024-05-19 01:20:09
order_00000112,cust_00000555,delivered,2025-04-19 01:17:09,2025-04-19 14:36:50.655562,2025-04-23 09:30:58.271267,2025-04-26 10:28:44.536101,2025-05-11 01:17:09
order_00000113,cust_00000035,delivered,2025-11-10 11:10:39,2025-11-10 14:16:17.964840,2025-11-14 04:26:38.035199,2025-11-16 21:05:58.525393,2025-11-29 11:10:39
order_00000114,cust_00001921,canceled,2025-06-22 22:58:39,,,,2025-07-06 22:58:39
order_00000115,cust_00002828,delivered,2024-05-21 17:53:33,2024-05-21 19:00:32.195822,2024-05-23 16:22:29.999901,2024-05-31 06:22:33.316986,2024-06-11 17:53:33
order_00000116,cust_00001098,delivered,2024-01-26 12:21:50,2024-01-27 01:02:42.542387,2024-01-28 19:44:40.125157,2024-02-05 20:29:37.681318,2024-02-08 12:21:50
order_00000117,cust_00001164,delivered,2024-10-19 20:25:45,2024-10-20 01:49:01.809074,2024-10-22 15:10:20.654076,2024-10-26 21:18:22.855157,2024-11-09 20:25:45
order_00000118,cust_00001531,delivered,2024-04-27 22:29:36,2024-04-27 23:46:04.364874,2024-04-28 16:52:47.874358,2024-04-30 00:29:47.614199,2024-05-23 22:29:36
order_00000119,cust_00000300,delivered,2024-03-02 18:59:40,2024-03-02 20:23:46.674170,2024-03-03 17:01:51.758607,2024-03-07 13:43:12.830685,2024-03-18 18:59:40
order_00000120,cust_00001179,canceled,2024-01-25 03:26:32,,,,2024-02-10 03:26:32
order_00000121,cust_00001490,delivered,2025-02-05 03:13:12,2025-02-05 06:20:03.793880,2025-02-08 10:15:13.473847,2025-02-11 15:09:28.100913,2025-03-02 03:13:12
order_00000122,cust_00002992,processing,2024-09-27 05:31:30,2024-09-27 10:39:41.683869,,,2024-10-14 05:31:30
order_00000123,cust_00000534,delivered,2024-04-23 19:09:37,2024-04-23 21:05:05.783521,2024-04-27 08:47:55.679507,2024-05-03 07:09:19.623568,2024-05-09 19:09:37
order_00000124,cust_00002879,unavailable,2025-07-31 10:45:10,2025-08-01 00:16:08.588725,,,2025-08-10 10:45:10
order_00000125,cust_00002032,delivered,2025-03-30 05:02:21,2025-03-30 05:36:19.783866,2025-04-01 01:07:20.952255,2025-04-11 13:41:54.446135,2025-04-12 05:02:21
order_00000126,cust_00000155,delivered,2025-01-31 22:44:31,2025-01-31 23:54:48.659652,2025-02-01 15:36:14.336958,2025-02-03 20:20:42.324107,2025-02-13 22:44:31
order_00000127,cust_00000950,delivered,2025-10-23 20:27:24,2025-10-24 00:29:21.015879,2025-10-24 16:01:06.675286,2025-10-26 06:59:47.745958,2025-11-11 20:27:24
order_00000128,cust_00002195,delivered,2025-07-15 19:07:58,2025-07-15 20:01:16.965199,2025-07-16 20:37:53.690344,2025-07-21 08:50:19.252130,2025-08-04 19:07:58
order_00000129,cust_00001365,delivered,2024-07-10 21:36:02,2024-07-10 22:15:20.937764,2024-07-16 12:25:03.586308,2024-07-17 14:20:30.763901,2024-08-01 21:36:02
order_00000130,cust_00001802,processing,2025-12-23 19:24:00,2025-12-24 03:12:24.263080,,,2026-01-04 19:24:00
order_00000131,cust_00000449,delivered,2025-12-15 07:10:30,2025-12-15 09:40:52.849678,2025-12-15 22:33:45.968168,2025-12-18 21:22:00.111676,2026-01-05 07:10:30
order_00000132,cust_00002832,delivered,2024-09-08 16:33:11,2024-09-08 19:39:45.376218,2024-09-10 11:26:32.394973,2024-09-17 02:16:05.236705,2024-09-24 16:33:11
order_00000133,cust_00002222,delivered,2024-06-27 10:55:37,2024-06-27 13:15:44.866107,2024-07-02 17:54:10.953992,2024-07-05 05:28:10.013689,2024-07-21 10:55:37
order_00000134,cust_00000617,delivered,2024-01-14 10:11:23,2024-01-14 14:27:43.338443,2024-01-16 02:50:21.319532,2024-01-18 23:45:53.011187,2024-01-31 10:11:23
order_00000135,cust_00000586,delivered,2024-06-19 15:39:27,2024-06-20 00:20:06.499735,2024-06-20 19:03:42.291356,2024-06-24 10:52:11.076800,2024-07-16 15:39:27
order_00000136,cust_00002550,canceled,2024-02-01 22:54:22,,,,2024-02-13 22:54:22
order_00000137,cust_00001605,delivered,2024-02-26 21:52:25,2024-02-26 23:41:26.036445,2024-02-29 08:02:34.717334,2024-03-04 02:07:21.536256,2024-03-20 21:52:25
order_00000138,cust_00002733,delivered,2024-02-02 00:49:38,2024-02-03 00:36:20.007688,2024-02-04 05:37:19.462887,2024-02-08 03:35:42.182859,2024-02-23 00:49:38
order_00000139,cust_00001923,delivered,2025-03-29 03:37:52,2025-03-29 11:14:07.302457,2025-03-30 13:06:21.771215,2025-03-31 17:34:05.729923,2025-04-21 03:37:52
order_00000140,cust_00002792,delivered,2025-12-28 04:04:36,2025-12-28 05:43:32.806452,2026-01-01 14:21:29.554884,2026-01-04 08:58:52.461346,2026-01-17 04:04:36
order_00000141,cust_00000545,delivered,2024-11-02 10:00:56,2024-11-02 21:34:12.862685,2024-11-04 06:19:31.173018,2024-11-06 07:53:55.913016,2024-11-30 10:00:56
order_00000142,cust_00000721,delivered,2024-06-25 12:41:05,2024-06-25 22:58:12.529465,2024-06-26 16:39:52.877253,2024-07-09 12:53:02.195385,2024-07-16 12:41:05
order_00000143,cust_00001684,delivered,2024-12-19 10:29:42,2024-12-19 13:23:15.862874,2024-12-22 01:43:24.837878,2025-01-02 17:10:10.990415,2025-01-07 10:29:42
order_00000144,cust_00002197,processing,2024-03-26 00:29:46,2024-03-26 01:35:12.898681,,,2024-04-12 00:29:46
order_00000145,cust_00000282,delivered,2024-08-15 04:18:34,2024-08-15 05:41:12.457935,2024-08-16 21:45:51.226206,2024-08-20 14:48:08.635622,2024-09-15 04:18:34
order_00000146,cust_00002675,delivered,2024-05-16 03:02:45,2024-05-16 09:56:26.251042,2024-05-20 19:23:16.087896,2024-05-23 11:39:00.133942,2024-06-01 03:02:45
order_00000147,cust_00000921,delivered,2025-01-01 21:28:10,2025-01-01 23:53:40.692430,2025-01-03 13:53:25.345719,2025-01-06 16:42:56.660971,2025-01-28 21:28:10
order_00000148,cust_00000947,delivered,2025-08-25 15:44:05,2025-08-25 18:48:21.619187,2025-08-26 18:44:02.767509,2025-09-03 17:19:40.017087,2025-09-13 15:44:05
order_00000149,cust_00002577,delivered,2025-07-19 17:21:17,2025-07-20 09:52:04.007240,2025-07-22 17:52:38.614407,2025-07-27 04:19:59.876092,2025-08-04 17:21:17
order_00000150,cust_00002471,delivered,2025-12-29 18:39:59,2025-12-29 20:15:09.054307,2025-12-31 14:29:13.294685,2026-01-05 17:25:18.862827,2026-01-17 18:39:59
order_00000151,cust_00002419,delivered,2024-07-23 10:10:03,2024-07-23 10:44:17.511697,2024-07-24 01:33:40.118828,2024-07-31 15:44:10.297536,2024-08-08 10:10:03
order_00000152,cust_00001897,delivered,2025-04-12 04:09:40,2025-04-12 07:28:18.662326,2025-04-14 09:55:51.776363,2025-04-22 08:49:24.910153,2025-05-06 04:09:40
order_00000153,cust_00000939,delivered,2025-04-19 15:17:58,2025-04-20 00:22:54.468235,2025-04-24 03:46:38.846871,2025-04-28 21:11:11.510051,2025-05-14 15:17:58
order_00000154,cust_00001602,processing,2024-11-08 02:17:34,2024-11-08 03:04:34.393126,,,2024-11-27 02:17:34
order_00000155,cust_00002627,delivered,2025-08-11 09:12:38,2025-08-11 13:08:56.167699,2025-08-14 11:26:38.061806,2025-08-22 10:05:20.466154,2025-09-09 09:12:38
order_00000156,cust_00002129,delivered,2025-04-05 09:38:56,2025-04-05 10:41:26.566178,2025-04-06 23:00:53.897502,2025-04-08 08:43:06.586171,2025-04-26 09:38:56
order_00000157,cust_00002128,delivered,2024-06-27 06:01:07,2024-06-27 07:12:21.416618,2024-06-30 22:00:30.744290,2024-07-08 13:57:43.110239,2024-07-17 06:01:07
order_00000158,cust_00001115,delivered,2025-10-08 04:37:44,2025-10-08 13:01:16.849899,2025-10-09 04:09:35.962201,2025-10-11 22:58:00.908456,2025-10-29 04:37:44
order_00000159,cust_00001094,delivered,2025-08-10 07:22:19,2025-08-10 20:18:36.438333,2025-08-13 18:23:31.382325,2025-08-15 14:38:40.285171,2025-08-28 07:22:19
order_00000160,cust_00002327,delivered,2024-04-07 16:45:16,2024-04-07 23:00:40.903889,2024-04-08 12:32:36.637898,2024-04-18 12:03:25.119503,2024-04-23 16:45:16
order_00000161,cust_00001715,delivered,2025-10-28 22:59:04,2025-10-29 01:00:40.465437,2025-10-30 21:08:24.281005,2025-11-06 08:35:57.845141,2025-11-18 22:59:04
order_00000162,cust_00000206,delivered,2025-05-23 20:21:25,2025-05-24 03:43:29.663619,2025-05-28 03:38:36.802119,2025-06-01 08:38:22.840862,2025-06-19 20:21:25
order_00000163,cust_00001252,delivered,2024-12-24 09:02:54,2024-12-24 22:13:49.385913,2024-12-28 07:47:24.048448,2025-01-14 03:09:59.104295,2025-01-16 09:02:54
order_00000164,cust_00002043,delivered,2024-01-17 02:05:30,2024-01-17 18:42:42.913229,2024-01-19 18:48:53.117193,2024-01-23 02:17:17.517180,2024-02-04 02:05:30
order_00000165,cust_00000201,delivered,2024-03-26 02:51:35,2024-03-26 08:45:31.920845,2024-03-28 22:32:55.202003,2024-03-30 12:43:34.367513,2024-04-11 02:51:35
order_00000166,cust_00002154,delivered,2025-01-22 00:43:39,2025-01-22 02:49:39.150145,2025-01-23 00:20:38.503357,2025-01-27 22:58:25.941967,2025-02-10 00:43:39
order_00000167,cust_00000261,processing,2025-06-07 01:09:31,2025-06-07 06:02:40.161287,,,2025-06-25 01:09:31
order_00000168,cust_00001072,delivered,2024-10-15 00:44:29,2024-10-15 03:45:29.628612,2024-10-20 09:44:14.290436,2024-10-28 21:22:56.061736,2024-11-02 00:44:29
order_00000169,cust_00001831,delivered,2024-04-25 01:45:30,2024-04-25 12:45:02.297188,2024-04-27 13:45:51.334234,2024-05-11 06:25:30.699201,2024-05-14 01:45:30
order_00000170,cust_00002941,delivered,2025-12-10 07:05:13,2025-12-10 08:38:27.906032,2025-12-12 21:38:15.585773,2025-12-15 00:35:23.281104,2025-12-31 07:05:13
order_00000171,cust_00002431,delivered,2025-11-04 02:49:58,2025-11-04 06:40:41.560606,2025-11-05 17:59:55.693102,2025-11-11 00:05:57.250203,2025-11-24 02:49:58
order_00000172,cust_00001543,delivered,2024-09-05 09:33:50,2024-09-05 21:21:55.497164,2024-09-09 13:02:23.419686,2024-09-13 19:20:27.493531,2024-09-24 09:33:50
order_00000173,cust_00000387,delivered,2025-12-07 02:47:11,2025-12-07 07:10:52.861287,2025-12-07 21:55:32.356606,2025-12-30 00:23:36.631578,2026-01-01 02:47:11
order_00000174,cust_00001833,delivered,2024-07-12 05:27:17,2024-07-12 08:03:00.562837,2024-07-14 06:46:43.377102,2024-07-17 15:26:33.084302,2024-08-03 05:27:17
order_00000175,cust_00000922,delivered,2025-11-29 07:21:17,2025-11-29 08:28:38.857685,2025-11-30 09:57:22.745041,2025-12-06 11:29:08.899281,2025-12-23 07:21:17
order_00000176,cust_00002906,delivered,2025-11-15 00:31:27,2025-11-15 01:10:51.175439,2025-11-17 08:03:52.866765,2025-11-19 02:53:27.521716,2025-12-05 00:31:27
order_00000177,cust_00002742,delivered,2024-03-08 00:43:00,2024-03-08 20:58:39.461176,2024-03-09 09:00:24.729643,2024-03-14 01:55:41.768251,2024-04-03 00:43:00
order_00000178,cust_00001726,delivered,2024-05-03 18:28:31,2024-05-03 23:53:40.354135,2024-05-07 23:31:28.806516,2024-05-16 22:29:31.915315,2024-05-24 18:28:31
order_00000179,cust_00002279,processing,2025-08-06 19:58:44,2025-08-06 22:41:56.163844,,,2025-08-30 19:58:44
order_00000180,cust_00000786,delivered,2025-04-30 22:23:03,2025-05-01 00:34:07.642438,2025-05-02 02:47:32.136769,2025-05-09 03:15:33.420836,2025-05-22 22:23:03
order_00000181,cust_00001528,delivered,2024-01-07 10:05:26,2024-01-07 11:53:31.852508,2024-01-08 23:03:30.866314,2024-01-10 16:44:37.767120,2024-01-27 10:05:26
order_00000182,cust_00001167,delivered,2025-04-12 18:27:38,2025-04-13 02:47:53.550714,2025-04-13 22:00:33.932790,2025-04-21 23:54:26.419773,2025-05-10 18:27:38
order_00000183,cust_00002775,delivered,2025-10-09 04:32:11,2025-10-09 06:30:24.230388,2025-10-10 10:58:15.358166,2025-10-14 10:14:59.915831,2025-10-29 04:32:11
order_00000184,cust_00002305,canceled,2025-03-25 02:36:39,,,,2025-04-17 02:36:39
order_00000185,cust_00001660,delivered,2024-04-26 01:20:01,2024-04-26 06:24:00.122058,2024-04-27 23:31:04.816339,2024-05-04 22:38:31.259707,2024-05-03 01:20:01
order_00000186,cust_00001386,delivered,2024-01-05 03:31:21,2024-01-05 12:18:37.822508,2024-01-08 19:53:30.571085,2024-01-22 07:42:42.105900,2024-01-27 03:31:21
order_00000187,cust_00000201,delivered,2025-05-22 05:07:14,2025-05-22 09:38:27.491025,2025-05-25 23:03:52.614215,2025-05-29 18:41:08.813575,2025-06-06 05:07:14
order_00000188,cust_00002513,delivered,2025-09-02 19:35:24,2025-09-03 08:26:52.875572,2025-09-04 15:36:44.374670,2025-09-05 17:54:05.642907,2025-09-18 19:35:24
order_00000189,cust_00000020,delivered,2024-02-13 20:20:08,2024-02-13 23:13:21.905362,2024-02-16 05:23:59.178313,2024-02-25 14:30:18.699220,2024-02-29 20:20:08
order_00000190,cust_00002532,delivered,2024-06-13 15:49:24,2024-06-14 05:08:28.411135,2024-06-16 03:50:03.216137,2024-06-20 09:48:12.888028,2024-06-25 15:49:24
order_00000191,cust_00001330,delivered,2025-05-20 05:13:05,2025-05-20 05:44:50.318049,2025-05-21 00:48:48.693848,2025-05-27 18:24:06.300925,2025-06-03 05:13:05
order_00000192,cust_00002326,delivered,2024-05-31 19:50:42,2024-05-31 23:24:21.268200,2024-06-05 04:28:32.121684,2024-06-09 04:38:04.442452,2024-06-23 19:50:42
order_00000193,cust_00000655,delivered,2024-09-07 10:59:13,2024-09-07 12:37:23.510309,2024-09-08 22:03:55.049202,2024-09-15 06:57:13.505934,2024-09-21 10:59:13
order_00000194,cust_00000512,delivered,2024-10-31 09:05:51,2024-10-31 17:19:26.532433,2024-11-01 22:59:43.561094,2024-11-03 04:58:42.032520,2024-11-17 09:05:51
order_00000195,cust_00002397,shipped,2025-07-14 02:21:41,2025-07-14 08:54:57.924028,2025-07-14 22:11:36.647732,,2025-08-06 02:21:41
order_00000196,cust_00001093,delivered,2024-10-20 22:31:40,2024-10-21 01:13:05.800272,2024-10-22 04:15:41.392135,2024-10-24 01:03:10.790704,2024-11-05 22:31:40
order_00000197,cust_00000997,delivered,2024-02-03 07:39:19,2024-02-03 10:49:44.318711,2024-02-06 20:49:27.085236,2024-02-22 01:24:44.606233,2024-02-18 07:39:19
order_00000198,cust_00000824,delivered,2025-09-05 02:20:40,2025-09-05 04:23:01.096118,2025-09-07 08:32:04.459851,2025-09-12 17:56:52.437560,2025-10-03 02:20:40
order_00000199,cust_00001353,delivered,2025-07-31 17:20:26,2025-08-01 00:48:53.179189,2025-08-03 21:16:05.624969,2025-08-13 02:45:26.557198,2025-08-18 17:20:26
order_00000200,cust_00002725,delivered,2024-02-14 22:51:12,2024-02-15 14:59:00.125702,2024-02-19 07:11:28.509743,2024-02-23 15:37:58.234020,2024-03-03 22:51:12
order_00000201,cust_00002233,delivered,2024-12-20 06:52:59,2024-12-20 12:14:09.628847,2024-12-24 22:05:22.682624,2024-12-26 16:10:52.923034,2025-01-09 06:52:59
order_00000202,cust_00001414,delivered,2025-12-09 09:40:37,2025-12-09 21:00:30.446780,2025-12-10 14:35:42.780084,2025-12-17 00:23:29.331863,2025-12-27 09:40:37
order_00000203,cust_00001293,delivered,2024-01-11 08:28:30,2024-01-11 14:04:49.004507,2024-01-13 19:12:22.541918,2024-01-15 04:44:46.292398,2024-02-02 08:28:30
order_00000204,cust_00000846,shipped,2024-04-15 12:33:31,2024-04-15 18:06:33.736017,2024-04-18 01:35:15.630070,,2024-05-09 12:33:31
order_00000205,cust_00001328,delivered,2024-09-29 00:25:45,2024-09-29 18:40:19.536455,2024-09-30 13:26:20.663351,2024-10-11 09:14:54.893111,2024-10-23 00:25:45
order_00000206,cust_00000954,delivered,2025-04-05 21:01:35,2025-04-06 10:17:52.780527,2025-04-07 11:25:19.398104,2025-04-16 21:17:20.752631,2025-04-20 21:01:35
order_00000207,cust_00001119,delivered,2025-04-28 19:04:27,2025-04-29 04:23:42.686299,2025-04-30 02:40:46.773509,2025-05-03 03:37:05.524154,2025-05-15 19:04:27
order_00000208,cust_00002025,delivered,2025-09-15 18:59:29,2025-09-15 19:44:37.189155,2025-09-17 05:33:24.288684,2025-09-20 08:14:19.218614,2025-10-03 18:59:29
order_00000209,cust_00002940,delivered,2024-04-19 19:35:39,2024-04-20 00:51:12.816196,2024-04-20 23:42:00.076548,2024-04-25 15:35:31.874712,2024-05-11 19:35:39
order_00000210,cust_00000469,delivered,2025-03-01 04:15:21,2025-03-01 07:32:40.042049,2025-03-02 08:43:50.616938,2025-03-03 15:31:07.251784,2025-03-13 04:15:21
order_00000211,cust_00000023,delivered,2025-07-23 20:46:16,2025-07-24 07:59:23.835177,2025-07-25 04:46:57.373157,2025-07-29 04:37:27.220343,2025-08-10 20:46:16
order_00000212,cust_00002142,delivered,2024-01-23 08:42:35,2024-01-23 16:12:00.166370,2024-01-24 15:47:04.460896,2024-02-04 03:44:14.528862,2024-02-14 08:42:35
order_00000213,cust_00000958,delivered,2025-10-13 02:45:59,2025-10-13 03:19:53.093659,2025-10-17 22:32:24.954728,2025-10-24 11:21:26.056052,2025-11-05 02:45:59
order_00000214,cust_00000697,delivered,2024-02-25 13:18:53,2024-02-25 14:01:04.688868,2024-02-26 14:30:30.131243,2024-03-13 15:37:32.465517,2024-03-22 13:18:53
order_00000215,cust_00001721,delivered,2025-06-07 14:57:39,2025-06-07 18:09:53.009316,2025-06-12 17:34:59.318390,2025-06-13 22:03:21.987090,2025-07-07 14:57:39
order_00000216,cust_00000152,delivered,2025-06-14 14:31:47,2025-06-14 17:59:20.965896,2025-06-16 16:59:23.418619,2025-06-22 10:31:42.639242,2025-07-07 14:31:47
order_00000217,cust_00000072,delivered,2024-07-30 00:52:08,2024-07-30 06:34:19.047391,2024-07-31 12:10:53.851933,2024-08-02 19:46:55.425067,2024-08-17 00:52:08
order_00000218,cust_00000576,delivered,2025-10-10 22:30:36,2025-10-11 03:09:17.776506,2025-10-11 19:18:59.610137,2025-11-26 02:37:43.451250,2025-10-30 22:30:36
order_00000219,cust_00001795,delivered,2024-10-30 21:18:53,2024-10-30 22:18:43.363718,2024-11-02 17:38:53.447346,2024-11-04 12:14:49.408218,2024-11-14 21:18:53
order_00000220,cust_00002117,delivered,2024-02-10 08:20:03,2024-02-10 10:02:40.208865,2024-02-11 20:51:27.893108,2024-02-13 19:25:36.272194,2024-02-27 08:20:03
order_00000221,cust_00000089,delivered,2025-03-16 20:28:54,2025-03-16 21:54:10.254279,2025-03-19 17:28:36.534917,2025-03-21 19:20:41.592698,2025-04-09 20:28:54
order_00000222,cust_00002073,delivered,2025-11-04 08:34:23,2025-11-04 11:56:23.094238,2025-11-09 19:35:34.689781,2025-11-19 12:47:09.239722,2025-11-25 08:34:23
order_00000223,cust_00002231,delivered,2024-04-08 20:37:30,2024-04-08 23:46:36.464355,2024-04-13 06:57:20.743720,2024-04-16 19:58:30.810711,2024-04-27 20:37:30
order_00000224,cust_00000423,delivered,2025-07-21 07:14:57,2025-07-21 16:34:58.952873,2025-07-22 08:02:38.224549,2025-08-07 02:21:20.726254,2025-08-07 07:14:57
order_00000225,cust_00002500,delivered,2025-04-26 16:17:46,2025-04-26 17:26:59.434280,2025-04-27 10:49:30.565385,2025-05-07 12:57:41.901817,2025-05-11 16:17:46
order_00000226,cust_00002351,delivered,2024-12-13 13:38:18,2024-12-13 15:25:36.163760,2024-12-15 07:00:45.331626,2024-12-23 06:12:34.572258,2024-12-28 13:38:18
order_00000227,cust_00000897,delivered,2024-05-22 16:50:00,2024-05-22 19:46:33.171704,2024-05-23 10:31:07.398363,2024-05-31 04:30:09.655373,2024-06-11 16:50:00
order_00000228,cust_00002159,delivered,2025-09-08 03:59:47,2025-09-08 10:11:10.405695,2025-09-09 07:15:55.569565,2025-09-11 20:35:40.535362,2025-09-22 03:59:47
order_00000229,cust_00000142,delivered,2024-07-27 13:25:24,2024-07-27 17:35:50.289456,2024-07-30 16:45:50.519090,2024-08-01 09:27:58.451224,2024-08-17 13:25:24
order_00000230,cust_00001478,delivered,2025-07-15 07:25:40,2025-07-15 09:50:39.761363,2025-07-16 08:09:28.481154,2025-07-19 20:59:25.970610,2025-08-01 07:25:40
order_00000231,cust_00001789,delivered,2024-04-08 20:53:45,2024-04-09 09:21:31.272586,2024-04-11 06:28:32.917002,2024-04-14 15:32:42.228452,2024-04-18 20:53:45
order_00000232,cust_00000899,delivered,2025-12-07 03:22:57,2025-12-07 10:41:50.829135,2025-12-09 18:26:34.989867,2025-12-12 16:10:01.490956,2025-12-18 03:22:57
order_00000233,cust_00002660,delivered,2024-05-13 07:00:39,2024-05-13 08:01:07.547657,2024-05-14 11:26:54.352442,2024-05-19 04:53:35.171134,2024-06-06 07:00:39
order_00000234,cust_00001899,delivered,2025-12-09 04:06:41,2025-12-09 11:57:29.855669,2025-12-12 02:31:31.043412,2025-12-24 06:47:20.011072,2026-01-06 04:06:41
order_00000235,cust_00001031,delivered,2025-02-19 23:02:46,2025-02-20 02:54:51.201539,2025-02-21 17:14:24.396042,2025-02-24 01:48:00.357190,2025-03-13 23:02:46
order_00000236,cust_00001014,delivered,2025-02-25 09:03:31,2025-02-25 18:44:30.316454,2025-02-27 15:08:43.318034,2025-03-09 14:16:33.036670,2025-03-22 09:03:31
order_00000237,cust_00000293,delivered,2025-11-16 01:55:37,2025-11-16 08:29:16.667428,2025-11-16 22:55:02.016675,2025-11-19 11:13:31.181203,2025-12-13 01:55:37
order_00000238,cust_00002900,delivered,2024-06-04 04:33:59,2024-06-04 07:20:02.539109,2024-06-05 01:13:38.045299,2024-06-24 04:43:54.195601,2024-06-26 04:33:59
order_00000239,cust_00001337,delivered,2025-09-25 13:42:40,2025-09-25 16:56:25.707091,2025-09-26 18:59:34.865439,2025-09-28 08:41:46.640761,2025-10-11 13:42:40
order_00000240,cust_00002092,delivered,2024-01-27 12:08:55,2024-01-27 15:31:25.520182,2024-01-30 04:14:32.866249,2024-02-11 13:21:29.034754,2024-02-11 12:08:55
order_00000241,cust_00001633,delivered,2025-03-01 01:36:51,2025-03-01 02:37:43.060396,2025-03-01 15:03:30.681002,2025-03-08 00:19:11.664094,2025-03-27 01:36:51
order_00000242,cust_00001495,delivered,2024-12-28 18:24:35,2024-12-29 00:03:17.174911,2024-12-30 12:51:26.458594,2024-12-31 18:18:45.244238,2025-01-22 18:24:35
order_00000243,cust_00001610,shipped,2025-04-24 06:22:46,2025-04-24 08:00:03.410192,2025-04-26 08:47:56.040550,,2025-05-17 06:22:46
order_00000244,cust_00000183,delivered,2025-11-08 17:33:12,2025-11-08 20:16:41.724066,2025-11-10 22:58:30.241467,2025-11-22 23:41:09.649289,2025-11-25 17:33:12
order_00000245,cust_00002058,delivered,2024-01-02 13:11:20,2024-01-02 15:52:41.275301,2024-01-05 13:23:55.537886,2024-01-09 20:38:07.968366,2024-01-18 13:11:20
order_00000246,cust_00001087,unavailable,2024-10-17 21:33:16,2024-10-18 06:43:16.403720,,,2024-11-12 21:33:16
order_00000247,cust_00001991,delivered,2025-07-13 13:16:54,2025-07-13 13:55:11.030123,2025-07-14 04:34:03.637858,2025-07-15 17:49:12.252489,2025-08-04 13:16:54
order_00000248,cust_00000034,delivered,2024-02-01 09:48:34,2024-02-01 11:05:30.133471,2024-02-02 03:02:16.782180,2024-02-03 21:50:48.929232,2024-02-17 09:48:34
order_00000249,cust_00000371,processing,2025-02-02 05:08:06,2025-02-02 05:58:49.905081,,,2025-02-21 05:08:06
order_00000250,cust_00001634,delivered,2024-08-26 10:05:55,2024-08-26 11:56:20.687576,2024-08-27 17:33:51.028600,2024-09-03 21:49:46.720612,2024-09-17 10:05:55
order_00000251,cust_00002710,delivered,2025-05-11 08:10:49,2025-05-11 12:11:07.001535,2025-05-12 22:53:04.534215,2025-05-15 21:17:59.315518,2025-06-02 08:10:49
order_00000252,cust_00002444,delivered,2024-12-15 12:29:09,2024-12-15 20:21:35.392541,2024-12-18 04:32:02.174445,2024-12-20 14:14:22.491969,2025-01-02 12:29:09
order_00000253,cust_00002100,delivered,2025-11-06 04:59:32,2025-11-06 06:41:15.734383,2025-11-15 04:23:07.436447,2025-11-17 13:30:39.891909,2025-11-28 04:59:32
order_00000254,cust_00002503,delivered,2024-09-26 05:16:00,2024-09-26 12:07:35.752453,2024-09-30 09:10:35.328604,2024-10-10 21:46:58.778127,2024-10-12 05:16:00
order_00000255,cust_00000181,delivered,2025-11-03 17:27:52,2025-11-04 03:06:54.634784,2025-11-06 17:17:12.569033,2025-11-17 16:10:37.697627,2025-11-21 17:27:52
order_00000256,cust_00001126,delivered,2025-01-30 18:26:43,2025-01-31 13:12:34.225772,2025-02-01 05:24:36.008370,2025-02-09 22:51:56.268556,2025-02-21 18:26:43
order_00000257,cust_00001440,delivered,2025-11-07 14:51:56,2025-11-07 18:46:30.858772,2025-11-08 23:45:03.133528,2025-11-15 19:30:04.583864,2025-11-26 14:51:56
order_00000258,cust_00001095,delivered,2024-04-07 11:39:00,2024-04-07 22:54:54.186322,2024-04-09 03:58:56.012987,2024-04-16 13:11:04.917065,2024-04-27 11:39:00
order_00000259,cust_00002564,delivered,2025-09-29 03:57:07,2025-09-29 04:47:56.727510,2025-10-01 03:38:17.490064,2025-10-02 07:02:46.498382,2025-10-16 03:57:07
order_00000260,cust_00002162,delivered,2025-11-29 03:28:42,2025-11-29 13:54:43.515176,2025-12-02 13:21:04.727723,2025-12-06 20:51:05.773860,2025-12-16 03:28:42
order_00000261,cust_00002361,delivered,2024-01-18 13:42:36,2024-01-19 04:03:34.999893,2024-01-19 21:57:58.638908,2024-01-26 05:43:28.967111,2024-02-07 13:42:36
order_00000262,cust_00001190,delivered,2025-09-12 02:09:50,2025-09-12 11:45:05.454165,2025-09-17 02:33:23.576245,2025-10-06 16:27:39.901615,2025-09-29 02:09:50
order_00000263,cust_00002790,delivered,2024-12-11 23:22:49,2024-12-12 09:29:33.181018,2024-12-13 03:10:27.810829,2024-12-16 18:37:47.004530,2024-12-28 23:22:49
order_00000264,cust_00001184,delivered,2024-05-25 09:39:58,2024-05-25 16:48:16.442026,2024-05-27 13:37:00.730553,2024-05-29 19:41:46.251386,2024-06-09 09:39:58
order_00000265,cust_00002046,delivered,2024-03-24 02:23:50,2024-03-24 09:25:25.983719,2024-03-29 02:45:06.192780,2024-03-30 06:07:02.548932,2024-04-10 02:23:50
order_00000266,cust_00000316,delivered,2024-09-20 08:25:10,2024-09-20 10:01:25.986306,2024-09-23 07:05:25.530583,2024-09-28 05:55:27.651427,2024-10-10 08:25:10
order_00000267,cust_00001264,delivered,2025-08-15 12:48:14,2025-08-15 15:04:59.080709,2025-08-16 06:14:16.576960,2025-08-17 22:32:59.133762,2025-09-08 12:48:14
order_00000268,cust_00001110,delivered,2024-08-16 06:48:00,2024-08-16 10:34:21.176624,2024-08-17 10:52:42.335452,2024-08-24 22:23:47.140138,2024-09-10 06:48:00
order_00000269,cust_00002131,delivered,2025-03-19 08:35:41,2025-03-20 09:26:13.276588,2025-03-22 12:50:03.438674,2025-03-27 11:29:19.078787,2025-04-04 08:35:41
order_00000270,cust_00001663,delivered,2024-09-22 01:51:14,2024-09-22 04:09:31.899002,2024-09-23 09:59:15.467293,2024-09-26 01:46:14.909335,2024-10-17 01:51:14
order_00000271,cust_00000554,delivered,2024-02-25 17:02:28,2024-02-26 01:44:37.733693,2024-02-27 19:27:35.233613,2024-03-05 08:29:11.035395,2024-03-16 17:02:28
order_00000272,cust_00001317,delivered,2025-05-17 19:50:59,2025-05-17 22:21:38.957090,2025-05-18 11:47:48.056088,2025-05-21 02:58:11.668471,2025-06-04 19:50:59
order_00000273,cust_00001370,delivered,2025-08-26 07:09:32,2025-08-26 13:20:26.221565,2025-09-01 21:51:35.740939,2025-09-06 22:36:30.193993,2025-09-17 07:09:32
order_00000274,cust_00000404,delivered,2024-05-30 11:05:41,2024-05-30 12:00:37.072950,2024-05-31 09:18:12.688002,2024-06-02 23:15:26.285942,2024-06-19 11:05:41
order_00000275,cust_00001790,delivered,2024-01-29 12:06:44,2024-01-29 12:38:01.364977,2024-01-30 02:27:26.180629,2024-02-11 00:40:44.787002,2024-02-19 12:06:44
order_00000276,cust_00002971,delivered,2024-05-06 23:20:03,2024-05-07 00:06:55.714102,2024-05-08 01:07:39.181529,2024-05-11 12:19:07.216312,2024-05-31 23:20:03
order_00000277,cust_00002936,delivered,2024-12-20 05:43:50,2024-12-20 06:43:19.214002,2024-12-22 07:56:20.074891,2024-12-28 16:15:39.630062,2025-01-16 05:43:50
order_00000278,cust_00002335,delivered,2025-10-31 22:00:08,2025-11-01 03:24:07.414307,2025-11-02 05:07:09.708464,2025-11-03 12:29:42.726402,2025-11-22 22:00:08
order_00000279,cust_00002423,delivered,2024-10-11 08:53:26,2024-10-12 04:51:07.919268,2024-10-13 01:14:31.985201,2024-10-15 07:26:10.373118,2024-11-01 08:53:26
order_00000280,cust_00002630,delivered,2025-08-21 21:55:58,2025-08-22 01:39:17.424889,2025-08-23 00:10:48.293697,2025-08-25 18:57:10.203103,2025-09-05 21:55:58
order_00000281,cust_00000565,delivered,2025-02-12 14:33:54,2025-02-12 15:19:48.717816,2025-02-15 03:15:56.716138,2025-02-17 17:44:16.547301,2025-03-03 14:33:54
order_00000282,cust_00001325,delivered,2024-08-30 04:40:16,2024-08-30 06:28:40.992238,2024-09-04 21:29:58.522490,2024-09-06 15:35:45.358920,2024-09-21 04:40:16
order_00000283,cust_00001189,delivered,2024-09-26 23:07:28,2024-09-27 01:56:15.184888,2024-09-28 14:57:40.053102,2024-09-30 06:03:17.369760,2024-10-20 23:07:28
order_00000284,cust_00002588,delivered,2024-12-16 12:15:15,2024-12-16 17:27:20.504020,2024-12-18 05:10:59.196651,2024-12-20 07:21:19.165790,2025-01-04 12:15:15
order_00000285,cust_00001564,delivered,2024-02-01 09:47:40,2024-02-01 17:32:13.379547,2024-02-03 17:18:35.526779,2024-02-16 08:45:49.056998,2024-02-20 09:47:40
order_00000286,cust_00001926,delivered,2025-08-15 19:23:33,2025-08-15 20:15:25.126017,2025-08-17 02:27:02.888545,2025-08-26 13:41:03.132617,2025-09-01 19:23:33
order_00000287,cust_00000643,delivered,2024-06-01 18:35:50,2024-06-01 23:12:01.353337,2024-06-06 15:52:42.101740,2024-06-09 12:34:06.687742,2024-06-16 18:35:50
order_00000288,cust_00002272,canceled,2025-01-12 05:46:04,,,,2025-02-01 05:46:04
order_00000289,cust_00001565,delivered,2024-08-11 17:31:04,2024-08-11 20:54:53.614856,2024-08-12 19:56:26.155363,2024-08-26 21:28:44.043219,2024-08-28 17:31:04
order_00000290,cust_00001625,delivered,2025-05-11 08:48:23,2025-05-11 22:31:25.210978,2025-05-13 19:21:25.317450,2025-05-23 04:08:41.923728,2025-05-29 08:48:23
order_00000291,cust_00002551,invoiced,2024-07-21 17:19:35,2024-07-21 18:27:39.481064,,,2024-08-12 17:19:35
order_00000292,cust_00002573,delivered,2024-03-18 07:01:07,2024-03-18 13:40:07.299955,2024-03-19 13:20:46.591530,2024-03-21 18:19:25.577367,2024-03-25 07:01:07
order_00000293,cust_00000397,delivered,2025-02-25 13:02:48,2025-02-25 14:39:22.855619,2025-03-01 21:15:09.120881,2025-03-10 10:48:55.083472,2025-03-16 13:02:48
order_00000294,cust_00001738,delivered,2025-06-22 09:46:08,2025-06-22 14:56:48.597635,2025-06-23 07:17:21.861173,2025-07-07 02:49:24.704545,2025-07-11 09:46:08
order_00000295,cust_00000861,processing,2025-03-31 10:47:01,2025-03-31 14:20:23.209179,,,2025-04-22 10:47:01
order_00000296,cust_00000003,delivered,2024-10-21 14:14:41,2024-10-21 17:28:26.058910,2024-10-28 17:46:41.055439,2024-11-05 07:04:47.187977,2024-11-07 14:14:41
order_00000297,cust_00001989,canceled,2025-05-13 20:45:29,,,,2025-06-01 20:45:29
order_00000298,cust_00002091,unavailable,2024-12-31 10:08:34,2024-12-31 18:00:18.392437,,,2025-01-21 10:08:34
order_00000299,cust_00001019,delivered,2024-10-07 01:56:03,2024-10-07 03:16:26.529356,2024-10-08 01:15:41.226822,2024-10-11 08:34:06.693029,2024-10-31 01:56:03
order_00000300,cust_00001984,delivered,2024-01-01 00:26:45,2024-01-01 01:32:55.929073,2024-01-02 16:48:57.348838,2024-01-06 23:15:05.021286,2024-01-23 00:26:45
order_00000301,cust_00000897,delivered,2024-01-30 22:21:55,2024-01-31 05:04:49.682369,2024-02-01 06:58:37.119798,2024-02-06 12:53:05.403911,2024-02-13 22:21:55
order_00000302,cust_00000399,delivered,2025-08-19 01:31:44,2025-08-19 18:35:19.805225,2025-08-20 08:06:06.989504,2025-08-30 16:54:36.488538,2025-09-09 01:31:44
order_00000303,cust_00001021,delivered,2024-12-09 14:51:57,2024-12-09 15:54:54.296251,2024-12-12 22:49:22.100159,2024-12-18 20:08:32.991600,2024-12-28 14:51:57
order_00000304,cust_00001959,delivered,2024-10-21 13:03:00,2024-10-21 14:30:13.708776,2024-10-22 07:00:12.852327,2024-10-24 07:47:53.853210,2024-11-15 13:03:00
order_00000305,cust_00000224,delivered,2024-10-31 17:03:52,2024-10-31 23:03:19.829178,2024-11-02 21:31:30.728274,2024-11-08 20:31:24.743656,2024-11-16 17:03:52
order_00000306,cust_00000922,delivered,2025-11-18 09:26:35,2025-11-18 22:52:08.383696,2025-11-19 21:30:46.868717,2025-11-22 19:03:45.668066,2025-12-10 09:26:35
order_00000307,cust_00002614,delivered,2025-01-25 02:18:34,2025-01-25 12:21:01.094223,2025-01-28 12:13:18.299599,2025-01-30 19:08:39.875589,2025-02-19 02:18:34
order_00000308,cust_00002685,delivered,2024-12-06 23:18:46,2024-12-07 01:05:05.250200,2024-12-07 17:54:59.155246,2024-12-09 02:42:10.150231,2024-12-26 23:18:46
order_00000309,cust_00000569,delivered,2025-09-17 04:19:09,2025-09-17 11:45:26.314948,2025-09-19 04:58:33.738352,2025-09-24 00:31:39.814960,2025-10-10 04:19:09
order_00000310,cust_00000288,delivered,2024-08-07 07:25:10,2024-08-07 12:34:16.287271,2024-08-11 05:17:12.848540,2024-08-16 06:07:29.180642,2024-08-25 07:25:10
order_00000311,cust_00000121,delivered,2025-01-28 01:27:09,2025-01-28 21:32:19.110975,2025-01-29 13:22:43.239358,2025-02-10 13:24:17.341409,2025-02-17 01:27:09
order_00000312,cust_00002209,delivered,2025-06-26 18:52:32,2025-06-27 03:10:16.163126,2025-06-29 21:40:20.408046,2025-07-02 00:59:18.700442,2025-07-16 18:52:32
order_00000313,cust_00001801,delivered,2024-02-26 22:12:48,2024-02-27 05:05:31.037795,2024-02-29 04:28:21.583115,2024-03-04 06:10:44.947320,2024-03-17 22:12:48
order_00000314,cust_00000762,delivered,2025-01-21 13:28:23,2025-01-21 18:11:20.990118,2025-01-23 15:16:17.024166,2025-01-30 17:30:24.244916,2025-02-08 13:28:23
order_00000315,cust_00001909,canceled,2025-06-07 20:00:53,,,,2025-06-17 20:00:53
order_00000316,cust_00001974,delivered,2024-11-21 20:51:32,2024-11-21 23:04:26.790863,2024-11-25 09:32:47.681293,2024-12-11 10:14:36.373878,2024-12-13 20:51:32
order_00000317,cust_00002741,delivered,2024-05-28 11:18:44,2024-05-28 14:59:42.509143,2024-05-29 16:39:52.070547,2024-06-04 04:52:30.336198,2024-06-20 11:18:44
order_00000318,cust_00000361,delivered,2024-05-20 05:35:23,2024-05-20 09:33:14.737093,2024-05-23 16:04:57.173792,2024-05-27 04:32:51.733666,2024-06-11 05:35:23
order_00000319,cust_00002570,delivered,2025-03-26 19:31:08,2025-03-26 20:35:41.686347,2025-03-28 00:07:04.881135,2025-03-30 23:23:42.275910,2025-04-13 19:31:08
order_00000320,cust_00002413,delivered,2025-11-05 02:31:16,2025-11-06 07:42:47.226856,2025-11-07 00:03:09.540925,2025-11-08 00:50:05.408684,2025-11-24 02:31:16
order_00000321,cust_00002699,delivered,2025-08-11 03:27:38,2025-08-11 07:25:01.206651,2025-08-16 08:27:27.693608,2025-08-17 16:14:52.482602,2025-09-01 03:27:38
order_00000322,cust_00001302,delivered,2025-02-28 15:48:58,2025-02-28 17:54:19.683497,2025-03-02 14:29:22.606923,2025-03-06 10:32:11.843693,2025-03-19 15:48:58
order_00000323,cust_00002162,delivered,2024-11-09 21:59:09,2024-11-10 04:20:05.218430,2024-11-11 11:27:17.554493,2024-11-19 01:43:14.544481,2024-12-04 21:59:09
order_00000324,cust_00000177,delivered,2024-04-17 03:27:01,2024-04-17 07:11:12.598035,2024-04-18 01:50:16.506781,2024-04-19 06:26:05.514099,2024-05-08 03:27:01
order_00000325,cust_00001922,delivered,2024-01-25 02:45:35,2024-01-25 06:50:42.795515,2024-01-26 06:10:20.654274,2024-01-28 09:43:03.339605,2024-02-14 02:45:35
order_00000326,cust_00001122,delivered,2024-10-21 08:10:48,2024-10-21 16:46:26.735193,2024-10-23 19:23:03.540057,2024-10-25 04:17:47.369140,2024-11-13 08:10:48
order_00000327,cust_00001160,unavailable,2025-09-24 02:11:05,2025-09-24 03:35:35.358201,,,2025-10-11 02:11:05
order_00000328,cust_00002799,delivered,2025-05-20 22:30:14,2025-05-21 03:52:13.945185,2025-05-22 16:19:35.415817,2025-05-28 01:49:03.290184,2025-06-09 22:30:14
order_00000329,cust_00001277,delivered,2025-02-08 08:54:21,2025-02-08 10:20:32.476939,2025-02-09 10:53:24.952755,2025-02-13 22:51:34.724131,2025-03-02 08:54:21
order_00000330,cust_00000152,delivered,2024-09-16 20:29:23,2024-09-17 02:07:38.335908,2024-09-18 13:15:16.593246,2024-09-23 13:15:20.624611,2024-09-27 20:29:23
order_00000331,cust_00001254,processing,2025-12-28 15:39:07,2025-12-28 16:32:25.559487,,,2026-01-17 15:39:07
order_00000332,cust_00000428,delivered,2024-09-24 11:10:20,2024-09-24 18:10:01.263056,2024-09-25 07:29:09.494686,2024-09-27 03:43:04.548466,2024-10-10 11:10:20
order_00000333,cust_00002601,delivered,2025-08-04 19:07:58,2025-08-05 23:28:18.153128,2025-08-07 09:10:20.868577,2025-08-22 00:16:57.423348,2025-08-24 19:07:58
order_00000334,cust_00001223,invoiced,2025-12-02 18:38:28,2025-12-02 20:41:20.999014,,,2025-12-23 18:38:28
order_00000335,cust_00000656,delivered,2025-10-30 17:39:45,2025-10-31 02:49:26.935084,2025-11-03 15:34:21.075884,2025-11-08 12:57:57.519077,2025-11-14 17:39:45
order_00000336,cust_00002398,delivered,2025-11-12 18:06:04,2025-11-13 02:25:23.908560,2025-11-13 18:49:20.120882,2025-11-15 11:42:08.186986,2025-12-04 18:06:04
order_00000337,cust_00002227,shipped,2025-10-17 21:10:49,2025-10-18 02:11:37.737482,2025-10-18 19:55:00.841428,,2025-10-31 21:10:49
order_00000338,cust_00000650,delivered,2024-11-06 07:58:37,2024-11-06 16:28:00.119452,2024-11-08 10:53:23.644407,2024-11-11 22:39:20.437471,2024-11-26 07:58:37
order_00000339,cust_00002897,shipped,2025-05-17 13:34:21,2025-05-18 00:04:11.472204,2025-05-20 12:44:49.732512,,2025-06-06 13:34:21
order_00000340,cust_00001935,delivered,2025-07-22 05:01:19,2025-07-22 08:18:08.861198,2025-07-27 18:43:36.370726,2025-08-03 06:12:13.195134,2025-08-12 05:01:19
order_00000341,cust_00000867,delivered,2024-04-01 09:34:10,2024-04-01 13:06:13.276805,2024-04-03 19:13:04.639820,2024-04-05 22:56:47.817879,2024-04-23 09:34:10
order_00000342,cust_00002570,delivered,2024-10-02 05:51:46,2024-10-02 14:49:33.918750,2024-10-09 03:47:13.061374,2024-10-10 14:56:04.388546,2024-10-21 05:51:46
order_00000343,cust_00001883,delivered,2025-02-02 21:43:11,2025-02-03 05:57:42.832575,2025-02-07 16:41:49.357951,2025-02-18 08:10:51.200409,2025-02-18 21:43:11
order_00000344,cust_00001081,delivered,2025-06-23 19:30:28,2025-06-23 22:38:28.770763,2025-06-25 22:47:57.005628,2025-07-06 06:32:30.304839,2025-07-16 19:30:28
order_00000345,cust_00001075,delivered,2025-06-17 13:19:01,2025-06-17 17:44:35.840335,2025-06-19 19:10:18.213348,2025-06-24 14:00:14.573753,2025-07-07 13:19:01
order_00000346,cust_00000822,delivered,2024-09-12 16:25:43,2024-09-12 17:37:37.474981,2024-09-15 19:44:04.295540,2024-09-18 05:29:31.987597,2024-09-24 16:25:43
order_00000347,cust_00002936,delivered,2024-02-23 09:39:11,2024-02-23 11:38:40.685131,2024-02-25 06:53:38.147916,2024-02-28 13:40:37.183424,2024-03-13 09:39:11
order_00000348,cust_00000093,delivered,2024-02-10 18:23:35,2024-02-11 06:16:21.961447,2024-02-11 18:46:30.015361,2024-02-27 21:38:56.016381,2024-02-26 18:23:35
order_00000349,cust_00000314,delivered,2025-05-13 17:12:06,2025-05-14 05:13:38.609607,2025-05-15 12:06:38.477392,2025-05-17 12:26:42.259077,2025-05-31 17:12:06
order_00000350,cust_00000175,delivered,2024-07-02 23:46:12,2024-07-03 08:57:04.729480,2024-07-05 08:59:16.000218,2024-07-06 15:19:46.595945,2024-07-22 23:46:12
order_00000351,cust_00001126,delivered,2024-09-09 05:32:57,2024-09-09 12:04:23.454082,2024-09-10 09:38:34.925125,2024-09-27 00:12:13.600832,2024-09-28 05:32:57
order_00000352,cust_00000344,delivered,2025-11-04 15:44:35,2025-11-04 16:50:57.596264,2025-11-08 11:53:14.423287,2025-11-13 07:24:16.023570,2025-12-01 15:44:35
order_00000353,cust_00002217,delivered,2024-11-27 13:55:27,2024-11-27 17:47:46.043463,2024-11-29 11:49:31.903310,2024-12-04 07:15:05.417635,2024-12-15 13:55:27
order_00000354,cust_00000796,delivered,2024-10-29 12:06:04,2024-10-29 23:21:09.085471,2024-11-02 10:16:55.512946,2024-11-07 16:19:07.897614,2024-11-18 12:06:04
order_00000355,cust_00001794,delivered,2024-02-03 11:20:06,2024-02-03 12:59:11.144859,2024-02-05 09:40:36.564765,2024-02-12 22:06:38.663556,2024-03-01 11:20:06
order_00000356,cust_00000881,processing,2024-02-08 08:29:55,2024-02-08 14:47:31.373050,,,2024-02-27 08:29:55
order_00000357,cust_00002434,processing,2025-02-13 21:23:09,2025-02-14 17:10:49.644853,,,2025-03-09 21:23:09
order_00000358,cust_00001950,delivered,2025-01-01 06:14:33,2025-01-01 15:39:58.087336,2025-01-04 18:46:53.018478,2025-01-06 18:50:05.496096,2025-01-26 06:14:33
order_00000359,cust_00002294,delivered,2025-11-11 12:31:57,2025-11-11 21:15:32.458870,2025-11-14 13:46:10.695945,2025-11-17 03:31:13.627635,2025-11-23 12:31:57
order_00000360,cust_00001167,delivered,2025-10-29 12:58:13,2025-10-29 14:57:06.818963,2025-11-02 13:16:06.169509,2025-11-10 18:17:30.018291,2025-11-20 12:58:13
order_00000361,cust_00002971,canceled,2024-09-19 09:06:26,,,,2024-10-07 09:06:26
order_00000362,cust_00001591,delivered,2025-05-15 12:22:54,2025-05-15 21:22:39.718107,2025-05-16 19:27:11.611651,2025-05-23 12:16:37.871368,2025-06-09 12:22:54
order_00000363,cust_00002319,delivered,2025-09-05 07:11:36,2025-09-05 11:10:34.869880,2025-09-08 16:55:22.639106,2025-09-12 17:46:39.876320,2025-09-28 07:11:36
order_00000364,cust_00001369,delivered,2024-09-01 16:36:59,2024-09-01 17:44:22.240621,2024-09-02 08:58:57.107491,2024-09-08 13:39:51.629955,2024-09-20 16:36:59
order_00000365,cust_00000260,delivered,2025-09-15 10:37:24,2025-09-15 11:18:05.738428,2025-09-19 13:37:20.492820,2025-09-21 10:58:51.345358,2025-10-04 10:37:24
order_00000366,cust_00001515,delivered,2024-11-21 08:12:19,2024-11-21 22:37:51.883976,2024-11-22 18:45:30.631871,2024-11-27 18:18:21.698970,2024-12-13 08:12:19
order_00000367,cust_00000797,delivered,2025-09-07 02:00:44,2025-09-07 02:44:44.808674,2025-09-09 16:44:47.084035,2025-09-18 17:25:11.926046,2025-09-28 02:00:44
order_00000368,cust_00000909,delivered,2024-01-03 18:40:39,2024-01-03 20:02:04.328434,2024-01-04 22:38:43.358475,2024-01-12 02:10:22.168466,2024-01-24 18:40:39
order_00000369,cust_00001255,delivered,2025-09-09 07:22:41,2025-09-09 10:45:04.994654,2025-09-10 00:31:48.747717,2025-09-18 11:18:55.683366,2025-10-06 07:22:41
order_00000370,cust_00001422,delivered,2024-03-01 17:49:28,2024-03-01 19:03:13.854488,2024-03-06 20:38:35.836507,2024-03-09 07:33:30.928410,2024-03-24 17:49:28
order_00000371,cust_00000338,delivered,2025-10-12 22:11:39,2025-10-13 02:52:47.307658,2025-10-13 20:59:57.603747,2025-10-16 00:39:11.908180,2025-11-03 22:11:39
order_00000372,cust_00002038,delivered,2025-07-15 21:33:06,2025-07-16 02:43:19.200254,2025-07-17 22:37:42.823417,2025-08-18 05:06:08.376514,2025-08-07 21:33:06
order_00000373,cust_00002198,delivered,2024-12-10 19:41:37,2024-12-10 21:08:24.234112,2024-12-11 23:57:45.691333,2024-12-14 00:32:36.137907,2025-01-01 19:41:37
order_00000374,cust_00000035,delivered,2025-05-08 06:23:43,2025-05-08 12:05:47.486965,2025-05-10 21:35:06.278168,2025-05-13 08:20:33.940930,2025-05-27 06:23:43
order_00000375,cust_00002727,delivered,2025-11-12 06:44:36,2025-11-13 00:02:08.125357,2025-11-13 17:14:13.408001,2025-11-18 01:29:36.727837,2025-11-30 06:44:36
order_00000376,cust_00002871,delivered,2024-10-12 03:24:06,2024-10-12 04:12:35.768641,2024-10-13 08:41:56.770543,2024-10-16 11:04:50.248629,2024-10-24 03:24:06
order_00000377,cust_00001188,delivered,2024-12-27 07:49:24,2024-12-27 09:16:29.108208,2024-12-29 07:41:57.855827,2025-01-09 11:02:39.122259,2025-01-14 07:49:24
order_00000378,cust_00000594,delivered,2025-12-22 08:40:36,2025-12-22 17:17:07.235649,2025-12-24 04:32:23.529754,2025-12-27 19:46:13.651143,2026-01-06 08:40:36
order_00000379,cust_00002981,delivered,2024-07-04 04:48:24,2024-07-04 07:21:09.997932,2024-07-05 10:18:28.046125,2024-07-08 08:01:10.090506,2024-07-22 04:48:24
order_00000380,cust_00002763,delivered,2024-10-19 22:06:33,2024-10-19 22:47:30.953403,2024-10-21 17:55:41.690391,2024-10-25 14:57:39.415032,2024-11-07 22:06:33
order_00000381,cust_00002930,delivered,2025-11-06 13:48:28,2025-11-06 16:11:15.547637,2025-11-07 05:38:50.479065,2025-11-10 15:32:38.790694,2025-11-22 13:48:28
order_00000382,cust_00002020,shipped,2025-05-04 11:12:10,2025-05-04 17:13:32.939458,2025-05-06 11:59:40.668864,,2025-05-26 11:12:10
order_00000383,cust_00002774,delivered,2025-07-12 07:50:19,2025-07-12 19:23:50.939864,2025-07-15 10:52:07.553864,2025-07-29 10:09:43.039358,2025-07-26 07:50:19
order_00000384,cust_00002683,delivered,2024-09-04 16:20:26,2024-09-04 17:50:56.355339,2024-09-05 08:17:10.703575,2024-09-14 02:07:38.447075,2024-09-24 16:20:26
order_00000385,cust_00002922,delivered,2025-09-12 18:00:22,2025-09-13 00:47:37.641286,2025-09-15 07:05:11.505819,2025-09-22 11:11:24.206856,2025-10-03 18:00:22
order_00000386,cust_00002076,delivered,2025-07-29 04:07:35,2025-07-29 16:26:03.903550,2025-07-30 09:31:45.161551,2025-08-01 22:00:15.108272,2025-08-15 04:07:35
order_00000387,cust_00001964,delivered,2025-05-19 11:20:19,2025-05-19 16:36:31.039129,2025-05-20 10:40:13.774053,2025-05-23 13:28:28.421991,2025-06-07 11:20:19
order_00000388,cust_00002685,delivered,2024-11-01 18:55:38,2024-11-01 22:36:33.879068,2024-11-03 05:19:28.555113,2024-11-05 14:17:32.452807,2024-11-19 18:55:38
order_00000389,cust_00001622,unavailable,2024-09-12 18:17:59,2024-09-13 01:55:20.346706,,,2024-09-27 18:17:59
order_00000390,cust_00000411,delivered,2024-07-03 09:46:27,2024-07-03 12:06:42.571705,2024-07-06 01:37:47.689144,2024-07-10 19:36:06.056101,2024-07-24 09:46:27
order_00000391,cust_00000356,delivered,2024-08-22 00:57:37,2024-08-22 02:18:37.746943,2024-08-26 05:34:20.605895,2024-09-02 10:46:02.576117,2024-09-06 00:57:37
order_00000392,cust_00000465,delivered,2025-06-22 02:07:26,2025-06-22 03:41:57.003439,2025-06-22 23:05:53.145384,2025-07-04 14:43:00.672311,2025-07-10 02:07:26
order_00000393,cust_00002843,delivered,2025-10-15 19:41:07,2025-10-15 23:35:30.867636,2025-10-18 08:03:48.583479,2025-10-22 09:53:43.054594,2025-11-05 19:41:07
order_00000394,cust_00000542,delivered,2024-01-12 17:38:38,2024-01-12 19:05:21.923004,2024-01-13 11:51:27.061234,2024-01-24 22:56:38.733215,2024-02-04 17:38:38
order_00000395,cust_00000419,delivered,2025-04-02 16:29:30,2025-04-02 21:01:53.666230,2025-04-05 21:57:04.219154,2025-04-14 23:36:57.187573,2025-04-20 16:29:30
order_00000396,cust_00002653,delivered,2024-01-14 23:31:39,2024-01-15 03:14:01.797730,2024-01-17 05:16:21.227535,2024-01-21 04:00:41.365044,2024-02-02 23:31:39
order_00000397,cust_00001290,delivered,2025-12-17 16:18:24,2025-12-17 17:42:59.997151,2025-12-18 14:56:35.759082,2025-12-22 12:11:20.662505,2026-01-03 16:18:24
order_00000398,cust_00001338,delivered,2024-03-28 13:29:03,2024-03-28 16:00:19.719513,2024-03-29 04:21:18.928814,2024-03-31 09:24:51.696776,2024-04-17 13:29:03
order_00000399,cust_00001042,delivered,2024-03-08 13:07:01,2024-03-09 01:55:41.037890,2024-03-10 12:36:31.664232,2024-03-12 13:07:36.067429,2024-03-23 13:07:01
order_00000400,cust_00000445,delivered,2024-10-02 17:31:44,2024-10-02 19:23:26.115698,2024-10-03 08:45:48.403793,2024-10-04 19:45:11.930181,2024-10-20 17:31:44
order_00000401,cust_00000093,delivered,2025-02-23 15:17:20,2025-02-23 23:39:16.144052,2025-02-24 17:48:12.213655,2025-03-14 14:21:06.574102,2025-03-15 15:17:20
order_00000402,cust_00000819,delivered,2024-12-17 09:03:31,2024-12-17 15:41:32.787389,2024-12-20 00:14:41.270112,2024-12-24 16:59:55.788576,2025-01-05 09:03:31
order_00000403,cust_00001877,delivered,2024-08-14 00:20:57,2024-08-14 02:31:45.919838,2024-08-17 05:02:52.379661,2024-08-25 04:06:06.054159,2024-09-08 00:20:57
order_00000404,cust_00001964,delivered,2024-12-22 06:05:32,2024-12-22 16:24:58.472192,2024-12-23 10:04:46.352716,2025-01-07 20:39:11.899874,2025-01-09 06:05:32
order_00000405,cust_00001259,delivered,2024-10-08 11:32:33,2024-10-09 02:36:54.540735,2024-10-10 12:19:59.023985,2024-10-14 06:39:17.634895,2024-10-27 11:32:33
order_00000406,cust_00002243,delivered,2024-08-30 05:48:52,2024-08-30 09:10:04.603308,2024-09-03 14:56:36.833839,2024-09-06 02:22:58.522307,2024-09-23 05:48:52
order_00000407,cust_00001444,delivered,2025-03-06 09:42:38,2025-03-06 12:40:16.183236,2025-03-09 21:57:29.012995,2025-03-12 15:38:00.020382,2025-03-30 09:42:38
order_00000408,cust_00002192,delivered,2025-08-13 13:16:52,2025-08-13 14:34:14.643511,2025-08-14 15:27:14.906761,2025-08-19 04:47:39.581291,2025-08-30 13:16:52
order_00000409,cust_00000362,delivered,2024-01-01 20:07:32,2024-01-02 05:55:43.944146,2024-01-02 23:47:14.314823,2024-01-07 03:19:08.789608,2024-01-20 20:07:32
order_00000410,cust_00000042,delivered,2025-09-09 12:40:20,2025-09-09 22:35:14.687347,2025-09-10 13:41:44.506961,2025-09-22 14:43:42.077785,2025-10-03 12:40:20
order_00000411,cust_00002812,delivered,2025-08-15 15:07:23,2025-08-15 20:47:06.944485,2025-08-17 09:14:43.769255,2025-08-18 13:00:14.770480,2025-09-06 15:07:23
order_00000412,cust_00002519,delivered,2025-06-17 21:14:11,2025-06-18 03:48:00.590566,2025-06-19 22:11:33.462547,2025-07-03 04:23:14.245710,2025-07-09 21:14:11
order_00000413,cust_00002650,delivered,2024-07-24 23:40:26,2024-07-25 00:13:18.784862,2024-07-27 01:02:59.341752,2024-07-30 04:39:53.947398,2024-08-13 23:40:26
order_00000414,cust_00001115,delivered,2024-08-04 15:46:27,2024-08-04 19:25:43.464420,2024-08-05 14:33:03.270524,2024-08-14 08:18:28.823401,2024-08-26 15:46:27
order_00000415,cust_00001421,delivered,2025-08-08 04:54:53,2025-08-08 12:45:20.949473,2025-08-11 18:16:18.536034,2025-08-15 05:25:55.022959,2025-08-29 04:54:53
order_00000416,cust_00002335,delivered,2025-09-30 07:02:52,2025-09-30 12:13:50.983370,2025-10-01 16:34:16.318768,2025-10-06 19:06:54.493784,2025-10-21 07:02:52
order_00000417,cust_00002284,shipped,2024-06-02 12:30:46,2024-06-03 02:26:51.997251,2024-06-04 16:48:27.027158,,2024-06-21 12:30:46
order_00000418,cust_00001392,delivered,2025-09-29 20:35:18,2025-09-30 01:53:43.324806,2025-09-30 18:02:11.927969,2025-10-02 04:46:15.970630,2025-10-21 20:35:18
order_00000419,cust_00002556,delivered,2025-01-28 12:25:51,2025-01-28 16:56:08.377591,2025-02-03 07:41:28.097793,2025-02-10 17:24:08.638502,2025-02-22 12:25:51
order_00000420,cust_00000592,delivered,2025-08-20 01:35:01,2025-08-20 04:48:22.490878,2025-08-20 23:48:58.160753,2025-08-24 09:13:59.777994,2025-09-05 01:35:01
order_00000421,cust_00000603,delivered,2024-04-27 06:15:47,2024-04-27 22:49:32.147299,2024-04-29 19:24:11.395823,2024-05-04 11:14:22.018099,2024-05-13 06:15:47
order_00000422,cust_00002934,delivered,2024-03-31 13:12:58,2024-04-01 05:42:14.050375,2024-04-06 12:06:59.953876,2024-04-14 01:28:36.704132,2024-04-25 13:12:58
order_00000423,cust_00001879,delivered,2025-03-04 06:29:48,2025-03-05 04:05:02.740260,2025-03-11 19:17:30.618470,2025-03-17 16:40:56.278126,2025-03-18 06:29:48
order_00000424,cust_00000829,delivered,2024-08-27 04:21:24,2024-08-27 06:01:37.577140,2024-08-27 22:24:06.911936,2024-09-09 18:16:36.968894,2024-09-17 04:21:24
order_00000425,cust_00001630,delivered,2025-11-05 04:37:15,2025-11-05 06:35:09.297361,2025-11-07 04:03:02.540695,2025-11-16 13:06:09.912441,2025-11-30 04:37:15
order_00000426,cust_00002056,delivered,2024-09-19 23:49:37,2024-09-20 02:29:37.490975,2024-09-21 05:32:37.793736,2024-09-23 01:15:03.726662,2024-10-19 23:49:37
order_00000427,cust_00000132,delivered,2024-05-27 05:24:57,2024-05-27 07:06:20.342049,2024-05-28 02:56:53.847713,2024-06-10 05:45:15.393495,2024-06-16 05:24:57
order_00000428,cust_00001998,delivered,2024-09-20 10:10:40,2024-09-20 11:29:44.441020,2024-09-22 20:47:07.612453,2024-10-03 13:50:20.253594,2024-10-12 10:10:40
order_00000429,cust_00000623,delivered,2025-10-30 09:24:46,2025-10-30 10:33:59.128629,2025-10-31 03:11:01.615004,2025-11-06 19:17:00.842878,2025-11-21 09:24:46
order_00000430,cust_00002739,shipped,2024-08-23 12:00:46,2024-08-23 22:17:43.036098,2024-08-25 12:48:35.652909,,2024-09-09 12:00:46
order_00000431,cust_00002729,delivered,2025-06-27 04:26:03,2025-06-27 10:05:45.597479,2025-06-29 19:23:44.620299,2025-07-06 07:12:17.519942,2025-07-17 04:26:03
order_00000432,cust_00001154,delivered,2025-01-04 21:59:39,2025-01-04 23:27:48.004237,2025-01-07 09:47:22.365396,2025-01-24 17:03:32.025170,2025-01-29 21:59:39
order_00000433,cust_00000152,delivered,2025-02-06 18:16:54,2025-02-06 18:51:42.531752,2025-02-08 11:06:00.991792,2025-02-19 05:05:46.651414,2025-02-27 18:16:54
order_00000434,cust_00001220,delivered,2025-02-20 12:06:21,2025-02-20 13:32:07.509661,2025-02-23 01:38:17.602630,2025-03-03 00:22:00.087265,2025-03-12 12:06:21
order_00000435,cust_00001863,delivered,2025-03-12 22:42:28,2025-03-13 14:43:00.666069,2025-03-16 03:43:46.487369,2025-03-24 11:36:59.322756,2025-03-31 22:42:28
order_00000436,cust_00000084,delivered,2024-08-29 01:41:18,2024-08-29 02:27:02.577782,2024-09-02 12:36:39.375245,2024-09-04 14:22:55.543515,2024-09-17 01:41:18
order_00000437,cust_00001097,delivered,2025-07-12 12:15:26,2025-07-12 19:31:01.958104,2025-07-15 18:35:59.773241,2025-07-26 13:24:30.699382,2025-08-03 12:15:26
order_00000438,cust_00000722,delivered,2024-09-30 21:10:10,2024-10-01 04:37:15.740232,2024-10-02 19:27:22.476619,2024-10-14 14:28:02.375486,2024-10-15 21:10:10
order_00000439,cust_00001352,delivered,2025-11-08 07:56:47,2025-11-08 10:01:26.770398,2025-11-09 13:50:13.730784,2025-12-07 05:16:41.928185,2025-12-01 07:56:47
order_00000440,cust_00000013,delivered,2025-08-17 10:55:15,2025-08-17 13:11:18.443588,2025-08-19 02:47:30.747512,2025-08-26 16:17:38.004081,2025-09-10 10:55:15
order_00000441,cust_00000007,delivered,2025-03-19 14:28:16,2025-03-20 00:02:31.536008,2025-03-28 06:11:29.182306,2025-04-01 16:26:40.048595,2025-04-10 14:28:16
order_00000442,cust_00000862,canceled,2024-09-09 23:15:26,,,,2024-09-29 23:15:26
order_00000443,cust_00002249,processing,2024-01-04 00:49:53,2024-01-04 03:24:58.383390,,,2024-01-22 00:49:53
order_00000444,cust_00001161,delivered,2024-03-30 07:52:19,2024-03-30 08:54:08.460062,2024-04-01 09:59:07.604530,2024-04-03 09:10:13.208341,2024-04-16 07:52:19
order_00000445,cust_00001543,delivered,2024-12-06 00:35:17,2024-12-06 01:06:52.788123,2024-12-07 12:46:16.656931,2024-12-13 21:54:18.862865,2024-12-22 00:35:17
order_00000446,cust_00000236,delivered,2025-01-25 18:17:53,2025-01-25 20:48:26.913904,2025-01-27 14:40:36.554960,2025-02-05 10:01:50.741267,2025-02-11 18:17:53
order_00000447,cust_00000468,delivered,2024-08-23 17:04:14,2024-08-23 17:55:11.589675,2024-08-25 22:11:48.653444,2024-08-29 11:14:17.557524,2024-09-08 17:04:14
order_00000448,cust_00001376,delivered,2025-06-25 11:14:39,2025-06-25 12:59:21.573005,2025-06-27 17:10:49.296989,2025-07-03 01:00:36.483827,2025-07-13 11:14:39
order_00000449,cust_00000032,delivered,2024-10-07 13:15:03,2024-10-07 20:58:04.133538,2024-10-08 13:43:03.436057,2024-10-10 18:25:01.719940,2024-10-27 13:15:03
order_00000450,cust_00000197,shipped,2025-09-14 09:46:30,2025-09-14 17:17:11.547948,2025-09-16 02:06:26.368205,,2025-10-04 09:46:30
order_00000451,cust_00002469,delivered,2025-08-16 22:14:15,2025-08-16 23:38:03.704714,2025-08-17 22:34:56.229461,2025-08-31 06:26:59.072709,2025-08-30 22:14:15
order_00000452,cust_00001884,delivered,2025-03-01 11:33:28,2025-03-01 12:52:21.373765,2025-03-02 16:18:02.937590,2025-03-05 09:46:36.474268,2025-03-17 11:33:28
order_00000453,cust_00000894,delivered,2025-11-28 10:26:21,2025-11-28 11:44:47.432236,2025-11-30 14:58:13.062873,2025-12-12 17:49:35.023066,2025-12-12 10:26:21
order_00000454,cust_00001281,shipped,2025-11-11 20:33:08,2025-11-12 02:45:06.597443,2025-11-14 05:44:52.932500,,2025-11-27 20:33:08
order_00000455,cust_00002591,delivered,2024-08-03 17:04:31,2024-08-04 04:58:43.377263,2024-08-05 07:37:22.541580,2024-08-09 04:17:51.972833,2024-08-24 17:04:31
order_00000456,cust_00001490,delivered,2025-08-18 13:41:50,2025-08-18 17:29:31.218990,2025-08-21 23:55:18.967111,2025-08-25 14:10:30.380121,2025-09-06 13:41:50
order_00000457,cust_00000922,canceled,2024-02-22 06:51:42,,,,2024-03-15 06:51:42
order_00000458,cust_00002988,delivered,2024-01-24 07:43:09,2024-01-24 10:17:12.995469,2024-01-27 11:47:24.593149,2024-02-05 07:52:49.154794,2024-02-13 07:43:09
order_00000459,cust_00001046,delivered,2024-10-09 09:17:26,2024-10-09 13:35:11.042416,2024-10-10 16:15:38.687032,2024-10-11 23:21:17.746268,2024-10-24 09:17:26
order_00000460,cust_00002026,delivered,2024-08-14 03:22:04,2024-08-14 06:33:19.433055,2024-08-15 11:35:24.930279,2024-08-19 13:25:10.508803,2024-09-01 03:22:04
order_00000461,cust_00001468,unavailable,2025-11-21 14:25:37,2025-11-21 17:29:20.951377,,,2025-12-14 14:25:37
order_00000462,cust_00002592,delivered,2025-09-05 08:57:41,2025-09-05 12:41:39.529721,2025-09-07 05:23:05.886870,2025-09-09 12:59:33.704852,2025-09-27 08:57:41
order_00000463,cust_00000548,delivered,2025-05-11 11:10:21,2025-05-11 11:44:34.729340,2025-05-12 00:23:31.686547,2025-05-16 13:45:16.195135,2025-05-24 11:10:21
order_00000464,cust_00000181,delivered,2024-05-18 14:04:15,2024-05-18 14:50:23.319579,2024-05-22 00:54:06.590536,2024-05-23 07:26:37.622239,2024-05-31 14:04:15
order_00000465,cust_00001617,delivered,2024-12-19 16:28:20,2024-12-20 02:27:51.843226,2024-12-24 07:39:09.504523,2024-12-25 15:19:30.094085,2025-01-12 16:28:20
order_00000466,cust_00000648,processing,2025-04-22 06:10:20,2025-04-22 06:49:42.473488,,,2025-05-15 06:10:20
order_00000467,cust_00002424,delivered,2025-11-20 05:07:58,2025-11-20 07:54:35.724768,2025-11-21 08:43:12.376830,2025-11-22 20:50:46.312925,2025-12-09 05:07:58
order_00000468,cust_00001006,delivered,2025-12-28 10:57:27,2025-12-28 13:44:50.567278,2025-12-29 22:08:56.976453,2026-01-10 17:06:13.240565,2026-01-10 10:57:27
order_00000469,cust_00000105,processing,2024-02-16 22:48:26,2024-02-17 02:58:50.044143,,,2024-03-04 22:48:26
order_00000470,cust_00000892,delivered,2025-05-28 07:23:23,2025-05-28 08:15:04.968042,2025-05-30 03:48:58.487588,2025-06-06 18:22:08.707364,2025-06-09 07:23:23
order_00000471,cust_00000192,delivered,2025-02-18 12:49:30,2025-02-18 20:29:19.606534,2025-02-20 00:05:03.010771,2025-02-26 01:52:54.803067,2025-03-12 12:49:30
order_00000472,cust_00001890,delivered,2024-05-18 04:23:36,2024-05-18 21:54:22.101353,2024-05-21 05:46:23.133827,2024-05-22 14:52:27.868826,2024-06-10 04:23:36
order_00000473,cust_00000243,delivered,2025-05-31 19:17:19,2025-05-31 22:23:00.282203,2025-06-01 12:31:21.224544,2025-06-07 14:15:00.206023,2025-06-10 19:17:19
order_00000474,cust_00000156,delivered,2024-06-25 19:36:54,2024-06-25 20:10:37.117511,2024-06-26 22:24:07.166091,2024-07-03 23:42:16.581366,2024-07-13 19:36:54
order_00000475,cust_00001359,delivered,2024-11-02 19:53:39,2024-11-02 22:47:47.210304,2024-11-03 13:27:28.817540,2024-11-04 22:26:48.563175,2024-11-23 19:53:39
order_00000476,cust_00000216,delivered,2025-11-18 18:48:56,2025-11-19 04:18:38.327090,2025-11-23 13:31:22.298746,2025-11-30 13:31:43.084283,2025-12-07 18:48:56
order_00000477,cust_00000430,delivered,2024-02-26 02:11:20,2024-02-26 02:46:36.999847,2024-02-27 09:22:24.493590,2024-02-28 13:18:20.176060,2024-03-18 02:11:20
order_00000478,cust_00001000,delivered,2024-05-26 16:23:23,2024-05-26 17:55:06.464957,2024-05-28 23:50:47.904637,2024-06-01 20:44:30.407963,2024-06-16 16:23:23
order_00000479,cust_00002005,delivered,2024-02-10 08:35:13,2024-02-10 12:59:11.762863,2024-02-12 00:50:48.847851,2024-02-18 13:54:59.336782,2024-03-04 08:35:13
order_00000480,cust_00001403,delivered,2025-12-25 23:33:09,2025-12-26 01:42:49.809608,2025-12-28 22:18:50.608102,2026-01-05 10:47:06.581329,2026-01-10 23:33:09
order_00000481,cust_00002184,delivered,2024-12-10 21:07:17,2024-12-11 03:52:53.368113,2024-12-12 00:00:36.769505,2024-12-24 06:22:17.000392,2025-01-03 21:07:17
order_00000482,cust_00001171,delivered,2025-04-08 09:40:53,2025-04-08 21:01:33.494369,2025-04-10 20:21:18.457087,2025-04-14 12:49:21.688701,2025-05-05 09:40:53
order_00000483,cust_00001997,delivered,2025-04-19 13:05:39,2025-04-20 11:42:25.095132,2025-04-22 08:05:24.681834,2025-04-25 07:52:46.340173,2025-05-10 13:05:39
order_00000484,cust_00000833,delivered,2025-11-13 21:55:19,2025-11-13 23:26:18.035875,2025-11-14 18:59:37.882095,2025-11-15 21:12:52.831295,2025-12-01 21:55:19
order_00000485,cust_00002836,delivered,2025-07-28 20:24:24,2025-07-29 04:49:17.563114,2025-07-30 17:32:41.493432,2025-08-03 08:30:32.564397,2025-08-13 20:24:24
order_00000486,cust_00002402,canceled,2024-02-28 19:36:40,,,,2024-03-22 19:36:40
order_00000487,cust_00001236,delivered,2024-06-13 17:36:47,2024-06-14 05:22:40.448113,2024-06-16 09:48:14.601093,2024-06-20 18:51:07.015031,2024-07-04 17:36:47
order_00000488,cust_00001929,delivered,2024-10-30 12:00:57,2024-10-30 20:02:53.608749,2024-11-02 04:26:26.618592,2024-11-04 12:11:29.072946,2024-11-25 12:00:57
order_00000489,cust_00000536,delivered,2024-03-19 18:58:50,2024-03-19 21:36:20.369119,2024-03-21 12:35:21.363499,2024-03-25 06:08:32.172128,2024-04-01 18:58:50
order_00000490,cust_00000264,delivered,2025-10-21 19:40:57,2025-10-21 20:42:27.323356,2025-10-22 11:11:46.001430,2025-10-26 19:50:49.284411,2025-11-16 19:40:57
order_00000491,cust_00000605,delivered,2025-03-28 22:14:15,2025-03-29 03:33:39.382652,2025-03-30 18:33:45.454724,2025-04-01 18:50:07.699461,2025-04-19 22:14:15
order_00000492,cust_00000528,delivered,2025-07-09 23:30:20,2025-07-10 02:38:14.449054,2025-07-20 07:10:34.447592,2025-07-25 10:22:27.204859,2025-07-27 23:30:20
order_00000493,cust_00001835,delivered,2024-02-16 23:34:31,2024-02-17 11:38:01.296699,2024-02-19 00:08:27.457684,2024-02-23 04:04:26.544980,2024-03-06 23:34:31
order_00000494,cust_00000082,delivered,2025-10-01 23:19:45,2025-10-02 04:36:17.420488,2025-10-03 13:54:52.595319,2025-10-05 01:34:56.947946,2025-10-13 23:19:45
order_00000495,cust_00001357,processing,2025-12-12 00:58:28,2025-12-12 02:30:59.361096,,,2025-12-23 00:58:28
order_00000496,cust_00001253,delivered,2025-02-27 03:12:11,2025-02-27 09:46:42.080922,2025-03-01 18:01:54.856445,2025-03-03 20:49:34.675613,2025-03-14 03:12:11
order_00000497,cust_00002936,delivered,2024-07-27 15:44:43,2024-07-27 17:26:49.010307,2024-07-28 16:49:39.309722,2024-08-10 01:00:16.428914,2024-08-13 15:44:43
order_00000498,cust_00001630,delivered,2024-12-08 06:05:07,2024-12-08 06:53:54.511232,2024-12-13 07:54:30.693330,2024-12-15 06:43:09.025956,2024-12-28 06:05:07
order_00000499,cust_00000844,delivered,2024-04-01 08:58:56,2024-04-01 12:02:21.568224,2024-04-02 02:19:37.337894,2024-04-10 22:57:00.125384,2024-04-19 08:58:56
order_00000500,cust_00002511,delivered,2024-04-03 03:46:25,2024-04-03 14:19:45.969301,2024-04-05 00:58:26.097941,2024-04-07 03:53:48.778219,2024-04-18 03:46:25
order_00000501,cust_00002847,delivered,2025-07-28 21:40:20,2025-07-29 01:13:42.749433,2025-07-29 17:01:26.989882,2025-08-11 03:28:48.824314,2025-08-17 21:40:20
order_00000502,cust_00000314,delivered,2024-09-26 20:32:30,2024-09-26 21:15:41.543673,2024-09-27 10:44:54.870721,2024-10-04 02:42:02.963382,2024-10-18 20:32:30
order_00000503,cust_00001403,delivered,2025-11-13 15:03:24,2025-11-13 17:08:16.395423,2025-11-16 03:07:19.948687,2025-11-18 15:17:52.027806,2025-12-05 15:03:24
order_00000504,cust_00002101,delivered,2025-04-13 17:04:20,2025-04-13 19:08:11.129239,2025-04-15 20:53:44.595415,2025-04-25 09:35:41.260722,2025-05-03 17:04:20
order_00000505,cust_00002402,delivered,2025-04-27 06:50:14,2025-04-27 09:45:29.182264,2025-04-29 08:42:19.640829,2025-05-01 11:34:31.713827,2025-05-18 06:50:14
order_00000506,cust_00000951,delivered,2025-02-01 06:38:51,2025-02-01 11:27:52.066124,2025-02-03 03:29:07.237936,2025-02-14 17:53:03.933582,2025-02-17 06:38:51
order_00000507,cust_00001880,delivered,2024-03-31 01:17:43,2024-03-31 02:09:35.216201,2024-03-31 15:26:48.639929,2024-04-04 11:37:00.007327,2024-04-17 01:17:43
order_00000508,cust_00001808,delivered,2025-12-09 18:55:10,2025-12-09 19:35:01.275057,2025-12-11 08:05:43.108476,2025-12-18 08:26:09.393061,2026-01-02 18:55:10
order_00000509,cust_00000398,delivered,2025-03-20 09:14:07,2025-03-20 17:24:41.809198,2025-03-26 20:34:03.814521,2025-04-02 12:05:41.181402,2025-04-15 09:14:07
order_00000510,cust_00000496,delivered,2025-11-06 14:21:36,2025-11-06 15:02:48.451305,2025-11-07 06:37:35.756558,2025-11-18 14:28:52.606135,2025-11-27 14:21:36
order_00000511,cust_00002745,delivered,2024-12-17 19:20:51,2024-12-17 23:41:11.202091,2024-12-20 05:51:35.663086,2024-12-25 18:39:41.064121,2025-01-06 19:20:51
order_00000512,cust_00001212,delivered,2024-02-15 21:21:52,2024-02-16 03:48:44.987660,2024-02-23 22:59:08.336819,2024-02-27 18:37:09.992042,2024-03-08 21:21:52
order_00000513,cust_00000034,delivered,2024-01-13 06:00:49,2024-01-13 07:42:16.981139,2024-01-15 06:22:02.073834,2024-01-18 04:44:08.062735,2024-01-29 06:00:49
order_00000514,cust_00001870,delivered,2024-01-20 21:35:40,2024-01-21 10:09:24.717923,2024-01-23 13:18:09.550087,2024-01-25 15:11:49.891537,2024-02-14 21:35:40
order_00000515,cust_00000158,delivered,2024-11-20 09:43:14,2024-11-20 11:07:25.640572,2024-11-21 10:57:04.416249,2024-11-23 07:10:40.320218,2024-12-09 09:43:14
order_00000516,cust_00000704,delivered,2025-11-16 06:21:00,2025-11-16 08:28:08.241838,2025-11-18 09:02:08.243099,2025-11-25 16:13:15.271008,2025-12-08 06:21:00
order_00000517,cust_00000497,delivered,2025-10-10 02:35:03,2025-10-10 12:48:20.196557,2025-10-11 09:19:23.798535,2025-10-13 11:58:52.837560,2025-10-29 02:35:03
order_00000518,cust_00001386,delivered,2025-04-07 21:43:50,2025-04-07 22:18:06.577182,2025-04-12 22:36:03.250594,2025-04-16 13:48:02.632217,2025-04-21 21:43:50
order_00000519,cust_00000105,delivered,2025-07-11 06:27:38,2025-07-11 11:31:07.233502,2025-07-12 01:20:59.815426,2025-07-16 11:29:51.352087,2025-07-26 06:27:38
order_00000520,cust_00000552,delivered,2024-11-12 20:05:30,2024-11-12 21:10:49.535160,2024-11-13 16:10:59.559694,2024-11-19 21:05:41.504607,2024-12-04 20:05:30
order_00000521,cust_00001075,delivered,2025-01-23 20:28:46,2025-01-24 05:04:17.183705,2025-01-25 09:10:52.032850,2025-02-21 08:42:34.624150,2025-02-08 20:28:46
order_00000522,cust_00002790,shipped,2025-08-28 19:35:45,2025-08-29 04:35:14.810872,2025-08-30 18:24:43.406848,,2025-09-21 19:35:45
order_00000523,cust_00001129,delivered,2025-06-05 15:23:37,2025-06-05 16:47:42.198508,2025-06-06 15:52:08.249226,2025-06-07 22:33:32.999193,2025-06-22 15:23:37
order_00000524,cust_00002094,delivered,2025-01-10 14:59:02,2025-01-10 19:21:42.546326,2025-01-12 20:51:58.914278,2025-01-17 02:49:04.216522,2025-01-31 14:59:02
order_00000525,cust_00001550,delivered,2025-09-07 05:07:31,2025-09-08 11:43:26.137388,2025-09-12 12:09:36.226260,2025-09-14 13:33:14.360104,2025-09-23 05:07:31
order_00000526,cust_00001885,delivered,2025-10-19 16:04:13,2025-10-19 22:42:19.872907,2025-10-21 00:03:43.518606,2025-10-24 05:41:10.074374,2025-11-07 16:04:13
order_00000527,cust_00001611,delivered,2024-07-27 09:25:00,2024-07-27 17:09:46.877765,2024-07-30 08:30:02.961157,2024-08-01 12:03:08.500724,2024-08-19 09:25:00
order_00000528,cust_00000456,delivered,2025-01-16 05:38:17,2025-01-16 10:45:42.781724,2025-01-18 08:01:16.336791,2025-01-25 23:38:52.901617,2025-01-29 05:38:17
order_00000529,cust_00000775,delivered,2025-08-29 08:00:35,2025-08-29 19:24:19.393479,2025-08-30 16:18:27.545160,2025-09-07 13:01:14.647164,2025-09-23 08:00:35
order_00000530,cust_00002522,delivered,2025-04-28 09:15:45,2025-04-28 20:50:18.744962,2025-04-30 20:11:02.227936,2025-05-03 07:02:54.389634,2025-05-16 09:15:45
order_00000531,cust_00000903,delivered,2024-02-03 01:00:55,2024-02-03 06:50:29.425437,2024-02-06 16:30:06.183743,2024-02-09 18:57:45.486744,2024-02-25 01:00:55
order_00000532,cust_00000350,delivered,2025-08-03 08:18:36,2025-08-03 11:20:45.855479,2025-08-04 16:14:31.173816,2025-08-06 21:55:12.517415,2025-08-21 08:18:36
order_00000533,cust_00001401,delivered,2024-03-13 06:13:43,2024-03-13 10:33:53.577748,2024-03-15 12:35:35.086363,2024-03-29 04:09:55.857343,2024-03-25 06:13:43
order_00000534,cust_00001403,delivered,2024-05-24 00:40:35,2024-05-24 02:33:23.708173,2024-05-25 07:30:46.756261,2024-05-29 00:02:29.705449,2024-06-13 00:40:35
order_00000535,cust_00000704,delivered,2025-04-21 22:54:59,2025-04-22 05:50:49.506459,2025-04-24 17:06:07.906983,2025-05-06 05:12:33.860848,2025-05-18 22:54:59
order_00000536,cust_00002059,delivered,2025-01-15 08:57:09,2025-01-15 20:16:12.338881,2025-01-16 22:04:19.309423,2025-01-22 06:34:33.532163,2025-02-06 08:57:09
order_00000537,cust_00001614,delivered,2025-01-13 18:28:50,2025-01-13 21:04:50.732162,2025-01-15 12:41:18.465185,2025-01-18 12:06:29.311865,2025-01-30 18:28:50
order_00000538,cust_00001140,canceled,2024-01-05 22:14:32,,,,2024-01-31 22:14:32
order_00000539,cust_00002578,delivered,2025-05-11 23:24:30,2025-05-12 01:49:49.959046,2025-05-16 07:38:04.241875,2025-05-18 00:32:35.134147,2025-06-01 23:24:30
order_00000540,cust_00002254,delivered,2024-02-01 23:42:48,2024-02-02 02:30:43.029198,2024-02-04 03:02:56.039284,2024-02-13 05:59:09.207653,2024-02-20 23:42:48
order_00000541,cust_00000081,delivered,2024-04-26 22:25:50,2024-04-27 01:19:26.332623,2024-04-30 09:15:40.369032,2024-05-01 15:41:34.041993,2024-05-14 22:25:50
order_00000542,cust_00000123,delivered,2024-03-30 01:41:12,2024-03-30 17:42:56.991494,2024-04-08 17:16:12.234742,2024-04-13 08:25:47.262331,2024-04-16 01:41:12
order_00000543,cust_00000355,delivered,2024-10-08 19:42:55,2024-10-09 01:11:28.194335,2024-10-11 12:13:11.682292,2024-10-18 17:52:32.651913,2024-10-24 19:42:55
order_00000544,cust_00000817,delivered,2025-05-29 18:37:39,2025-05-29 19:41:44.519293,2025-05-30 17:04:09.472125,2025-06-01 21:59:13.083859,2025-06-20 18:37:39
order_00000545,cust_00000833,delivered,2024-06-09 17:09:04,2024-06-10 04:34:20.536965,2024-06-14 09:49:25.448922,2024-06-19 04:45:31.614748,2024-07-01 17:09:04
order_00000546,cust_00001742,delivered,2025-07-26 17:42:36,2025-07-26 23:39:56.623680,2025-07-30 15:32:41.049883,2025-08-02 03:13:47.117821,2025-08-11 17:42:36
order_00000547,cust_00001330,delivered,2025-09-29 08:30:51,2025-09-29 13:34:11.998587,2025-09-30 17:25:13.067853,2025-10-01 22:01:45.787271,2025-10-19 08:30:51
order_00000548,cust_00002456,shipped,2024-12-24 20:25:23,2024-12-25 00:30:14.213155,2024-12-30 04:10:10.723480,,2025-01-16 20:25:23
order_00000549,cust_00002523,delivered,2025-10-04 23:23:39,2025-10-05 10:29:32.123126,2025-10-06 11:19:43.500589,2025-10-13 22:23:06.851696,2025-10-24 23:23:39
order_00000550,cust_00002737,canceled,2024-09-05 04:16:59,,,,2024-09-22 04:16:59
order_00000551,cust_00001345,unavailable,2025-09-23 14:26:31,2025-09-23 20:52:03.008622,,,2025-10-14 14:26:31
order_00000552,cust_00002122,delivered,2024-08-01 20:25:50,2024-08-02 02:15:16.661691,2024-08-02 20:40:51.520951,2024-08-07 09:26:54.579835,2024-08-21 20:25:50
order_00000553,cust_00000131,delivered,2025-04-04 00:43:28,2025-04-04 05:51:33.070011,2025-04-04 23:42:53.793840,2025-04-08 13:36:24.730558,2025-04-21 00:43:28
order_00000554,cust_00000017,delivered,2024-02-22 20:33:16,2024-02-23 03:27:45.424216,2024-02-26 14:17:06.051557,2024-03-01 18:21:41.408243,2024-03-13 20:33:16
order_00000555,cust_00001536,delivered,2025-07-28 13:44:17,2025-07-29 16:27:45.515134,2025-08-04 07:37:19.962446,2025-08-06 05:11:13.586715,2025-08-18 13:44:17
order_00000556,cust_00002387,unavailable,2024-12-30 16:09:30,2024-12-31 08:35:19.911644,,,2025-01-11 16:09:30
order_00000557,cust_00000469,delivered,2024-03-14 05:15:16,2024-03-14 07:10:43.615365,2024-03-15 10:03:29.110509,2024-03-18 04:45:25.108565,2024-03-30 05:15:16
order_00000558,cust_00001907,delivered,2024-02-17 10:24:02,2024-02-17 13:01:49.540321,2024-02-18 02:38:10.940893,2024-02-23 20:16:38.263336,2024-03-10 10:24:02
order_00000559,cust_00002802,delivered,2024-03-19 02:55:01,2024-03-19 06:50:29.930836,2024-03-19 19:36:19.464857,2024-03-30 11:55:46.058737,2024-04-01 02:55:01
order_00000560,cust_00000737,delivered,2025-02-02 12:14:14,2025-02-02 14:31:34.538362,2025-02-06 23:00:16.630582,2025-02-13 18:03:46.228527,2025-02-19 12:14:14
order_00000561,cust_00002321,delivered,2024-09-09 03:33:18,2024-09-09 07:14:00.555299,2024-09-10 22:55:35.998286,2024-09-12 17:14:02.458851,2024-10-03 03:33:18
order_00000562,cust_00002147,delivered,2025-03-28 04:48:06,2025-03-29 13:26:45.169213,2025-03-30 01:57:42.218963,2025-04-12 17:32:46.336720,2025-04-12 04:48:06
order_00000563,cust_00002167,delivered,2024-11-17 22:19:05,2024-11-18 00:57:36.938775,2024-11-20 21:17:52.692000,2024-11-26 17:37:40.545838,2024-12-07 22:19:05
order_00000564,cust_00000103,shipped,2025-12-22 10:11:55,2025-12-23 06:41:39.342898,2025-12-24 04:54:52.162930,,2026-01-15 10:11:55
order_00000565,cust_00002079,delivered,2025-08-31 18:57:12,2025-08-31 20:28:58.386078,2025-09-07 00:52:23.999362,2025-09-09 00:13:19.881646,2025-09-18 18:57:12
order_00000566,cust_00000394,delivered,2025-05-23 00:30:49,2025-05-23 11:43:20.609103,2025-05-24 04:00:45.923940,2025-05-28 22:13:33.159570,2025-06-14 00:30:49
order_00000567,cust_00000620,delivered,2024-03-14 11:13:00,2024-03-14 18:27:51.275457,2024-03-15 07:57:31.927488,2024-03-22 17:29:46.188458,2024-03-24 11:13:00
order_00000568,cust_00000237,delivered,2024-05-14 18:08:41,2024-05-15 05:56:12.793711,2024-05-16 13:54:01.322968,2024-05-24 00:58:42.305870,2024-05-28 18:08:41
order_00000569,cust_00000363,delivered,2024-05-14 11:25:07,2024-05-14 12:42:15.299999,2024-05-17 22:51:02.339622,2024-05-30 13:07:50.299877,2024-05-21 11:25:07
order_00000570,cust_00001244,shipped,2025-07-19 15:25:02,2025-07-20 03:46:22.033740,2025-07-22 05:31:00.202454,,2025-08-05 15:25:02
order_00000571,cust_00000268,delivered,2024-07-31 21:03:09,2024-08-01 10:36:25.616238,2024-08-02 19:49:07.301641,2024-08-04 00:34:34.203461,2024-08-22 21:03:09
order_00000572,cust_00002804,delivered,2024-08-16 18:59:14,2024-08-16 23:16:10.543091,2024-08-17 14:33:18.824744,2024-08-18 23:39:19.798532,2024-09-06 18:59:14
order_00000573,cust_00001237,delivered,2024-12-27 15:44:01,2024-12-27 16:16:00.470468,2024-12-30 06:50:52.410201,2025-01-04 13:26:02.431640,2025-01-20 15:44:01
order_00000574,cust_00001699,delivered,2025-11-30 22:13:59,2025-12-01 02:08:22.830647,2025-12-02 07:44:37.968331,2025-12-04 13:29:29.918494,2025-12-23 22:13:59
order_00000575,cust_00002183,shipped,2025-11-07 03:51:46,2025-11-07 06:44:12.507769,2025-11-08 04:45:38.450197,,2025-11-23 03:51:46
order_00000576,cust_00000511,delivered,2024-08-16 07:38:24,2024-08-16 10:02:57.475393,2024-08-18 22:57:41.902876,2024-08-20 15:26:05.224722,2024-08-30 07:38:24
order_00000577,cust_00002652,delivered,2025-01-28 18:36:29,2025-01-28 20:36:44.109252,2025-02-01 04:58:04.401811,2025-02-05 13:02:54.106763,2025-02-16 18:36:29
order_00000578,cust_00002518,delivered,2025-06-16 21:15:11,2025-06-17 01:03:18.846472,2025-06-17 14:00:48.127990,2025-06-20 16:53:16.799954,2025-07-07 21:15:11
order_00000579,cust_00002551,delivered,2025-05-22 18:28:50,2025-05-22 22:14:13.220676,2025-05-25 13:26:17.591903,2025-05-30 03:00:25.506126,2025-06-13 18:28:50
order_00000580,cust_00001778,delivered,2025-11-22 02:26:47,2025-11-22 13:56:14.546602,2025-11-27 16:30:15.714321,2025-12-01 11:07:45.025286,2025-12-17 02:26:47
order_00000581,cust_00002585,delivered,2024-01-07 05:53:20,2024-01-07 08:55:44.751714,2024-01-08 06:58:48.903628,2024-01-12 05:52:38.786589,2024-01-27 05:53:20
order_00000582,cust_00001964,delivered,2025-07-04 05:10:19,2025-07-04 06:36:52.192256,2025-07-05 00:31:59.750534,2025-07-10 03:55:23.539112,2025-07-24 05:10:19
order_00000583,cust_00000631,delivered,2025-02-17 20:18:07,2025-02-18 04:44:51.745978,2025-02-18 19:00:33.880779,2025-02-21 21:41:17.155689,2025-03-07 20:18:07
order_00000584,cust_00001275,delivered,2024-10-17 18:09:36,2024-10-17 20:56:06.700161,2024-10-19 23:25:57.231252,2024-10-23 04:00:35.862504,2024-11-09 18:09:36
order_00000585,cust_00000657,delivered,2024-01-17 17:53:44,2024-01-17 18:58:09.848237,2024-01-19 16:32:37.576153,2024-01-21 12:12:11.690839,2024-02-13 17:53:44
order_00000586,cust_00001156,delivered,2025-05-24 01:09:49,2025-05-24 02:07:17.347711,2025-05-30 15:22:19.902644,2025-06-03 09:24:08.657035,2025-06-10 01:09:49
order_00000587,cust_00000336,canceled,2024-07-23 12:12:02,,,,2024-08-10 12:12:02
order_00000588,cust_00000500,delivered,2025-12-30 23:22:10,2025-12-31 01:27:51.897933,2026-01-04 22:24:29.964326,2026-01-14 21:18:59.916955,2026-01-18 23:22:10
order_00000589,cust_00000626,delivered,2025-04-22 06:05:15,2025-04-22 10:11:32.218977,2025-04-26 16:21:43.459034,2025-05-02 23:50:32.488797,2025-05-08 06:05:15
order_00000590,cust_00001237,delivered,2025-09-02 23:55:57,2025-09-03 03:14:18.290157,2025-09-08 23:39:38.491862,2025-09-11 03:00:04.967452,2025-09-20 23:55:57
order_00000591,cust_00000754,delivered,2024-06-05 17:30:14,2024-06-05 23:20:19.936380,2024-06-07 10:45:01.258027,2024-06-08 15:00:52.945482,2024-06-22 17:30:14
order_00000592,cust_00000719,delivered,2025-01-15 17:55:57,2025-01-16 00:17:53.508205,2025-01-16 18:19:15.712808,2025-01-18 10:00:01.675478,2025-02-05 17:55:57
order_00000593,cust_00002328,delivered,2025-02-11 04:35:30,2025-02-11 09:20:23.572188,2025-02-12 01:34:51.318032,2025-02-15 15:38:00.045760,2025-03-01 04:35:30
order_00000594,cust_00002151,delivered,2025-01-04 20:40:12,2025-01-05 06:35:16.187921,2025-01-06 07:25:48.857396,2025-01-13 07:09:03.522108,2025-01-18 20:40:12
order_00000595,cust_00000073,delivered,2025-07-12 23:19:13,2025-07-13 13:56:32.482099,2025-07-16 14:02:01.515628,2025-07-21 02:33:07.578933,2025-08-04 23:19:13
order_00000596,cust_00001882,delivered,2025-01-28 17:38:44,2025-01-28 20:13:53.660490,2025-02-05 20:49:32.924523,2025-02-16 09:54:10.204240,2025-02-21 17:38:44
order_00000597,cust_00000793,delivered,2024-11-05 12:48:31,2024-11-05 15:49:44.555612,2024-11-08 03:37:14.765480,2024-11-09 16:42:47.621799,2024-11-19 12:48:31
order_00000598,cust_00001465,delivered,2025-12-28 08:40:20,2025-12-28 13:09:31.237874,2025-12-29 03:03:31.658553,2025-12-30 19:45:03.030201,2026-01-20 08:40:20
order_00000599,cust_00002313,canceled,2024-02-23 06:09:38,,,,2024-03-17 06:09:38
order_00000600,cust_00000249,delivered,2025-02-24 09:20:31,2025-02-24 12:19:06.593802,2025-02-25 02:25:29.147897,2025-03-02 05:51:16.907722,2025-03-14 09:20:31
order_00000601,cust_00001480,delivered,2024-03-26 10:45:53,2024-03-26 12:21:23.592492,2024-03-27 00:28:51.845061,2024-03-31 08:50:40.846032,2024-04-14 10:45:53
order_00000602,cust_00001057,delivered,2025-04-12 08:38:56,2025-04-13 07:22:36.634007,2025-04-15 19:37:57.685739,2025-04-24 02:32:58.434320,2025-04-30 08:38:56
order_00000603,cust_00001288,delivered,2024-01-12 10:12:57,2024-01-12 19:04:08.710887,2024-01-13 20:03:05.153583,2024-01-14 20:26:35.864395,2024-02-04 10:12:57
order_00000604,cust_00001019,delivered,2025-01-30 11:17:53,2025-01-30 12:48:05.230164,2025-02-01 19:25:52.178447,2025-02-06 01:01:17.428693,2025-02-18 11:17:53
order_00000605,cust_00000412,delivered,2024-02-15 18:51:17,2024-02-16 02:08:56.542634,2024-02-17 17:57:55.839817,2024-02-19 23:59:44.895855,2024-03-05 18:51:17
order_00000606,cust_00001109,shipped,2024-05-13 04:18:19,2024-05-13 05:57:39.774730,2024-05-21 09:55:18.889345,,2024-06-03 04:18:19
order_00000607,cust_00002936,delivered,2024-04-03 11:19:47,2024-04-03 13:23:57.768967,2024-04-04 19:53:09.819843,2024-04-07 18:50:01.357919,2024-04-22 11:19:47
order_00000608,cust_00001162,delivered,2024-06-28 23:54:27,2024-06-29 01:18:44.018480,2024-07-01 04:27:38.773415,2024-07-06 03:21:06.558157,2024-07-22 23:54:27
order_00000609,cust_00002538,delivered,2024-09-29 18:24:09,2024-09-30 06:42:21.852482,2024-10-04 15:23:39.320367,2024-10-16 16:26:58.572771,2024-10-17 18:24:09
order_00000610,cust_00000921,delivered,2024-12-03 11:58:26,2024-12-03 15:09:12.675514,2024-12-04 20:24:23.819808,2024-12-11 15:48:03.007141,2024-12-23 11:58:26
order_00000611,cust_00000236,delivered,2024-11-28 11:14:49,2024-11-28 16:20:28.792278,2024-11-29 10:22:06.596039,2024-12-03 14:51:49.872243,2024-12-10 11:14:49
order_00000612,cust_00000473,delivered,2024-07-05 14:06:38,2024-07-05 15:13:17.138605,2024-07-06 04:06:25.671746,2024-07-11 00:27:34.644433,2024-07-24 14:06:38
order_00000613,cust_00002072,delivered,2024-09-04 07:49:19,2024-09-04 09:53:11.780844,2024-09-05 20:25:15.872532,2024-09-29 00:31:35.673097,2024-09-22 07:49:19
order_00000614,cust_00000497,delivered,2024-12-03 13:41:35,2024-12-03 18:47:20.881060,2024-12-05 16:32:13.916533,2024-12-12 08:31:36.006470,2024-12-21 13:41:35
order_00000615,cust_00001542,shipped,2025-05-12 06:38:57,2025-05-12 08:42:00.079568,2025-05-12 23:02:28.854111,,2025-06-01 06:38:57
order_00000616,cust_00000430,delivered,2025-05-04 06:35:58,2025-05-04 11:40:01.151558,2025-05-05 02:24:12.108360,2025-05-10 18:39:22.400564,2025-05-23 06:35:58
order_00000617,cust_00000021,delivered,2025-05-22 12:00:54,2025-05-22 13:46:34.966552,2025-05-27 19:05:43.539976,2025-06-12 04:35:26.062596,2025-06-08 12:00:54
order_00000618,cust_00001898,delivered,2025-10-09 04:53:03,2025-10-09 14:29:37.644874,2025-10-11 07:20:12.938078,2025-10-19 07:24:48.003181,2025-10-18 04:53:03
order_00000619,cust_00001972,delivered,2025-04-15 19:01:45,2025-04-16 01:02:00.025582,2025-04-18 05:59:55.473075,2025-04-20 06:13:43.104896,2025-05-06 19:01:45
order_00000620,cust_00000287,delivered,2025-06-16 15:41:50,2025-06-16 19:14:49.531902,2025-06-18 01:10:31.661599,2025-06-20 09:23:43.099242,2025-07-11 15:41:50
order_00000621,cust_00000504,delivered,2025-09-01 16:57:49,2025-09-02 02:24:49.424830,2025-09-06 02:27:40.182868,2025-09-08 04:59:54.566916,2025-09-13 16:57:49
order_00000622,cust_00000545,delivered,2025-08-14 03:45:25,2025-08-14 15:53:46.477775,2025-08-15 20:15:14.841027,2025-08-18 22:41:14.458442,2025-09-03 03:45:25
order_00000623,cust_00002618,delivered,2025-09-21 01:25:36,2025-09-21 02:27:48.523443,2025-09-22 00:10:12.489845,2025-10-05 02:34:19.136266,2025-10-05 01:25:36
order_00000624,cust_00002991,delivered,2025-07-12 03:27:59,2025-07-12 12:01:44.674867,2025-07-14 14:51:27.984339,2025-07-19 21:29:21.591711,2025-08-03 03:27:59
order_00000625,cust_00001684,delivered,2024-01-13 19:11:51,2024-01-13 22:19:24.330689,2024-01-16 08:12:11.789771,2024-01-19 01:47:31.434529,2024-01-28 19:11:51
order_00000626,cust_00002114,shipped,2025-08-26 01:33:36,2025-08-26 07:07:53.053394,2025-08-27 20:11:03.320912,,2025-09-11 01:33:36
order_00000627,cust_00000424,delivered,2025-11-20 01:49:10,2025-11-20 08:38:45.513726,2025-11-20 23:00:33.376617,2025-11-22 11:08:21.612795,2025-12-16 01:49:10
order_00000628,cust_00002447,delivered,2025-06-29 22:01:47,2025-06-29 23:40:35.946844,2025-06-30 17:51:15.465991,2025-07-12 13:56:34.528108,2025-07-16 22:01:47
order_00000629,cust_00002557,delivered,2024-12-13 10:40:16,2024-12-13 15:01:03.381764,2024-12-15 23:21:18.970934,2024-12-22 09:43:28.408565,2025-01-02 10:40:16
order_00000630,cust_00002324,delivered,2024-05-14 09:43:56,2024-05-14 13:20:20.977566,2024-05-15 05:19:38.838695,2024-05-18 14:45:15.510319,2024-06-01 09:43:56
order_00000631,cust_00000887,delivered,2025-11-04 21:05:40,2025-11-05 03:46:56.909626,2025-11-06 23:33:41.983971,2025-11-13 17:14:13.269087,2025-11-20 21:05:40
order_00000632,cust_00001820,shipped,2025-04-18 21:26:25,2025-04-18 23:48:38.716270,2025-04-20 17:00:34.836848,,2025-05-07 21:26:25
order_00000633,cust_00002163,delivered,2025-05-10 11:30:30,2025-05-10 18:46:56.459510,2025-05-13 20:34:24.803167,2025-05-28 06:31:27.336596,2025-05-25 11:30:30
order_00000634,cust_00001808,delivered,2024-03-07 16:38:44,2024-03-07 20:08:41.390821,2024-03-08 09:58:14.370672,2024-03-11 11:18:21.992937,2024-03-27 16:38:44
order_00000635,cust_00002705,delivered,2025-11-29 22:26:13,2025-11-30 08:28:05.673751,2025-12-05 09:58:49.294681,2025-12-07 04:00:46.103964,2025-12-23 22:26:13
order_00000636,cust_00002532,delivered,2024-07-26 17:57:57,2024-07-26 21:30:23.669536,2024-07-27 10:23:26.264300,2024-07-29 21:31:36.434349,2024-08-12 17:57:57
order_00000637,cust_00002415,delivered,2024-03-12 05:53:06,2024-03-12 09:28:21.309473,2024-03-13 21:46:36.857123,2024-03-16 23:31:18.075034,2024-03-28 05:53:06
order_00000638,cust_00001001,delivered,2025-01-02 04:36:45,2025-01-02 14:55:08.662804,2025-01-06 02:48:15.068738,2025-01-12 08:16:28.354051,2025-01-22 04:36:45
order_00000639,cust_00001500,delivered,2025-01-18 10:04:13,2025-01-18 10:43:01.334698,2025-01-19 17:08:22.391642,2025-01-24 04:53:16.364145,2025-02-03 10:04:13
order_00000640,cust_00000064,delivered,2024-05-27 01:24:11,2024-05-27 06:47:35.885589,2024-05-29 11:18:44.120426,2024-06-03 08:59:15.910450,2024-06-18 01:24:11
order_00000641,cust_00000782,delivered,2025-02-13 03:59:25,2025-02-13 06:38:38.058523,2025-02-13 20:30:20.474515,2025-02-15 16:20:24.102311,2025-03-10 03:59:25
order_00000642,cust_00001400,delivered,2024-01-24 04:25:52,2024-01-24 19:59:50.389797,2024-01-27 03:52:32.123037,2024-01-31 08:18:18.999424,2024-02-16 04:25:52
order_00000643,cust_00001386,delivered,2024-07-15 10:23:27,2024-07-15 17:56:48.502379,2024-07-18 13:31:43.784058,2024-07-27 06:03:08.179577,2024-08-07 10:23:27
order_00000644,cust_00001188,delivered,2025-09-15 07:51:15,2025-09-15 12:21:00.450134,2025-09-17 08:35:07.774170,2025-09-18 16:15:42.036466,2025-10-04 07:51:15
order_00000645,cust_00001040,delivered,2025-08-08 12:10:51,2025-08-08 16:51:57.320392,2025-08-10 20:12:06.824415,2025-08-16 01:19:38.844726,2025-09-01 12:10:51
order_00000646,cust_00000180,delivered,2024-05-17 01:23:13,2024-05-17 13:58:21.208249,2024-05-18 09:14:29.004730,2024-05-24 05:42:29.302359,2024-06-04 01:23:13
order_00000647,cust_00001517,delivered,2024-01-24 01:18:07,2024-01-24 01:51:54.344586,2024-01-29 16:33:20.310235,2024-01-31 08:35:06.063403,2024-02-14 01:18:07
order_00000648,cust_00002969,delivered,2025-05-15 22:22:11,2025-05-16 01:42:07.330561,2025-05-17 11:10:53.247568,2025-05-22 22:33:14.039397,2025-06-03 22:22:11
order_00000649,cust_00002564,delivered,2025-11-13 00:32:52,2025-11-13 01:38:29.981660,2025-11-13 14:20:15.360380,2025-11-26 02:48:16.355900,2025-12-03 00:32:52
order_00000650,cust_00002968,delivered,2024-02-05 19:21:50,2024-02-05 21:21:47.776682,2024-02-09 06:04:57.233764,2024-02-10 06:06:42.273989,2024-03-02 19:21:50
order_00000651,cust_00001516,delivered,2025-10-18 22:50:42,2025-10-19 14:25:52.183099,2025-10-20 02:49:59.165955,2025-10-29 10:45:02.215335,2025-11-04 22:50:42
order_00000652,cust_00002380,delivered,2024-06-23 11:29:31,2024-06-23 14:30:47.867321,2024-06-24 13:37:30.665786,2024-06-26 06:23:47.737083,2024-07-16 11:29:31
order_00000653,cust_00002724,delivered,2024-07-16 10:43:07,2024-07-16 11:22:15.554129,2024-07-17 05:33:30.541223,2024-07-21 17:46:24.612653,2024-08-03 10:43:07
order_00000654,cust_00001756,delivered,2025-06-27 06:04:05,2025-06-27 09:23:20.771424,2025-06-27 22:03:22.023287,2025-06-28 22:30:15.275100,2025-07-20 06:04:05
order_00000655,cust_00000080,delivered,2025-10-29 10:44:33,2025-10-29 19:30:29.480073,2025-11-01 06:42:42.469928,2025-11-14 17:29:04.658289,2025-11-25 10:44:33
order_00000656,cust_00002977,delivered,2024-12-01 00:22:08,2024-12-01 08:18:11.532170,2024-12-07 03:50:11.023567,2024-12-10 13:39:22.102408,2024-12-19 00:22:08
order_00000657,cust_00001834,delivered,2025-04-04 22:55:21,2025-04-05 01:09:26.027170,2025-04-05 19:51:40.077931,2025-04-08 20:10:00.394972,2025-04-24 22:55:21
order_00000658,cust_00002306,shipped,2024-09-21 21:51:55,2024-09-22 01:50:33.805181,2024-09-23 16:48:07.934664,,2024-10-10 21:51:55
order_00000659,cust_00001526,delivered,2024-02-23 22:22:28,2024-02-24 08:50:31.749830,2024-02-28 05:03:24.733536,2024-03-12 03:37:54.248645,2024-03-17 22:22:28
order_00000660,cust_00001090,unavailable,2024-07-08 05:43:13,2024-07-08 09:41:22.278805,,,2024-07-23 05:43:13
order_00000661,cust_00001431,delivered,2025-04-03 15:42:00,2025-04-03 16:58:35.370074,2025-04-05 06:21:22.162856,2025-04-13 17:28:50.823690,2025-04-19 15:42:00
order_00000662,cust_00001734,delivered,2025-01-04 13:30:27,2025-01-05 03:43:20.109785,2025-01-07 00:41:53.211827,2025-01-09 16:24:30.339371,2025-01-27 13:30:27
order_00000663,cust_00002784,delivered,2024-02-10 10:41:19,2024-02-11 10:34:12.090188,2024-02-14 10:07:50.136317,2024-02-23 23:22:11.148416,2024-02-28 10:41:19
order_00000664,cust_00000993,delivered,2024-04-22 03:00:24,2024-04-22 05:16:50.060718,2024-04-23 13:16:04.951432,2024-04-28 12:02:28.894729,2024-05-15 03:00:24
order_00000665,cust_00000710,delivered,2024-05-03 07:15:27,2024-05-03 09:10:14.683468,2024-05-05 06:51:59.902167,2024-05-06 23:40:26.091330,2024-05-23 07:15:27
order_00000666,cust_00001700,delivered,2024-04-02 23:38:33,2024-04-03 10:33:41.512748,2024-04-05 03:19:55.397898,2024-04-06 03:51:33.000674,2024-04-16 23:38:33
order_00000667,cust_00000314,delivered,2025-05-02 07:33:43,2025-05-02 09:19:31.364181,2025-05-03 01:54:58.204621,2025-05-06 09:28:38.419350,2025-05-14 07:33:43
order_00000668,cust_00000943,delivered,2025-05-01 04:10:59,2025-05-01 05:47:57.865940,2025-05-02 15:00:06.039963,2025-05-06 22:14:47.470972,2025-05-21 04:10:59
order_00000669,cust_00002059,delivered,2025-09-30 00:31:26,2025-09-30 02:30:20.903309,2025-09-30 17:40:04.880710,2025-10-09 17:22:40.327225,2025-10-21 00:31:26
order_00000670,cust_00002258,delivered,2025-03-23 11:16:34,2025-03-23 23:14:39.527291,2025-03-25 00:50:12.825945,2025-03-27 09:43:11.947908,2025-04-19 11:16:34
order_00000671,cust_00000371,canceled,2025-07-29 15:09:12,,,,2025-08-17 15:09:12
order_00000672,cust_00002330,delivered,2024-05-26 05:42:06,2024-05-26 17:40:35.180142,2024-05-29 19:24:25.951638,2024-05-31 08:53:32.462014,2024-06-18 05:42:06
order_00000673,cust_00001424,delivered,2024-03-25 09:37:00,2024-03-25 16:15:17.922807,2024-03-28 13:23:33.772162,2024-04-01 03:54:21.997013,2024-04-08 09:37:00
order_00000674,cust_00001649,delivered,2024-12-06 00:24:20,2024-12-06 02:07:53.660238,2024-12-06 20:02:10.805136,2024-12-12 11:42:25.372333,2024-12-25 00:24:20
order_00000675,cust_00001890,delivered,2025-06-06 23:17:22,2025-06-07 04:00:31.766688,2025-06-11 04:33:18.857850,2025-06-12 06:27:56.043448,2025-06-28 23:17:22
order_00000676,cust_00001585,delivered,2024-03-24 01:35:01,2024-03-24 07:22:30.478327,2024-03-26 12:54:33.950333,2024-03-28 05:48:12.806246,2024-04-12 01:35:01
order_00000677,cust_00001705,processing,2025-07-15 03:36:28,2025-07-15 04:44:12.642254,,,2025-08-02 03:36:28
order_00000678,cust_00001359,delivered,2024-06-22 08:34:52,2024-06-22 13:15:40.725985,2024-06-24 04:09:06.222810,2024-06-27 08:16:28.741006,2024-07-07 08:34:52
order_00000679,cust_00000512,delivered,2024-04-14 17:49:31,2024-04-14 23:01:31.533522,2024-04-15 22:46:25.944081,2024-04-22 03:23:52.556719,2024-05-05 17:49:31
order_00000680,cust_00000933,delivered,2024-07-26 02:20:27,2024-07-26 10:40:25.486260,2024-07-27 12:22:40.599522,2024-07-30 21:39:53.511287,2024-08-14 02:20:27
order_00000681,cust_00000481,delivered,2025-04-25 22:27:56,2025-04-26 00:41:04.678715,2025-04-26 23:32:02.042929,2025-04-28 11:23:25.738610,2025-05-12 22:27:56
order_00000682,cust_00001500,delivered,2025-03-14 22:01:45,2025-03-15 02:52:04.690953,2025-03-16 12:00:39.925344,2025-03-21 07:00:45.813443,2025-03-31 22:01:45
order_00000683,cust_00000269,unavailable,2025-10-01 01:01:55,2025-10-01 03:09:34.459165,,,2025-10-23 01:01:55
order_00000684,cust_00000913,delivered,2024-04-08 14:51:26,2024-04-08 16:20:02.017153,2024-04-11 17:13:05.087574,2024-04-19 10:06:03.930434,2024-04-26 14:51:26
order_00000685,cust_00000574,delivered,2025-05-01 17:52:02,2025-05-02 05:07:50.879818,2025-05-05 02:04:24.053581,2025-05-14 02:36:52.544823,2025-05-29 17:52:02
order_00000686,cust_00000902,unavailable,2024-09-24 06:53:41,2024-09-24 07:26:47.977057,,,2024-10-13 06:53:41
order_00000687,cust_00002376,delivered,2024-03-14 10:09:42,2024-03-14 18:34:27.506214,2024-03-20 20:12:45.672534,2024-03-24 16:14:51.011632,2024-04-05 10:09:42
order_00000688,cust_00000220,delivered,2025-06-04 20:51:00,2025-06-05 01:29:08.194195,2025-06-05 21:49:26.039746,2025-06-10 06:07:20.524776,2025-06-27 20:51:00
order_00000689,cust_00001960,delivered,2024-08-15 07:30:45,2024-08-15 08:39:22.783970,2024-08-16 14:39:09.768760,2024-08-25 03:54:51.005385,2024-09-04 07:30:45
order_00000690,cust_00002903,delivered,2025-10-02 13:57:16,2025-10-02 15:24:42.316099,2025-10-06 01:34:49.660223,2025-10-10 03:59:40.342736,2025-10-20 13:57:16
order_00000691,cust_00001020,delivered,2025-02-07 01:43:36,2025-02-07 03:58:15.958799,2025-02-07 19:40:20.946398,2025-02-15 06:54:45.833825,2025-02-25 01:43:36
order_00000692,cust_00000457,delivered,2024-10-12 16:26:27,2024-10-13 00:38:06.731249,2024-10-13 17:51:25.755286,2024-10-21 11:46:12.172219,2024-10-31 16:26:27
order_00000693,cust_00002280,delivered,2025-08-15 20:51:58,2025-08-15 23:10:37.064710,2025-08-16 14:27:13.643468,2025-08-19 18:02:28.651243,2025-08-28 20:51:58
order_00000694,cust_00001451,delivered,2025-01-09 14:24:25,2025-01-09 18:29:54.480536,2025-01-10 06:43:16.019451,2025-01-16 15:30:43.009880,2025-01-21 14:24:25
order_00000695,cust_00002589,delivered,2025-03-07 11:32:18,2025-03-07 16:18:27.594929,2025-03-10 12:32:28.946980,2025-03-14 20:49:12.422959,2025-03-28 11:32:18
order_00000696,cust_00000441,delivered,2025-10-08 11:07:04,2025-10-08 14:49:52.401112,2025-10-10 12:39:00.972479,2025-10-16 16:53:49.968164,2025-10-29 11:07:04
order_00000697,cust_00002324,delivered,2025-12-24 02:05:05,2025-12-24 03:58:14.199358,2025-12-25 07:07:51.230062,2025-12-26 08:48:45.180662,2026-01-09 02:05:05
order_00000698,cust_00001253,processing,2025-02-18 00:45:46,2025-02-18 07:58:53.293777,,,2025-03-04 00:45:46
order_00000699,cust_00002802,delivered,2024-08-05 05:25:52,2024-08-05 08:13:33.523718,2024-08-11 05:44:20.545805,2024-08-14 21:09:43.335837,2024-08-23 05:25:52
order_00000700,cust_00000418,delivered,2025-06-02 08:16:43,2025-06-02 23:59:55.394688,2025-06-04 03:16:20.414704,2025-06-19 21:14:14.695692,2025-06-23 08:16:43
order_00000701,cust_00001242,delivered,2024-06-01 23:19:44,2024-06-02 01:13:07.117757,2024-06-04 16:49:31.123387,2024-06-09 14:29:50.557489,2024-06-26 23:19:44
order_00000702,cust_00001201,delivered,2024-01-24 15:51:23,2024-01-24 18:06:16.327144,2024-01-26 11:16:30.026835,2024-01-30 23:35:38.268332,2024-02-15 15:51:23
order_00000703,cust_00001972,delivered,2024-05-23 11:46:39,2024-05-23 16:11:07.581611,2024-05-24 08:30:55.291256,2024-06-01 16:47:58.545997,2024-06-10 11:46:39
order_00000704,cust_00000030,delivered,2024-12-06 02:09:52,2024-12-06 04:16:30.890527,2024-12-07 11:12:24.095108,2024-12-28 00:49:06.647468,2024-12-30 02:09:52
order_00000705,cust_00000542,delivered,2025-10-08 14:03:44,2025-10-08 18:48:22.405877,2025-10-10 07:48:55.870922,2025-10-11 15:17:43.412311,2025-10-30 14:03:44
order_00000706,cust_00001202,delivered,2025-04-24 23:27:04,2025-04-25 00:52:40.809222,2025-04-26 20:13:50.138549,2025-05-09 00:48:20.239509,2025-05-16 23:27:04
order_00000707,cust_00001489,delivered,2024-02-08 16:29:01,2024-02-08 19:40:11.790815,2024-02-09 23:02:02.724149,2024-02-22 01:03:03.515435,2024-03-03 16:29:01
order_00000708,cust_00001736,shipped,2024-10-03 15:44:00,2024-10-04 01:06:50.463598,2024-10-04 21:21:19.825576,,2024-11-01 15:44:00
order_00000709,cust_00002873,delivered,2024-08-14 16:55:32,2024-08-15 05:08:25.116330,2024-08-16 01:43:13.255797,2024-08-17 11:56:46.174723,2024-09-04 16:55:32
order_00000710,cust_00001807,unavailable,2025-09-11 08:23:53,2025-09-11 13:52:59.219389,,,2025-10-02 08:23:53
order_00000711,cust_00002844,delivered,2024-12-21 08:14:42,2024-12-21 22:36:46.913868,2024-12-23 01:29:47.867079,2024-12-27 05:02:47.109414,2025-01-04 08:14:42
order_00000712,cust_00001056,delivered,2024-10-17 16:50:02,2024-10-17 20:48:41.629723,2024-10-20 01:53:36.633749,2024-10-26 06:45:55.758628,2024-11-07 16:50:02
order_00000713,cust_00000700,delivered,2025-10-03 04:24:59,2025-10-03 07:58:15.017377,2025-10-03 22:44:29.689948,2025-10-08 09:39:20.199379,2025-10-30 04:24:59
order_00000714,cust_00002680,delivered,2025-04-30 02:52:09,2025-04-30 11:54:51.908050,2025-05-03 19:53:22.687866,2025-05-13 22:02:23.781985,2025-05-18 02:52:09
order_00000715,cust_00002821,delivered,2025-01-14 19:46:22,2025-01-15 06:13:07.020506,2025-01-16 21:03:11.201352,2025-01-24 12:14:59.968052,2025-02-06 19:46:22
order_00000716,cust_00001374,delivered,2025-05-05 14:14:15,2025-05-05 16:15:29.384756,2025-05-07 05:44:58.822083,2025-05-15 15:32:47.250415,2025-05-30 14:14:15
order_00000717,cust_00002278,delivered,2025-11-11 22:44:44,2025-11-12 06:10:11.789111,2025-11-14 10:13:34.786515,2025-11-21 18:42:29.967308,2025-11-29 22:44:44
order_00000718,cust_00002789,delivered,2024-08-14 18:12:26,2024-08-15 06:02:10.719500,2024-08-15 21:35:57.511447,2024-08-18 11:46:02.740758,2024-09-02 18:12:26
order_00000719,cust_00000670,delivered,2025-09-23 03:33:02,2025-09-23 05:55:01.094252,2025-09-24 23:03:36.153101,2025-09-27 23:21:08.369574,2025-10-15 03:33:02
order_00000720,cust_00000876,delivered,2025-08-14 05:39:59,2025-08-14 06:58:05.704787,2025-08-17 21:17:47.787445,2025-08-19 01:12:21.351147,2025-09-06 05:39:59
order_00000721,cust_00002169,delivered,2025-09-03 23:32:46,2025-09-04 02:33:08.001140,2025-09-05 04:50:50.501374,2025-09-08 12:54:12.385498,2025-09-26 23:32:46
order_00000722,cust_00000641,delivered,2024-06-11 17:00:53,2024-06-11 20:39:07.935766,2024-06-12 19:54:15.178370,2024-06-20 08:51:31.014697,2024-06-30 17:00:53
order_00000723,cust_00000523,delivered,2024-09-10 17:31:57,2024-09-10 19:22:51.960664,2024-09-12 19:30:02.413597,2024-09-15 19:58:13.833109,2024-09-29 17:31:57
order_00000724,cust_00000845,canceled,2024-03-31 18:51:55,,,,2024-04-25 18:51:55
order_00000725,cust_00000823,canceled,2024-03-17 06:49:00,,,,2024-04-04 06:49:00
order_00000726,cust_00002695,delivered,2025-04-14 15:44:55,2025-04-14 16:17:44.679767,2025-04-15 05:55:09.166368,2025-04-16 18:21:59.313831,2025-05-07 15:44:55
order_00000727,cust_00002262,delivered,2025-09-06 09:27:46,2025-09-06 17:14:36.268019,2025-09-08 13:37:35.406914,2025-09-12 16:17:41.803399,2025-09-29 09:27:46
order_00000728,cust_00000689,delivered,2024-03-21 15:49:55,2024-03-21 16:46:39.032332,2024-03-23 20:11:38.226778,2024-03-29 20:59:53.221153,2024-04-07 15:49:55
order_00000729,cust_00001129,delivered,2024-07-02 04:25:23,2024-07-02 09:55:09.858743,2024-07-03 00:33:51.207134,2024-07-10 22:13:45.772621,2024-07-26 04:25:23
order_00000730,cust_00000619,delivered,2024-03-28 18:52:56,2024-03-29 05:27:44.911115,2024-04-06 01:30:12.972184,2024-04-08 23:23:42.375978,2024-04-20 18:52:56
order_00000731,cust_00002837,unavailable,2024-06-23 21:25:38,2024-06-24 03:14:47.806165,,,2024-07-15 21:25:38
order_00000732,cust_00002193,delivered,2024-09-08 07:57:14,2024-09-08 13:04:21.710706,2024-09-09 21:56:56.701510,2024-09-13 14:45:22.559613,2024-09-27 07:57:14
order_00000733,cust_00002247,delivered,2024-10-16 14:07:40,2024-10-16 16:12:12.806226,2024-10-20 07:24:29.981177,2024-10-22 04:25:56.594388,2024-11-03 14:07:40
order_00000734,cust_00000576,delivered,2025-02-13 06:18:43,2025-02-13 07:03:53.664240,2025-02-15 23:26:47.082800,2025-02-18 22:11:53.761360,2025-03-03 06:18:43
order_00000735,cust_00001766,delivered,2024-07-02 12:39:12,2024-07-02 20:47:57.072164,2024-07-04 19:09:29.293319,2024-07-08 01:57:15.993390,2024-07-19 12:39:12
order_00000736,cust_00002168,delivered,2024-05-07 07:51:17,2024-05-07 09:05:11.228909,2024-05-10 00:35:35.867976,2024-05-11 08:33:26.208975,2024-05-29 07:51:17
order_00000737,cust_00001554,delivered,2024-01-22 21:24:49,2024-01-22 21:56:15.043950,2024-01-24 03:55:07.258502,2024-01-27 22:04:57.520344,2024-02-12 21:24:49
order_00000738,cust_00002793,delivered,2025-11-08 14:14:21,2025-11-09 00:14:53.435571,2025-11-11 00:20:51.474556,2025-11-12 05:41:00.645506,2025-11-30 14:14:21
order_00000739,cust_00001529,delivered,2025-03-11 10:20:58,2025-03-11 20:32:51.592589,2025-03-12 22:32:24.330416,2025-03-26 20:45:35.956477,2025-04-07 10:20:58
order_00000740,cust_00002177,delivered,2024-03-08 04:15:01,2024-03-08 17:56:09.592140,2024-03-09 06:05:41.103024,2024-03-11 00:40:03.676133,2024-03-29 04:15:01
order_00000741,cust_00000458,delivered,2024-09-13 02:26:09,2024-09-13 05:18:13.374111,2024-09-14 08:07:52.469355,2024-09-15 17:44:36.282516,2024-10-05 02:26:09
order_00000742,cust_00001456,delivered,2024-02-17 14:21:20,2024-02-17 15:04:40.204513,2024-02-18 05:41:52.919545,2024-02-28 23:15:54.144024,2024-03-14 14:21:20
order_00000743,cust_00002196,unavailable,2025-11-07 15:11:52,2025-11-07 22:56:28.900656,,,2025-11-26 15:11:52
order_00000744,cust_00001446,delivered,2024-11-16 01:37:57,2024-11-16 04:20:43.513148,2024-11-17 02:17:54.645967,2024-11-21 08:06:22.119296,2024-12-06 01:37:57
order_00000745,cust_00000602,delivered,2024-10-29 07:34:14,2024-10-29 09:07:51.816777,2024-10-29 21:16:23.827152,2024-10-31 07:28:37.173008,2024-11-19 07:34:14
order_00000746,cust_00001713,canceled,2024-01-24 22:41:33,,,,2024-02-08 22:41:33
order_00000747,cust_00001952,delivered,2024-02-07 12:05:08,2024-02-07 14:38:51.689371,2024-02-08 23:36:54.271959,2024-02-14 05:38:01.140567,2024-02-25 12:05:08
order_00000748,cust_00001496,delivered,2025-04-22 03:38:15,2025-04-22 06:11:53.183005,2025-04-22 22:14:27.952487,2025-05-01 22:16:17.169978,2025-05-08 03:38:15
order_00000749,cust_00002960,delivered,2024-02-01 11:31:45,2024-02-01 14:32:26.401876,2024-02-03 17:37:06.112821,2024-02-06 13:32:53.515996,2024-02-24 11:31:45
order_00000750,cust_00001106,shipped,2024-07-22 01:28:34,2024-07-22 05:35:27.536842,2024-07-22 19:52:19.260328,,2024-08-12 01:28:34
order_00000751,cust_00000993,delivered,2024-11-04 20:54:26,2024-11-04 23:44:51.666781,2024-11-07 07:40:33.350918,2024-11-19 02:15:46.748940,2024-11-26 20:54:26
order_00000752,cust_00002210,delivered,2024-03-31 03:37:52,2024-03-31 12:55:28.615468,2024-04-01 05:56:51.592149,2024-04-02 12:34:14.611121,2024-04-16 03:37:52
order_00000753,cust_00002844,delivered,2024-07-31 05:08:39,2024-07-31 06:25:45.451932,2024-08-01 10:53:00.911371,2024-08-06 21:17:16.283988,2024-08-19 05:08:39
order_00000754,cust_00000531,delivered,2025-07-05 01:03:54,2025-07-05 06:25:37.098954,2025-07-06 18:37:54.198941,2025-07-22 06:57:14.675457,2025-07-26 01:03:54
order_00000755,cust_00001424,shipped,2025-12-29 02:53:07,2025-12-29 03:25:30.718987,2025-12-29 16:31:45.112065,,2026-01-22 02:53:07
order_00000756,cust_00001691,delivered,2024-05-06 13:20:01,2024-05-06 15:59:39.134905,2024-05-07 09:59:05.211630,2024-05-19 15:30:56.871044,2024-05-26 13:20:01
order_00000757,cust_00002685,shipped,2025-06-07 08:12:34,2025-06-07 09:07:39.424774,2025-06-08 05:27:13.172406,,2025-06-25 08:12:34
order_00000758,cust_00000401,delivered,2024-09-19 17:07:30,2024-09-19 18:39:36.383509,2024-09-21 09:45:21.404877,2024-09-23 14:14:25.554032,2024-10-10 17:07:30
order_00000759,cust_00002754,delivered,2025-12-14 18:51:39,2025-12-14 20:03:25.680497,2025-12-16 23:53:48.052354,2025-12-20 01:03:31.311535,2026-01-02 18:51:39
order_00000760,cust_00002303,delivered,2025-11-26 07:58:34,2025-11-26 13:41:06.258516,2025-11-28 11:47:55.608943,2025-12-28 16:16:57.105792,2025-12-13 07:58:34
order_00000761,cust_00002028,delivered,2025-04-18 20:40:27,2025-04-19 00:53:37.032809,2025-04-20 18:07:41.972851,2025-04-26 12:16:06.529022,2025-04-30 20:40:27
order_00000762,cust_00000577,invoiced,2025-02-05 04:42:35,2025-02-05 13:08:18.793846,,,2025-02-22 04:42:35
order_00000763,cust_00000907,delivered,2025-10-21 21:42:26,2025-10-22 00:49:17.445719,2025-10-22 22:25:25.855179,2025-10-24 16:54:47.524486,2025-11-10 21:42:26
order_00000764,cust_00000421,shipped,2025-11-28 08:59:47,2025-11-28 14:06:16.597539,2025-11-30 16:51:55.752520,,2025-12-17 08:59:47
order_00000765,cust_00001683,delivered,2025-08-22 13:14:45,2025-08-22 17:22:40.728852,2025-08-24 12:20:41.361584,2025-09-05 00:39:32.556345,2025-09-12 13:14:45
order_00000766,cust_00002365,delivered,2024-12-23 18:03:35,2024-12-23 23:50:45.616418,2024-12-25 05:51:19.564275,2024-12-27 13:56:19.757254,2025-01-12 18:03:35
order_00000767,cust_00001451,delivered,2024-03-30 14:25:52,2024-03-30 20:04:36.512208,2024-04-06 05:31:30.453716,2024-04-18 00:46:00.082229,2024-04-29 14:25:52
order_00000768,cust_00002348,delivered,2024-01-04 05:40:30,2024-01-04 19:20:58.830455,2024-01-05 17:38:56.806562,2024-01-14 05:54:39.081649,2024-01-30 05:40:30
order_00000769,cust_00002548,delivered,2024-02-19 03:47:52,2024-02-19 05:32:56.175639,2024-02-20 07:09:26.628195,2024-02-25 07:22:58.048402,2024-03-09 03:47:52
order_00000770,cust_00001211,delivered,2024-03-01 08:22:23,2024-03-01 21:35:06.462313,2024-03-02 17:53:08.193295,2024-03-05 19:59:20.617951,2024-03-19 08:22:23
order_00000771,cust_00000847,delivered,2025-09-03 08:55:47,2025-09-03 15:22:52.017649,2025-09-04 14:16:35.082253,2025-09-08 11:14:34.841344,2025-09-27 08:55:47
order_00000772,cust_00002375,delivered,2024-07-06 09:40:35,2024-07-06 11:41:00.537768,2024-07-09 08:51:54.286173,2024-07-11 01:24:43.198129,2024-08-06 09:40:35
order_00000773,cust_00001474,invoiced,2024-09-09 02:55:10,2024-09-09 09:26:50.871956,,,2024-09-29 02:55:10
order_00000774,cust_00001416,delivered,2025-07-27 20:29:20,2025-07-27 23:05:11.490551,2025-07-29 05:03:25.483293,2025-08-01 07:36:54.950087,2025-08-17 20:29:20
order_00000775,cust_00001016,delivered,2025-01-18 03:54:23,2025-01-18 07:58:24.257369,2025-01-25 01:12:04.743925,2025-01-26 10:44:08.899244,2025-02-15 03:54:23
order_00000776,cust_00002918,delivered,2025-04-19 11:16:36,2025-04-19 12:36:36.284141,2025-04-20 10:11:04.835378,2025-04-21 19:48:09.670713,2025-05-04 11:16:36
order_00000777,cust_00000764,delivered,2024-08-03 08:26:47,2024-08-03 13:21:45.020728,2024-08-04 02:08:10.541513,2024-08-11 03:32:18.168451,2024-08-27 08:26:47
order_00000778,cust_00002285,delivered,2024-11-18 17:12:21,2024-11-18 17:44:50.617713,2024-11-21 07:05:00.471245,2024-11-24 01:52:50.922863,2024-12-06 17:12:21
order_00000779,cust_00001845,delivered,2025-08-20 12:16:51,2025-08-20 17:19:48.413006,2025-08-21 22:26:21.592116,2025-08-23 09:44:42.769419,2025-09-05 12:16:51
order_00000780,cust_00001922,delivered,2025-06-09 05:08:32,2025-06-09 08:47:47.011705,2025-06-10 23:40:28.155607,2025-06-18 04:18:42.399826,2025-06-29 05:08:32
order_00000781,cust_00002403,delivered,2025-02-05 17:01:20,2025-02-05 22:05:37.384636,2025-02-09 01:15:13.449388,2025-02-10 07:52:31.765783,2025-02-24 17:01:20
order_00000782,cust_00002844,shipped,2024-12-14 00:54:11,2024-12-14 06:02:22.406170,2024-12-15 01:48:54.790429,,2025-01-09 00:54:11
order_00000783,cust_00001862,delivered,2025-02-17 21:29:32,2025-02-17 23:47:41.587176,2025-02-20 12:39:31.310348,2025-03-01 01:06:47.852137,2025-03-06 21:29:32
order_00000784,cust_00000812,shipped,2024-10-30 23:06:52,2024-10-31 03:07:03.601661,2024-11-03 15:34:17.094627,,2024-11-21 23:06:52
order_00000785,cust_00000679,delivered,2024-12-10 15:22:52,2024-12-10 18:01:56.870402,2024-12-11 09:18:08.502511,2024-12-13 00:52:44.041690,2024-12-30 15:22:52
order_00000786,cust_00002552,delivered,2024-05-20 10:03:48,2024-05-20 10:36:32.523871,2024-05-21 09:42:32.177563,2024-06-04 02:10:14.957719,2024-06-01 10:03:48
order_00000787,cust_00002152,delivered,2024-01-26 00:42:07,2024-01-26 03:09:27.155528,2024-01-27 23:26:27.544309,2024-01-30 19:23:55.252012,2024-02-17 00:42:07
order_00000788,cust_00001522,delivered,2024-02-01 17:37:38,2024-02-02 00:29:49.009131,2024-02-02 22:13:48.287855,2024-02-07 17:20:57.396245,2024-02-28 17:37:38
order_00000789,cust_00001059,delivered,2025-01-29 10:12:37,2025-01-29 13:38:18.756167,2025-01-30 06:23:59.494210,2025-02-01 06:56:33.856704,2025-02-16 10:12:37
order_00000790,cust_00002263,delivered,2024-06-08 22:02:37,2024-06-09 02:53:51.108672,2024-06-13 00:20:19.129284,2024-06-16 05:23:14.704270,2024-06-24 22:02:37
order_00000791,cust_00000939,delivered,2025-03-23 15:18:31,2025-03-23 20:37:46.707256,2025-03-24 09:07:24.420722,2025-03-26 10:22:31.901372,2025-04-07 15:18:31
order_00000792,cust_00000658,delivered,2024-01-20 06:36:53,2024-01-20 15:21:30.101999,2024-01-22 10:11:08.787177,2024-01-25 03:10:52.280503,2024-02-10 06:36:53
order_00000793,cust_00001250,delivered,2024-01-29 05:23:17,2024-01-30 23:13:11.503145,2024-02-02 06:54:52.081123,2024-02-04 04:09:54.330461,2024-02-24 05:23:17
order_00000794,cust_00001603,delivered,2024-07-21 11:06:50,2024-07-21 12:25:40.063460,2024-07-25 14:53:37.320981,2024-07-26 17:58:32.857389,2024-08-12 11:06:50
order_00000795,cust_00002517,delivered,2025-10-13 07:42:14,2025-10-13 14:16:22.505168,2025-10-15 16:21:41.813891,2025-10-24 07:50:57.070252,2025-11-04 07:42:14
order_00000796,cust_00002987,delivered,2024-09-29 08:27:00,2024-09-29 15:44:22.905350,2024-10-02 22:17:13.599531,2024-10-06 17:55:43.895309,2024-10-14 08:27:00
order_00000797,cust_00002603,delivered,2025-08-13 20:41:22,2025-08-14 05:21:43.928757,2025-08-15 14:05:01.244914,2025-08-25 17:42:42.796219,2025-09-04 20:41:22
order_00000798,cust_00001351,delivered,2024-12-13 11:14:12,2024-12-13 14:58:21.853522,2024-12-14 18:42:22.883032,2024-12-15 21:23:24.278888,2025-01-01 11:14:12
order_00000799,cust_00002174,delivered,2025-11-08 21:42:59,2025-11-09 08:23:35.006608,2025-11-10 19:59:50.628431,2025-11-16 00:10:06.125751,2025-11-20 21:42:59
order_00000800,cust_00000330,delivered,2024-12-19 03:59:54,2024-12-19 11:01:01.186393,2024-12-29 09:09:00.458387,2025-01-07 03:57:14.983041,2025-01-12 03:59:54
order_00000801,cust_00000051,delivered,2024-10-03 09:47:14,2024-10-03 12:02:24.658912,2024-10-05 13:19:18.486290,2024-10-20 22:34:29.476888,2024-10-29 09:47:14
order_00000802,cust_00002917,delivered,2024-05-10 19:33:53,2024-05-10 21:57:20.407684,2024-05-11 11:24:16.240659,2024-05-13 12:06:26.246204,2024-05-28 19:33:53
order_00000803,cust_00000623,delivered,2025-08-10 05:12:38,2025-08-10 21:53:35.481657,2025-08-12 06:56:33.542403,2025-08-24 10:59:37.702962,2025-08-16 05:12:38
order_00000804,cust_00000611,delivered,2025-05-20 17:56:40,2025-05-20 18:28:05.772593,2025-05-22 19:22:26.591637,2025-05-27 10:03:28.232497,2025-06-02 17:56:40
order_00000805,cust_00002682,delivered,2024-03-01 22:05:06,2024-03-02 00:32:57.740611,2024-03-02 15:54:52.535156,2024-03-18 02:52:00.959369,2024-03-20 22:05:06
order_00000806,cust_00001430,delivered,2024-10-19 11:06:09,2024-10-19 17:25:35.277218,2024-10-23 19:32:37.477786,2024-10-25 03:48:03.145439,2024-11-11 11:06:09
order_00000807,cust_00000226,delivered,2025-09-26 17:51:20,2025-09-27 00:15:34.240334,2025-09-28 13:56:16.512881,2025-09-30 00:08:28.394044,2025-10-24 17:51:20
order_00000808,cust_00001920,delivered,2025-07-16 03:25:16,2025-07-16 04:51:31.845495,2025-07-17 10:39:47.434585,2025-08-01 09:43:04.326291,2025-08-01 03:25:16
order_00000809,cust_00001806,delivered,2024-08-31 19:32:18,2024-08-31 21:43:47.088209,2024-09-02 23:27:16.697289,2024-09-04 17:06:25.721984,2024-09-21 19:32:18
order_00000810,cust_00000939,delivered,2024-09-21 14:16:47,2024-09-21 15:14:34.514524,2024-09-22 18:29:11.497974,2024-10-01 00:11:13.318088,2024-10-04 14:16:47
order_00000811,cust_00000766,canceled,2024-04-30 03:05:28,,,,2024-05-18 03:05:28
order_00000812,cust_00000975,delivered,2025-12-28 11:20:30,2025-12-28 15:29:48.486025,2025-12-29 16:27:44.847586,2026-01-11 21:33:53.318515,2026-01-16 11:20:30
order_00000813,cust_00000334,delivered,2024-04-06 23:14:03,2024-04-07 03:32:34.122080,2024-04-11 02:29:07.821566,2024-04-14 04:21:29.521080,2024-04-21 23:14:03
order_00000814,cust_00000932,delivered,2024-03-12 20:28:38,2024-03-13 06:56:18.772556,2024-03-13 19:22:36.755521,2024-03-21 21:42:00.959670,2024-03-26 20:28:38
order_00000815,cust_00000825,processing,2024-12-20 17:24:23,2024-12-20 18:18:18.786142,,,2025-01-02 17:24:23
order_00000816,cust_00002934,delivered,2024-10-03 14:31:45,2024-10-03 20:40:42.690475,2024-10-07 01:33:09.617808,2024-10-16 17:48:43.533642,2024-10-25 14:31:45
order_00000817,cust_00000938,canceled,2024-02-25 04:47:17,,,,2024-03-22 04:47:17
order_00000818,cust_00002924,delivered,2024-04-24 01:01:27,2024-04-24 02:13:20.093335,2024-04-24 19:24:59.168591,2024-04-28 10:05:13.482642,2024-05-15 01:01:27
order_00000819,cust_00001525,delivered,2025-07-20 18:55:42,2025-07-21 03:27:06.651282,2025-07-26 03:21:07.735291,2025-07-29 02:05:05.164002,2025-08-13 18:55:42
order_00000820,cust_00001041,delivered,2024-09-17 12:34:10,2024-09-17 15:34:47.460218,2024-09-18 17:10:02.357500,2024-09-25 04:42:16.791707,2024-10-06 12:34:10
order_00000821,cust_00001292,delivered,2025-09-06 11:12:37,2025-09-06 12:53:54.446329,2025-09-07 19:00:58.117533,2025-09-10 02:53:19.321075,2025-10-01 11:12:37
order_00000822,cust_00000480,delivered,2025-12-17 20:19:08,2025-12-17 21:17:28.560817,2025-12-19 03:43:42.115848,2025-12-27 20:09:27.698702,2026-01-05 20:19:08
order_00000823,cust_00000953,delivered,2025-11-11 22:44:15,2025-11-12 00:17:01.851619,2025-11-14 15:10:16.915237,2025-11-18 16:39:16.652480,2025-11-27 22:44:15
order_00000824,cust_00002389,delivered,2024-04-13 00:35:39,2024-04-13 07:10:16.212120,2024-04-15 00:02:33.653698,2024-04-16 02:31:51.207544,2024-05-01 00:35:39
order_00000825,cust_00000190,delivered,2024-10-16 05:48:21,2024-10-16 09:22:34.155957,2024-10-18 02:24:08.027083,2024-10-22 16:09:58.739534,2024-11-03 05:48:21
order_00000826,cust_00001159,delivered,2025-01-31 22:51:00,2025-02-01 09:52:29.690966,2025-02-04 21:53:46.323598,2025-02-09 12:57:01.430219,2025-02-26 22:51:00
order_00000827,cust_00000627,shipped,2024-11-26 03:50:40,2024-11-26 15:28:08.157053,2024-11-28 20:44:08.855073,,2024-12-18 03:50:40
order_00000828,cust_00002389,delivered,2025-04-08 16:21:08,2025-04-09 10:31:38.087282,2025-04-09 22:36:38.311217,2025-04-11 12:12:55.311689,2025-04-29 16:21:08
order_00000829,cust_00000935,shipped,2025-06-16 08:54:18,2025-06-16 12:32:51.011009,2025-06-17 03:33:54.566793,,2025-06-29 08:54:18
order_00000830,cust_00001781,delivered,2024-04-13 14:39:34,2024-04-13 18:03:09.241910,2024-04-14 20:06:59.972935,2024-04-16 04:13:13.881456,2024-05-06 14:39:34
order_00000831,cust_00000922,delivered,2024-09-27 21:28:26,2024-09-28 01:20:40.828780,2024-10-02 03:37:33.796918,2024-10-12 16:35:23.637007,2024-10-14 21:28:26
order_00000832,cust_00000281,delivered,2025-11-13 10:12:02,2025-11-13 23:32:56.573469,2025-11-15 04:35:10.565780,2025-11-24 09:06:40.950984,2025-11-23 10:12:02
order_00000833,cust_00002659,delivered,2024-07-01 16:02:17,2024-07-01 21:14:04.532093,2024-07-02 20:58:57.021059,2024-07-04 22:26:06.112005,2024-07-23 16:02:17
order_00000834,cust_00002476,delivered,2024-04-04 23:03:17,2024-04-05 02:09:07.448968,2024-04-06 07:33:50.829923,2024-04-17 22:32:24.270150,2024-04-20 23:03:17
order_00000835,cust_00000652,unavailable,2025-10-10 13:08:52,2025-10-10 14:56:36.952100,,,2025-10-29 13:08:52
order_00000836,cust_00001049,delivered,2024-02-17 04:21:14,2024-02-17 09:40:58.905946,2024-02-18 20:57:28.699330,2024-02-28 21:58:32.851710,2024-03-12 04:21:14
order_00000837,cust_00001660,delivered,2024-07-03 18:53:23,2024-07-04 01:53:39.091949,2024-07-05 02:01:36.931909,2024-07-13 15:26:28.901071,2024-07-27 18:53:23
order_00000838,cust_00002860,delivered,2024-04-21 14:33:47,2024-04-21 21:34:49.030563,2024-04-22 22:47:24.133104,2024-04-24 12:30:38.925671,2024-05-16 14:33:47
order_00000839,cust_00000632,delivered,2025-08-17 17:21:54,2025-08-17 21:14:34.359633,2025-08-21 06:43:34.853116,2025-08-22 16:17:06.205437,2025-09-09 17:21:54
order_00000840,cust_00001805,delivered,2025-05-16 05:39:55,2025-05-16 06:11:14.218450,2025-05-18 05:25:30.864394,2025-05-22 14:51:16.449250,2025-05-29 05:39:55
order_00000841,cust_00000653,delivered,2024-07-13 14:59:20,2024-07-13 18:37:24.135509,2024-07-18 08:52:49.977121,2024-07-19 20:17:07.192304,2024-08-03 14:59:20
order_00000842,cust_00001631,delivered,2024-09-26 13:31:55,2024-09-26 19:21:21.177392,2024-10-06 15:35:00.784663,2024-10-09 01:05:43.637839,2024-10-19 13:31:55
order_00000843,cust_00000728,delivered,2024-11-12 22:18:53,2024-11-13 07:53:43.031660,2024-11-14 03:54:21.547085,2024-11-18 13:25:49.665750,2024-11-29 22:18:53
order_00000844,cust_00001727,delivered,2025-10-06 20:40:05,2025-10-06 22:00:41.820053,2025-10-08 23:54:06.925068,2025-10-12 17:15:17.442760,2025-10-22 20:40:05
order_00000845,cust_00002059,delivered,2025-09-13 08:23:09,2025-09-13 19:04:01.500193,2025-09-18 21:08:39.428158,2025-10-02 17:44:02.714478,2025-10-05 08:23:09
order_00000846,cust_00000519,delivered,2024-01-23 05:38:36,2024-01-23 10:10:27.112782,2024-01-23 23:40:29.498028,2024-01-27 21:53:19.176130,2024-02-08 05:38:36
order_00000847,cust_00001206,delivered,2025-01-30 18:15:47,2025-01-31 03:02:55.545751,2025-02-01 19:50:03.527085,2025-02-16 06:34:14.780966,2025-02-17 18:15:47
order_00000848,cust_00001822,delivered,2025-02-13 09:20:13,2025-02-13 09:58:11.037696,2025-02-14 21:07:56.658778,2025-03-15 07:52:49.699980,2025-03-06 09:20:13
order_00000849,cust_00000206,delivered,2024-07-14 09:47:03,2024-07-14 10:47:29.978421,2024-07-16 16:27:49.613608,2024-08-01 07:58:18.355372,2024-08-04 09:47:03
order_00000850,cust_00002742,delivered,2025-09-01 15:09:47,2025-09-01 15:46:01.971685,2025-09-03 16:39:31.228416,2025-09-06 15:55:48.017215,2025-09-28 15:09:47
order_00000851,cust_00000465,delivered,2025-03-14 00:16:41,2025-03-14 04:42:23.011132,2025-03-17 22:13:52.122261,2025-03-20 13:35:24.740004,2025-04-16 00:16:41
order_00000852,cust_00000185,delivered,2024-11-08 14:40:21,2024-11-09 00:20:04.838063,2024-11-14 01:28:45.904886,2024-11-21 09:49:23.456804,2024-11-17 14:40:21
order_00000853,cust_00002164,delivered,2024-12-18 22:21:07,2024-12-19 05:11:43.599978,2024-12-20 04:35:34.308270,2024-12-25 08:05:23.629552,2025-01-05 22:21:07
order_00000854,cust_00000201,delivered,2024-05-04 12:46:56,2024-05-05 16:25:48.464231,2024-05-06 18:52:04.463888,2024-05-08 13:36:31.324375,2024-05-26 12:46:56
order_00000855,cust_00000078,delivered,2024-12-03 11:56:42,2024-12-03 21:06:24.704321,2024-12-05 03:14:13.267758,2024-12-08 17:26:40.649548,2024-12-25 11:56:42
order_00000856,cust_00002628,delivered,2024-03-15 14:16:17,2024-03-16 03:23:05.464334,2024-03-18 04:53:04.445667,2024-03-22 09:38:44.895129,2024-04-05 14:16:17
order_00000857,cust_00002673,delivered,2025-07-10 14:30:19,2025-07-10 18:04:55.000463,2025-07-11 16:14:54.133982,2025-07-17 19:26:34.277284,2025-08-01 14:30:19
order_00000858,cust_00001264,delivered,2024-07-08 16:39:06,2024-07-08 18:08:12.149650,2024-07-10 14:56:22.780208,2024-07-13 16:11:47.763278,2024-07-25 16:39:06
order_00000859,cust_00000605,delivered,2025-11-17 22:51:53,2025-11-18 01:11:45.005313,2025-11-20 09:58:23.094687,2025-11-27 02:51:43.424888,2025-12-04 22:51:53
order_00000860,cust_00000347,delivered,2024-06-26 16:37:41,2024-06-27 03:16:36.214406,2024-06-29 04:30:08.323799,2024-07-01 00:35:13.023274,2024-07-17 16:37:41
order_00000861,cust_00001457,delivered,2024-11-14 16:00:03,2024-11-14 19:30:52.664619,2024-11-18 14:57:27.859981,2024-11-20 16:44:08.135984,2024-11-25 16:00:03
order_00000862,cust_00001026,delivered,2024-11-30 20:07:13,2024-11-30 23:59:41.956741,2024-12-04 15:30:00.467577,2024-12-05 16:07:49.653863,2024-12-18 20:07:13
order_00000863,cust_00000798,delivered,2024-06-06 10:34:33,2024-06-06 16:13:50.281551,2024-06-08 22:22:40.491155,2024-06-20 04:23:37.080767,2024-06-28 10:34:33
order_00000864,cust_00002688,delivered,2024-04-30 10:19:37,2024-04-30 14:29:05.220175,2024-05-02 06:29:13.255295,2024-05-03 06:30:55.503556,2024-05-21 10:19:37
order_00000865,cust_00002099,delivered,2024-03-11 22:36:08,2024-03-12 09:56:20.441387,2024-03-15 20:25:30.757111,2024-03-18 13:13:54.492711,2024-03-28 22:36:08
order_00000866,cust_00001193,delivered,2025-05-28 04:48:27,2025-05-28 12:50:51.326680,2025-05-30 10:53:39.891360,2025-06-01 06:03:11.493234,2025-06-11 04:48:27
order_00000867,cust_00000429,delivered,2025-02-05 06:28:47,2025-02-05 22:26:36.946366,2025-02-07 06:35:19.985536,2025-02-09 19:17:41.269255,2025-03-01 06:28:47
order_00000868,cust_00002682,delivered,2024-04-22 19:48:10,2024-04-22 21:31:21.301596,2024-04-23 13:38:30.750156,2024-04-26 02:23:19.546353,2024-05-14 19:48:10
order_00000869,cust_00000391,delivered,2025-02-05 15:05:52,2025-02-05 19:32:13.214550,2025-02-07 11:00:00.562298,2025-02-09 11:31:10.405013,2025-02-25 15:05:52
order_00000870,cust_00002618,delivered,2024-09-08 08:05:34,2024-09-08 10:49:48.496315,2024-09-09 14:23:00.035607,2024-09-13 09:03:11.690252,2024-09-23 08:05:34
order_00000871,cust_00002328,delivered,2025-08-29 00:07:29,2025-08-29 03:07:02.241701,2025-08-30 18:14:58.062616,2025-09-02 17:09:06.418820,2025-09-18 00:07:29
order_00000872,cust_00001630,unavailable,2025-12-27 06:32:17,2025-12-27 08:25:02.693558,,,2026-01-13 06:32:17
order_00000873,cust_00000682,delivered,2024-03-20 02:22:21,2024-03-20 08:19:13.854049,2024-03-21 08:18:23.838799,2024-03-25 09:28:52.931419,2024-04-09 02:22:21
order_00000874,cust_00000372,delivered,2025-03-01 19:43:49,2025-03-01 22:25:34.496778,2025-03-03 13:58:57.093017,2025-03-14 00:19:25.008563,2025-03-17 19:43:49
order_00000875,cust_00002128,unavailable,2024-06-01 21:09:14,2024-06-02 02:25:49.804808,,,2024-06-16 21:09:14
order_00000876,cust_00001937,delivered,2024-05-09 22:16:51,2024-05-10 11:47:24.532474,2024-05-12 01:22:37.353526,2024-05-14 10:31:40.040363,2024-05-22 22:16:51
order_00000877,cust_00002585,delivered,2024-08-16 08:36:59,2024-08-16 16:56:24.916130,2024-08-18 02:35:53.758360,2024-08-28 04:31:35.841376,2024-09-05 08:36:59
order_00000878,cust_00001137,delivered,2024-09-09 00:46:30,2024-09-09 19:38:58.633255,2024-09-12 16:15:00.970029,2024-09-21 00:36:02.562179,2024-09-28 00:46:30
order_00000879,cust_00000559,delivered,2025-02-10 00:45:12,2025-02-10 04:59:46.624178,2025-02-10 19:51:48.429075,2025-02-21 00:56:01.108226,2025-03-08 00:45:12
order_00000880,cust_00002907,delivered,2025-05-16 23:34:29,2025-05-17 13:26:38.350008,2025-05-18 03:08:41.504940,2025-05-25 19:58:57.970420,2025-05-28 23:34:29
order_00000881,cust_00000140,delivered,2025-07-29 20:20:50,2025-07-29 22:22:20.617623,2025-08-02 22:27:03.371189,2025-08-17 13:22:53.325844,2025-08-13 20:20:50
order_00000882,cust_00002044,delivered,2024-08-07 15:05:18,2024-08-08 03:09:24.900539,2024-08-09 06:54:25.186473,2024-08-15 07:06:57.912267,2024-08-22 15:05:18
order_00000883,cust_00002211,delivered,2025-04-14 18:01:29,2025-04-14 20:23:43.367210,2025-04-16 10:36:32.435864,2025-04-19 14:56:48.657830,2025-05-07 18:01:29
order_00000884,cust_00000021,delivered,2025-11-19 01:23:18,2025-11-19 09:01:56.808257,2025-11-20 10:39:56.388313,2025-12-02 10:34:10.677238,2025-12-03 01:23:18
order_00000885,cust_00002693,delivered,2024-05-09 04:07:00,2024-05-09 09:26:59.178620,2024-05-12 13:28:54.620252,2024-05-13 19:38:12.359024,2024-05-31 04:07:00
order_00000886,cust_00002054,delivered,2025-04-24 16:52:22,2025-04-24 20:54:45.276777,2025-04-27 19:53:45.838169,2025-05-10 08:19:24.926605,2025-05-13 16:52:22
order_00000887,cust_00002109,delivered,2024-03-03 15:30:56,2024-03-04 02:19:18.080477,2024-03-08 02:07:06.361101,2024-04-04 13:15:12.850555,2024-03-22 15:30:56
order_00000888,cust_00001788,delivered,2024-04-10 04:34:10,2024-04-10 15:59:27.231270,2024-04-11 22:19:24.790906,2024-04-22 09:33:55.774034,2024-04-29 04:34:10
order_00000889,cust_00002112,delivered,2024-10-07 07:53:24,2024-10-07 09:23:10.045853,2024-10-09 10:30:17.952836,2024-10-24 12:52:11.681474,2024-10-30 07:53:24
order_00000890,cust_00002889,delivered,2024-01-01 03:41:09,2024-01-01 08:01:54.318880,2024-01-03 07:11:24.777385,2024-01-04 08:45:14.762600,2024-01-26 03:41:09
order_00000891,cust_00002293,delivered,2025-07-27 18:16:34,2025-07-28 00:15:56.568988,2025-07-28 23:48:41.726908,2025-07-30 16:48:08.523775,2025-08-17 18:16:34
order_00000892,cust_00002905,delivered,2024-09-24 06:06:33,2024-09-24 15:36:00.331752,2024-09-27 10:25:16.321086,2024-09-28 18:14:08.120275,2024-10-14 06:06:33
order_00000893,cust_00000861,delivered,2025-07-26 11:05:58,2025-07-26 22:28:59.437558,2025-07-30 23:19:48.637117,2025-08-02 16:21:39.770002,2025-08-04 11:05:58
order_00000894,cust_00002540,delivered,2024-09-21 15:32:07,2024-09-21 18:38:45.304691,2024-09-24 09:22:58.409692,2024-10-21 03:41:40.277549,2024-10-14 15:32:07
order_00000895,cust_00002320,delivered,2025-12-28 00:15:46,2025-12-28 02:33:17.854088,2025-12-31 03:24:53.111784,2026-01-09 02:20:04.917521,2026-01-20 00:15:46
order_00000896,cust_00000254,delivered,2024-10-30 20:01:13,2024-10-31 04:42:08.236640,2024-11-01 15:52:24.027431,2024-11-06 04:50:12.248108,2024-11-20 20:01:13
order_00000897,cust_00002254,delivered,2025-07-16 17:55:55,2025-07-17 02:27:50.446210,2025-07-21 04:27:44.086556,2025-07-23 02:30:46.072457,2025-08-05 17:55:55
order_00000898,cust_00000842,delivered,2024-01-01 14:33:35,2024-01-01 21:55:01.154931,2024-01-02 22:54:07.624749,2024-01-10 07:41:41.373812,2024-01-20 14:33:35
order_00000899,cust_00000473,delivered,2024-12-01 18:59:17,2024-12-01 22:18:51.103149,2024-12-04 03:11:29.498962,2024-12-07 15:12:49.839464,2024-12-14 18:59:17
order_00000900,cust_00000194,delivered,2024-07-30 14:28:23,2024-07-30 15:29:09.924702,2024-08-01 17:13:34.720890,2024-08-04 03:38:39.146051,2024-08-23 14:28:23
order_00000901,cust_00002251,delivered,2025-05-17 16:42:33,2025-05-17 18:13:12.316369,2025-05-18 07:13:58.986849,2025-05-20 04:32:56.993138,2025-06-05 16:42:33
order_00000902,cust_00002229,delivered,2024-10-11 07:52:22,2024-10-11 17:00:26.816473,2024-10-12 09:18:56.117350,2024-10-23 13:53:39.927924,2024-11-06 07:52:22
order_00000903,cust_00002939,delivered,2024-07-30 11:39:16,2024-07-30 12:41:01.662383,2024-08-01 03:04:26.060343,2024-08-06 16:14:04.017234,2024-08-20 11:39:16
order_00000904,cust_00001853,delivered,2025-09-09 09:36:56,2025-09-09 19:43:06.025956,2025-09-10 14:10:51.081971,2025-09-14 17:51:16.365990,2025-09-25 09:36:56
order_00000905,cust_00002053,delivered,2025-09-10 18:46:07,2025-09-11 00:39:52.824674,2025-09-12 01:19:08.000378,2025-09-17 08:22:02.490988,2025-10-04 18:46:07
order_00000906,cust_00000711,delivered,2025-11-22 20:41:45,2025-11-23 10:58:36.493294,2025-11-29 07:55:26.006565,2025-12-01 15:24:33.111219,2025-12-08 20:41:45
order_00000907,cust_00000503,delivered,2025-11-22 11:31:34,2025-11-22 14:53:54.934098,2025-11-23 04:17:17.252033,2025-11-27 06:23:38.580031,2025-12-09 11:31:34
order_00000908,cust_00000947,delivered,2025-01-05 18:04:02,2025-01-05 20:19:48.524180,2025-01-08 04:30:12.338192,2025-01-16 10:58:42.436540,2025-01-25 18:04:02
order_00000909,cust_00002613,delivered,2024-06-23 11:43:53,2024-06-23 14:04:19.528183,2024-06-25 01:58:53.821880,2024-06-26 23:43:02.582734,2024-07-13 11:43:53
order_00000910,cust_00002443,delivered,2025-10-06 13:54:34,2025-10-06 14:25:12.085211,2025-10-08 03:47:09.896931,2025-10-12 18:10:08.441918,2025-10-26 13:54:34
order_00000911,cust_00001116,delivered,2025-05-02 02:36:21,2025-05-02 03:22:19.646462,2025-05-05 10:51:40.486652,2025-05-11 19:37:22.909607,2025-05-24 02:36:21
order_00000912,cust_00000399,shipped,2025-06-05 08:02:14,2025-06-05 09:18:59.379153,2025-06-05 22:55:46.156498,,2025-06-24 08:02:14
order_00000913,cust_00002445,delivered,2025-09-22 02:35:05,2025-09-22 04:22:37.149546,2025-09-28 13:41:32.521146,2025-10-03 18:58:05.587760,2025-10-13 02:35:05
order_00000914,cust_00001841,delivered,2024-10-07 08:44:57,2024-10-07 11:26:04.841366,2024-10-09 10:19:49.822952,2024-10-20 22:04:27.472510,2024-10-31 08:44:57
order_00000915,cust_00002227,delivered,2025-11-06 23:45:36,2025-11-07 00:59:24.542233,2025-11-07 16:43:05.990399,2025-11-11 18:43:10.300203,2025-11-23 23:45:36
order_00000916,cust_00000851,delivered,2024-07-14 07:49:33,2024-07-14 10:07:51.070454,2024-07-15 01:06:29.712611,2024-07-21 07:13:20.869452,2024-07-23 07:49:33
order_00000917,cust_00001177,delivered,2024-06-16 06:17:36,2024-06-16 10:18:49.469391,2024-06-18 01:57:59.150521,2024-06-23 07:08:10.714139,2024-07-05 06:17:36
order_00000918,cust_00000670,delivered,2024-04-02 18:30:22,2024-04-02 21:04:44.129364,2024-04-05 19:49:10.461896,2024-04-11 06:47:15.625330,2024-04-23 18:30:22
order_00000919,cust_00000868,delivered,2025-09-18 02:27:30,2025-09-18 07:02:18.392116,2025-09-21 16:18:39.762338,2025-09-28 11:58:07.613099,2025-10-17 02:27:30
order_00000920,cust_00002226,shipped,2025-02-22 23:07:10,2025-02-23 00:04:32.400486,2025-02-24 05:04:56.292015,,2025-03-09 23:07:10
order_00000921,cust_00002840,delivered,2024-03-05 09:02:45,2024-03-05 16:40:51.444131,2024-03-07 13:21:12.142684,2024-03-09 06:37:11.435323,2024-03-25 09:02:45
order_00000922,cust_00000542,delivered,2024-01-16 09:05:07,2024-01-16 14:24:07.296253,2024-01-17 10:54:48.612727,2024-01-20 23:34:52.232300,2024-02-14 09:05:07
order_00000923,cust_00002221,delivered,2025-03-19 10:08:18,2025-03-19 15:11:34.211990,2025-03-25 23:42:23.717308,2025-03-27 02:32:21.416540,2025-04-05 10:08:18
order_00000924,cust_00000855,delivered,2024-09-13 12:57:28,2024-09-13 13:28:27.543691,2024-09-14 10:38:48.484923,2024-09-25 06:10:44.929178,2024-10-06 12:57:28
order_00000925,cust_00001144,delivered,2025-01-05 01:01:25,2025-01-05 06:10:02.451362,2025-01-10 15:54:48.316658,2025-01-12 16:18:21.726745,2025-01-24 01:01:25
order_00000926,cust_00001402,shipped,2025-02-23 15:15:28,2025-02-23 22:04:17.364636,2025-02-24 13:55:17.442564,,2025-03-07 15:15:28
order_00000927,cust_00001758,delivered,2025-03-31 01:44:29,2025-03-31 15:50:05.138423,2025-04-01 19:55:11.012308,2025-04-03 17:08:26.770985,2025-04-19 01:44:29
order_00000928,cust_00001887,delivered,2025-01-18 00:31:49,2025-01-18 01:53:16.353902,2025-01-18 16:40:08.330350,2025-01-29 02:32:35.276686,2025-02-04 00:31:49
order_00000929,cust_00001333,delivered,2025-06-10 08:41:02,2025-06-10 11:49:30.687303,2025-06-11 16:00:22.949572,2025-06-15 04:57:20.038284,2025-06-28 08:41:02
order_00000930,cust_00000706,delivered,2025-10-30 00:47:08,2025-10-30 01:27:24.665727,2025-11-01 01:52:27.362181,2025-11-09 10:40:00.672097,2025-11-17 00:47:08
order_00000931,cust_00001204,delivered,2024-05-25 00:20:08,2024-05-25 03:11:48.903526,2024-05-26 09:17:32.710478,2024-05-28 17:54:34.937506,2024-06-11 00:20:08
order_00000932,cust_00002343,shipped,2024-12-02 07:59:08,2024-12-02 11:21:57.645349,2024-12-03 13:25:06.411495,,2024-12-27 07:59:08
order_00000933,cust_00002029,processing,2025-03-28 05:45:58,2025-03-29 04:31:58.210831,,,2025-04-19 05:45:58
order_00000934,cust_00000519,delivered,2025-11-04 23:06:11,2025-11-05 05:21:57.467361,2025-11-05 23:28:20.645179,2025-11-07 18:44:14.097041,2025-11-23 23:06:11
order_00000935,cust_00001176,delivered,2024-12-12 20:59:24,2024-12-13 00:55:47.154763,2024-12-15 17:16:54.449618,2024-12-19 13:56:24.608925,2025-01-04 20:59:24
order_00000936,cust_00001015,delivered,2024-03-07 17:39:00,2024-03-08 00:43:57.989848,2024-03-08 12:55:03.352193,2024-03-18 04:09:21.797873,2024-03-21 17:39:00
order_00000937,cust_00002576,delivered,2025-05-01 12:38:24,2025-05-01 14:00:16.708227,2025-05-02 22:56:24.131572,2025-05-04 10:40:59.088049,2025-05-23 12:38:24
order_00000938,cust_00000505,delivered,2025-12-11 14:19:08,2025-12-12 00:47:14.439242,2025-12-13 02:13:38.041690,2025-12-17 01:28:00.776836,2026-01-06 14:19:08
order_00000939,cust_00001848,delivered,2025-07-29 15:51:37,2025-07-29 18:50:18.638123,2025-07-30 08:08:16.202973,2025-08-01 03:54:40.859453,2025-08-17 15:51:37
order_00000940,cust_00002178,delivered,2024-09-14 07:03:12,2024-09-14 16:17:58.188390,2024-09-19 06:01:08.582561,2024-09-21 00:01:48.426532,2024-10-07 07:03:12
order_00000941,cust_00000600,delivered,2024-03-16 11:18:01,2024-03-16 12:38:32.805164,2024-03-18 22:35:19.754802,2024-03-20 14:56:01.598630,2024-04-01 11:18:01
order_00000942,cust_00001093,processing,2025-06-02 08:56:05,2025-06-02 12:50:28.884895,,,2025-06-19 08:56:05
order_00000943,cust_00002217,delivered,2024-12-29 07:56:17,2024-12-29 11:47:08.761464,2025-01-01 15:20:10.700661,2025-01-03 20:28:54.679435,2025-01-14 07:56:17
order_00000944,cust_00002628,delivered,2024-05-03 15:26:10,2024-05-03 20:08:56.106135,2024-05-04 22:33:01.794956,2024-05-09 09:31:22.701136,2024-05-25 15:26:10
order_00000945,cust_00000940,delivered,2024-03-09 02:47:07,2024-03-09 04:10:29.506397,2024-03-10 12:16:14.822058,2024-03-14 14:46:42.513909,2024-03-25 02:47:07
order_00000946,cust_00001718,delivered,2024-11-04 04:44:28,2024-11-04 05:54:40.287194,2024-11-06 01:39:50.282247,2024-11-12 22:00:02.613976,2024-11-25 04:44:28
order_00000947,cust_00001313,unavailable,2024-10-14 14:57:12,2024-10-14 17:25:16.692999,,,2024-11-01 14:57:12
order_00000948,cust_00002235,processing,2024-02-05 16:22:10,2024-02-06 12:39:04.507728,,,2024-02-19 16:22:10
order_00000949,cust_00001095,delivered,2025-02-14 08:23:31,2025-02-14 09:16:39.069551,2025-02-18 07:23:37.552112,2025-02-26 20:07:29.638179,2025-03-07 08:23:31
order_00000950,cust_00000818,delivered,2024-02-03 03:20:56,2024-02-03 05:04:42.793888,2024-02-09 06:24:21.230917,2024-02-14 16:21:24.193477,2024-02-19 03:20:56
order_00000951,cust_00002905,delivered,2024-09-28 08:36:22,2024-09-28 14:45:02.289108,2024-09-30 20:54:01.889464,2024-10-03 01:37:11.256735,2024-10-22 08:36:22
order_00000952,cust_00000960,delivered,2024-08-31 13:06:47,2024-08-31 18:17:06.846169,2024-09-03 05:37:18.941693,2024-09-09 09:37:43.583200,2024-09-24 13:06:47
order_00000953,cust_00001397,delivered,2025-02-26 08:56:09,2025-02-26 21:02:26.180354,2025-02-28 22:21:17.887300,2025-03-03 19:10:42.510132,2025-03-20 08:56:09
order_00000954,cust_00001174,delivered,2025-07-28 20:15:53,2025-07-29 01:51:05.514759,2025-07-29 21:20:36.163725,2025-08-10 18:22:16.262652,2025-08-19 20:15:53
order_00000955,cust_00001015,delivered,2025-06-15 04:42:33,2025-06-15 09:41:22.545111,2025-06-17 05:57:03.993845,2025-06-19 21:06:30.868967,2025-06-26 04:42:33
order_00000956,cust_00001528,delivered,2025-12-15 12:55:49,2025-12-16 08:28:18.744300,2025-12-17 21:22:29.381684,2025-12-23 10:46:26.352189,2026-01-06 12:55:49
order_00000957,cust_00000066,shipped,2025-05-06 10:33:54,2025-05-07 02:48:49.311273,2025-05-08 18:27:52.475556,,2025-05-20 10:33:54
order_00000958,cust_00002147,delivered,2024-03-14 21:41:06,2024-03-15 04:24:22.463920,2024-03-16 09:17:42.399016,2024-03-18 11:27:51.556515,2024-03-19 21:41:06
order_00000959,cust_00002559,delivered,2024-07-02 01:37:43,2024-07-02 05:57:55.694345,2024-07-03 16:09:38.338070,2024-07-08 05:10:15.835413,2024-07-20 01:37:43
order_00000960,cust_00002169,delivered,2025-06-09 12:48:22,2025-06-09 13:56:37.985486,2025-06-10 03:49:01.590457,2025-06-11 13:20:45.947795,2025-06-25 12:48:22
order_00000961,cust_00000795,delivered,2025-10-11 13:34:38,2025-10-11 20:15:17.434732,2025-10-13 10:13:04.905685,2025-10-18 07:21:22.710785,2025-11-03 13:34:38
order_00000962,cust_00000315,delivered,2024-05-24 22:35:16,2024-05-25 03:07:34.655374,2024-05-25 18:53:23.297844,2024-05-31 22:23:37.461486,2024-06-11 22:35:16
order_00000963,cust_00001282,delivered,2025-08-20 00:23:41,2025-08-20 03:55:26.911313,2025-08-20 17:11:38.864903,2025-08-24 10:01:06.714900,2025-09-09 00:23:41
order_00000964,cust_00000062,delivered,2025-01-06 16:12:26,2025-01-06 18:34:39.156238,2025-01-08 08:01:45.918568,2025-01-10 05:40:34.514678,2025-01-25 16:12:26
order_00000965,cust_00002380,canceled,2025-01-03 10:53:13,,,,2025-01-27 10:53:13
order_00000966,cust_00001612,delivered,2024-03-13 13:57:24,2024-03-13 17:37:00.240172,2024-03-19 00:21:54.107635,2024-03-24 14:14:08.655592,2024-04-05 13:57:24
order_00000967,cust_00002297,delivered,2024-05-20 22:12:18,2024-05-21 10:36:20.198896,2024-05-22 10:10:41.825787,2024-05-24 06:11:06.157018,2024-06-07 22:12:18
order_00000968,cust_00001549,delivered,2025-08-22 19:26:32,2025-08-23 04:36:18.774341,2025-08-27 08:48:28.798144,2025-08-31 19:17:22.020272,2025-09-11 19:26:32
order_00000969,cust_00000783,delivered,2024-03-07 08:53:53,2024-03-07 15:04:39.072956,2024-03-08 14:43:09.437758,2024-03-10 00:41:52.517567,2024-03-28 08:53:53
order_00000970,cust_00001793,unavailable,2024-06-08 17:40:30,2024-06-08 23:58:21.832549,,,2024-07-02 17:40:30
order_00000971,cust_00002573,delivered,2025-09-10 17:47:44,2025-09-10 19:07:10.683044,2025-09-12 23:24:50.160520,2025-09-14 17:07:30.855900,2025-10-05 17:47:44
order_00000972,cust_00002746,delivered,2024-09-17 16:20:31,2024-09-18 01:47:05.430052,2024-09-19 01:20:50.131509,2024-09-24 10:34:24.696378,2024-10-06 16:20:31
order_00000973,cust_00002288,delivered,2025-06-11 19:36:45,2025-06-11 20:55:04.239089,2025-06-12 15:06:29.033399,2025-06-13 23:09:57.881726,2025-06-30 19:36:45
order_00000974,cust_00000093,delivered,2025-05-09 22:04:12,2025-05-09 22:35:47.695084,2025-05-11 06:33:23.029999,2025-05-29 06:48:48.469095,2025-05-28 22:04:12
order_00000975,cust_00000964,delivered,2025-05-16 22:40:57,2025-05-17 02:49:20.685901,2025-05-18 10:19:47.179883,2025-06-06 21:57:58.006916,2025-06-03 22:40:57
order_00000976,cust_00002173,shipped,2025-04-01 12:38:04,2025-04-01 23:03:53.515105,2025-04-03 06:04:10.291244,,2025-04-29 12:38:04
order_00000977,cust_00000816,delivered,2024-03-23 10:57:53,2024-03-23 13:21:24.267512,2024-03-26 22:51:50.543479,2024-03-28 02:02:31.004911,2024-04-11 10:57:53
order_00000978,cust_00000960,delivered,2025-07-15 20:22:31,2025-07-15 23:06:25.860570,2025-07-17 11:53:59.582743,2025-07-21 20:19:08.130208,2025-08-04 20:22:31
order_00000979,cust_00002668,delivered,2024-11-21 19:47:15,2024-11-21 20:27:29.432378,2024-11-26 15:10:23.894897,2024-12-08 10:17:16.830331,2024-12-08 19:47:15
order_00000980,cust_00002150,delivered,2024-04-15 09:51:55,2024-04-15 13:20:11.648115,2024-04-17 19:31:55.475552,2024-04-20 14:40:25.685949,2024-05-07 09:51:55
order_00000981,cust_00000580,delivered,2024-06-07 08:17:24,2024-06-07 10:58:27.720856,2024-06-10 18:53:49.881705,2024-06-13 18:53:08.959619,2024-06-21 08:17:24
order_00000982,cust_00001947,delivered,2025-06-15 07:43:02,2025-06-15 21:31:52.203398,2025-06-17 08:19:50.693504,2025-06-21 08:57:45.170504,2025-07-03 07:43:02
order_00000983,cust_00000238,delivered,2024-01-06 13:41:20,2024-01-06 19:22:48.227364,2024-01-08 06:16:11.543090,2024-01-14 22:40:48.975708,2024-01-23 13:41:20
order_00000984,cust_00002443,delivered,2024-01-07 13:26:20,2024-01-07 16:43:16.854535,2024-01-10 16:27:43.303896,2024-01-13 22:37:49.987045,2024-01-22 13:26:20
order_00000985,cust_00001527,delivered,2024-10-04 09:45:19,2024-10-04 12:56:41.487630,2024-10-05 18:30:43.914786,2024-10-18 00:39:48.745225,2024-10-20 09:45:19
order_00000986,cust_00001282,delivered,2024-05-18 06:39:46,2024-05-18 12:48:08.836067,2024-05-19 17:18:09.126386,2024-05-22 21:22:32.606920,2024-06-03 06:39:46
order_00000987,cust_00002320,delivered,2024-02-26 07:41:28,2024-02-26 09:15:29.826381,2024-03-02 06:57:09.223718,2024-03-05 03:08:42.730443,2024-03-15 07:41:28
order_00000988,cust_00002106,processing,2024-12-10 18:56:13,2024-12-10 23:37:18.212282,,,2024-12-31 18:56:13
order_00000989,cust_00000302,canceled,2025-01-18 16:14:39,,,,2025-02-10 16:14:39
order_00000990,cust_00000315,delivered,2025-01-11 08:36:59,2025-01-11 10:45:45.848716,2025-01-13 00:23:12.519202,2025-01-14 09:36:36.204256,2025-01-31 08:36:59
order_00000991,cust_00002008,delivered,2024-03-17 17:34:05,2024-03-17 19:40:23.213993,2024-03-20 01:22:00.043869,2024-03-23 15:38:29.258682,2024-04-04 17:34:05
order_00000992,cust_00002927,delivered,2024-09-15 08:38:47,2024-09-15 12:32:52.249959,2024-09-16 19:44:47.641403,2024-09-23 23:42:35.403112,2024-10-12 08:38:47
order_00000993,cust_00002332,delivered,2024-10-23 12:29:39,2024-10-23 13:41:11.971707,2024-10-27 13:00:40.597632,2024-10-29 07:53:07.566292,2024-11-14 12:29:39
order_00000994,cust_00000327,delivered,2025-09-05 21:28:08,2025-09-06 02:18:24.535013,2025-09-08 23:25:25.981535,2025-09-11 06:16:51.400016,2025-10-08 21:28:08
order_00000995,cust_00001198,delivered,2024-03-18 13:32:14,2024-03-18 20:48:16.897837,2024-03-22 23:54:33.941062,2024-03-25 10:36:32.840124,2024-04-04 13:32:14
order_00000996,cust_00001217,canceled,2025-06-08 10:54:27,,,,2025-06-29 10:54:27
order_00000997,cust_00001363,shipped,2025-01-28 08:19:17,2025-01-28 15:32:02.758010,2025-01-29 10:21:16.234000,,2025-02-13 08:19:17
order_00000998,cust_00000252,delivered,2024-05-12 13:42:19,2024-05-12 22:01:40.621005,2024-05-14 07:30:44.592726,2024-05-21 13:40:07.654483,2024-05-30 13:42:19
order_00000999,cust_00000809,delivered,2024-12-21 07:21:13,2024-12-21 12:15:20.702876,2024-12-24 01:01:11.415715,2024-12-27 03:40:26.547377,2025-01-09 07:21:13
order_00001000,cust_00001082,delivered,2025-05-10 07:24:47,2025-05-10 13:22:44.736395,2025-05-14 06:32:52.834314,2025-05-22 06:53:17.458677,2025-06-02 07:24:47
order_00001001,cust_00000581,delivered,2024-06-15 15:27:22,2024-06-15 17:53:12.154721,2024-06-17 00:42:57.310214,2024-06-18 06:06:42.299447,2024-06-30 15:27:22
order_00001002,cust_00001718,delivered,2024-06-12 07:08:51,2024-06-12 08:34:13.025686,2024-06-13 23:44:02.146734,2024-06-19 04:48:33.198688,2024-07-01 07:08:51
order_00001003,cust_00002565,delivered,2024-11-27 01:44:02,2024-11-27 11:10:20.958475,2024-11-28 13:36:11.576463,2024-12-08 11:31:24.100128,2024-12-22 01:44:02
order_00001004,cust_00002757,delivered,2025-12-12 10:00:22,2025-12-13 02:32:03.826321,2025-12-14 12:21:24.097016,2025-12-19 05:11:05.649397,2025-12-30 10:00:22
order_00001005,cust_00002601,delivered,2025-10-28 12:35:11,2025-10-28 16:26:54.755626,2025-11-04 10:14:49.327407,2025-11-13 07:53:02.833418,2025-11-08 12:35:11
order_00001006,cust_00001681,delivered,2025-06-06 00:28:28,2025-06-06 07:24:58.893895,2025-06-08 08:45:53.874089,2025-06-11 14:38:41.946316,2025-06-21 00:28:28
order_00001007,cust_00001811,delivered,2025-11-15 03:15:03,2025-11-15 04:12:25.482278,2025-11-15 16:27:02.567876,2025-11-20 16:04:55.860250,2025-12-06 03:15:03
order_00001008,cust_00000752,delivered,2025-12-08 03:39:32,2025-12-08 12:20:01.712000,2025-12-13 08:54:36.355097,2025-12-20 04:13:00.458813,2025-12-31 03:39:32
order_00001009,cust_00002630,delivered,2024-07-30 08:52:43,2024-07-30 19:44:41.436737,2024-08-02 04:42:51.410282,2024-08-12 16:47:02.770630,2024-08-25 08:52:43
order_00001010,cust_00002838,delivered,2024-10-22 15:07:03,2024-10-22 20:16:13.510430,2024-10-24 09:55:11.002640,2024-10-31 11:14:33.720604,2024-11-07 15:07:03
order_00001011,cust_00002695,delivered,2024-01-17 10:57:51,2024-01-17 15:24:43.300711,2024-01-18 11:55:11.803831,2024-01-26 16:06:02.850558,2024-02-07 10:57:51
order_00001012,cust_00000428,invoiced,2024-01-08 05:43:08,2024-01-08 10:26:02.656765,,,2024-01-30 05:43:08
order_00001013,cust_00000848,delivered,2025-09-05 08:22:08,2025-09-05 14:08:15.389520,2025-09-06 23:25:02.606237,2025-09-12 17:35:35.268059,2025-10-03 08:22:08
order_00001014,cust_00000865,processing,2025-08-21 10:10:50,2025-08-22 00:31:00.465539,,,2025-09-11 10:10:50
order_00001015,cust_00001865,delivered,2025-09-28 22:36:26,2025-09-29 00:43:15.258571,2025-10-04 19:55:05.531720,2025-10-11 12:55:27.869828,2025-10-21 22:36:26
order_00001016,cust_00000656,delivered,2024-02-01 16:04:46,2024-02-01 19:33:15.439300,2024-02-04 03:52:22.445431,2024-02-08 02:50:27.835231,2024-02-16 16:04:46
order_00001017,cust_00000834,delivered,2024-03-15 17:45:53,2024-03-15 23:39:53.340826,2024-03-18 07:17:44.606935,2024-03-25 13:53:51.114111,2024-04-02 17:45:53
order_00001018,cust_00001291,delivered,2024-07-06 07:55:18,2024-07-06 11:26:32.524041,2024-07-08 05:09:25.755632,2024-07-11 17:22:57.055912,2024-07-19 07:55:18
order_00001019,cust_00001599,shipped,2025-09-16 16:38:52,2025-09-16 18:03:40.511871,2025-09-18 09:27:03.577209,,2025-10-05 16:38:52
order_00001020,cust_00001934,delivered,2024-11-14 04:58:21,2024-11-14 06:27:26.213966,2024-11-15 15:45:18.745941,2024-11-19 03:51:01.632835,2024-12-10 04:58:21
order_00001021,cust_00002818,delivered,2024-05-10 22:52:06,2024-05-11 00:04:09.319756,2024-05-12 14:57:06.859542,2024-05-15 05:27:08.554621,2024-06-01 22:52:06
order_00001022,cust_00001754,delivered,2024-05-11 12:25:34,2024-05-11 20:18:05.359302,2024-05-12 14:48:44.781636,2024-05-22 13:15:48.775269,2024-05-30 12:25:34
order_00001023,cust_00002384,delivered,2025-02-21 08:28:41,2025-02-21 15:24:55.527282,2025-02-22 18:44:14.104013,2025-03-14 21:52:34.440902,2025-03-07 08:28:41
order_00001024,cust_00001454,delivered,2025-10-14 12:45:23,2025-10-14 16:04:00.631610,2025-10-15 09:46:15.510519,2025-11-03 17:41:17.448315,2025-11-05 12:45:23
order_00001025,cust_00001068,delivered,2025-11-19 00:05:20,2025-11-19 05:40:51.917930,2025-11-19 19:04:10.916250,2025-11-25 08:54:05.348756,2025-12-11 00:05:20
order_00001026,cust_00000980,delivered,2024-11-10 11:17:30,2024-11-10 18:28:08.535436,2024-11-12 13:05:50.107456,2024-11-15 19:03:03.528717,2024-12-05 11:17:30
order_00001027,cust_00001672,delivered,2024-08-08 20:15:55,2024-08-09 00:16:13.553474,2024-08-11 00:06:16.736702,2024-08-17 12:36:46.738092,2024-08-24 20:15:55
order_00001028,cust_00001924,delivered,2024-07-22 19:38:13,2024-07-22 20:14:18.534214,2024-07-25 11:15:07.849928,2024-08-01 20:18:24.996202,2024-08-13 19:38:13
order_00001029,cust_00002266,delivered,2024-10-27 23:28:42,2024-10-28 01:07:05.034762,2024-10-28 18:05:33.299230,2024-11-03 09:47:32.132769,2024-11-12 23:28:42
order_00001030,cust_00000526,delivered,2024-05-10 13:26:56,2024-05-10 16:55:05.821586,2024-05-11 05:35:56.126624,2024-05-20 12:15:10.240020,2024-06-01 13:26:56
order_00001031,cust_00002720,delivered,2024-10-09 21:33:10,2024-10-10 08:48:57.844379,2024-10-10 23:54:16.684411,2024-10-17 10:56:14.136417,2024-10-30 21:33:10
order_00001032,cust_00002730,delivered,2025-07-07 23:20:08,2025-07-08 01:30:20.377202,2025-07-09 00:23:02.062415,2025-07-11 19:41:21.520658,2025-07-24 23:20:08
order_00001033,cust_00001768,delivered,2024-02-24 00:01:27,2024-02-24 04:59:34.195170,2024-02-26 20:00:13.068464,2024-02-28 13:11:35.730760,2024-03-20 00:01:27
order_00001034,cust_00000997,delivered,2025-10-20 17:24:52,2025-10-20 19:55:55.722240,2025-10-21 18:51:31.760764,2025-10-23 09:14:03.942202,2025-11-13 17:24:52
order_00001035,cust_00000896,delivered,2025-01-09 02:35:43,2025-01-09 20:29:05.392673,2025-01-12 17:47:44.597000,2025-01-16 17:43:59.205075,2025-01-31 02:35:43
order_00001036,cust_00002977,delivered,2024-12-16 17:19:00,2024-12-16 23:38:09.750669,2024-12-18 06:18:13.913566,2024-12-20 10:11:58.176653,2025-01-02 17:19:00
order_00001037,cust_00002343,delivered,2024-01-27 15:49:28,2024-01-27 20:00:31.285588,2024-01-28 16:55:31.444261,2024-02-03 15:38:26.158232,2024-02-23 15:49:28
order_00001038,cust_00000573,delivered,2024-07-25 06:52:20,2024-07-25 19:31:35.546200,2024-07-28 05:43:50.936754,2024-07-31 01:47:27.190665,2024-08-14 06:52:20
order_00001039,cust_00002035,delivered,2024-05-20 17:38:54,2024-05-21 00:37:04.637248,2024-05-21 14:38:19.118135,2024-05-25 01:52:17.350621,2024-06-10 17:38:54
order_00001040,cust_00002823,delivered,2024-07-14 00:34:56,2024-07-14 03:41:38.158613,2024-07-15 05:18:47.767814,2024-07-17 08:10:34.552887,2024-07-24 00:34:56
order_00001041,cust_00002548,delivered,2024-07-17 04:01:46,2024-07-17 05:23:48.713033,2024-07-18 00:12:07.228132,2024-07-24 23:02:49.830651,2024-07-31 04:01:46
order_00001042,cust_00000163,delivered,2024-11-27 20:18:08,2024-11-28 08:45:08.164303,2024-11-29 12:46:29.040555,2024-12-02 08:09:19.131531,2024-12-17 20:18:08
order_00001043,cust_00001464,delivered,2024-04-03 07:05:56,2024-04-03 14:42:50.958401,2024-04-07 18:40:43.286235,2024-04-10 13:56:06.533166,2024-04-21 07:05:56
order_00001044,cust_00000111,delivered,2024-06-12 00:11:35,2024-06-12 01:00:14.564458,2024-06-15 21:03:31.068881,2024-06-25 00:20:09.867885,2024-07-10 00:11:35
order_00001045,cust_00001578,delivered,2024-01-27 07:12:08,2024-01-27 20:25:41.085503,2024-01-29 20:27:25.631065,2024-02-05 01:00:11.669461,2024-02-15 07:12:08
order_00001046,cust_00002898,delivered,2025-12-11 16:16:09,2025-12-12 04:09:49.800475,2025-12-14 23:47:01.180104,2026-01-10 13:34:11.547772,2026-01-02 16:16:09
order_00001047,cust_00001141,delivered,2025-12-14 16:37:21,2025-12-14 18:04:24.166099,2025-12-16 16:02:58.332538,2025-12-19 08:46:52.126920,2026-01-07 16:37:21
order_00001048,cust_00000947,delivered,2025-04-24 22:17:59,2025-04-24 23:59:38.654878,2025-04-27 11:22:27.878003,2025-05-09 13:19:30.253939,2025-05-13 22:17:59
order_00001049,cust_00000382,delivered,2024-12-08 09:19:11,2024-12-08 11:43:55.585795,2024-12-14 04:11:14.808795,2024-12-27 20:47:57.121240,2024-12-26 09:19:11
order_00001050,cust_00001234,delivered,2024-09-06 12:11:33,2024-09-06 12:44:00.711885,2024-09-08 20:57:18.454706,2024-09-18 04:37:46.140282,2024-09-27 12:11:33
order_00001051,cust_00002906,delivered,2024-08-21 20:36:31,2024-08-21 21:44:17.488014,2024-08-22 11:40:01.566530,2024-09-12 17:09:29.941113,2024-09-03 20:36:31
order_00001052,cust_00002690,delivered,2025-05-13 09:48:22,2025-05-13 18:19:57.469730,2025-05-14 17:27:04.863490,2025-05-17 13:40:59.974703,2025-06-02 09:48:22
order_00001053,cust_00000488,delivered,2024-08-28 16:14:10,2024-08-28 17:26:41.832169,2024-08-29 21:20:38.242532,2024-08-31 13:26:27.124053,2024-09-15 16:14:10
order_00001054,cust_00002338,delivered,2024-02-20 15:18:13,2024-02-21 00:56:00.371268,2024-02-21 15:48:14.053119,2024-02-23 01:49:11.153351,2024-03-08 15:18:13
order_00001055,cust_00002632,delivered,2025-12-03 18:05:41,2025-12-03 19:01:00.166869,2025-12-04 12:44:01.872442,2025-12-08 08:41:22.840354,2025-12-21 18:05:41
order_00001056,cust_00000921,delivered,2025-11-01 21:04:55,2025-11-02 00:24:28.404060,2025-11-02 13:33:37.636133,2025-11-05 15:57:23.370857,2025-11-17 21:04:55
order_00001057,cust_00002713,delivered,2025-01-27 05:15:04,2025-01-27 06:50:24.058499,2025-01-28 08:31:51.971750,2025-02-05 12:11:57.906491,2025-02-12 05:15:04
order_00001058,cust_00001055,invoiced,2025-09-01 23:19:33,2025-09-02 07:37:13.930593,,,2025-09-20 23:19:33
order_00001059,cust_00000843,delivered,2024-10-08 15:17:55,2024-10-08 18:09:34.626629,2024-10-09 07:29:43.265948,2024-10-17 13:42:27.736328,2024-10-26 15:17:55
order_00001060,cust_00002683,delivered,2025-10-11 06:05:27,2025-10-11 08:42:00.686876,2025-10-19 12:57:49.717073,2025-10-23 09:33:22.624193,2025-10-27 06:05:27
order_00001061,cust_00000642,delivered,2024-12-24 12:43:04,2024-12-25 00:51:21.655114,2024-12-27 02:49:55.184800,2024-12-29 22:14:31.852434,2025-01-09 12:43:04
order_00001062,cust_00001255,delivered,2024-02-03 11:22:20,2024-02-03 18:01:27.313630,2024-02-04 19:08:36.145135,2024-02-06 16:54:22.935484,2024-02-12 11:22:20
order_00001063,cust_00000377,delivered,2024-12-25 21:00:13,2024-12-25 22:04:45.137033,2024-12-26 11:06:22.390325,2025-01-09 04:15:34.645981,2025-01-11 21:00:13
order_00001064,cust_00002543,delivered,2025-09-20 16:18:01,2025-09-20 22:02:42.164241,2025-09-22 01:15:06.414459,2025-09-27 01:16:03.654384,2025-10-17 16:18:01
order_00001065,cust_00001773,delivered,2025-03-22 20:09:12,2025-03-22 21:03:55.591846,2025-03-24 07:49:39.376438,2025-03-27 19:12:20.667805,2025-04-12 20:09:12
order_00001066,cust_00000236,delivered,2025-04-22 15:20:11,2025-04-22 16:28:21.665241,2025-04-23 13:39:43.734635,2025-05-13 03:05:10.072403,2025-05-07 15:20:11
order_00001067,cust_00000079,delivered,2024-05-11 00:01:20,2024-05-11 03:18:46.884382,2024-05-12 02:56:56.593718,2024-05-13 12:22:34.638836,2024-06-02 00:01:20
order_00001068,cust_00001638,delivered,2024-09-27 16:26:09,2024-09-27 17:23:58.146283,2024-09-28 14:19:03.463258,2024-09-30 17:34:27.202583,2024-10-22 16:26:09
order_00001069,cust_00002032,delivered,2025-02-03 15:59:27,2025-02-03 18:53:00.604112,2025-02-05 08:26:42.112729,2025-02-08 16:14:05.162253,2025-02-25 15:59:27
order_00001070,cust_00001360,delivered,2025-12-25 09:00:41,2025-12-25 10:48:45.516097,2025-12-26 13:04:48.506538,2025-12-30 02:27:16.950172,2026-01-14 09:00:41
order_00001071,cust_00002924,delivered,2024-05-25 16:37:57,2024-05-26 01:05:03.582443,2024-05-29 10:07:32.448759,2024-07-12 09:05:43.390510,2024-06-10 16:37:57
order_00001072,cust_00000527,delivered,2024-05-09 08:21:29,2024-05-09 11:44:02.099136,2024-05-10 13:38:51.710302,2024-05-23 20:52:37.692206,2024-06-03 08:21:29
order_00001073,cust_00001000,shipped,2025-06-25 22:51:09,2025-06-25 23:25:25.003926,2025-06-27 23:57:58.217587,,2025-07-10 22:51:09
order_00001074,cust_00000863,delivered,2024-08-24 18:39:54,2024-08-24 19:33:59.321626,2024-08-25 20:50:54.354715,2024-08-27 13:15:15.232823,2024-09-13 18:39:54
order_00001075,cust_00002401,shipped,2024-02-02 11:19:00,2024-02-02 14:44:46.978308,2024-02-04 00:58:01.124324,,2024-02-20 11:19:00
order_00001076,cust_00001246,delivered,2025-10-06 00:20:31,2025-10-06 01:27:35.322805,2025-10-06 23:33:49.332718,2025-10-13 02:13:28.473951,2025-11-03 00:20:31
order_00001077,cust_00002890,delivered,2024-08-28 03:21:13,2024-08-28 05:15:46.559741,2024-08-29 08:37:00.621311,2024-08-31 08:32:18.533865,2024-09-13 03:21:13
order_00001078,cust_00001645,delivered,2025-03-29 13:21:16,2025-03-30 02:44:10.524632,2025-03-31 23:04:14.234805,2025-04-10 07:56:52.926605,2025-04-11 13:21:16
order_00001079,cust_00001320,delivered,2024-03-10 09:01:18,2024-03-10 09:39:14.047698,2024-03-11 10:10:39.691560,2024-03-16 11:15:16.638421,2024-03-26 09:01:18
order_00001080,cust_00001540,delivered,2024-08-31 14:44:04,2024-08-31 20:53:22.218359,2024-09-01 16:23:14.708182,2024-09-03 05:31:05.702726,2024-09-17 14:44:04
order_00001081,cust_00002897,delivered,2024-06-30 08:25:39,2024-06-30 12:09:23.648790,2024-07-01 06:50:34.166613,2024-07-10 23:10:37.109964,2024-07-16 08:25:39
order_00001082,cust_00002523,delivered,2024-12-26 01:19:44,2024-12-26 10:46:25.195055,2024-12-27 20:49:05.013910,2024-12-29 21:07:28.955439,2025-01-12 01:19:44
order_00001083,cust_00002925,delivered,2024-06-13 03:58:38,2024-06-14 13:51:07.035433,2024-06-18 00:39:45.182006,2024-06-19 06:18:06.990167,2024-07-06 03:58:38
order_00001084,cust_00000638,delivered,2025-08-08 13:34:55,2025-08-08 14:46:50.532133,2025-08-09 21:55:31.544086,2025-08-12 19:00:11.070908,2025-09-02 13:34:55
order_00001085,cust_00002748,delivered,2024-06-07 14:13:11,2024-06-07 17:25:43.033501,2024-06-09 18:13:16.075293,2024-06-10 20:09:59.899527,2024-06-28 14:13:11
order_00001086,cust_00000363,delivered,2025-10-14 01:13:41,2025-10-14 03:24:26.494614,2025-10-15 10:37:48.502859,2025-10-17 07:18:06.520651,2025-11-13 01:13:41
order_00001087,cust_00001038,canceled,2024-02-24 04:36:43,,,,2024-03-08 04:36:43
order_00001088,cust_00002849,delivered,2025-09-13 08:00:15,2025-09-13 13:40:37.947373,2025-09-16 10:04:11.861486,2025-09-19 13:31:18.177993,2025-10-07 08:00:15
order_00001089,cust_00002427,delivered,2024-08-06 08:18:53,2024-08-06 13:41:02.774478,2024-08-07 19:24:16.076765,2024-08-11 03:11:59.861701,2024-08-23 08:18:53
order_00001090,cust_00000827,delivered,2025-08-05 08:50:03,2025-08-05 12:34:58.951610,2025-08-06 00:53:09.386911,2025-08-18 21:16:04.247774,2025-08-28 08:50:03
order_00001091,cust_00001695,delivered,2024-12-19 10:11:02,2024-12-20 04:03:23.640953,2024-12-20 17:13:20.281057,2024-12-23 23:59:06.693941,2025-01-02 10:11:02
order_00001092,cust_00001778,delivered,2025-08-21 08:16:38,2025-08-21 14:35:18.284691,2025-08-24 08:41:38.680265,2025-08-31 12:48:08.756727,2025-09-12 08:16:38
order_00001093,cust_00001596,delivered,2025-12-20 03:59:46,2025-12-20 07:38:24.440820,2025-12-21 01:13:37.431369,2025-12-22 03:35:14.960730,2026-01-04 03:59:46
order_00001094,cust_00000677,delivered,2025-02-07 16:03:01,2025-02-08 07:49:28.258823,2025-02-09 12:17:21.217863,2025-02-11 03:44:08.269963,2025-03-04 16:03:01
order_00001095,cust_00002756,delivered,2025-06-07 10:20:32,2025-06-07 16:28:06.290066,2025-06-09 02:00:17.394026,2025-06-15 01:07:17.774497,2025-06-24 10:20:32
order_00001096,cust_00000869,delivered,2024-05-12 22:16:17,2024-05-13 06:28:36.975679,2024-05-17 15:53:39.186901,2024-05-28 13:57:04.852946,2024-05-27 22:16:17
order_00001097,cust_00001660,delivered,2025-12-21 05:05:44,2025-12-21 06:23:53.180904,2025-12-24 21:26:19.828304,2025-12-28 14:46:23.278280,2026-01-10 05:05:44
order_00001098,cust_00002071,processing,2025-04-19 05:05:42,2025-04-19 06:19:44.180483,,,2025-05-12 05:05:42
order_00001099,cust_00000227,delivered,2025-09-27 14:02:54,2025-09-27 15:38:59.231995,2025-10-09 17:24:01.908452,2025-10-15 16:03:41.505183,2025-10-17 14:02:54
order_00001100,cust_00002535,delivered,2024-01-24 14:51:40,2024-01-24 15:58:16.952373,2024-01-26 11:08:23.101362,2024-01-31 15:46:16.998532,2024-02-15 14:51:40
order_00001101,cust_00002566,delivered,2025-11-11 21:49:17,2025-11-12 02:40:19.749072,2025-11-15 16:47:58.444239,2025-12-01 03:17:41.009379,2025-11-27 21:49:17
order_00001102,cust_00002019,delivered,2024-12-11 22:02:15,2024-12-12 05:22:21.686021,2024-12-15 22:01:12.888698,2024-12-18 12:56:29.015942,2024-12-29 22:02:15
order_00001103,cust_00001716,canceled,2025-08-24 15:23:12,,,,2025-09-10 15:23:12
order_00001104,cust_00000652,delivered,2024-08-11 09:39:06,2024-08-11 21:24:57.076864,2024-08-16 03:20:58.446497,2024-08-19 14:33:52.321060,2024-08-28 09:39:06
order_00001105,cust_00000117,delivered,2024-05-15 19:19:19,2024-05-16 04:23:18.931452,2024-05-16 18:43:08.674589,2024-05-18 14:01:07.601211,2024-06-04 19:19:19
order_00001106,cust_00001086,delivered,2025-11-25 14:17:30,2025-11-26 01:22:52.181783,2025-11-27 08:16:01.855252,2025-12-02 01:44:50.881591,2025-12-13 14:17:30
order_00001107,cust_00001289,delivered,2024-05-31 08:15:55,2024-05-31 12:13:23.479365,2024-06-02 07:21:26.179488,2024-06-15 19:31:31.959321,2024-06-19 08:15:55
order_00001108,cust_00002579,delivered,2025-12-22 11:40:03,2025-12-22 12:22:31.715489,2025-12-25 08:17:52.770155,2026-01-02 14:31:55.337320,2026-01-15 11:40:03
order_00001109,cust_00000411,delivered,2024-07-31 16:13:17,2024-07-31 21:15:07.795710,2024-08-02 01:17:40.633385,2024-08-09 09:01:52.905477,2024-08-24 16:13:17
order_00001110,cust_00000497,delivered,2024-05-17 16:07:01,2024-05-17 16:58:24.783159,2024-05-18 15:02:19.000314,2024-05-20 07:47:29.007799,2024-06-06 16:07:01
order_00001111,cust_00001969,delivered,2025-10-22 20:27:03,2025-10-23 01:28:20.184014,2025-10-23 17:42:47.126628,2025-11-11 09:57:34.977391,2025-11-11 20:27:03
order_00001112,cust_00002906,delivered,2024-05-21 06:14:50,2024-05-21 10:41:16.040218,2024-05-23 21:44:29.067289,2024-06-12 03:44:55.800408,2024-06-09 06:14:50
order_00001113,cust_00001792,delivered,2024-05-31 00:30:27,2024-05-31 10:30:05.780701,2024-06-02 12:20:52.636453,2024-06-05 02:20:54.762862,2024-06-14 00:30:27
order_00001114,cust_00001655,delivered,2025-01-25 15:38:33,2025-01-25 17:17:08.189051,2025-01-27 03:18:40.130501,2025-01-28 16:06:01.022386,2025-02-12 15:38:33
order_00001115,cust_00001916,delivered,2025-06-20 00:23:59,2025-06-20 09:28:57.037462,2025-06-21 03:02:11.016009,2025-06-23 02:30:38.319666,2025-07-08 00:23:59
order_00001116,cust_00000702,delivered,2024-06-20 21:29:58,2024-06-21 08:57:15.119426,2024-06-22 11:48:15.635058,2024-06-27 16:30:28.455715,2024-07-07 21:29:58
order_00001117,cust_00002144,shipped,2025-10-26 13:06:53,2025-10-26 18:06:15.763208,2025-10-28 00:20:01.433854,,2025-11-13 13:06:53
order_00001118,cust_00000290,delivered,2025-07-03 19:32:01,2025-07-04 00:59:29.908346,2025-07-04 16:47:05.332460,2025-07-08 06:14:27.174243,2025-07-23 19:32:01
order_00001119,cust_00002186,delivered,2024-08-27 19:44:05,2024-08-27 20:39:56.640486,2024-08-29 13:16:16.537315,2024-09-05 20:20:12.767250,2024-09-21 19:44:05
order_00001120,cust_00000087,delivered,2024-12-17 12:29:28,2024-12-17 16:50:03.968120,2024-12-21 22:18:51.299373,2024-12-26 09:30:03.205104,2025-01-07 12:29:28
order_00001121,cust_00002091,delivered,2024-08-20 04:31:24,2024-08-20 07:08:23.358697,2024-08-20 23:09:47.068360,2024-08-30 01:33:19.564896,2024-09-04 04:31:24
order_00001122,cust_00001170,delivered,2024-03-22 17:08:22,2024-03-23 03:17:46.346137,2024-03-24 16:24:26.833766,2024-03-26 13:44:51.390421,2024-04-10 17:08:22
order_00001123,cust_00000971,delivered,2024-11-19 03:58:19,2024-11-19 04:46:55.299172,2024-11-20 15:54:46.494897,2024-11-24 18:15:44.586334,2024-12-13 03:58:19
order_00001124,cust_00001828,delivered,2025-11-30 00:12:39,2025-11-30 00:48:33.983665,2025-11-30 19:32:44.590617,2025-12-06 13:16:01.884873,2025-12-28 00:12:39
order_00001125,cust_00000132,delivered,2025-12-16 23:27:23,2025-12-17 05:27:47.684359,2025-12-18 04:20:25.729042,2025-12-22 16:17:02.608748,2026-01-03 23:27:23
order_00001126,cust_00001776,delivered,2025-04-02 18:35:18,2025-04-03 00:21:00.517827,2025-04-04 12:19:18.589477,2025-04-18 00:05:26.385644,2025-04-17 18:35:18
order_00001127,cust_00001479,delivered,2025-04-15 18:12:32,2025-04-16 00:54:48.531497,2025-04-16 14:37:20.922381,2025-04-30 07:01:22.249447,2025-05-09 18:12:32
order_00001128,cust_00002412,delivered,2025-06-05 11:20:20,2025-06-05 13:31:49.284191,2025-06-07 00:36:24.957209,2025-06-14 14:37:02.749700,2025-06-28 11:20:20
order_00001129,cust_00001584,delivered,2025-11-11 08:51:44,2025-11-11 13:37:16.808872,2025-11-12 23:53:38.164224,2025-11-15 19:46:25.799519,2025-11-30 08:51:44
order_00001130,cust_00002045,delivered,2024-08-20 22:16:26,2024-08-20 23:12:19.699535,2024-08-21 11:42:47.106860,2024-08-28 10:41:01.530515,2024-09-10 22:16:26
order_00001131,cust_00000419,delivered,2024-04-24 17:58:41,2024-04-24 18:34:43.132319,2024-04-25 22:38:50.002801,2024-04-27 19:12:14.070287,2024-05-21 17:58:41
order_00001132,cust_00000208,delivered,2024-04-30 18:55:15,2024-05-01 12:28:46.875156,2024-05-03 17:17:20.842627,2024-05-05 10:39:04.567288,2024-05-14 18:55:15
order_00001133,cust_00002685,delivered,2025-05-23 09:59:21,2025-05-23 23:15:58.067690,2025-05-24 19:22:39.224817,2025-05-28 12:32:44.705934,2025-06-09 09:59:21
order_00001134,cust_00000401,delivered,2025-12-18 01:33:46,2025-12-18 04:33:43.030107,2025-12-20 17:46:26.660822,2025-12-28 18:24:29.663240,2025-12-31 01:33:46
order_00001135,cust_00002064,delivered,2025-11-18 01:26:01,2025-11-18 08:48:21.064796,2025-11-26 06:04:31.298920,2025-12-01 19:05:02.981006,2025-12-09 01:26:01
order_00001136,cust_00002385,delivered,2024-11-04 15:17:52,2024-11-04 17:20:06.059979,2024-11-05 10:05:45.985594,2024-11-14 08:59:37.448194,2024-11-22 15:17:52
order_00001137,cust_00001632,delivered,2024-01-23 04:36:31,2024-01-23 11:15:16.021314,2024-01-26 11:13:20.820673,2024-02-05 12:08:24.769557,2024-02-12 04:36:31
order_00001138,cust_00000373,delivered,2024-02-25 22:54:25,2024-02-26 02:27:19.794244,2024-02-26 14:47:36.197819,2024-02-29 08:57:56.828920,2024-03-18 22:54:25
order_00001139,cust_00000809,delivered,2025-05-03 14:55:31,2025-05-04 03:45:08.194609,2025-05-05 11:33:00.687815,2025-05-09 23:13:51.708993,2025-05-15 14:55:31
order_00001140,cust_00002920,delivered,2024-12-11 15:34:15,2024-12-11 20:08:38.487154,2024-12-14 14:25:39.801397,2024-12-31 10:51:43.322663,2025-01-02 15:34:15
order_00001141,cust_00000405,delivered,2024-08-17 06:22:41,2024-08-17 10:32:33.948074,2024-08-18 01:01:34.920244,2024-08-19 21:59:04.436208,2024-09-07 06:22:41
order_00001142,cust_00001254,shipped,2025-04-06 15:50:27,2025-04-06 19:50:21.154491,2025-04-08 18:42:08.062982,,2025-04-28 15:50:27
order_00001143,cust_00000473,delivered,2024-04-21 18:05:45,2024-04-21 18:36:20.108802,2024-04-24 20:34:43.177784,2024-05-09 08:17:45.212839,2024-05-11 18:05:45
order_00001144,cust_00001982,delivered,2024-08-22 10:49:24,2024-08-23 00:29:13.028140,2024-08-25 07:59:50.271397,2024-08-30 17:35:57.466095,2024-09-02 10:49:24
order_00001145,cust_00000392,delivered,2025-03-07 04:00:58,2025-03-07 05:11:07.505578,2025-03-08 20:26:39.763553,2025-03-20 18:03:57.749498,2025-03-29 04:00:58
order_00001146,cust_00002559,delivered,2025-09-11 10:01:30,2025-09-11 11:56:23.233073,2025-09-16 13:56:35.136616,2025-09-24 07:14:07.374059,2025-09-30 10:01:30
order_00001147,cust_00002306,delivered,2024-10-14 07:59:46,2024-10-14 08:41:11.751776,2024-10-15 07:37:15.608296,2024-10-16 10:19:55.226766,2024-11-03 07:59:46
order_00001148,cust_00001306,delivered,2024-01-17 04:09:45,2024-01-17 07:41:09.764700,2024-01-20 14:36:28.659862,2024-01-25 22:18:55.089007,2024-02-04 04:09:45
order_00001149,cust_00000642,delivered,2024-03-07 19:17:31,2024-03-07 20:53:28.830009,2024-03-08 15:45:40.529861,2024-03-15 09:12:28.265649,2024-03-26 19:17:31
order_00001150,cust_00000539,delivered,2024-10-15 07:44:30,2024-10-15 13:14:35.786587,2024-10-16 14:12:09.976852,2024-10-25 21:27:42.996848,2024-11-02 07:44:30
order_00001151,cust_00000894,delivered,2025-03-29 01:28:43,2025-03-29 09:10:59.297522,2025-03-31 09:04:53.210337,2025-04-06 03:00:00.894558,2025-04-17 01:28:43
order_00001152,cust_00002470,delivered,2024-02-23 11:28:05,2024-02-24 00:59:02.321149,2024-02-26 12:41:54.880162,2024-03-02 05:35:08.083424,2024-03-24 11:28:05
order_00001153,cust_00002433,delivered,2025-11-12 07:32:07,2025-11-12 08:30:25.070459,2025-11-15 06:10:09.979856,2025-11-19 13:02:44.377658,2025-12-04 07:32:07
order_00001154,cust_00001798,delivered,2025-06-22 18:57:59,2025-06-23 01:28:10.657272,2025-06-24 13:30:36.440803,2025-07-04 20:50:20.164343,2025-07-05 18:57:59
order_00001155,cust_00001092,delivered,2024-09-22 15:11:49,2024-09-22 18:14:41.090721,2024-09-24 09:44:07.002954,2024-09-28 17:19:17.225833,2024-10-15 15:11:49
order_00001156,cust_00001001,delivered,2025-03-25 06:01:52,2025-03-25 07:53:47.359896,2025-03-27 12:46:09.537233,2025-04-02 16:10:23.158010,2025-04-14 06:01:52
order_00001157,cust_00002065,delivered,2024-02-07 22:25:21,2024-02-08 00:18:25.369590,2024-02-09 03:51:16.329084,2024-02-10 11:07:37.819575,2024-03-02 22:25:21
order_00001158,cust_00001106,unavailable,2024-06-17 19:14:28,2024-06-18 00:04:00.165411,,,2024-06-28 19:14:28
order_00001159,cust_00001004,delivered,2025-09-19 20:48:57,2025-09-20 10:24:04.318816,2025-09-22 01:31:31.840770,2025-09-28 00:15:10.661394,2025-10-05 20:48:57
order_00001160,cust_00002739,delivered,2024-07-25 02:48:34,2024-07-25 20:08:59.171056,2024-08-04 14:29:50.485096,2024-08-07 06:25:10.540941,2024-08-18 02:48:34
order_00001161,cust_00001298,delivered,2025-10-14 02:23:34,2025-10-14 05:30:56.225622,2025-10-19 00:52:05.390088,2025-11-03 23:57:36.907535,2025-10-29 02:23:34
order_00001162,cust_00001373,delivered,2025-11-09 12:19:37,2025-11-09 15:24:01.180174,2025-11-13 04:08:12.800116,2025-11-23 12:04:02.911951,2025-11-24 12:19:37
order_00001163,cust_00000117,delivered,2025-01-07 08:54:26,2025-01-07 19:37:48.594146,2025-01-09 06:00:35.426853,2025-01-18 05:28:31.849008,2025-01-24 08:54:26
order_00001164,cust_00000418,delivered,2024-08-30 00:30:46,2024-08-30 03:36:08.267100,2024-09-01 20:22:10.486419,2024-09-21 05:20:32.614379,2024-09-15 00:30:46
order_00001165,cust_00000996,delivered,2024-03-31 15:21:56,2024-04-01 02:49:39.323705,2024-04-02 02:50:53.812656,2024-04-13 18:53:54.002725,2024-04-20 15:21:56
order_00001166,cust_00002860,delivered,2025-07-14 02:49:43,2025-07-14 04:48:04.196931,2025-07-15 14:54:58.563767,2025-07-19 23:39:54.259764,2025-08-08 02:49:43
order_00001167,cust_00001583,delivered,2025-04-10 19:45:11,2025-04-11 01:18:04.814469,2025-04-16 18:42:35.072934,2025-04-20 11:47:16.524856,2025-04-26 19:45:11
order_00001168,cust_00002748,delivered,2024-04-18 10:32:41,2024-04-18 14:08:44.751388,2024-04-20 11:27:02.529113,2024-04-25 01:51:23.494444,2024-05-09 10:32:41
order_00001169,cust_00002262,delivered,2024-01-21 15:26:13,2024-01-21 19:14:34.909676,2024-01-22 07:16:41.076720,2024-01-29 16:18:42.827294,2024-02-08 15:26:13
order_00001170,cust_00002752,delivered,2024-01-23 23:09:55,2024-01-24 03:15:33.902770,2024-01-27 05:26:12.263745,2024-01-31 14:19:31.190966,2024-02-16 23:09:55
order_00001171,cust_00000986,delivered,2025-12-12 19:52:37,2025-12-13 06:04:13.890580,2025-12-14 13:36:39.313869,2025-12-22 07:59:43.180914,2026-01-06 19:52:37
order_00001172,cust_00000851,delivered,2024-08-07 08:42:10,2024-08-07 13:14:47.787809,2024-08-08 03:43:12.328454,2024-08-11 06:36:31.755077,2024-08-30 08:42:10
order_00001173,cust_00001419,delivered,2025-03-08 21:51:23,2025-03-09 18:26:33.697368,2025-03-10 17:04:35.978249,2025-03-25 11:08:04.505437,2025-03-24 21:51:23
order_00001174,cust_00001632,delivered,2024-03-13 08:07:09,2024-03-13 23:44:11.163427,2024-03-18 10:52:15.064075,2024-03-20 15:52:50.564203,2024-04-10 08:07:09
order_00001175,cust_00000245,delivered,2025-12-23 15:35:58,2025-12-23 19:28:53.593000,2025-12-25 07:04:41.229773,2026-01-07 04:22:24.731044,2026-01-11 15:35:58
order_00001176,cust_00000017,delivered,2025-03-14 08:08:40,2025-03-14 08:43:18.509071,2025-03-17 08:19:22.035818,2025-03-18 13:44:22.415390,2025-03-31 08:08:40
order_00001177,cust_00001094,delivered,2025-01-28 09:36:13,2025-01-28 10:47:01.690249,2025-01-29 20:11:37.038371,2025-02-18 10:46:07.322407,2025-02-20 09:36:13
order_00001178,cust_00001632,delivered,2024-12-03 23:47:15,2024-12-04 05:52:31.361560,2024-12-05 07:56:04.444866,2024-12-09 12:14:54.380915,2024-12-26 23:47:15
order_00001179,cust_00002465,delivered,2025-05-05 05:17:58,2025-05-05 06:12:34.680706,2025-05-10 18:51:37.377664,2025-05-17 07:51:04.099547,2025-05-23 05:17:58
order_00001180,cust_00000755,delivered,2025-06-14 14:41:57,2025-06-14 16:18:49.456919,2025-06-16 17:33:29.242879,2025-06-19 00:52:01.496382,2025-07-09 14:41:57
order_00001181,cust_00001428,delivered,2024-10-06 09:36:03,2024-10-06 17:26:39.221154,2024-10-09 23:22:57.412300,2024-10-14 05:41:36.281747,2024-10-26 09:36:03
order_00001182,cust_00002393,unavailable,2024-03-28 02:20:59,2024-03-28 08:08:04.189056,,,2024-04-19 02:20:59
order_00001183,cust_00000273,delivered,2024-03-23 10:45:44,2024-03-23 12:01:40.245884,2024-03-25 09:00:47.662996,2024-04-04 13:45:51.284323,2024-04-19 10:45:44
order_00001184,cust_00002873,delivered,2025-11-18 22:48:10,2025-11-18 23:59:39.182739,2025-11-21 01:27:30.271279,2025-11-22 09:52:13.384475,2025-12-13 22:48:10
order_00001185,cust_00001626,delivered,2024-01-24 15:39:08,2024-01-24 16:58:53.141011,2024-01-29 06:27:37.111244,2024-02-01 01:29:29.322784,2024-02-10 15:39:08
order_00001186,cust_00000529,unavailable,2024-04-27 19:52:37,2024-04-27 23:16:11.553491,,,2024-05-18 19:52:37
order_00001187,cust_00001273,canceled,2024-05-05 01:39:46,,,,2024-05-31 01:39:46
order_00001188,cust_00001870,delivered,2024-05-15 12:37:59,2024-05-15 13:40:22.832865,2024-05-16 11:29:54.990586,2024-05-20 01:57:04.048265,2024-06-11 12:37:59
order_00001189,cust_00001212,processing,2024-10-12 19:25:50,2024-10-13 00:57:58.392064,,,2024-11-04 19:25:50
order_00001190,cust_00001343,delivered,2024-11-27 22:24:47,2024-11-27 23:44:52.172963,2024-11-30 19:03:21.209087,2024-12-04 04:34:57.349875,2024-12-17 22:24:47
order_00001191,cust_00001475,delivered,2024-02-01 07:45:40,2024-02-01 09:20:30.802442,2024-02-03 13:45:10.143436,2024-02-09 05:11:19.567827,2024-02-18 07:45:40
order_00001192,cust_00000229,delivered,2025-03-17 05:05:48,2025-03-17 05:57:14.142737,2025-03-19 08:28:03.962601,2025-03-26 08:20:35.823850,2025-04-14 05:05:48
order_00001193,cust_00000345,delivered,2025-03-01 21:15:45,2025-03-02 05:48:54.417555,2025-03-02 23:49:51.730656,2025-03-10 06:19:34.177772,2025-03-21 21:15:45
order_00001194,cust_00002968,delivered,2025-09-08 01:02:25,2025-09-08 02:54:17.381666,2025-09-09 02:14:53.555618,2025-09-15 10:00:05.974213,2025-09-21 01:02:25
order_00001195,cust_00002744,delivered,2025-04-24 00:10:22,2025-04-24 07:13:36.786298,2025-04-26 01:05:50.515385,2025-05-07 01:55:54.781409,2025-05-04 00:10:22
order_00001196,cust_00000098,delivered,2024-01-21 02:22:03,2024-01-21 07:48:42.244235,2024-01-23 03:04:54.135312,2024-02-01 07:54:56.345077,2024-01-28 02:22:03
order_00001197,cust_00001405,delivered,2025-07-19 02:56:29,2025-07-19 06:03:29.363191,2025-07-20 18:48:53.588200,2025-07-29 06:30:59.214828,2025-08-04 02:56:29
order_00001198,cust_00001671,unavailable,2024-07-10 04:53:53,2024-07-10 05:41:24.969084,,,2024-07-28 04:53:53
order_00001199,cust_00000128,delivered,2024-08-23 07:34:01,2024-08-23 12:27:22.972398,2024-08-24 01:53:56.967098,2024-08-31 02:46:41.782387,2024-09-19 07:34:01
order_00001200,cust_00002751,delivered,2025-10-23 07:09:08,2025-10-23 18:51:03.693008,2025-10-24 09:11:45.024272,2025-10-25 19:41:38.639183,2025-11-12 07:09:08
order_00001201,cust_00002316,delivered,2024-07-03 23:17:51,2024-07-04 02:14:31.243053,2024-07-05 20:01:08.948378,2024-07-13 02:14:29.885029,2024-07-23 23:17:51
order_00001202,cust_00001369,delivered,2024-06-13 04:17:05,2024-06-13 07:30:20.146448,2024-06-14 18:47:54.619511,2024-06-18 15:43:42.020910,2024-07-06 04:17:05
order_00001203,cust_00002569,delivered,2024-07-01 17:39:37,2024-07-02 07:50:19.855341,2024-07-03 15:55:20.364035,2024-07-09 16:13:09.966930,2024-07-25 17:39:37
order_00001204,cust_00001609,delivered,2024-07-03 15:29:43,2024-07-04 04:27:41.014183,2024-07-06 21:00:03.888378,2024-07-11 06:30:36.825597,2024-07-27 15:29:43
order_00001205,cust_00001371,delivered,2024-03-03 00:03:27,2024-03-03 16:13:47.525254,2024-03-07 00:21:09.288340,2024-03-19 09:24:12.274218,2024-03-22 00:03:27
order_00001206,cust_00001428,processing,2024-04-18 23:28:02,2024-04-19 15:42:20.213882,,,2024-05-06 23:28:02
order_00001207,cust_00002884,delivered,2025-04-22 15:40:43,2025-04-22 17:01:58.526344,2025-04-24 06:54:11.420746,2025-04-26 13:17:07.350757,2025-05-06 15:40:43
order_00001208,cust_00000936,delivered,2024-12-26 10:48:37,2024-12-26 15:09:26.097529,2024-12-27 15:27:37.628096,2024-12-29 12:15:01.657084,2025-01-12 10:48:37
order_00001209,cust_00001441,delivered,2025-02-03 21:49:17,2025-02-04 03:53:37.016643,2025-02-05 17:33:11.764604,2025-02-13 06:27:50.980785,2025-02-25 21:49:17
order_00001210,cust_00002762,delivered,2025-09-26 01:14:44,2025-09-26 04:08:17.258009,2025-09-27 16:32:22.746579,2025-09-28 20:31:14.423206,2025-10-14 01:14:44
order_00001211,cust_00001532,delivered,2024-02-26 02:47:53,2024-02-26 13:36:17.645880,2024-02-29 19:10:07.583335,2024-03-06 18:30:36.345687,2024-03-13 02:47:53
order_00001212,cust_00001560,delivered,2024-07-08 20:12:33,2024-07-08 21:35:56.208385,2024-07-12 10:27:03.553809,2024-07-14 00:39:00.818999,2024-07-27 20:12:33
order_00001213,cust_00001528,delivered,2025-09-27 12:12:58,2025-09-27 14:26:16.217847,2025-09-29 15:54:03.548797,2025-10-04 07:33:05.283991,2025-10-14 12:12:58
order_00001214,cust_00001128,delivered,2024-06-18 08:51:48,2024-06-18 15:27:11.089568,2024-06-19 23:46:40.025579,2024-06-21 11:49:39.095833,2024-07-01 08:51:48
order_00001215,cust_00001228,delivered,2025-02-03 09:36:08,2025-02-03 20:04:25.344045,2025-02-05 03:45:47.449131,2025-02-06 21:01:12.942331,2025-02-25 09:36:08
order_00001216,cust_00001288,delivered,2025-09-06 17:10:11,2025-09-06 17:45:36.082503,2025-09-08 09:34:38.550154,2025-09-12 00:16:28.622047,2025-09-30 17:10:11
order_00001217,cust_00000648,delivered,2025-01-16 11:55:21,2025-01-16 17:57:09.053303,2025-01-18 18:47:41.374217,2025-01-21 03:58:20.545167,2025-02-02 11:55:21
order_00001218,cust_00002234,delivered,2024-06-26 10:35:08,2024-06-26 20:38:47.632037,2024-06-28 03:14:38.066831,2024-07-01 16:03:45.230276,2024-07-17 10:35:08
order_00001219,cust_00000495,invoiced,2024-06-21 16:49:57,2024-06-21 21:27:32.103452,,,2024-07-07 16:49:57
order_00001220,cust_00000852,delivered,2024-12-26 21:22:14,2024-12-26 21:55:49.569499,2024-12-27 16:45:27.314496,2025-01-02 13:19:34.929461,2025-01-15 21:22:14
order_00001221,cust_00001239,delivered,2024-03-19 08:18:45,2024-03-19 12:17:10.928776,2024-03-21 13:38:45.639811,2024-03-23 03:43:07.343049,2024-04-06 08:18:45
order_00001222,cust_00001818,delivered,2025-04-23 11:46:17,2025-04-23 14:20:15.671936,2025-04-24 05:20:02.760993,2025-04-25 14:11:57.079685,2025-05-15 11:46:17
order_00001223,cust_00002590,delivered,2024-02-01 05:54:20,2024-02-01 08:53:39.898334,2024-02-02 23:43:23.457982,2024-02-05 16:59:59.840924,2024-02-26 05:54:20
order_00001224,cust_00001535,delivered,2025-05-19 20:50:57,2025-05-20 07:53:22.308479,2025-05-23 02:43:02.877001,2025-05-26 22:39:55.668311,2025-06-05 20:50:57
order_00001225,cust_00002923,delivered,2025-10-30 09:20:24,2025-10-30 10:06:48.267964,2025-11-02 18:44:08.666047,2025-11-04 21:04:49.055212,2025-11-26 09:20:24
order_00001226,cust_00002160,delivered,2025-01-24 10:19:06,2025-01-24 17:02:07.134526,2025-01-31 05:31:11.202709,2025-02-14 00:46:58.818098,2025-02-13 10:19:06
order_00001227,cust_00002534,delivered,2024-08-18 10:30:52,2024-08-18 12:28:06.060628,2024-08-20 06:37:19.699363,2024-08-22 08:22:06.053124,2024-09-06 10:30:52
order_00001228,cust_00000449,delivered,2025-02-28 20:09:10,2025-02-28 22:05:02.656561,2025-03-02 04:56:46.770718,2025-03-07 13:38:07.718949,2025-03-17 20:09:10
order_00001229,cust_00000843,delivered,2024-12-11 18:44:27,2024-12-12 05:25:31.489244,2024-12-13 13:10:35.594676,2024-12-20 10:10:44.059075,2024-12-28 18:44:27
order_00001230,cust_00002248,delivered,2024-09-03 09:51:37,2024-09-03 12:55:05.216948,2024-09-05 12:20:14.741656,2024-09-08 05:52:52.108523,2024-09-27 09:51:37
order_00001231,cust_00002484,delivered,2024-02-09 07:32:14,2024-02-09 09:43:25.342929,2024-02-10 15:31:15.954687,2024-02-12 19:54:44.646228,2024-03-06 07:32:14
order_00001232,cust_00000515,delivered,2024-12-16 21:35:50,2024-12-17 07:16:56.734965,2024-12-17 22:25:47.429171,2024-12-21 12:50:46.116838,2025-01-05 21:35:50
order_00001233,cust_00000380,delivered,2025-04-30 04:49:49,2025-04-30 05:55:33.910171,2025-04-30 22:47:50.746974,2025-05-11 03:25:44.521182,2025-05-20 04:49:49
order_00001234,cust_00001240,delivered,2025-11-08 13:39:02,2025-11-08 17:07:17.156756,2025-11-09 07:03:03.521604,2025-11-16 21:05:02.390734,2025-12-02 13:39:02
order_00001235,cust_00000765,delivered,2025-10-22 10:19:49,2025-10-22 21:30:47.315982,2025-10-25 13:18:53.073513,2025-10-30 16:56:13.111116,2025-11-08 10:19:49
order_00001236,cust_00001416,delivered,2025-07-09 23:44:15,2025-07-10 09:06:56.751858,2025-07-11 04:22:23.519677,2025-07-12 20:38:35.532309,2025-07-25 23:44:15
order_00001237,cust_00001525,delivered,2024-10-18 20:16:51,2024-10-18 22:21:45.052057,2024-10-19 15:11:51.820770,2024-10-23 15:24:07.026268,2024-11-10 20:16:51
order_00001238,cust_00000850,delivered,2024-11-07 06:44:50,2024-11-07 12:30:07.187137,2024-11-10 10:04:32.053913,2024-11-11 20:08:07.825102,2024-11-25 06:44:50
order_00001239,cust_00000009,delivered,2024-07-16 11:57:26,2024-07-16 14:13:51.313266,2024-07-18 21:36:46.348642,2024-07-25 15:28:39.957848,2024-08-09 11:57:26
order_00001240,cust_00000174,delivered,2024-10-14 04:27:40,2024-10-14 05:49:53.224859,2024-10-16 18:17:11.303527,2024-10-20 03:49:28.867516,2024-10-26 04:27:40
order_00001241,cust_00001052,delivered,2024-10-07 04:04:23,2024-10-07 09:07:06.028853,2024-10-07 23:26:07.134094,2024-10-10 14:51:39.642970,2024-10-24 04:04:23
order_00001242,cust_00002548,delivered,2025-05-04 06:31:36,2025-05-05 02:21:39.392038,2025-05-05 21:54:04.634090,2025-05-08 23:27:16.224887,2025-05-23 06:31:36
order_00001243,cust_00001347,delivered,2025-10-15 11:22:26,2025-10-16 13:25:23.073560,2025-10-19 00:11:47.862161,2025-10-20 10:24:29.365313,2025-10-30 11:22:26
order_00001244,cust_00000454,delivered,2024-01-21 19:07:11,2024-01-22 11:40:30.681838,2024-01-23 06:12:25.913787,2024-01-25 04:41:45.590417,2024-02-14 19:07:11
order_00001245,cust_00000621,delivered,2024-08-31 10:05:44,2024-08-31 16:45:16.524651,2024-09-01 12:45:22.577546,2024-09-06 06:03:04.568733,2024-09-26 10:05:44
order_00001246,cust_00002794,delivered,2024-11-29 22:27:17,2024-11-30 06:38:35.309077,2024-12-01 05:20:24.827995,2024-12-04 06:22:23.772308,2024-12-18 22:27:17
order_00001247,cust_00001451,delivered,2024-02-26 09:06:21,2024-02-26 09:42:01.916791,2024-02-27 03:19:29.504235,2024-02-28 08:17:01.813755,2024-03-15 09:06:21
order_00001248,cust_00002117,delivered,2024-01-01 15:23:06,2024-01-01 21:53:17.963166,2024-01-07 19:10:54.097566,2024-01-10 04:06:20.830772,2024-01-21 15:23:06
order_00001249,cust_00002406,delivered,2025-12-23 18:38:39,2025-12-24 03:58:43.136472,2025-12-24 23:06:59.986719,2025-12-30 12:35:32.902426,2026-01-21 18:38:39
order_00001250,cust_00000272,delivered,2024-02-03 19:06:20,2024-02-03 22:47:48.481300,2024-02-08 09:52:16.010959,2024-02-17 06:46:08.583818,2024-02-27 19:06:20
order_00001251,cust_00002455,delivered,2024-11-04 08:00:03,2024-11-04 10:37:08.134006,2024-11-05 05:49:25.798482,2024-11-07 16:56:49.685956,2024-11-29 08:00:03
order_00001252,cust_00001768,delivered,2025-08-19 10:30:05,2025-08-19 14:40:50.532681,2025-08-21 12:14:43.756578,2025-08-22 22:51:08.271189,2025-09-04 10:30:05
order_00001253,cust_00001784,delivered,2024-07-05 06:31:05,2024-07-05 11:49:51.576198,2024-07-06 06:04:21.952959,2024-07-08 02:22:04.547512,2024-07-17 06:31:05
order_00001254,cust_00001548,delivered,2025-05-13 22:57:32,2025-05-14 03:05:53.966208,2025-05-16 06:51:59.938455,2025-05-19 14:14:21.651855,2025-05-31 22:57:32
order_00001255,cust_00002707,delivered,2025-03-18 06:56:59,2025-03-18 08:00:13.094279,2025-03-26 06:38:09.305759,2025-03-27 11:23:17.393938,2025-03-31 06:56:59
order_00001256,cust_00002053,delivered,2024-07-01 18:59:05,2024-07-02 00:42:39.047538,2024-07-03 09:27:06.106195,2024-07-11 07:11:18.078815,2024-07-25 18:59:05
order_00001257,cust_00002211,shipped,2024-03-27 01:43:27,2024-03-27 11:32:21.780898,2024-03-28 02:42:13.484565,,2024-04-11 01:43:27
order_00001258,cust_00001483,delivered,2025-02-17 03:59:10,2025-02-17 11:00:00.909096,2025-02-18 08:35:20.789796,2025-02-19 19:08:52.150140,2025-03-05 03:59:10
order_00001259,cust_00000630,delivered,2024-03-10 17:06:29,2024-03-10 17:53:47.119796,2024-03-12 05:04:28.347765,2024-03-14 04:50:26.278999,2024-03-30 17:06:29
order_00001260,cust_00001707,delivered,2025-11-29 19:39:04,2025-11-29 22:04:10.599961,2025-12-02 00:09:08.843970,2025-12-11 03:00:47.287066,2025-12-29 19:39:04
order_00001261,cust_00000158,delivered,2025-12-24 17:47:22,2025-12-25 02:52:46.599122,2025-12-27 01:44:57.311819,2026-01-15 16:43:43.960362,2026-01-09 17:47:22
order_00001262,cust_00001319,shipped,2024-12-30 17:30:52,2024-12-30 20:43:10.393938,2025-01-01 05:07:08.929812,,2025-01-15 17:30:52
order_00001263,cust_00001043,delivered,2025-03-11 07:53:51,2025-03-11 09:34:18.991223,2025-03-12 03:39:38.911180,2025-03-16 17:01:44.903009,2025-03-22 07:53:51
order_00001264,cust_00001095,delivered,2024-07-20 21:12:24,2024-07-21 00:15:25.394565,2024-07-24 17:39:40.753646,2024-07-26 16:50:15.602065,2024-08-08 21:12:24
order_00001265,cust_00001533,delivered,2025-05-31 07:04:54,2025-05-31 08:42:44.707134,2025-06-01 07:55:21.446723,2025-06-03 13:45:34.051929,2025-06-21 07:04:54
order_00001266,cust_00001361,delivered,2025-07-20 16:35:06,2025-07-20 17:36:49.387899,2025-07-26 22:17:31.259472,2025-07-28 16:05:11.739149,2025-08-01 16:35:06
order_00001267,cust_00000957,delivered,2024-12-20 13:55:01,2024-12-20 14:28:19.812530,2024-12-21 14:24:44.223184,2024-12-24 16:43:35.668368,2025-01-12 13:55:01
order_00001268,cust_00002030,delivered,2025-01-26 23:55:21,2025-01-27 07:18:38.204642,2025-01-29 21:57:41.525519,2025-02-04 13:44:11.624595,2025-02-15 23:55:21
order_00001269,cust_00001328,delivered,2024-01-20 04:34:02,2024-01-20 08:05:10.089787,2024-01-23 19:24:48.102007,2024-02-24 01:52:56.001263,2024-02-10 04:34:02
order_00001270,cust_00001529,delivered,2025-08-02 17:33:50,2025-08-03 01:25:50.198155,2025-08-04 16:46:18.767327,2025-08-05 22:28:25.134186,2025-08-29 17:33:50
order_00001271,cust_00001883,delivered,2024-11-04 17:10:05,2024-11-04 23:11:18.104310,2024-11-08 00:10:05.920520,2024-11-13 20:53:55.391070,2024-11-22 17:10:05
order_00001272,cust_00000343,canceled,2025-06-26 03:32:42,,,,2025-07-13 03:32:42
order_00001273,cust_00001561,delivered,2024-11-19 04:17:34,2024-11-19 06:59:42.293637,2024-11-20 19:45:07.380732,2024-11-28 13:16:37.262882,2024-12-05 04:17:34
order_00001274,cust_00001141,delivered,2024-02-16 10:18:07,2024-02-16 14:19:52.353685,2024-02-19 00:50:01.098743,2024-02-21 02:47:04.498658,2024-03-09 10:18:07
order_00001275,cust_00000973,shipped,2025-03-11 03:12:44,2025-03-11 11:57:06.444125,2025-03-12 16:09:31.931642,,2025-03-26 03:12:44
order_00001276,cust_00001794,delivered,2025-03-14 09:29:10,2025-03-14 17:44:00.485100,2025-03-19 15:51:41.744811,2025-03-20 17:39:49.673353,2025-03-28 09:29:10
order_00001277,cust_00001465,delivered,2024-05-18 03:30:14,2024-05-18 04:10:14.634906,2024-05-18 18:43:42.069811,2024-06-06 01:36:39.524707,2024-06-02 03:30:14
order_00001278,cust_00002451,delivered,2024-08-04 19:36:04,2024-08-05 05:33:53.921711,2024-08-07 05:02:24.351274,2024-08-10 03:43:51.215081,2024-08-23 19:36:04
order_00001279,cust_00000438,delivered,2024-10-05 10:26:10,2024-10-05 11:24:52.287638,2024-10-08 19:22:34.792357,2024-10-10 18:51:07.354910,2024-11-02 10:26:10
order_00001280,cust_00000519,canceled,2024-12-28 01:52:35,,,,2025-01-13 01:52:35
order_00001281,cust_00001712,delivered,2024-05-01 04:55:23,2024-05-01 07:39:34.691022,2024-05-02 13:01:56.628171,2024-05-08 13:58:55.772304,2024-05-16 04:55:23
order_00001282,cust_00002712,delivered,2025-06-18 21:33:22,2025-06-19 00:34:38.049078,2025-06-21 13:35:51.084606,2025-06-28 02:08:04.197569,2025-07-11 21:33:22
order_00001283,cust_00002646,delivered,2024-10-11 07:43:40,2024-10-11 11:00:53.043681,2024-10-12 00:59:22.198886,2024-10-24 13:21:08.174647,2024-10-24 07:43:40
order_00001284,cust_00000465,shipped,2025-02-11 06:44:02,2025-02-11 15:41:05.870290,2025-02-14 03:19:31.550676,,2025-03-01 06:44:02
order_00001285,cust_00000788,delivered,2025-09-17 00:47:57,2025-09-17 10:52:26.844817,2025-09-18 05:13:55.351779,2025-09-20 02:49:56.138606,2025-10-09 00:47:57
order_00001286,cust_00002099,delivered,2025-12-19 07:54:21,2025-12-19 13:14:29.596662,2025-12-22 07:04:56.478886,2025-12-31 05:15:15.152120,2026-01-05 07:54:21
order_00001287,cust_00002243,delivered,2024-04-14 05:27:09,2024-04-14 11:12:11.134270,2024-04-16 10:27:27.680011,2024-04-18 01:03:41.755487,2024-05-06 05:27:09
order_00001288,cust_00000107,delivered,2025-07-28 01:07:08,2025-07-28 01:40:30.510423,2025-07-31 10:42:13.864698,2025-08-17 04:16:13.684746,2025-08-17 01:07:08
order_00001289,cust_00002566,shipped,2025-08-07 14:13:54,2025-08-07 18:55:01.510021,2025-08-10 01:45:44.718318,,2025-08-20 14:13:54
order_00001290,cust_00002863,canceled,2024-08-13 00:27:51,,,,2024-08-31 00:27:51
order_00001291,cust_00000755,delivered,2025-03-12 07:33:49,2025-03-12 13:53:41.560430,2025-03-14 22:35:58.733594,2025-03-18 08:43:16.305386,2025-04-01 07:33:49
order_00001292,cust_00000161,processing,2025-02-17 08:59:45,2025-02-17 13:44:03.987128,,,2025-03-04 08:59:45
order_00001293,cust_00001587,delivered,2024-08-08 23:04:12,2024-08-09 01:18:28.785200,2024-08-12 22:50:54.000839,2024-08-16 23:36:17.267235,2024-08-29 23:04:12
order_00001294,cust_00002221,delivered,2024-06-18 16:53:35,2024-06-18 19:17:03.654337,2024-06-20 00:06:09.916158,2024-06-30 17:12:34.076547,2024-07-16 16:53:35
order_00001295,cust_00002855,delivered,2025-12-28 13:12:57,2025-12-28 17:11:18.927156,2025-12-31 11:11:59.363285,2026-01-01 17:10:58.231634,2026-01-18 13:12:57
order_00001296,cust_00000785,processing,2024-12-02 23:00:06,2024-12-02 23:42:58.222415,,,2024-12-17 23:00:06
order_00001297,cust_00001978,delivered,2025-12-24 05:00:12,2025-12-24 11:09:17.055289,2025-12-25 21:04:51.794886,2025-12-29 00:02:17.626339,2026-01-13 05:00:12
order_00001298,cust_00000363,delivered,2024-03-17 16:10:48,2024-03-17 17:41:41.628385,2024-03-27 15:03:31.652091,2024-04-07 19:41:21.381813,2024-03-31 16:10:48
order_00001299,cust_00000162,delivered,2024-04-16 14:51:19,2024-04-16 18:02:16.440050,2024-04-17 14:38:37.079891,2024-04-21 11:45:40.145873,2024-05-10 14:51:19
order_00001300,cust_00000964,delivered,2024-10-21 22:57:15,2024-10-22 07:26:40.519550,2024-10-23 17:29:21.083978,2024-10-28 11:08:32.761688,2024-11-08 22:57:15
order_00001301,cust_00002402,delivered,2025-06-14 17:26:59,2025-06-15 02:12:51.456291,2025-06-15 20:44:48.231989,2025-06-19 01:18:12.376437,2025-07-02 17:26:59
order_00001302,cust_00002357,delivered,2025-11-06 08:21:24,2025-11-06 09:07:38.567019,2025-11-10 05:36:09.293168,2025-11-13 07:00:06.347152,2025-11-23 08:21:24
order_00001303,cust_00001489,delivered,2024-06-02 18:50:14,2024-06-03 03:30:40.754741,2024-06-07 16:02:54.789146,2024-06-10 08:55:53.883027,2024-06-26 18:50:14
order_00001304,cust_00000986,delivered,2024-01-15 09:45:42,2024-01-15 11:11:33.178241,2024-01-17 05:42:22.654013,2024-01-31 00:10:32.497217,2024-02-11 09:45:42
order_00001305,cust_00001103,delivered,2025-10-29 06:22:18,2025-10-29 09:07:34.959805,2025-10-31 23:49:30.985527,2025-11-18 10:03:37.350753,2025-11-15 06:22:18
order_00001306,cust_00001780,delivered,2024-11-16 20:23:38,2024-11-16 21:50:31.927835,2024-11-20 02:45:09.086902,2024-11-24 18:29:13.120902,2024-12-06 20:23:38
order_00001307,cust_00001852,delivered,2025-09-01 19:54:50,2025-09-01 22:41:36.996553,2025-09-04 03:53:30.969903,2025-09-06 21:04:59.890920,2025-09-20 19:54:50
order_00001308,cust_00000467,delivered,2024-07-25 05:47:55,2024-07-25 08:35:56.201612,2024-07-27 19:33:40.949364,2024-07-29 21:01:57.643716,2024-08-17 05:47:55
order_00001309,cust_00001512,delivered,2025-03-17 20:16:24,2025-03-17 21:35:11.698896,2025-03-19 19:01:55.302369,2025-03-26 00:30:05.601064,2025-04-01 20:16:24
order_00001310,cust_00002258,delivered,2024-08-20 12:57:13,2024-08-21 00:17:39.856518,2024-08-23 22:04:51.840112,2024-08-31 00:22:37.256918,2024-09-11 12:57:13
order_00001311,cust_00001711,delivered,2025-03-27 21:40:24,2025-03-28 01:43:54.828366,2025-03-28 18:44:40.565648,2025-03-30 09:02:55.906864,2025-04-16 21:40:24
order_00001312,cust_00000404,delivered,2024-06-28 20:42:35,2024-06-28 23:01:49.844287,2024-07-04 14:06:53.250846,2024-07-08 02:52:47.985837,2024-07-19 20:42:35
order_00001313,cust_00001433,delivered,2025-02-07 01:39:18,2025-02-07 02:54:48.761740,2025-02-09 23:14:39.243588,2025-02-16 20:19:50.836264,2025-03-01 01:39:18
order_00001314,cust_00001774,delivered,2025-05-11 03:30:27,2025-05-11 09:33:44.539791,2025-05-13 08:18:24.093219,2025-05-17 12:00:35.717756,2025-05-27 03:30:27
order_00001315,cust_00000715,delivered,2024-04-13 11:22:44,2024-04-13 15:06:25.614413,2024-04-16 08:45:03.514854,2024-04-19 00:47:27.094939,2024-05-08 11:22:44
order_00001316,cust_00002804,shipped,2025-05-09 12:09:11,2025-05-10 03:25:17.504183,2025-05-10 17:18:21.831590,,2025-05-24 12:09:11
order_00001317,cust_00001177,delivered,2025-08-06 05:18:13,2025-08-06 13:29:42.646472,2025-08-07 07:18:09.446785,2025-08-11 02:17:21.878291,2025-08-27 05:18:13
order_00001318,cust_00001973,delivered,2024-08-16 05:10:49,2024-08-16 12:37:15.929435,2024-08-17 22:09:58.187001,2024-08-21 03:44:22.024586,2024-09-05 05:10:49
order_00001319,cust_00001940,delivered,2025-11-30 02:02:28,2025-11-30 08:43:04.480491,2025-12-02 16:24:48.158173,2025-12-09 11:55:10.593036,2025-12-20 02:02:28
order_00001320,cust_00002654,delivered,2024-04-04 05:25:08,2024-04-04 06:18:16.123313,2024-04-04 19:14:21.318048,2024-04-12 13:02:17.024403,2024-04-23 05:25:08
order_00001321,cust_00002160,delivered,2024-09-20 12:25:51,2024-09-20 14:07:12.543034,2024-09-21 11:28:48.430322,2024-09-22 12:19:51.974686,2024-10-09 12:25:51
order_00001322,cust_00001745,delivered,2024-12-22 21:28:05,2024-12-22 22:44:10.999212,2024-12-24 01:50:38.130610,2024-12-28 22:53:00.483095,2025-01-05 21:28:05
order_00001323,cust_00001168,canceled,2025-06-09 07:58:02,,,,2025-06-28 07:58:02
order_00001324,cust_00002149,delivered,2024-04-07 22:50:35,2024-04-08 05:56:49.950098,2024-04-11 08:23:21.305102,2024-05-02 18:17:37.414726,2024-04-27 22:50:35
order_00001325,cust_00000268,delivered,2024-03-10 11:14:43,2024-03-10 16:56:39.312169,2024-03-14 02:48:10.749928,2024-03-16 15:33:06.860080,2024-03-24 11:14:43
order_00001326,cust_00001566,delivered,2024-11-18 01:29:14,2024-11-18 02:56:57.370822,2024-11-18 23:56:11.973135,2024-11-22 02:41:41.417326,2024-12-11 01:29:14
order_00001327,cust_00000449,delivered,2024-10-30 14:04:00,2024-10-30 20:10:27.523993,2024-11-02 11:28:02.776796,2024-11-28 09:14:27.912734,2024-11-18 14:04:00
order_00001328,cust_00002555,delivered,2025-01-05 19:52:51,2025-01-06 05:53:42.739760,2025-01-08 07:03:36.442032,2025-01-24 05:13:57.609072,2025-01-26 19:52:51
order_00001329,cust_00002111,delivered,2024-03-15 08:48:07,2024-03-15 13:18:35.955100,2024-03-17 04:20:32.271806,2024-03-29 22:39:45.438661,2024-04-06 08:48:07
order_00001330,cust_00002577,shipped,2024-07-07 07:42:31,2024-07-07 09:18:26.098579,2024-07-13 21:57:43.637789,,2024-07-24 07:42:31
order_00001331,cust_00001529,delivered,2025-11-12 08:56:47,2025-11-12 21:01:33.688940,2025-11-14 13:21:43.746520,2025-11-17 16:09:47.029137,2025-12-05 08:56:47
order_00001332,cust_00002114,delivered,2024-07-28 04:01:02,2024-07-28 04:47:53.141447,2024-08-01 09:08:33.721507,2024-08-10 21:41:33.514097,2024-08-16 04:01:02
order_00001333,cust_00001012,shipped,2025-04-12 10:59:59,2025-04-12 21:46:00.262437,2025-04-13 15:49:29.372680,,2025-04-29 10:59:59
order_00001334,cust_00000962,delivered,2024-02-10 15:26:53,2024-02-10 23:18:34.104647,2024-02-11 14:10:09.650962,2024-02-25 23:00:31.631205,2024-02-28 15:26:53
order_00001335,cust_00000066,delivered,2024-07-29 18:59:35,2024-07-29 21:57:55.810332,2024-07-30 16:34:47.786776,2024-08-01 13:35:29.883563,2024-08-12 18:59:35
order_00001336,cust_00000730,shipped,2024-05-10 11:33:34,2024-05-10 14:00:39.074054,2024-05-14 04:34:04.871774,,2024-05-23 11:33:34
order_00001337,cust_00002430,delivered,2025-04-18 15:49:17,2025-04-18 20:07:09.970856,2025-04-19 14:20:50.053808,2025-04-27 09:19:28.753752,2025-05-10 15:49:17
order_00001338,cust_00000364,delivered,2025-03-09 17:12:10,2025-03-09 19:47:47.959425,2025-03-10 12:22:37.737584,2025-03-11 12:38:31.967849,2025-03-31 17:12:10
order_00001339,cust_00001329,delivered,2024-04-23 06:57:03,2024-04-23 08:03:37.150323,2024-04-24 05:52:50.796059,2024-05-11 22:24:35.378717,2024-05-22 06:57:03
order_00001340,cust_00002304,delivered,2024-10-29 10:49:27,2024-10-29 12:58:24.979937,2024-10-30 14:54:04.565531,2024-11-06 11:13:12.269479,2024-11-16 10:49:27
order_00001341,cust_00000057,processing,2025-03-26 07:46:33,2025-03-26 11:34:50.773899,,,2025-04-20 07:46:33
order_00001342,cust_00001065,processing,2025-05-31 02:10:08,2025-05-31 04:24:51.361006,,,2025-06-17 02:10:08
order_00001343,cust_00001087,delivered,2025-06-23 22:16:09,2025-06-24 05:43:11.135924,2025-06-28 15:12:07.195162,2025-07-11 04:11:43.793740,2025-07-11 22:16:09
order_00001344,cust_00002929,delivered,2025-09-16 02:25:06,2025-09-16 21:39:17.280657,2025-09-18 17:07:05.328765,2025-09-28 20:26:01.465963,2025-10-04 02:25:06
order_00001345,cust_00000453,delivered,2024-02-03 19:24:30,2024-02-03 20:07:22.349543,2024-02-06 03:04:14.096258,2024-02-07 17:37:10.879949,2024-02-25 19:24:30
order_00001346,cust_00000194,delivered,2024-08-10 14:00:18,2024-08-10 23:04:27.118465,2024-08-15 01:15:12.456567,2024-08-17 00:42:13.409405,2024-08-27 14:00:18
order_00001347,cust_00001007,delivered,2024-03-31 07:59:23,2024-03-31 09:08:35.818372,2024-04-02 19:31:47.654731,2024-04-09 07:17:55.208297,2024-04-23 07:59:23
order_00001348,cust_00002852,delivered,2024-04-29 11:14:11,2024-04-29 19:06:04.353737,2024-04-30 12:23:00.490842,2024-05-06 00:21:46.256967,2024-05-27 11:14:11
order_00001349,cust_00000496,delivered,2024-09-10 01:59:46,2024-09-10 03:03:08.631006,2024-09-11 19:38:02.785996,2024-09-15 12:12:50.098249,2024-09-29 01:59:46
order_00001350,cust_00002116,delivered,2024-03-13 03:33:18,2024-03-13 06:01:55.596664,2024-03-14 17:50:17.529619,2024-03-23 16:17:15.939907,2024-04-01 03:33:18
order_00001351,cust_00002056,delivered,2024-05-13 01:59:44,2024-05-13 05:31:31.690487,2024-05-14 11:38:13.632292,2024-05-18 15:38:31.469561,2024-05-30 01:59:44
order_00001352,cust_00000126,delivered,2025-12-11 22:45:26,2025-12-11 23:17:56.917477,2025-12-12 11:20:27.773782,2025-12-13 18:27:02.775305,2026-01-09 22:45:26
order_00001353,cust_00002346,delivered,2024-01-11 23:20:42,2024-01-12 03:59:35.194878,2024-01-15 05:10:19.134526,2024-01-21 03:39:01.114101,2024-02-02 23:20:42
order_00001354,cust_00000162,delivered,2024-08-25 11:21:24,2024-08-25 15:04:29.155623,2024-08-28 19:25:46.334730,2024-09-21 02:09:39.486916,2024-09-17 11:21:24
order_00001355,cust_00001012,delivered,2024-10-12 01:47:43,2024-10-12 13:01:36.484994,2024-10-15 13:55:25.126420,2024-10-23 05:05:54.722866,2024-11-03 01:47:43
order_00001356,cust_00002414,delivered,2024-10-16 13:06:59,2024-10-16 18:49:06.353350,2024-10-18 19:58:21.277413,2024-10-19 22:36:11.944644,2024-11-12 13:06:59
order_00001357,cust_00000978,delivered,2025-11-01 14:38:51,2025-11-01 18:31:30.288489,2025-11-04 05:27:49.689007,2025-11-08 12:17:58.550392,2025-11-20 14:38:51
order_00001358,cust_00000132,delivered,2025-02-05 04:15:59,2025-02-05 14:06:57.698251,2025-02-07 02:28:50.124178,2025-02-09 07:05:50.831243,2025-02-17 04:15:59
order_00001359,cust_00000653,delivered,2025-02-04 04:50:30,2025-02-04 19:43:26.721576,2025-02-07 02:27:17.431204,2025-02-18 16:31:35.526891,2025-02-26 04:50:30
order_00001360,cust_00002572,delivered,2025-07-21 22:30:54,2025-07-22 01:09:47.512445,2025-07-23 01:46:14.332649,2025-07-25 12:37:56.408988,2025-08-11 22:30:54
order_00001361,cust_00001902,delivered,2024-12-09 05:37:58,2024-12-09 06:08:00.394725,2024-12-11 05:49:33.914633,2024-12-15 02:03:26.013545,2024-12-29 05:37:58
order_00001362,cust_00000124,delivered,2024-08-04 10:49:30,2024-08-04 17:01:48.019365,2024-08-09 02:58:05.699819,2024-08-11 09:30:09.513608,2024-08-23 10:49:30
order_00001363,cust_00002830,delivered,2025-02-04 02:47:47,2025-02-04 12:28:18.844904,2025-02-07 17:35:35.030353,2025-02-09 08:44:16.243972,2025-02-15 02:47:47
order_00001364,cust_00001183,delivered,2024-07-21 18:22:39,2024-07-21 19:54:56.745721,2024-07-25 08:28:25.863633,2024-07-26 16:13:48.587106,2024-08-07 18:22:39
order_00001365,cust_00000545,delivered,2025-11-24 19:55:46,2025-11-24 20:34:15.516905,2025-11-26 08:44:04.980195,2025-12-05 05:19:53.579016,2025-12-16 19:55:46
order_00001366,cust_00000865,delivered,2025-01-29 18:26:32,2025-01-30 06:40:54.839174,2025-02-01 03:58:49.166850,2025-02-04 09:16:14.665832,2025-02-12 18:26:32
order_00001367,cust_00001084,delivered,2024-08-20 20:10:26,2024-08-20 22:45:43.476023,2024-08-23 03:46:10.855219,2024-08-25 19:28:02.682331,2024-09-08 20:10:26
order_00001368,cust_00000647,delivered,2024-06-28 19:18:39,2024-06-29 04:32:01.579126,2024-07-03 06:32:46.964337,2024-07-06 02:38:05.736704,2024-07-14 19:18:39
order_00001369,cust_00000000,delivered,2025-05-14 05:42:28,2025-05-14 07:44:53.155637,2025-05-19 17:18:03.512743,2025-05-21 01:07:54.618269,2025-06-05 05:42:28
order_00001370,cust_00000931,delivered,2025-11-28 19:38:56,2025-11-28 21:16:34.240149,2025-11-30 14:37:51.937957,2025-12-09 15:06:52.150628,2025-12-22 19:38:56
order_00001371,cust_00001503,delivered,2025-08-03 02:58:05,2025-08-03 09:32:54.045654,2025-08-04 14:56:45.470532,2025-08-10 20:47:25.795586,2025-08-25 02:58:05
order_00001372,cust_00001802,delivered,2024-10-19 08:50:37,2024-10-19 14:02:35.968758,2024-10-21 12:24:45.604041,2024-10-25 00:34:40.717043,2024-11-08 08:50:37
order_00001373,cust_00002513,processing,2024-05-24 00:56:38,2024-05-24 01:42:08.659054,,,2024-06-06 00:56:38
order_00001374,cust_00001055,delivered,2024-10-26 09:39:17,2024-10-26 12:48:52.111050,2024-10-27 13:38:10.154459,2024-11-04 00:53:33.298274,2024-11-12 09:39:17
order_00001375,cust_00001160,shipped,2024-04-30 11:28:55,2024-04-30 19:22:54.850276,2024-05-02 17:12:07.289244,,2024-05-25 11:28:55
order_00001376,cust_00002633,delivered,2025-04-23 13:32:25,2025-04-23 16:20:53.515865,2025-04-25 23:02:28.054333,2025-05-18 08:10:03.925831,2025-05-18 13:32:25
order_00001377,cust_00000377,delivered,2025-07-29 11:23:51,2025-07-30 02:50:16.975744,2025-08-01 03:42:21.584546,2025-08-09 08:30:38.700882,2025-08-19 11:23:51
order_00001378,cust_00000651,delivered,2024-04-22 18:19:28,2024-04-23 01:28:37.640452,2024-04-24 21:18:27.019499,2024-05-01 12:08:10.670505,2024-05-19 18:19:28
order_00001379,cust_00001155,delivered,2025-08-02 05:52:04,2025-08-02 08:39:11.624361,2025-08-08 07:04:18.956809,2025-08-09 09:58:23.833899,2025-08-25 05:52:04
order_00001380,cust_00000915,delivered,2025-09-16 00:26:31,2025-09-16 12:13:31.997558,2025-09-17 17:30:36.992065,2025-09-19 11:54:51.289811,2025-10-04 00:26:31
order_00001381,cust_00002224,shipped,2024-03-05 21:33:32,2024-03-06 06:47:48.200607,2024-03-08 09:58:14.999186,,2024-03-18 21:33:32
order_00001382,cust_00002632,delivered,2024-12-05 13:36:13,2024-12-05 15:46:20.775129,2024-12-06 16:10:43.447346,2024-12-17 06:46:30.461122,2024-12-16 13:36:13
order_00001383,cust_00000409,delivered,2025-09-07 08:13:22,2025-09-07 09:02:14.254634,2025-09-12 14:54:39.412162,2025-09-20 17:14:39.563116,2025-09-28 08:13:22
order_00001384,cust_00000721,shipped,2024-08-01 04:57:04,2024-08-01 17:29:29.963635,2024-08-02 11:36:50.048594,,2024-08-15 04:57:04
order_00001385,cust_00001077,delivered,2024-10-31 00:49:36,2024-10-31 08:54:06.624821,2024-11-05 01:03:12.979430,2024-11-11 08:01:50.744421,2024-11-10 00:49:36
order_00001386,cust_00002087,delivered,2024-01-07 18:51:17,2024-01-08 04:06:44.913397,2024-01-09 05:48:24.039838,2024-01-16 04:43:05.511976,2024-01-30 18:51:17
order_00001387,cust_00002984,delivered,2024-09-06 17:29:57,2024-09-06 20:29:06.839576,2024-09-11 19:08:10.534500,2024-09-15 20:12:44.084677,2024-09-24 17:29:57
order_00001388,cust_00002819,delivered,2024-02-25 23:41:59,2024-02-26 04:17:43.500882,2024-02-29 03:27:47.711811,2024-03-03 23:28:32.154012,2024-03-17 23:41:59
order_00001389,cust_00002754,delivered,2025-07-31 18:05:05,2025-08-01 06:14:14.308814,2025-08-05 05:46:34.637248,2025-08-07 23:06:03.662207,2025-08-23 18:05:05
order_00001390,cust_00001474,delivered,2024-05-04 04:02:59,2024-05-04 07:35:49.676674,2024-05-05 05:43:59.892586,2024-05-09 07:48:17.420857,2024-05-24 04:02:59
order_00001391,cust_00001265,delivered,2025-06-11 12:57:38,2025-06-11 15:39:42.083163,2025-06-12 04:08:59.184216,2025-06-16 13:58:39.147538,2025-06-29 12:57:38
order_00001392,cust_00000701,delivered,2025-01-16 16:47:04,2025-01-17 02:45:26.238749,2025-01-22 14:03:41.809095,2025-01-23 16:32:41.189932,2025-02-10 16:47:04
order_00001393,cust_00001391,delivered,2024-08-03 14:41:43,2024-08-03 20:49:53.676279,2024-08-05 19:51:48.182033,2024-08-10 16:20:30.459560,2024-08-20 14:41:43
order_00001394,cust_00002729,processing,2025-05-24 03:12:36,2025-05-25 06:59:55.765959,,,2025-06-15 03:12:36
order_00001395,cust_00002372,delivered,2024-02-06 17:40:29,2024-02-06 23:30:39.585738,2024-02-09 06:10:51.424397,2024-02-13 05:38:08.974316,2024-02-21 17:40:29
order_00001396,cust_00002694,canceled,2024-08-27 09:59:38,,,,2024-09-16 09:59:38
order_00001397,cust_00002053,unavailable,2024-03-05 16:40:00,2024-03-05 21:59:47.941813,,,2024-03-24 16:40:00
order_00001398,cust_00002833,delivered,2025-05-24 20:52:35,2025-05-25 01:48:38.619363,2025-05-25 16:07:45.131889,2025-05-27 04:33:30.400182,2025-06-14 20:52:35
order_00001399,cust_00001125,delivered,2024-08-16 12:06:10,2024-08-16 13:46:28.976648,2024-08-18 16:00:22.515219,2024-08-31 16:31:00.807767,2024-09-07 12:06:10
order_00001400,cust_00002353,delivered,2025-05-30 18:10:11,2025-05-30 23:22:27.551663,2025-06-03 02:42:56.267740,2025-06-14 09:13:44.965189,2025-06-21 18:10:11
order_00001401,cust_00000014,delivered,2024-05-11 05:56:14,2024-05-11 06:46:40.947933,2024-05-12 02:10:49.408923,2024-05-14 12:26:26.886692,2024-06-07 05:56:14
order_00001402,cust_00000003,delivered,2024-07-23 19:26:25,2024-07-24 03:04:25.508817,2024-07-25 01:18:11.730448,2024-07-26 22:57:43.677948,2024-08-12 19:26:25
order_00001403,cust_00002554,delivered,2025-09-01 06:00:00,2025-09-01 10:48:05.261120,2025-09-01 23:40:16.361468,2025-09-12 12:13:45.690108,2025-10-01 06:00:00
order_00001404,cust_00000959,delivered,2024-07-26 20:40:23,2024-07-27 06:38:06.676152,2024-07-30 11:43:54.916160,2024-08-01 04:43:36.223483,2024-08-11 20:40:23
order_00001405,cust_00000297,delivered,2025-03-19 21:02:20,2025-03-20 01:21:41.513800,2025-03-23 10:14:51.758146,2025-03-26 02:42:58.130304,2025-03-31 21:02:20
order_00001406,cust_00001310,canceled,2025-01-03 14:35:05,,,,2025-01-17 14:35:05
order_00001407,cust_00000227,delivered,2024-06-13 15:52:56,2024-06-13 20:51:59.435306,2024-06-15 03:29:40.559570,2024-06-24 12:02:32.510157,2024-07-08 15:52:56
order_00001408,cust_00000663,delivered,2024-01-25 11:06:34,2024-01-25 13:57:37.493452,2024-01-26 07:58:10.033537,2024-01-27 20:05:41.286601,2024-02-10 11:06:34
order_00001409,cust_00000980,processing,2024-05-17 13:41:32,2024-05-18 04:32:54.560731,,,2024-06-03 13:41:32
order_00001410,cust_00002153,delivered,2025-07-04 14:14:37,2025-07-05 07:12:22.643842,2025-07-06 09:53:54.658364,2025-07-25 00:41:33.754980,2025-07-23 14:14:37
order_00001411,cust_00001307,delivered,2024-11-14 01:59:41,2024-11-14 05:49:13.379024,2024-11-15 06:17:27.826935,2024-11-20 07:24:36.808215,2024-12-06 01:59:41
order_00001412,cust_00001384,unavailable,2025-12-15 11:52:02,2025-12-15 13:30:40.477350,,,2026-01-05 11:52:02
order_00001413,cust_00001546,delivered,2024-09-25 02:43:46,2024-09-25 17:05:25.225759,2024-09-26 12:33:44.474345,2024-10-06 07:05:57.502768,2024-10-17 02:43:46
order_00001414,cust_00002328,delivered,2025-10-15 20:14:31,2025-10-16 03:13:33.449030,2025-10-17 07:18:56.345499,2025-10-24 00:07:25.755076,2025-10-30 20:14:31
order_00001415,cust_00002531,delivered,2025-06-17 13:11:07,2025-06-17 15:14:24.407386,2025-06-18 16:14:50.916747,2025-06-20 10:04:39.493098,2025-07-03 13:11:07
order_00001416,cust_00000302,delivered,2025-06-08 17:03:11,2025-06-08 22:20:39.319617,2025-06-15 10:19:04.570783,2025-06-18 17:45:04.486675,2025-06-29 17:03:11
order_00001417,cust_00001637,delivered,2024-09-30 23:11:19,2024-10-01 00:07:00.601325,2024-10-01 13:55:00.284873,2024-10-03 08:36:43.892102,2024-10-20 23:11:19
order_00001418,cust_00002685,shipped,2025-04-06 09:44:07,2025-04-06 13:01:14.022617,2025-04-10 17:47:26.092955,,2025-04-25 09:44:07
order_00001419,cust_00001213,delivered,2024-06-23 12:13:39,2024-06-23 15:24:55.429805,2024-06-24 03:42:18.763702,2024-06-28 03:02:41.297088,2024-07-11 12:13:39
order_00001420,cust_00001004,delivered,2025-10-20 22:07:46,2025-10-21 07:47:53.233916,2025-10-22 12:26:55.908664,2025-10-28 16:02:41.121123,2025-11-02 22:07:46
order_00001421,cust_00002215,delivered,2025-06-30 17:39:28,2025-06-30 20:26:27.937921,2025-07-03 06:14:13.579600,2025-07-06 17:29:17.643526,2025-07-28 17:39:28
order_00001422,cust_00002028,delivered,2025-01-19 00:45:34,2025-01-19 01:36:10.319491,2025-01-24 09:50:28.403997,2025-01-25 15:18:32.690254,2025-02-12 00:45:34
order_00001423,cust_00001602,delivered,2025-09-05 05:25:04,2025-09-05 06:31:51.191428,2025-09-13 02:23:15.846297,2025-09-21 05:04:21.614302,2025-09-27 05:25:04
order_00001424,cust_00002825,delivered,2025-03-27 02:45:52,2025-03-27 17:47:12.827615,2025-03-29 10:26:49.055361,2025-04-01 23:49:55.771628,2025-04-18 02:45:52
order_00001425,cust_00002351,delivered,2025-02-18 05:29:08,2025-02-18 06:43:00.290673,2025-02-19 11:45:14.026227,2025-02-23 23:50:00.957001,2025-03-15 05:29:08
order_00001426,cust_00002477,delivered,2024-12-30 21:37:12,2024-12-31 02:09:24.203037,2024-12-31 23:37:08.695415,2025-01-13 23:46:03.690614,2025-01-08 21:37:12
order_00001427,cust_00001238,delivered,2024-04-23 22:40:17,2024-04-24 01:24:56.492141,2024-04-25 11:43:07.173488,2024-04-30 08:01:06.983698,2024-05-15 22:40:17
order_00001428,cust_00002345,delivered,2025-04-07 23:13:32,2025-04-08 00:38:34.369842,2025-04-11 22:31:08.012260,2025-04-16 23:48:00.459681,2025-04-28 23:13:32
order_00001429,cust_00001015,delivered,2024-01-27 15:43:23,2024-01-28 01:30:46.672006,2024-01-30 00:37:23.603378,2024-02-01 03:50:46.545429,2024-02-16 15:43:23
order_00001430,cust_00002042,delivered,2024-09-25 00:27:58,2024-09-25 06:31:03.451396,2024-09-26 00:09:06.311839,2024-09-30 00:57:45.909239,2024-10-18 00:27:58
order_00001431,cust_00001298,delivered,2025-03-05 16:21:17,2025-03-05 17:05:30.003956,2025-03-07 00:53:30.620006,2025-03-13 23:46:15.460209,2025-03-24 16:21:17
order_00001432,cust_00001999,delivered,2024-01-24 12:53:27,2024-01-24 16:09:07.177089,2024-01-26 08:26:12.099705,2024-02-15 07:26:11.440492,2024-02-10 12:53:27
order_00001433,cust_00000693,delivered,2024-11-03 22:26:29,2024-11-04 00:55:35.234091,2024-11-05 19:45:49.370076,2024-11-07 07:57:17.444148,2024-12-01 22:26:29
order_00001434,cust_00000113,delivered,2025-01-14 09:57:53,2025-01-14 11:41:05.472610,2025-01-15 19:45:27.356396,2025-02-01 13:17:02.856651,2025-02-07 09:57:53
order_00001435,cust_00000062,delivered,2025-02-06 22:32:59,2025-02-06 23:11:19.703236,2025-02-07 15:33:04.299896,2025-02-09 02:35:14.911324,2025-03-02 22:32:59
order_00001436,cust_00000176,delivered,2024-04-27 16:48:26,2024-04-28 00:23:33.527476,2024-04-29 07:30:23.222707,2024-05-04 06:22:42.068017,2024-05-15 16:48:26
order_00001437,cust_00002038,delivered,2025-05-14 02:20:38,2025-05-14 03:48:30.432001,2025-05-14 16:55:43.084673,2025-05-17 20:11:22.518862,2025-05-23 02:20:38
order_00001438,cust_00002435,delivered,2024-05-14 11:48:37,2024-05-14 14:45:54.929684,2024-05-16 00:55:20.976558,2024-05-17 02:10:41.397046,2024-06-05 11:48:37
order_00001439,cust_00000011,delivered,2025-03-27 23:53:27,2025-03-28 12:37:54.210710,2025-03-31 01:39:39.022948,2025-04-16 04:42:47.191209,2025-04-16 23:53:27
order_00001440,cust_00001679,delivered,2025-02-20 20:56:54,2025-02-21 02:15:28.443478,2025-02-21 18:16:26.509458,2025-02-24 13:35:19.316134,2025-03-08 20:56:54
order_00001441,cust_00000819,delivered,2025-08-15 08:07:36,2025-08-15 14:40:54.180096,2025-08-19 14:12:24.088290,2025-09-06 13:52:54.975991,2025-09-08 08:07:36
order_00001442,cust_00001241,delivered,2024-02-13 23:54:23,2024-02-14 00:31:30.445483,2024-02-16 22:12:05.688371,2024-03-08 06:40:13.169089,2024-03-06 23:54:23
order_00001443,cust_00000708,delivered,2025-09-06 00:08:53,2025-09-06 13:52:43.009121,2025-09-08 01:27:30.552630,2025-09-14 20:41:46.354279,2025-09-23 00:08:53
order_00001444,cust_00000753,delivered,2025-09-14 03:14:23,2025-09-14 07:39:02.151054,2025-09-16 20:30:50.757517,2025-09-24 12:20:46.611544,2025-09-29 03:14:23
order_00001445,cust_00002117,delivered,2024-05-07 16:44:13,2024-05-07 18:33:33.084963,2024-05-13 10:21:08.695735,2024-05-16 14:31:51.007693,2024-05-22 16:44:13
order_00001446,cust_00002908,delivered,2025-07-26 05:07:18,2025-07-26 20:23:59.006339,2025-07-27 19:22:42.249128,2025-08-01 15:20:13.903160,2025-08-15 05:07:18
order_00001447,cust_00001590,canceled,2025-01-24 23:09:14,,,,2025-02-19 23:09:14
order_00001448,cust_00001882,processing,2025-05-29 17:59:15,2025-05-29 23:45:59.373123,,,2025-06-14 17:59:15
order_00001449,cust_00001614,delivered,2025-06-04 21:50:46,2025-06-05 09:37:42.094499,2025-06-06 01:06:20.254273,2025-06-11 11:02:09.462407,2025-06-30 21:50:46
order_00001450,cust_00000007,processing,2024-04-23 00:40:16,2024-04-23 05:30:16.106680,,,2024-05-14 00:40:16
order_00001451,cust_00000805,delivered,2024-08-13 11:54:45,2024-08-13 13:59:45.320966,2024-08-14 23:20:28.948769,2024-09-14 03:55:45.271400,2024-09-08 11:54:45
order_00001452,cust_00001732,delivered,2024-09-11 04:00:31,2024-09-11 04:50:43.056384,2024-09-12 11:27:49.344488,2024-09-23 10:09:44.192335,2024-10-03 04:00:31
order_00001453,cust_00002619,delivered,2025-04-12 01:15:45,2025-04-12 06:27:30.765380,2025-04-13 01:18:42.504529,2025-04-16 11:24:09.217183,2025-04-29 01:15:45
order_00001454,cust_00002104,delivered,2025-07-04 15:28:32,2025-07-04 19:14:09.547488,2025-07-05 21:14:00.531010,2025-07-07 03:21:33.549437,2025-07-22 15:28:32
order_00001455,cust_00001380,delivered,2024-09-10 10:42:59,2024-09-10 17:31:21.447039,2024-09-15 11:54:40.572007,2024-09-18 23:54:24.301099,2024-09-28 10:42:59
order_00001456,cust_00002814,delivered,2025-02-17 21:27:38,2025-02-18 00:17:05.431674,2025-02-21 23:47:11.700581,2025-02-26 03:33:49.193218,2025-03-10 21:27:38
order_00001457,cust_00000579,delivered,2024-09-29 13:39:58,2024-09-29 14:21:28.283178,2024-10-03 18:44:10.487893,2024-10-06 22:57:30.580540,2024-10-14 13:39:58
order_00001458,cust_00000515,delivered,2025-03-06 23:31:52,2025-03-07 03:49:07.523835,2025-03-10 09:08:36.573750,2025-03-12 15:13:09.060873,2025-03-28 23:31:52
order_00001459,cust_00000388,delivered,2024-09-07 06:22:05,2024-09-07 12:40:33.841808,2024-09-09 18:34:43.579297,2024-09-11 13:00:39.905889,2024-09-30 06:22:05
order_00001460,cust_00002196,delivered,2025-09-19 20:08:25,2025-09-19 21:30:11.594803,2025-09-20 15:57:20.851609,2025-10-05 02:46:39.913446,2025-10-05 20:08:25
order_00001461,cust_00002097,delivered,2024-09-15 00:48:51,2024-09-16 04:01:34.945786,2024-09-18 08:26:11.668454,2024-09-24 01:38:04.724067,2024-10-06 00:48:51
order_00001462,cust_00000008,delivered,2024-05-12 22:22:01,2024-05-12 23:12:55.781032,2024-05-13 20:09:10.327356,2024-05-20 14:15:03.459876,2024-05-26 22:22:01
order_00001463,cust_00000609,delivered,2024-10-31 15:27:43,2024-10-31 19:56:11.747857,2024-11-01 22:51:36.815309,2024-11-11 11:37:02.603918,2024-11-09 15:27:43
order_00001464,cust_00001980,delivered,2024-09-16 15:50:33,2024-09-16 20:19:42.063696,2024-09-18 22:39:24.229142,2024-09-24 04:00:58.657906,2024-10-04 15:50:33
order_00001465,cust_00000865,delivered,2025-07-20 21:46:28,2025-07-21 03:04:17.554008,2025-07-22 14:17:16.572448,2025-08-01 05:23:22.838067,2025-08-16 21:46:28
order_00001466,cust_00001497,canceled,2025-02-18 21:44:01,,,,2025-03-11 21:44:01
order_00001467,cust_00001751,delivered,2025-04-28 23:12:54,2025-04-29 02:13:04.623402,2025-05-01 03:01:14.076384,2025-05-12 20:19:27.495718,2025-05-17 23:12:54
order_00001468,cust_00002380,delivered,2025-05-11 09:50:49,2025-05-11 10:45:26.409955,2025-05-12 17:25:01.968063,2025-05-30 03:41:49.907749,2025-06-02 09:50:49
order_00001469,cust_00002885,unavailable,2025-08-21 05:03:23,2025-08-21 06:01:15.237231,,,2025-09-14 05:03:23
order_00001470,cust_00000184,delivered,2024-12-21 02:07:22,2024-12-21 04:25:21.001069,2024-12-21 22:42:25.062653,2024-12-31 05:59:18.412768,2025-01-14 02:07:22
order_00001471,cust_00000740,delivered,2024-05-13 18:26:23,2024-05-13 19:14:50.784276,2024-05-15 16:32:56.910617,2024-05-21 07:29:40.197551,2024-06-02 18:26:23
order_00001472,cust_00001170,delivered,2024-01-30 23:57:26,2024-01-31 04:07:55.432705,2024-02-02 10:38:09.664024,2024-02-04 07:27:23.426302,2024-02-20 23:57:26
order_00001473,cust_00002978,delivered,2025-10-17 21:10:18,2025-10-17 23:19:34.479621,2025-10-21 03:58:35.888462,2025-10-22 05:04:36.503348,2025-11-01 21:10:18
order_00001474,cust_00002196,delivered,2025-10-20 19:00:29,2025-10-20 23:29:58.268031,2025-10-24 08:08:40.922546,2025-10-27 08:46:04.678763,2025-11-08 19:00:29
order_00001475,cust_00001759,delivered,2024-02-14 23:56:53,2024-02-15 11:54:18.207770,2024-02-18 18:56:16.241305,2024-02-21 15:25:26.932683,2024-03-01 23:56:53
order_00001476,cust_00000366,delivered,2025-05-22 07:12:07,2025-05-22 21:39:47.644377,2025-05-24 09:43:24.691228,2025-05-31 08:25:27.822063,2025-06-08 07:12:07
order_00001477,cust_00001050,delivered,2024-04-06 04:15:44,2024-04-06 08:44:22.367331,2024-04-07 04:44:48.833340,2024-04-09 07:41:44.511244,2024-04-29 04:15:44
order_00001478,cust_00000360,processing,2024-07-28 17:39:33,2024-07-29 04:40:30.054275,,,2024-08-21 17:39:33
order_00001479,cust_00001741,canceled,2025-04-03 01:48:58,,,,2025-04-16 01:48:58
order_00001480,cust_00001809,delivered,2025-12-17 03:43:08,2025-12-17 09:45:40.018947,2025-12-18 05:58:01.315403,2025-12-24 19:01:57.599543,2026-01-13 03:43:08
order_00001481,cust_00001935,delivered,2025-04-15 10:32:19,2025-04-15 13:11:39.161396,2025-04-17 10:41:58.067255,2025-04-22 23:56:26.282467,2025-05-08 10:32:19
order_00001482,cust_00001070,shipped,2024-10-30 08:04:32,2024-10-30 14:39:56.283078,2024-11-02 02:31:02.466965,,2024-11-20 08:04:32
order_00001483,cust_00000961,shipped,2025-09-11 17:17:47,2025-09-11 20:31:24.367136,2025-09-13 03:33:02.317095,,2025-09-29 17:17:47
order_00001484,cust_00001614,delivered,2024-06-28 20:17:36,2024-06-28 22:39:23.555550,2024-07-02 05:41:46.675859,2024-07-15 03:55:43.742833,2024-07-25 20:17:36
order_00001485,cust_00001761,delivered,2025-06-26 16:28:58,2025-06-27 02:25:44.609520,2025-06-27 22:12:18.652807,2025-07-02 15:34:20.412548,2025-07-16 16:28:58
order_00001486,cust_00002144,delivered,2024-05-06 10:29:22,2024-05-06 13:45:55.773145,2024-05-08 13:16:51.875254,2024-05-19 01:12:34.469089,2024-05-26 10:29:22
order_00001487,cust_00001308,delivered,2024-10-11 00:36:23,2024-10-11 05:21:32.092484,2024-10-12 20:29:23.954824,2024-10-14 12:08:20.115918,2024-10-24 00:36:23
order_00001488,cust_00001292,delivered,2024-01-22 19:47:58,2024-01-23 02:40:47.078249,2024-01-24 16:36:34.113939,2024-01-31 00:56:57.176772,2024-02-04 19:47:58
order_00001489,cust_00002995,shipped,2025-11-15 08:38:04,2025-11-15 10:51:28.815524,2025-11-17 01:55:04.694429,,2025-12-09 08:38:04
order_00001490,cust_00001563,delivered,2025-09-06 04:51:26,2025-09-06 06:03:21.494279,2025-09-06 22:48:52.408122,2025-09-16 16:42:31.824541,2025-09-20 04:51:26
order_00001491,cust_00001225,delivered,2025-01-02 22:25:14,2025-01-03 00:02:53.626856,2025-01-04 12:46:02.469306,2025-01-09 14:30:45.873695,2025-01-19 22:25:14
order_00001492,cust_00000963,delivered,2025-11-29 05:51:12,2025-11-29 12:46:38.317196,2025-12-01 11:17:44.220177,2025-12-04 08:47:14.215745,2025-12-12 05:51:12
order_00001493,cust_00000687,delivered,2025-06-29 02:26:18,2025-06-29 03:14:32.718773,2025-06-29 20:17:29.480988,2025-07-11 18:03:22.023244,2025-07-19 02:26:18
order_00001494,cust_00000379,delivered,2024-11-19 11:37:18,2024-11-19 15:46:52.238977,2024-11-20 05:23:39.619749,2024-12-01 20:11:32.987016,2024-12-09 11:37:18
order_00001495,cust_00001550,delivered,2025-03-17 17:03:22,2025-03-18 09:23:05.536170,2025-03-20 20:45:40.257871,2025-03-22 01:27:13.354165,2025-04-01 17:03:22
order_00001496,cust_00000699,delivered,2024-12-24 22:15:57,2024-12-25 01:15:06.322598,2024-12-25 14:10:37.114349,2024-12-26 19:00:38.110985,2025-01-12 22:15:57
order_00001497,cust_00001234,delivered,2024-11-10 10:21:06,2024-11-10 20:07:13.893137,2024-11-12 13:02:26.208188,2024-11-15 21:21:19.184910,2024-12-02 10:21:06
order_00001498,cust_00002043,delivered,2024-09-07 07:17:40,2024-09-07 12:01:42.906176,2024-09-08 09:05:43.155643,2024-09-14 00:56:45.532009,2024-10-02 07:17:40
order_00001499,cust_00002549,processing,2025-02-25 10:59:11,2025-02-25 14:58:05.476379,,,2025-03-13 10:59:11
order_00001500,cust_00002454,delivered,2025-06-04 11:43:31,2025-06-04 18:45:42.162615,2025-06-06 20:39:08.265331,2025-07-05 18:14:49.299645,2025-06-23 11:43:31
order_00001501,cust_00001854,delivered,2025-06-19 17:57:04,2025-06-19 22:05:41.427900,2025-06-21 19:49:44.391874,2025-06-23 09:38:38.113736,2025-07-11 17:57:04
order_00001502,cust_00000331,shipped,2025-03-16 06:26:01,2025-03-16 08:37:33.117534,2025-03-19 07:01:34.839554,,2025-04-11 06:26:01
order_00001503,cust_00001936,delivered,2024-02-28 21:59:23,2024-02-28 23:41:19.481963,2024-02-29 17:20:03.988393,2024-03-04 04:14:56.905650,2024-03-18 21:59:23
order_00001504,cust_00002991,delivered,2024-08-14 23:02:49,2024-08-15 04:31:40.913555,2024-08-15 23:35:31.478168,2024-08-23 03:28:22.100052,2024-09-07 23:02:49
order_00001505,cust_00002752,delivered,2025-04-23 09:40:29,2025-04-23 13:49:50.335689,2025-04-28 05:40:18.483488,2025-04-29 06:36:41.386859,2025-05-10 09:40:29
order_00001506,cust_00002261,shipped,2025-09-30 03:29:47,2025-09-30 19:05:38.066959,2025-10-01 08:32:06.214453,,2025-10-10 03:29:47
order_00001507,cust_00000388,delivered,2024-06-08 22:14:00,2024-06-09 01:03:14.117331,2024-06-10 02:29:14.737066,2024-07-06 20:53:49.126472,2024-06-22 22:14:00
order_00001508,cust_00001759,delivered,2025-01-18 23:15:42,2025-01-19 01:32:31.648619,2025-01-20 07:45:18.394652,2025-01-27 02:05:24.922411,2025-02-03 23:15:42
order_00001509,cust_00001815,delivered,2025-09-11 19:02:53,2025-09-12 00:11:31.647531,2025-09-13 14:31:51.552668,2025-09-16 11:48:39.335461,2025-09-30 19:02:53
order_00001510,cust_00001833,canceled,2025-06-17 10:44:28,,,,2025-07-08 10:44:28
order_00001511,cust_00000763,unavailable,2024-12-07 08:29:44,2024-12-07 12:10:33.339518,,,2024-12-30 08:29:44
order_00001512,cust_00002524,delivered,2024-07-15 15:48:00,2024-07-15 19:44:18.069497,2024-07-17 01:18:20.754704,2024-07-21 11:22:11.784670,2024-07-31 15:48:00
order_00001513,cust_00002735,delivered,2025-11-13 15:36:46,2025-11-13 16:54:15.745493,2025-11-14 22:27:21.249245,2025-11-16 07:47:00.566577,2025-12-04 15:36:46
order_00001514,cust_00002256,invoiced,2024-07-06 00:25:12,2024-07-06 05:55:26.073750,,,2024-07-26 00:25:12
order_00001515,cust_00001914,delivered,2024-11-13 05:53:04,2024-11-13 09:07:45.749188,2024-11-15 16:00:50.768037,2024-11-24 07:20:37.524025,2024-11-27 05:53:04
order_00001516,cust_00002491,unavailable,2025-08-10 05:29:44,2025-08-10 12:17:51.177292,,,2025-09-04 05:29:44
order_00001517,cust_00001738,unavailable,2024-08-08 11:02:59,2024-08-08 14:47:20.957241,,,2024-08-29 11:02:59
order_00001518,cust_00002897,shipped,2025-12-04 22:30:04,2025-12-05 02:49:55.807692,2025-12-06 10:29:25.274823,,2025-12-28 22:30:04
order_00001519,cust_00002630,delivered,2024-11-20 20:11:55,2024-11-20 22:52:25.560763,2024-11-22 08:54:11.726181,2024-11-24 20:54:40.104200,2024-12-08 20:11:55
order_00001520,cust_00001279,delivered,2024-10-31 14:10:16,2024-10-31 15:29:17.136682,2024-11-01 08:58:26.574531,2024-11-02 18:24:18.468158,2024-11-17 14:10:16
order_00001521,cust_00002654,delivered,2024-10-02 19:18:14,2024-10-03 02:47:10.472914,2024-10-04 20:31:51.542759,2024-10-08 03:11:43.174264,2024-10-20 19:18:14
order_00001522,cust_00000033,invoiced,2025-07-08 17:03:48,2025-07-08 20:13:55.995340,,,2025-07-29 17:03:48
order_00001523,cust_00001278,delivered,2024-11-13 02:41:11,2024-11-13 04:55:19.141367,2024-11-14 12:15:55.262916,2024-11-16 14:22:38.107071,2024-11-29 02:41:11
order_00001524,cust_00001673,delivered,2024-12-08 13:56:35,2024-12-08 16:14:13.498363,2024-12-09 13:45:08.387990,2024-12-18 00:30:43.738147,2025-01-02 13:56:35
order_00001525,cust_00002178,delivered,2024-08-29 19:36:26,2024-08-29 21:24:32.713901,2024-09-03 22:22:39.305086,2024-09-06 15:21:38.635030,2024-09-14 19:36:26
order_00001526,cust_00001769,delivered,2024-01-16 12:48:55,2024-01-16 13:42:04.120026,2024-01-18 23:26:34.125843,2024-01-20 01:01:02.087314,2024-02-02 12:48:55
order_00001527,cust_00000240,delivered,2024-05-13 19:07:22,2024-05-13 20:09:59.956949,2024-05-15 00:03:59.424905,2024-05-18 07:44:44.977351,2024-06-01 19:07:22
order_00001528,cust_00000118,delivered,2024-05-05 01:08:35,2024-05-05 02:40:22.014536,2024-05-06 02:10:17.840293,2024-05-14 12:13:42.901806,2024-05-24 01:08:35
order_00001529,cust_00002665,delivered,2025-02-19 10:45:46,2025-02-19 17:56:45.172234,2025-02-21 01:58:24.184609,2025-03-06 02:07:54.835888,2025-03-12 10:45:46
order_00001530,cust_00000675,delivered,2024-03-17 03:54:19,2024-03-17 05:15:59.790897,2024-03-18 19:41:05.364198,2024-03-21 13:48:46.953706,2024-04-06 03:54:19
order_00001531,cust_00000961,delivered,2024-11-06 15:16:16,2024-11-06 16:13:21.220355,2024-11-07 15:17:20.933822,2024-11-08 21:49:12.248329,2024-11-20 15:16:16
order_00001532,cust_00002100,delivered,2025-10-16 19:02:19,2025-10-16 21:31:39.265489,2025-10-18 05:52:23.746663,2025-11-07 10:15:21.593946,2025-11-02 19:02:19
order_00001533,cust_00002073,delivered,2025-01-25 12:31:36,2025-01-25 15:34:57.157375,2025-01-27 15:57:37.173005,2025-01-31 20:21:31.316547,2025-02-14 12:31:36
order_00001534,cust_00002858,unavailable,2025-06-22 06:52:36,2025-06-22 07:43:22.795535,,,2025-06-29 06:52:36
order_00001535,cust_00001787,processing,2024-06-07 06:18:40,2024-06-07 13:55:21.405588,,,2024-06-24 06:18:40
order_00001536,cust_00001316,delivered,2025-04-24 15:17:01,2025-04-24 19:16:37.473972,2025-04-26 02:53:19.530066,2025-04-28 14:14:36.628594,2025-05-13 15:17:01
order_00001537,cust_00002931,delivered,2025-08-22 05:40:14,2025-08-23 06:50:47.703892,2025-08-25 04:22:24.556512,2025-08-31 03:07:46.295967,2025-09-12 05:40:14
order_00001538,cust_00000956,delivered,2024-08-18 14:49:03,2024-08-18 17:14:05.350342,2024-08-21 10:47:04.842990,2024-08-24 10:05:11.955218,2024-09-05 14:49:03
order_00001539,cust_00000848,delivered,2024-12-17 03:41:09,2024-12-17 05:10:06.931879,2024-12-18 21:48:10.347999,2024-12-22 16:53:30.246596,2025-01-09 03:41:09
order_00001540,cust_00001189,delivered,2024-12-13 22:49:24,2024-12-14 07:11:41.420464,2024-12-15 07:11:30.996593,2024-12-17 04:30:54.390646,2024-12-30 22:49:24
order_00001541,cust_00000210,delivered,2024-02-03 10:06:23,2024-02-03 16:10:37.779311,2024-02-10 06:07:37.663546,2024-02-16 19:24:37.902579,2024-02-23 10:06:23
order_00001542,cust_00000430,delivered,2024-03-31 19:35:23,2024-03-31 20:29:29.424265,2024-04-06 22:42:14.124896,2024-04-09 00:23:37.324739,2024-04-17 19:35:23
order_00001543,cust_00000576,delivered,2025-04-12 02:14:28,2025-04-12 03:47:38.023513,2025-04-13 03:28:51.143401,2025-05-01 03:27:53.166466,2025-05-01 02:14:28
order_00001544,cust_00002878,delivered,2024-06-08 17:18:09,2024-06-08 19:08:39.840909,2024-06-10 08:12:32.584856,2024-06-15 23:41:45.508405,2024-06-26 17:18:09
order_00001545,cust_00000283,delivered,2024-03-11 20:29:24,2024-03-11 22:24:34.274934,2024-03-16 11:49:52.273201,2024-03-23 03:40:39.325230,2024-03-28 20:29:24
order_00001546,cust_00000115,delivered,2024-05-03 08:12:41,2024-05-03 11:52:47.784153,2024-05-05 09:45:46.403031,2024-05-12 00:33:15.779838,2024-05-20 08:12:41
order_00001547,cust_00001449,delivered,2024-07-29 18:19:48,2024-07-29 22:06:12.412557,2024-07-31 09:20:25.058302,2024-08-07 13:22:11.279665,2024-08-10 18:19:48
order_00001548,cust_00002249,delivered,2024-06-04 03:23:40,2024-06-04 09:24:05.674517,2024-06-09 19:50:00.875496,2024-06-13 14:56:23.131199,2024-06-21 03:23:40
order_00001549,cust_00000081,unavailable,2024-09-13 14:41:11,2024-09-13 18:13:19.499400,,,2024-09-30 14:41:11
order_00001550,cust_00000722,delivered,2024-08-13 08:47:36,2024-08-13 11:56:15.320473,2024-08-16 04:53:09.977516,2024-08-26 16:59:35.033388,2024-09-04 08:47:36
order_00001551,cust_00002404,delivered,2024-08-06 21:26:32,2024-08-07 00:05:58.050697,2024-08-07 14:05:20.064753,2024-08-09 19:13:13.884054,2024-08-23 21:26:32
order_00001552,cust_00000157,delivered,2024-07-09 23:42:23,2024-07-10 03:22:13.529236,2024-07-10 17:31:26.723643,2024-07-16 23:29:11.919720,2024-08-02 23:42:23
order_00001553,cust_00000379,delivered,2024-03-31 17:42:51,2024-04-01 04:00:25.857884,2024-04-05 10:52:11.446169,2024-04-14 03:02:37.284853,2024-04-18 17:42:51
order_00001554,cust_00002926,delivered,2025-07-16 20:22:28,2025-07-17 00:19:09.279314,2025-07-18 14:46:07.188199,2025-07-20 21:06:52.685169,2025-08-03 20:22:28
order_00001555,cust_00001908,processing,2025-01-12 01:53:15,2025-01-12 04:53:10.973459,,,2025-01-29 01:53:15
order_00001556,cust_00002064,delivered,2024-11-04 12:38:45,2024-11-05 07:32:03.783835,2024-11-07 10:44:24.274365,2024-11-15 09:49:56.494912,2024-11-26 12:38:45
order_00001557,cust_00001686,unavailable,2025-09-12 09:18:16,2025-09-12 13:19:14.451933,,,2025-09-28 09:18:16
order_00001558,cust_00002339,delivered,2024-08-10 11:34:48,2024-08-10 14:58:38.877569,2024-08-11 03:57:46.153921,2024-08-16 02:56:08.164467,2024-08-29 11:34:48
order_00001559,cust_00002291,delivered,2025-04-19 20:59:05,2025-04-19 22:58:44.063657,2025-04-21 00:42:46.830649,2025-04-24 01:28:48.876107,2025-05-04 20:59:05
order_00001560,cust_00000033,delivered,2024-06-18 03:41:14,2024-06-18 12:25:52.675598,2024-06-19 07:54:48.651139,2024-06-25 11:55:11.067725,2024-07-03 03:41:14
order_00001561,cust_00002607,delivered,2024-06-06 22:09:41,2024-06-06 22:55:15.387962,2024-06-09 01:34:18.358354,2024-06-20 23:38:45.778564,2024-06-27 22:09:41
order_00001562,cust_00000934,delivered,2024-01-12 08:37:27,2024-01-12 18:30:06.747298,2024-01-13 07:30:51.448523,2024-01-19 02:22:25.705359,2024-01-31 08:37:27
order_00001563,cust_00001498,delivered,2024-05-29 01:27:33,2024-05-29 02:34:07.160173,2024-05-31 01:33:32.093887,2024-06-07 00:21:43.091285,2024-06-17 01:27:33
order_00001564,cust_00000462,delivered,2024-11-07 20:28:08,2024-11-08 06:13:16.890244,2024-11-08 18:33:45.998646,2024-11-15 17:06:45.035772,2024-12-01 20:28:08
order_00001565,cust_00002165,delivered,2025-03-09 22:30:06,2025-03-10 08:14:57.077257,2025-03-12 12:34:08.381074,2025-03-21 15:04:24.741691,2025-04-02 22:30:06
order_00001566,cust_00002861,delivered,2024-04-22 03:35:31,2024-04-22 06:54:21.559951,2024-04-24 22:08:58.860008,2024-05-09 06:33:06.979171,2024-05-10 03:35:31
order_00001567,cust_00001039,shipped,2024-06-29 10:55:50,2024-06-29 14:13:20.838315,2024-06-30 03:42:19.017104,,2024-07-29 10:55:50
order_00001568,cust_00001239,canceled,2025-07-19 12:56:30,,,,2025-08-10 12:56:30
order_00001569,cust_00002067,delivered,2025-06-11 08:50:23,2025-06-11 11:44:14.219108,2025-06-12 00:02:10.823115,2025-06-13 10:41:52.383146,2025-07-06 08:50:23
order_00001570,cust_00000001,delivered,2024-09-06 06:33:36,2024-09-06 18:45:12.344381,2024-09-08 09:29:21.074999,2024-09-19 13:30:12.020752,2024-09-27 06:33:36
order_00001571,cust_00001083,delivered,2024-04-09 12:04:35,2024-04-09 15:52:14.586225,2024-04-10 23:52:54.980022,2024-04-12 11:32:56.423791,2024-04-30 12:04:35
order_00001572,cust_00000326,unavailable,2024-01-09 11:23:32,2024-01-09 17:51:23.577052,,,2024-02-06 11:23:32
order_00001573,cust_00002458,delivered,2025-02-21 19:01:33,2025-02-21 21:42:38.287014,2025-02-25 07:16:58.823002,2025-02-26 10:57:31.958058,2025-03-10 19:01:33
order_00001574,cust_00001418,delivered,2024-10-01 14:01:41,2024-10-01 19:38:56.777440,2024-10-04 15:35:22.792681,2024-10-06 01:04:18.848939,2024-10-13 14:01:41
order_00001575,cust_00000256,delivered,2024-12-04 13:17:01,2024-12-04 15:23:01.672795,2024-12-06 08:17:27.321370,2024-12-09 00:36:07.873420,2024-12-19 13:17:01
order_00001576,cust_00002843,delivered,2024-10-08 03:41:56,2024-10-08 19:01:10.193237,2024-10-13 00:12:27.246635,2024-10-18 03:11:48.377980,2024-10-30 03:41:56
order_00001577,cust_00000927,delivered,2024-04-12 21:04:03,2024-04-13 04:54:16.479345,2024-04-14 17:46:56.007096,2024-04-25 03:06:32.257748,2024-04-29 21:04:03
order_00001578,cust_00001631,delivered,2025-07-23 21:14:53,2025-07-24 09:53:52.830339,2025-07-25 21:34:54.841107,2025-07-26 22:34:44.071331,2025-08-05 21:14:53
order_00001579,cust_00000106,delivered,2025-01-10 12:00:50,2025-01-10 16:57:40.853041,2025-01-13 15:38:46.400697,2025-01-31 09:33:35.226865,2025-02-04 12:00:50
order_00001580,cust_00001782,delivered,2024-05-22 08:37:48,2024-05-22 20:02:16.837517,2024-05-27 16:43:45.081176,2024-06-03 19:51:58.080582,2024-06-09 08:37:48
order_00001581,cust_00002670,delivered,2024-07-01 22:01:50,2024-07-02 04:14:19.815896,2024-07-03 10:09:44.903314,2024-07-05 11:47:09.249195,2024-07-18 22:01:50
order_00001582,cust_00000172,delivered,2025-11-02 21:27:35,2025-11-03 02:45:28.337459,2025-11-04 05:27:21.283198,2025-11-08 13:56:53.184130,2025-11-24 21:27:35
order_00001583,cust_00002590,delivered,2025-09-21 17:37:06,2025-09-22 11:49:14.240222,2025-09-25 12:14:00.900455,2025-09-27 21:29:53.212000,2025-10-15 17:37:06
order_00001584,cust_00002888,delivered,2025-02-06 06:31:06,2025-02-06 08:38:52.559657,2025-02-06 23:16:31.054820,2025-02-14 22:10:46.424523,2025-02-14 06:31:06
order_00001585,cust_00000994,delivered,2024-10-20 15:32:05,2024-10-21 04:16:48.913075,2024-10-24 02:37:24.125657,2024-10-28 00:27:35.840321,2024-11-03 15:32:05
order_00001586,cust_00001586,delivered,2025-04-07 08:00:54,2025-04-07 13:31:14.118309,2025-04-09 04:00:38.455265,2025-04-16 11:28:20.982624,2025-05-02 08:00:54
order_00001587,cust_00000503,delivered,2024-10-31 05:33:47,2024-10-31 08:43:44.086130,2024-11-03 00:15:26.535074,2024-11-09 04:02:14.669149,2024-11-17 05:33:47
order_00001588,cust_00001143,delivered,2024-07-06 20:04:59,2024-07-06 22:45:18.605667,2024-07-09 20:29:16.545805,2024-07-21 01:29:12.878880,2024-07-25 20:04:59
order_00001589,cust_00001543,shipped,2025-11-25 04:08:29,2025-11-25 04:50:41.754281,2025-11-26 00:24:17.725764,,2025-12-12 04:08:29
order_00001590,cust_00002157,canceled,2024-12-11 18:20:58,,,,2025-01-05 18:20:58
order_00001591,cust_00001396,delivered,2025-10-31 12:57:38,2025-11-01 01:35:55.379554,2025-11-04 23:10:47.938875,2025-11-08 14:35:50.167286,2025-11-16 12:57:38
order_00001592,cust_00001391,delivered,2025-11-07 06:43:51,2025-11-07 08:41:56.796859,2025-11-08 11:17:05.615020,2025-11-10 12:13:24.513277,2025-12-03 06:43:51
order_00001593,cust_00001353,delivered,2025-10-04 23:16:12,2025-10-05 09:20:17.246672,2025-10-09 16:09:14.903852,2025-10-13 14:05:55.085621,2025-10-25 23:16:12
order_00001594,cust_00001159,delivered,2025-05-23 03:46:53,2025-05-23 05:48:37.780431,2025-05-25 09:44:02.599469,2025-06-01 00:37:50.664604,2025-06-17 03:46:53
order_00001595,cust_00001045,delivered,2024-05-12 08:03:50,2024-05-12 11:35:52.537898,2024-05-13 22:51:27.289686,2024-05-22 15:54:46.997712,2024-06-08 08:03:50
order_00001596,cust_00000646,delivered,2024-11-13 10:28:51,2024-11-13 14:12:32.006797,2024-11-16 12:06:59.839071,2024-11-25 01:21:41.964447,2024-12-02 10:28:51
order_00001597,cust_00001033,delivered,2024-12-03 09:08:27,2024-12-04 07:22:29.389340,2024-12-06 09:51:53.456915,2024-12-07 17:52:19.718575,2024-12-26 09:08:27
order_00001598,cust_00001449,delivered,2025-05-11 06:09:45,2025-05-11 08:10:56.042222,2025-05-12 19:04:06.186616,2025-05-18 00:25:31.163705,2025-06-07 06:09:45
order_00001599,cust_00002364,delivered,2024-04-30 06:21:02,2024-04-30 09:31:36.617070,2024-05-02 23:26:31.771417,2024-05-12 05:45:00.037331,2024-05-23 06:21:02
order_00001600,cust_00002634,delivered,2025-03-25 07:03:27,2025-03-25 09:14:06.113101,2025-03-29 22:00:38.785231,2025-04-02 00:32:00.048507,2025-04-15 07:03:27
order_00001601,cust_00000944,delivered,2025-01-10 04:42:56,2025-01-10 17:13:13.125916,2025-01-12 12:13:08.159696,2025-01-16 06:03:28.846129,2025-01-25 04:42:56
order_00001602,cust_00000584,delivered,2025-05-26 16:24:23,2025-05-26 18:11:50.046219,2025-05-29 01:23:47.827719,2025-06-05 11:19:49.784360,2025-06-13 16:24:23
order_00001603,cust_00002835,delivered,2025-09-12 12:21:06,2025-09-12 16:26:08.263230,2025-09-13 18:42:00.787732,2025-09-16 17:45:18.770312,2025-10-05 12:21:06
order_00001604,cust_00001512,delivered,2025-07-28 13:07:21,2025-07-28 13:48:38.278875,2025-07-30 01:49:25.905359,2025-07-31 01:56:31.930474,2025-08-13 13:07:21
order_00001605,cust_00000752,delivered,2025-04-13 19:02:04,2025-04-13 21:13:11.153230,2025-04-14 21:08:26.219526,2025-04-19 07:41:08.401221,2025-05-02 19:02:04
order_00001606,cust_00000684,delivered,2024-06-20 23:31:51,2024-06-21 01:12:55.114270,2024-06-22 04:35:19.604755,2024-06-28 12:03:07.516080,2024-07-02 23:31:51
order_00001607,cust_00000022,delivered,2025-09-30 16:07:53,2025-09-30 17:45:22.832174,2025-10-02 23:24:01.811629,2025-10-08 19:57:56.624998,2025-10-15 16:07:53
order_00001608,cust_00000494,delivered,2024-08-09 03:30:25,2024-08-09 06:08:53.132452,2024-08-12 11:52:06.120172,2024-08-18 21:09:13.506213,2024-08-21 03:30:25
order_00001609,cust_00001658,delivered,2025-01-27 02:30:29,2025-01-27 04:42:18.774492,2025-01-27 21:32:38.625450,2025-02-15 06:10:10.291539,2025-02-19 02:30:29
order_00001610,cust_00000202,processing,2025-09-09 04:16:17,2025-09-09 16:01:27.594901,,,2025-09-27 04:16:17
order_00001611,cust_00002888,delivered,2025-05-09 03:13:43,2025-05-09 08:15:23.118021,2025-05-09 20:21:31.122304,2025-05-18 21:09:04.537776,2025-05-29 03:13:43
order_00001612,cust_00002250,delivered,2025-11-09 11:16:45,2025-11-09 15:48:16.590793,2025-11-11 05:13:31.331674,2025-11-13 13:16:04.415814,2025-12-03 11:16:45
order_00001613,cust_00002961,delivered,2024-04-19 17:53:58,2024-04-19 23:58:22.890169,2024-04-20 18:15:48.109912,2024-04-23 16:40:12.871130,2024-05-07 17:53:58
order_00001614,cust_00002724,delivered,2025-03-30 00:31:23,2025-03-30 01:27:17.202714,2025-04-02 13:35:31.574423,2025-04-09 17:01:54.895031,2025-04-23 00:31:23
order_00001615,cust_00001580,delivered,2025-04-09 04:59:04,2025-04-09 07:25:36.892231,2025-04-10 05:55:24.704142,2025-04-27 20:53:51.385934,2025-04-29 04:59:04
order_00001616,cust_00001330,delivered,2025-07-09 03:26:54,2025-07-09 08:35:07.353445,2025-07-10 07:35:47.532233,2025-07-17 20:46:44.053068,2025-07-20 03:26:54
order_00001617,cust_00001707,delivered,2025-06-05 04:39:59,2025-06-05 06:55:33.009937,2025-06-05 22:55:17.909545,2025-06-07 17:15:24.736088,2025-06-25 04:39:59
order_00001618,cust_00002059,shipped,2024-01-02 02:24:26,2024-01-02 07:04:07.534453,2024-01-02 20:42:01.388922,,2024-01-24 02:24:26
order_00001619,cust_00001019,delivered,2024-11-11 11:26:58,2024-11-11 19:08:34.775895,2024-11-14 00:52:30.493712,2024-11-16 06:15:39.841142,2024-12-03 11:26:58
order_00001620,cust_00000079,processing,2024-06-20 20:30:44,2024-06-20 22:59:09.807443,,,2024-07-09 20:30:44
order_00001621,cust_00001282,delivered,2025-08-31 08:04:21,2025-08-31 12:02:14.140991,2025-09-01 10:59:28.091267,2025-09-06 09:00:12.027722,2025-09-23 08:04:21
order_00001622,cust_00002195,delivered,2024-02-13 08:42:47,2024-02-13 11:41:28.962563,2024-02-15 05:09:29.678935,2024-02-17 12:48:11.060142,2024-02-27 08:42:47
order_00001623,cust_00000642,shipped,2024-10-04 14:29:55,2024-10-04 23:12:29.441689,2024-10-06 03:03:21.370176,,2024-10-18 14:29:55
order_00001624,cust_00000097,canceled,2025-06-19 15:33:08,,,,2025-07-11 15:33:08
order_00001625,cust_00000228,delivered,2024-01-07 09:52:31,2024-01-07 23:23:30.688834,2024-01-09 10:02:06.730801,2024-01-14 01:34:31.196992,2024-01-21 09:52:31
order_00001626,cust_00002277,delivered,2024-02-21 21:27:59,2024-02-22 07:03:48.141071,2024-02-24 22:07:05.301173,2024-03-12 09:37:07.745744,2024-03-15 21:27:59
order_00001627,cust_00001570,delivered,2025-02-03 17:43:00,2025-02-04 01:50:51.475275,2025-02-05 09:58:32.468802,2025-02-09 19:23:40.351067,2025-02-19 17:43:00
order_00001628,cust_00002307,delivered,2024-05-16 09:05:58,2024-05-16 11:22:29.352895,2024-05-18 04:54:01.938856,2024-06-02 12:30:40.746224,2024-06-02 09:05:58
order_00001629,cust_00001617,delivered,2025-07-25 07:34:55,2025-07-25 15:44:31.902059,2025-07-27 07:49:13.025290,2025-08-02 01:18:31.318678,2025-08-10 07:34:55
order_00001630,cust_00001356,delivered,2024-04-06 23:12:01,2024-04-07 01:54:03.615424,2024-04-08 19:26:51.849430,2024-04-13 03:23:10.751613,2024-04-22 23:12:01
order_00001631,cust_00000060,delivered,2024-07-10 10:00:37,2024-07-10 14:53:41.601689,2024-07-12 10:04:58.554780,2024-07-20 14:37:38.576431,2024-07-28 10:00:37
order_00001632,cust_00000151,canceled,2025-08-08 12:20:21,,,,2025-08-25 12:20:21
order_00001633,cust_00000194,delivered,2025-02-22 17:37:17,2025-02-22 22:06:31.866067,2025-02-24 22:28:14.238077,2025-03-01 22:46:47.947059,2025-03-10 17:37:17
order_00001634,cust_00002406,delivered,2025-05-07 14:48:34,2025-05-07 17:00:37.544397,2025-05-09 11:26:19.700306,2025-05-19 18:05:18.224755,2025-05-30 14:48:34
order_00001635,cust_00002475,delivered,2025-04-08 08:46:16,2025-04-08 19:24:08.050061,2025-04-14 03:55:45.416209,2025-04-19 14:09:50.763561,2025-04-29 08:46:16
order_00001636,cust_00001049,delivered,2024-01-13 00:15:28,2024-01-13 02:58:07.130702,2024-01-13 18:10:18.982220,2024-01-19 03:58:40.595659,2024-01-30 00:15:28
order_00001637,cust_00002498,delivered,2025-01-09 14:03:03,2025-01-09 15:19:52.877408,2025-01-10 11:15:44.450743,2025-01-19 01:33:02.267125,2025-02-01 14:03:03
order_00001638,cust_00002817,delivered,2025-05-26 10:39:07,2025-05-26 13:53:29.967406,2025-05-29 05:00:09.476455,2025-06-05 08:44:43.573981,2025-06-15 10:39:07
order_00001639,cust_00000050,delivered,2024-04-17 21:31:46,2024-04-18 03:25:55.965336,2024-04-19 09:13:13.402721,2024-04-21 23:25:32.596144,2024-05-11 21:31:46
order_00001640,cust_00002185,delivered,2025-08-07 15:10:12,2025-08-07 17:25:21.319805,2025-08-11 20:58:17.515977,2025-08-13 08:11:04.515696,2025-08-22 15:10:12
order_00001641,cust_00002203,delivered,2025-11-30 01:01:11,2025-11-30 03:31:48.752436,2025-12-03 15:50:00.715457,2025-12-13 04:58:10.441262,2025-12-16 01:01:11
order_00001642,cust_00001725,delivered,2024-08-05 04:02:42,2024-08-05 10:54:56.527911,2024-08-06 02:48:40.421381,2024-08-08 14:50:35.780975,2024-08-26 04:02:42
order_00001643,cust_00001874,delivered,2024-06-10 03:05:13,2024-06-10 05:51:19.748106,2024-06-11 04:41:37.150962,2024-06-18 07:20:15.179209,2024-07-03 03:05:13
order_00001644,cust_00001001,delivered,2024-07-19 09:45:59,2024-07-19 20:05:11.381078,2024-07-21 03:09:29.260158,2024-08-05 11:34:30.758880,2024-08-10 09:45:59
order_00001645,cust_00002028,delivered,2025-06-03 07:49:06,2025-06-03 18:04:09.571661,2025-06-05 01:55:10.214933,2025-06-06 03:45:30.827463,2025-06-20 07:49:06
order_00001646,cust_00001926,delivered,2024-09-09 06:34:03,2024-09-09 11:18:19.786686,2024-09-13 02:55:50.240178,2024-09-14 14:28:28.897129,2024-09-22 06:34:03
order_00001647,cust_00002403,delivered,2024-07-02 01:33:28,2024-07-02 07:20:11.621560,2024-07-04 15:26:34.372204,2024-07-18 06:54:44.835572,2024-07-21 01:33:28
order_00001648,cust_00000366,delivered,2025-02-20 16:19:11,2025-02-20 17:35:40.123248,2025-02-21 06:08:15.744039,2025-02-23 17:57:30.866243,2025-03-11 16:19:11
order_00001649,cust_00000014,delivered,2024-09-08 07:32:41,2024-09-08 08:27:29.011468,2024-09-12 02:05:08.531650,2024-09-18 15:00:20.924193,2024-09-20 07:32:41
order_00001650,cust_00000215,delivered,2025-03-05 09:15:03,2025-03-05 16:53:34.880344,2025-03-06 07:59:07.989615,2025-03-12 08:28:15.408372,2025-03-23 09:15:03
order_00001651,cust_00002062,delivered,2025-05-19 01:09:25,2025-05-19 15:36:27.096809,2025-05-21 05:55:58.307597,2025-06-26 07:01:00.065472,2025-06-10 01:09:25
order_00001652,cust_00001739,delivered,2024-08-12 09:49:08,2024-08-12 11:33:08.557779,2024-08-15 04:49:57.274698,2024-08-24 16:10:10.868617,2024-09-02 09:49:08
order_00001653,cust_00001134,delivered,2025-10-23 23:37:19,2025-10-24 01:09:59.192738,2025-10-25 03:39:57.395627,2025-10-31 05:41:22.175726,2025-11-19 23:37:19
order_00001654,cust_00001858,unavailable,2025-09-17 10:00:54,2025-09-17 14:36:51.466796,,,2025-10-06 10:00:54
order_00001655,cust_00002210,shipped,2025-01-11 18:25:22,2025-01-11 20:04:54.165126,2025-01-13 00:40:42.515837,,2025-01-30 18:25:22
order_00001656,cust_00001249,delivered,2025-02-16 08:11:39,2025-02-16 10:02:11.308932,2025-02-17 15:08:14.183679,2025-02-19 13:00:46.076047,2025-03-06 08:11:39
order_00001657,cust_00002179,delivered,2025-08-17 10:34:28,2025-08-17 12:49:22.773075,2025-08-18 09:06:57.543302,2025-08-21 17:45:20.777095,2025-08-28 10:34:28
order_00001658,cust_00001528,shipped,2025-08-10 00:14:29,2025-08-10 06:00:38.180308,2025-08-12 06:41:20.062405,,2025-08-21 00:14:29
order_00001659,cust_00001810,delivered,2025-01-27 15:59:40,2025-01-27 20:28:11.424854,2025-01-30 07:49:50.284959,2025-02-18 07:59:36.312562,2025-02-17 15:59:40
order_00001660,cust_00000261,delivered,2024-11-25 00:58:30,2024-11-25 19:17:54.221814,2024-11-26 13:23:04.864047,2024-12-02 02:40:00.108570,2024-12-16 00:58:30
order_00001661,cust_00002006,delivered,2025-07-13 00:56:16,2025-07-13 13:11:26.191500,2025-07-16 16:33:20.113973,2025-08-11 11:03:33.653940,2025-07-30 00:56:16
order_00001662,cust_00001265,delivered,2025-08-11 14:19:09,2025-08-11 16:03:04.553825,2025-08-13 15:50:24.144300,2025-08-15 10:05:55.040450,2025-08-30 14:19:09
order_00001663,cust_00000015,delivered,2025-11-10 06:03:40,2025-11-10 07:27:51.089698,2025-11-13 12:11:10.207056,2025-11-16 20:51:59.120366,2025-12-01 06:03:40
order_00001664,cust_00000944,delivered,2025-04-12 19:24:11,2025-04-12 22:34:31.384711,2025-04-13 18:28:10.770192,2025-04-28 21:39:00.684363,2025-05-03 19:24:11
order_00001665,cust_00000223,shipped,2024-07-10 05:17:00,2024-07-10 06:06:18.330279,2024-07-11 11:24:28.040872,,2024-07-27 05:17:00
order_00001666,cust_00002294,canceled,2025-04-19 07:49:39,,,,2025-05-07 07:49:39
order_00001667,cust_00002196,shipped,2024-12-08 04:37:29,2024-12-08 13:38:35.905725,2024-12-10 02:52:02.156399,,2024-12-22 04:37:29
order_00001668,cust_00002594,invoiced,2025-07-18 08:46:45,2025-07-19 00:40:48.551153,,,2025-08-08 08:46:45
order_00001669,cust_00002751,delivered,2024-09-19 15:45:09,2024-09-19 20:44:19.208053,2024-09-26 01:58:48.016945,2024-10-08 10:05:49.565184,2024-10-21 15:45:09
order_00001670,cust_00000672,delivered,2025-06-18 12:49:50,2025-06-18 17:31:53.006491,2025-06-20 10:30:37.501910,2025-06-26 02:04:44.741152,2025-07-03 12:49:50
order_00001671,cust_00002956,delivered,2025-06-12 12:55:04,2025-06-12 13:41:59.762920,2025-06-13 17:37:52.525679,2025-06-18 00:52:28.078685,2025-06-28 12:55:04
order_00001672,cust_00001065,delivered,2025-05-17 00:41:31,2025-05-17 07:04:49.096797,2025-05-18 03:30:28.539479,2025-05-20 02:28:21.679416,2025-06-05 00:41:31
order_00001673,cust_00000902,delivered,2025-03-06 04:24:23,2025-03-06 11:43:02.705460,2025-03-10 16:17:45.222846,2025-03-15 07:39:29.630905,2025-03-26 04:24:23
order_00001674,cust_00002592,delivered,2025-03-30 04:10:37,2025-03-31 00:10:46.191762,2025-04-01 05:54:16.538602,2025-04-04 15:48:19.661332,2025-04-21 04:10:37
order_00001675,cust_00001221,delivered,2025-05-13 20:54:43,2025-05-13 22:30:03.829627,2025-05-14 16:28:14.735138,2025-05-16 05:47:08.493749,2025-06-03 20:54:43
order_00001676,cust_00000522,unavailable,2025-07-27 16:04:00,2025-07-27 16:37:01.931543,,,2025-08-17 16:04:00
order_00001677,cust_00000332,delivered,2024-02-10 15:41:43,2024-02-10 23:38:12.450030,2024-02-13 22:57:58.429490,2024-03-01 12:50:55.303579,2024-03-02 15:41:43
order_00001678,cust_00000507,delivered,2025-08-13 19:31:51,2025-08-13 22:42:55.840120,2025-08-17 17:00:35.372204,2025-08-18 18:59:44.070687,2025-09-02 19:31:51
order_00001679,cust_00001012,delivered,2024-05-06 01:18:22,2024-05-07 01:49:18.387161,2024-05-09 01:20:53.273346,2024-05-15 02:46:07.659467,2024-05-21 01:18:22
order_00001680,cust_00001537,shipped,2025-06-15 23:40:59,2025-06-16 02:59:10.702536,2025-06-16 22:23:48.266876,,2025-06-30 23:40:59
order_00001681,cust_00001145,shipped,2024-02-19 00:39:42,2024-02-19 01:42:10.335589,2024-02-20 02:45:54.516690,,2024-03-07 00:39:42
order_00001682,cust_00000155,delivered,2024-03-17 01:19:34,2024-03-17 03:13:25.180604,2024-03-18 08:35:58.146455,2024-03-19 15:41:04.747555,2024-04-09 01:19:34
order_00001683,cust_00000870,delivered,2025-07-25 22:17:05,2025-07-26 02:56:09.884908,2025-07-28 07:09:09.324955,2025-08-03 16:25:49.504693,2025-08-13 22:17:05
order_00001684,cust_00000473,unavailable,2024-01-20 09:39:11,2024-01-20 10:30:59.422445,,,2024-02-06 09:39:11
order_00001685,cust_00002918,delivered,2025-07-22 16:48:00,2025-07-23 00:15:29.131629,2025-07-26 16:35:51.269872,2025-08-01 21:32:46.151478,2025-08-02 16:48:00
order_00001686,cust_00001572,delivered,2025-01-23 08:29:00,2025-01-23 19:19:21.437106,2025-01-27 06:01:51.691082,2025-02-04 08:52:25.250894,2025-02-14 08:29:00
order_00001687,cust_00001054,delivered,2025-12-28 16:25:57,2025-12-28 18:35:04.697237,2025-12-29 23:26:26.837408,2026-01-11 17:26:17.089670,2026-01-13 16:25:57
order_00001688,cust_00001428,delivered,2025-11-22 22:41:06,2025-11-23 10:17:39.661132,2025-11-26 14:06:44.198736,2025-11-29 02:38:22.127446,2025-12-08 22:41:06
order_00001689,cust_00001139,delivered,2024-08-11 04:33:34,2024-08-11 14:18:46.173338,2024-08-13 23:02:44.318423,2024-08-20 02:52:57.600796,2024-09-01 04:33:34
order_00001690,cust_00002688,delivered,2024-11-10 08:46:40,2024-11-10 09:41:31.556945,2024-11-13 09:01:38.421163,2024-11-22 01:30:10.514569,2024-11-25 08:46:40
order_00001691,cust_00001705,delivered,2025-07-06 20:30:03,2025-07-07 03:23:27.709532,2025-07-08 11:53:06.059990,2025-07-17 11:11:29.123316,2025-07-30 20:30:03
order_00001692,cust_00002691,delivered,2025-07-12 01:10:46,2025-07-12 03:37:09.609523,2025-07-19 08:52:46.339857,2025-07-23 15:35:59.769618,2025-07-20 01:10:46
order_00001693,cust_00000575,delivered,2024-08-08 21:37:46,2024-08-08 22:23:25.660225,2024-08-11 13:26:32.194421,2024-08-14 01:06:44.524021,2024-08-24 21:37:46
order_00001694,cust_00001122,delivered,2024-08-13 12:38:41,2024-08-14 06:30:50.338837,2024-08-15 17:40:26.436825,2024-08-22 06:07:59.829774,2024-09-02 12:38:41
order_00001695,cust_00000917,delivered,2025-12-22 20:50:55,2025-12-22 22:15:17.688277,2025-12-25 01:21:39.660011,2026-01-11 20:00:51.817949,2026-01-03 20:50:55
order_00001696,cust_00001093,delivered,2025-04-07 09:26:16,2025-04-08 00:31:29.096247,2025-04-09 02:56:32.872593,2025-04-14 20:19:06.729988,2025-04-25 09:26:16
order_00001697,cust_00000600,delivered,2025-07-20 20:08:21,2025-07-21 16:18:39.186916,2025-07-24 01:15:26.874475,2025-07-25 07:14:43.872571,2025-08-03 20:08:21
order_00001698,cust_00000643,delivered,2025-12-01 22:56:47,2025-12-02 00:15:25.476383,2025-12-03 00:53:41.704377,2025-12-05 23:38:37.861604,2025-12-12 22:56:47
order_00001699,cust_00001000,delivered,2025-03-26 10:22:30,2025-03-26 11:54:20.046613,2025-03-27 20:51:04.698707,2025-04-16 09:36:29.877865,2025-04-14 10:22:30
order_00001700,cust_00001985,delivered,2024-08-08 09:03:41,2024-08-08 13:03:17.826392,2024-08-09 03:30:40.736159,2024-08-10 14:33:32.158840,2024-09-03 09:03:41
order_00001701,cust_00001250,delivered,2024-06-16 19:15:19,2024-06-16 21:37:00.123284,2024-06-17 14:26:33.302355,2024-06-27 21:57:02.221910,2024-07-02 19:15:19
order_00001702,cust_00002857,delivered,2025-06-16 04:00:32,2025-06-16 11:32:54.448563,2025-06-17 20:43:36.230338,2025-06-21 12:44:10.458504,2025-07-08 04:00:32
order_00001703,cust_00000926,delivered,2024-10-07 22:54:01,2024-10-08 02:48:05.602858,2024-10-10 12:35:49.023203,2024-10-19 13:51:05.228943,2024-10-27 22:54:01
order_00001704,cust_00002008,delivered,2024-03-12 15:58:22,2024-03-12 18:16:08.405853,2024-03-13 09:58:45.987001,2024-03-15 16:34:42.923456,2024-04-01 15:58:22
order_00001705,cust_00001587,delivered,2024-11-18 00:05:20,2024-11-18 02:23:12.596620,2024-11-20 22:29:38.135298,2024-11-24 16:28:41.673301,2024-12-05 00:05:20
order_00001706,cust_00000367,delivered,2025-07-16 06:52:04,2025-07-16 09:08:07.370956,2025-07-17 08:33:28.443762,2025-07-21 22:14:21.015724,2025-08-07 06:52:04
order_00001707,cust_00001959,delivered,2024-05-17 09:52:23,2024-05-17 13:00:21.268953,2024-05-18 08:30:59.517211,2024-05-20 04:08:19.625869,2024-06-02 09:52:23
order_00001708,cust_00001485,delivered,2024-07-29 21:59:29,2024-07-29 22:37:22.116601,2024-07-31 11:18:23.193592,2024-08-14 19:33:50.819909,2024-08-18 21:59:29
order_00001709,cust_00001330,delivered,2025-07-22 20:46:40,2025-07-22 21:57:02.063879,2025-07-24 07:26:08.447473,2025-07-26 15:58:36.340671,2025-08-20 20:46:40
order_00001710,cust_00000222,delivered,2025-07-11 01:43:28,2025-07-11 02:33:05.987871,2025-07-12 06:41:41.174764,2025-07-20 08:01:25.754757,2025-07-31 01:43:28
order_00001711,cust_00001568,shipped,2025-08-04 04:40:28,2025-08-04 05:12:24.603491,2025-08-05 15:46:15.173203,,2025-08-26 04:40:28
order_00001712,cust_00001734,delivered,2025-10-18 03:02:38,2025-10-18 05:00:52.428373,2025-10-23 19:53:31.560608,2025-11-01 06:47:55.207888,2025-11-06 03:02:38
order_00001713,cust_00002320,unavailable,2025-01-07 04:14:09,2025-01-07 15:22:21.156441,,,2025-01-29 04:14:09
order_00001714,cust_00001088,invoiced,2025-04-03 18:09:40,2025-04-04 00:27:47.796736,,,2025-04-23 18:09:40
order_00001715,cust_00002157,delivered,2025-09-26 11:32:20,2025-09-26 16:10:29.523516,2025-09-28 15:12:59.640454,2025-09-30 03:24:12.363243,2025-10-21 11:32:20
order_00001716,cust_00001042,delivered,2024-04-09 10:47:12,2024-04-09 17:02:49.300622,2024-04-11 11:08:18.738170,2024-04-15 17:47:27.763341,2024-05-08 10:47:12
order_00001717,cust_00002902,delivered,2025-05-14 21:37:21,2025-05-15 05:59:56.780150,2025-05-16 08:17:09.645306,2025-05-22 02:34:32.213103,2025-06-01 21:37:21
order_00001718,cust_00001033,delivered,2024-10-03 14:51:49,2024-10-03 20:45:11.956260,2024-10-04 19:08:09.226179,2024-10-06 00:53:40.879317,2024-10-18 14:51:49
order_00001719,cust_00000097,delivered,2024-03-07 11:51:02,2024-03-07 12:50:12.663714,2024-03-08 01:38:17.587819,2024-03-09 18:04:33.028733,2024-03-26 11:51:02
order_00001720,cust_00002809,delivered,2025-01-15 17:37:59,2025-01-15 19:13:35.591856,2025-01-16 14:45:32.154752,2025-01-18 05:56:33.662640,2025-01-31 17:37:59
order_00001721,cust_00001896,delivered,2025-03-14 12:39:49,2025-03-15 05:31:56.217508,2025-03-17 08:10:05.420353,2025-03-21 22:00:21.281013,2025-04-05 12:39:49
order_00001722,cust_00000360,delivered,2025-08-24 05:36:46,2025-08-24 12:06:54.686259,2025-08-28 04:10:25.984071,2025-09-04 01:45:14.065940,2025-09-15 05:36:46
order_00001723,cust_00000173,delivered,2025-05-07 13:13:41,2025-05-07 18:48:45.263680,2025-05-08 17:12:37.125410,2025-05-14 13:43:25.156473,2025-05-26 13:13:41
order_00001724,cust_00000680,delivered,2025-11-06 04:01:21,2025-11-07 10:36:20.840890,2025-11-09 00:43:40.280225,2025-11-24 05:01:21.092496,2025-11-23 04:01:21
order_00001725,cust_00000925,delivered,2025-08-26 20:22:19,2025-08-27 06:07:09.899494,2025-09-01 00:40:56.790722,2025-09-02 09:02:13.132606,2025-09-14 20:22:19
order_00001726,cust_00002382,delivered,2025-03-25 14:26:54,2025-03-25 18:17:40.043918,2025-03-26 20:03:18.433077,2025-04-04 19:15:09.584802,2025-04-09 14:26:54
order_00001727,cust_00001113,delivered,2024-07-03 09:52:58,2024-07-03 12:17:57.323172,2024-07-04 12:11:46.209991,2024-07-10 08:13:23.956271,2024-07-27 09:52:58
order_00001728,cust_00002273,delivered,2025-09-16 12:37:19,2025-09-16 18:29:51.948381,2025-09-20 14:34:00.786575,2025-09-22 10:33:42.109907,2025-10-06 12:37:19
order_00001729,cust_00002572,shipped,2025-01-30 22:53:43,2025-01-31 01:16:16.506279,2025-02-01 18:39:39.005313,,2025-02-13 22:53:43
order_00001730,cust_00000691,delivered,2024-02-03 08:47:39,2024-02-03 10:24:37.441228,2024-02-04 11:49:22.191082,2024-02-09 05:14:54.866482,2024-02-28 08:47:39
order_00001731,cust_00001046,delivered,2024-01-21 10:15:24,2024-01-21 12:39:17.055099,2024-01-23 16:44:14.956331,2024-01-31 00:36:41.530830,2024-02-03 10:15:24
order_00001732,cust_00000579,delivered,2025-08-01 00:28:01,2025-08-01 02:55:34.898032,2025-08-02 11:22:21.438267,2025-08-04 00:32:45.198451,2025-08-18 00:28:01
order_00001733,cust_00001598,shipped,2024-02-10 06:57:50,2024-02-10 12:22:28.434591,2024-02-13 22:33:35.565829,,2024-03-03 06:57:50
order_00001734,cust_00002495,delivered,2024-10-29 00:21:27,2024-10-29 00:52:07.218472,2024-10-31 20:46:53.299035,2024-11-02 13:48:21.430802,2024-11-12 00:21:27
order_00001735,cust_00000487,delivered,2025-10-05 06:08:20,2025-10-05 10:57:59.579823,2025-10-06 19:14:51.515798,2025-10-08 20:09:03.058298,2025-10-20 06:08:20
order_00001736,cust_00000600,delivered,2025-01-30 21:47:36,2025-01-31 01:16:25.702497,2025-01-31 15:43:38.246629,2025-02-03 10:27:18.586160,2025-02-22 21:47:36
order_00001737,cust_00002831,shipped,2024-01-30 05:41:13,2024-01-30 16:57:10.753014,2024-02-01 23:32:05.386008,,2024-02-23 05:41:13
order_00001738,cust_00001737,delivered,2025-05-21 17:32:28,2025-05-21 21:25:26.166108,2025-05-24 16:23:24.040103,2025-05-26 21:05:24.459651,2025-06-11 17:32:28
order_00001739,cust_00002237,shipped,2025-02-12 11:48:52,2025-02-13 03:37:35.359936,2025-02-14 05:42:38.132927,,2025-03-13 11:48:52
order_00001740,cust_00002321,delivered,2024-12-13 07:28:48,2024-12-13 15:45:44.355446,2024-12-14 11:19:52.760012,2024-12-25 12:31:06.627409,2024-12-26 07:28:48
order_00001741,cust_00002164,delivered,2025-12-18 03:01:11,2025-12-18 06:42:26.806714,2025-12-19 02:14:48.129380,2025-12-20 09:44:32.610654,2026-01-08 03:01:11
order_00001742,cust_00001578,delivered,2024-08-09 10:47:38,2024-08-09 21:18:55.115404,2024-08-13 20:02:24.296509,2024-08-16 20:31:45.829719,2024-08-27 10:47:38
order_00001743,cust_00002823,delivered,2024-07-14 20:11:53,2024-07-15 00:02:03.181223,2024-07-17 03:07:58.128800,2024-07-28 14:46:06.064450,2024-08-04 20:11:53
order_00001744,cust_00002358,delivered,2024-04-12 02:33:04,2024-04-12 05:53:39.846206,2024-04-13 23:37:47.371138,2024-04-28 10:37:50.977650,2024-05-03 02:33:04
order_00001745,cust_00000581,delivered,2024-03-22 19:02:10,2024-03-22 22:54:10.908320,2024-03-23 14:37:08.080792,2024-03-30 05:32:15.573057,2024-04-03 19:02:10
order_00001746,cust_00002989,unavailable,2024-06-06 16:59:59,2024-06-07 00:36:26.563728,,,2024-07-02 16:59:59
order_00001747,cust_00002142,delivered,2024-08-03 07:51:58,2024-08-03 09:45:08.123021,2024-08-04 20:35:13.674141,2024-08-07 00:20:35.666520,2024-08-23 07:51:58
order_00001748,cust_00000564,delivered,2024-11-16 02:47:53,2024-11-16 09:47:38.674993,2024-11-17 17:53:31.873513,2024-11-25 12:34:34.615484,2024-12-09 02:47:53
order_00001749,cust_00002641,delivered,2025-07-20 22:00:54,2025-07-21 14:09:18.082679,2025-07-23 17:58:11.634689,2025-07-29 12:16:29.362611,2025-08-06 22:00:54
order_00001750,cust_00001758,delivered,2025-10-15 21:19:48,2025-10-15 22:28:27.714029,2025-10-16 21:53:46.147671,2025-10-19 07:33:32.083893,2025-11-09 21:19:48
order_00001751,cust_00000644,delivered,2025-10-18 03:41:18,2025-10-18 05:10:27.747892,2025-10-21 22:24:58.298254,2025-10-27 06:26:31.492192,2025-11-06 03:41:18
order_00001752,cust_00002443,delivered,2024-01-21 01:12:34,2024-01-21 05:08:02.795001,2024-01-23 00:16:25.526378,2024-01-25 23:14:47.962015,2024-02-16 01:12:34
order_00001753,cust_00001735,delivered,2024-11-11 02:47:29,2024-11-11 12:44:19.161023,2024-11-12 15:32:52.943854,2024-11-20 09:07:10.576596,2024-12-02 02:47:29
order_00001754,cust_00000671,delivered,2024-07-06 21:59:57,2024-07-07 15:03:46.389546,2024-07-09 02:24:32.797527,2024-07-13 14:13:33.960950,2024-07-24 21:59:57
order_00001755,cust_00000675,delivered,2024-02-19 23:24:56,2024-02-20 00:25:55.164499,2024-02-21 18:07:57.116616,2024-03-14 05:58:32.691403,2024-03-12 23:24:56
order_00001756,cust_00001131,delivered,2024-07-11 17:19:07,2024-07-11 21:11:53.374675,2024-07-14 05:36:58.069040,2024-07-20 01:37:28.116188,2024-07-30 17:19:07
order_00001757,cust_00001850,unavailable,2024-10-20 02:22:43,2024-10-20 04:29:19.566185,,,2024-11-06 02:22:43
order_00001758,cust_00002110,delivered,2024-06-01 16:01:19,2024-06-01 22:52:53.260042,2024-06-04 10:48:34.409071,2024-06-10 09:35:08.977902,2024-06-27 16:01:19
order_00001759,cust_00001225,delivered,2024-03-05 02:43:04,2024-03-05 09:29:00.506511,2024-03-07 16:43:05.004482,2024-03-13 12:47:34.267906,2024-04-02 02:43:04
order_00001760,cust_00001539,delivered,2024-11-22 10:11:18,2024-11-22 13:50:31.088302,2024-11-23 17:56:38.767374,2024-11-29 05:26:02.348121,2024-12-12 10:11:18
order_00001761,cust_00000348,delivered,2024-01-17 01:53:54,2024-01-17 03:24:26.731461,2024-01-17 23:36:39.714485,2024-01-19 20:16:41.001586,2024-02-04 01:53:54
order_00001762,cust_00000293,delivered,2024-02-11 00:56:40,2024-02-11 04:12:51.000325,2024-02-11 22:37:46.217252,2024-02-17 19:34:01.689287,2024-03-02 00:56:40
order_00001763,cust_00001426,delivered,2025-05-22 14:23:38,2025-05-23 00:56:15.484616,2025-05-27 13:39:39.709932,2025-05-29 04:13:09.441553,2025-06-13 14:23:38
order_00001764,cust_00002725,delivered,2024-12-18 04:31:03,2024-12-18 10:46:32.186451,2024-12-19 03:45:45.486531,2025-01-08 02:58:57.069824,2025-01-07 04:31:03
order_00001765,cust_00002872,delivered,2024-09-16 17:07:59,2024-09-16 17:47:45.118625,2024-09-18 05:38:01.807040,2024-09-25 04:22:17.394946,2024-10-06 17:07:59
order_00001766,cust_00002500,delivered,2024-07-02 06:44:44,2024-07-02 13:18:47.144065,2024-07-08 08:59:14.827946,2024-07-14 06:32:35.489890,2024-07-23 06:44:44
order_00001767,cust_00001515,delivered,2024-09-19 19:10:29,2024-09-20 00:08:31.651868,2024-09-21 11:05:00.823584,2024-10-04 09:46:07.541428,2024-10-10 19:10:29
order_00001768,cust_00001877,delivered,2025-03-28 14:43:15,2025-03-28 18:39:52.769223,2025-03-30 02:27:35.112201,2025-04-01 09:21:07.423199,2025-04-12 14:43:15
order_00001769,cust_00000083,delivered,2024-01-10 17:08:33,2024-01-11 23:36:26.998430,2024-01-16 16:48:40.116959,2024-01-21 17:00:00.873498,2024-02-04 17:08:33
order_00001770,cust_00000264,delivered,2024-05-21 05:45:45,2024-05-21 09:24:43.814547,2024-05-22 05:21:43.980423,2024-05-25 04:50:15.699069,2024-06-03 05:45:45
order_00001771,cust_00002942,delivered,2025-03-04 17:16:52,2025-03-05 06:43:55.866643,2025-03-07 14:45:13.610161,2025-03-10 20:47:11.668555,2025-03-18 17:16:52
order_00001772,cust_00000783,delivered,2024-09-03 20:36:05,2024-09-04 18:53:11.379762,2024-09-10 06:55:03.355452,2024-09-17 18:53:47.805188,2024-09-20 20:36:05
order_00001773,cust_00001919,delivered,2024-05-31 23:24:30,2024-05-31 23:57:24.967195,2024-06-05 04:10:35.701798,2024-06-11 14:16:11.408373,2024-06-14 23:24:30
order_00001774,cust_00001764,delivered,2024-09-24 13:06:46,2024-09-24 14:59:43.827218,2024-09-27 07:03:19.737684,2024-10-12 21:38:58.063914,2024-10-12 13:06:46
order_00001775,cust_00001897,delivered,2024-02-05 14:11:09,2024-02-05 18:10:16.401843,2024-02-06 17:08:21.990901,2024-02-08 04:04:47.988516,2024-02-25 14:11:09
order_00001776,cust_00001661,delivered,2025-09-24 04:26:05,2025-09-24 11:07:45.355606,2025-09-26 13:33:57.527165,2025-10-01 16:11:23.125032,2025-10-14 04:26:05
order_00001777,cust_00001014,delivered,2024-08-16 21:08:05,2024-08-17 02:54:43.238125,2024-08-17 23:40:11.399440,2024-08-21 08:11:12.294499,2024-09-14 21:08:05
order_00001778,cust_00001182,delivered,2025-06-27 03:14:05,2025-06-27 14:15:58.989482,2025-06-29 08:57:03.888021,2025-06-30 15:50:11.406262,2025-07-17 03:14:05
order_00001779,cust_00002354,delivered,2025-11-12 03:34:54,2025-11-12 09:52:33.466960,2025-11-13 02:33:18.764088,2025-11-14 05:12:55.339909,2025-11-25 03:34:54
order_00001780,cust_00001169,delivered,2025-01-15 13:40:07,2025-01-15 14:36:19.224572,2025-01-18 10:38:00.277254,2025-01-23 10:04:16.541177,2025-02-02 13:40:07
order_00001781,cust_00002979,delivered,2025-07-15 03:24:48,2025-07-15 04:28:25.860614,2025-07-16 18:24:00.705348,2025-07-26 20:31:25.774537,2025-08-02 03:24:48
order_00001782,cust_00001019,delivered,2024-08-02 10:05:56,2024-08-02 11:31:03.709803,2024-08-03 22:05:28.950042,2024-08-05 00:50:36.317349,2024-08-21 10:05:56
order_00001783,cust_00002736,delivered,2024-03-30 15:18:36,2024-03-30 21:42:10.318852,2024-04-02 14:40:45.868746,2024-04-06 08:35:32.973602,2024-04-11 15:18:36
order_00001784,cust_00002792,delivered,2025-09-05 23:56:26,2025-09-06 03:03:48.600967,2025-09-07 00:44:01.186534,2025-09-10 13:20:39.634178,2025-09-26 23:56:26
order_00001785,cust_00000270,delivered,2024-06-21 13:22:37,2024-06-21 15:15:06.401130,2024-06-22 17:08:11.585954,2024-06-24 11:21:31.775619,2024-07-14 13:22:37
order_00001786,cust_00002864,delivered,2024-05-28 21:49:22,2024-05-28 23:44:52.996033,2024-05-29 15:23:44.470151,2024-05-31 17:28:14.131073,2024-06-14 21:49:22
order_00001787,cust_00000481,delivered,2025-04-19 13:47:57,2025-04-20 02:01:33.671139,2025-04-20 18:57:11.071208,2025-04-24 19:37:11.588993,2025-05-08 13:47:57
order_00001788,cust_00000200,delivered,2025-09-18 09:33:21,2025-09-18 12:54:27.945627,2025-09-20 04:21:17.152055,2025-09-26 06:43:56.514357,2025-10-11 09:33:21
order_00001789,cust_00000131,shipped,2025-04-24 03:08:54,2025-04-24 05:15:49.543547,2025-04-27 16:18:10.261326,,2025-05-09 03:08:54
order_00001790,cust_00000792,delivered,2025-06-22 11:53:12,2025-06-23 05:22:05.895119,2025-06-24 02:30:55.219019,2025-07-08 22:18:41.470971,2025-07-09 11:53:12
order_00001791,cust_00000936,delivered,2025-07-23 03:02:19,2025-07-23 05:00:22.209927,2025-07-26 04:25:20.053817,2025-08-03 23:45:10.575700,2025-08-12 03:02:19
order_00001792,cust_00002121,delivered,2025-01-21 15:53:50,2025-01-21 18:10:25.233490,2025-01-25 17:41:27.115257,2025-01-30 10:03:04.017757,2025-02-06 15:53:50
order_00001793,cust_00002533,shipped,2025-06-02 04:06:41,2025-06-02 13:19:13.968925,2025-06-03 10:36:01.939727,,2025-06-17 04:06:41
order_00001794,cust_00002518,delivered,2025-11-11 07:13:17,2025-11-11 14:20:30.898451,2025-11-15 13:45:33.360035,2025-11-18 00:23:15.490484,2025-12-08 07:13:17
order_00001795,cust_00002969,delivered,2024-04-10 06:08:28,2024-04-10 09:34:06.379043,2024-04-11 04:53:44.512827,2024-04-24 15:34:07.563130,2024-05-01 06:08:28
order_00001796,cust_00000718,delivered,2025-07-01 10:08:06,2025-07-01 19:30:33.872670,2025-07-03 03:01:04.645428,2025-07-04 15:09:47.845019,2025-07-19 10:08:06
order_00001797,cust_00002649,delivered,2025-07-08 01:58:24,2025-07-08 07:50:20.047979,2025-07-08 20:37:58.964637,2025-07-16 14:24:06.706191,2025-07-31 01:58:24
order_00001798,cust_00000520,delivered,2024-05-30 23:19:54,2024-05-31 03:00:53.100708,2024-06-02 14:43:41.227279,2024-06-07 03:33:33.153246,2024-06-22 23:19:54
order_00001799,cust_00001916,delivered,2025-07-11 01:04:27,2025-07-11 04:48:32.001754,2025-07-12 15:51:29.962628,2025-07-14 11:22:27.195794,2025-07-26 01:04:27
order_00001800,cust_00001615,delivered,2024-12-28 18:39:25,2024-12-28 21:00:17.644430,2024-12-31 11:52:50.810680,2025-01-06 14:01:31.312704,2025-01-19 18:39:25
order_00001801,cust_00001583,delivered,2024-03-23 02:09:27,2024-03-23 07:50:32.908991,2024-03-24 15:48:23.528549,2024-03-29 03:34:40.845456,2024-04-08 02:09:27
order_00001802,cust_00001599,delivered,2025-04-21 00:47:38,2025-04-21 02:38:47.462033,2025-04-23 03:26:33.486374,2025-05-07 03:26:30.074519,2025-05-10 00:47:38
order_00001803,cust_00000688,delivered,2024-03-16 18:05:44,2024-03-16 21:01:59.538612,2024-03-18 06:15:52.931965,2024-03-30 11:42:42.040258,2024-04-04 18:05:44
order_00001804,cust_00001260,delivered,2024-07-12 18:49:13,2024-07-13 03:06:29.457432,2024-07-13 15:29:01.108048,2024-07-17 10:38:28.708166,2024-07-28 18:49:13
order_00001805,cust_00001107,delivered,2025-01-04 00:38:33,2025-01-04 07:00:33.211087,2025-01-05 03:13:39.085610,2025-01-23 20:29:44.977264,2025-01-21 00:38:33
order_00001806,cust_00001340,delivered,2025-10-29 19:57:55,2025-10-29 21:27:26.807675,2025-11-01 10:49:18.898077,2025-11-05 12:50:02.856009,2025-11-19 19:57:55
order_00001807,cust_00002749,delivered,2025-03-06 05:34:28,2025-03-06 09:49:53.203244,2025-03-07 14:20:44.376372,2025-03-09 22:50:03.551036,2025-03-31 05:34:28
order_00001808,cust_00001287,delivered,2024-02-09 04:39:06,2024-02-09 06:35:37.658115,2024-02-10 08:05:31.614036,2024-02-14 19:36:56.637850,2024-03-03 04:39:06
order_00001809,cust_00001233,delivered,2025-11-25 10:46:45,2025-11-25 16:25:37.145348,2025-11-27 09:45:00.516368,2025-11-30 01:42:27.413949,2025-12-12 10:46:45
order_00001810,cust_00000488,delivered,2025-08-27 02:54:04,2025-08-27 03:59:38.053552,2025-08-29 02:31:38.710591,2025-08-30 19:00:23.384717,2025-09-13 02:54:04
order_00001811,cust_00000832,delivered,2024-05-19 03:25:22,2024-05-19 20:22:31.324879,2024-05-25 10:34:23.562763,2024-06-01 00:40:13.411805,2024-06-04 03:25:22
order_00001812,cust_00001251,delivered,2025-07-22 21:41:17,2025-07-23 02:39:33.927193,2025-07-25 06:19:13.836701,2025-08-03 18:05:36.533700,2025-08-11 21:41:17
order_00001813,cust_00002659,delivered,2024-10-04 18:21:06,2024-10-04 23:01:45.746532,2024-10-06 22:02:23.768020,2024-10-11 05:07:37.534646,2024-10-25 18:21:06
order_00001814,cust_00000552,delivered,2024-11-04 07:59:33,2024-11-04 10:35:16.267697,2024-11-05 17:49:49.873213,2024-11-11 03:51:59.758533,2024-11-14 07:59:33
order_00001815,cust_00000097,delivered,2024-08-22 12:37:04,2024-08-22 17:18:30.069257,2024-08-26 03:32:28.871884,2024-08-27 12:31:16.397838,2024-09-17 12:37:04
order_00001816,cust_00001204,delivered,2025-03-05 11:12:20,2025-03-05 16:47:12.841445,2025-03-06 18:09:25.011889,2025-03-11 01:35:06.038611,2025-04-01 11:12:20
order_00001817,cust_00000765,delivered,2025-11-03 15:05:32,2025-11-03 21:48:33.697489,2025-11-06 23:45:30.210582,2025-11-09 16:17:21.546509,2025-11-19 15:05:32
order_00001818,cust_00000400,delivered,2024-12-25 03:04:15,2024-12-25 09:29:18.012349,2024-12-29 14:38:59.527157,2025-01-02 13:24:45.099334,2025-01-15 03:04:15
order_00001819,cust_00002257,delivered,2024-06-28 00:05:24,2024-06-28 07:02:48.741369,2024-06-29 16:38:18.198695,2024-07-01 01:17:40.771686,2024-07-17 00:05:24
order_00001820,cust_00000856,shipped,2024-07-05 17:11:55,2024-07-06 03:01:50.278109,2024-07-06 18:19:47.498238,,2024-07-24 17:11:55
order_00001821,cust_00001664,delivered,2025-03-26 20:27:47,2025-03-26 23:27:09.179353,2025-03-29 05:40:51.184529,2025-04-04 20:40:40.902262,2025-04-08 20:27:47
order_00001822,cust_00002202,delivered,2025-06-29 14:49:40,2025-06-29 18:51:41.783084,2025-07-01 21:32:12.435926,2025-07-17 14:15:53.682174,2025-07-18 14:49:40
order_00001823,cust_00001781,delivered,2024-06-21 09:03:56,2024-06-21 20:49:39.187195,2024-06-23 00:28:16.205242,2024-06-26 02:07:29.891506,2024-07-13 09:03:56
order_00001824,cust_00000596,delivered,2024-05-05 04:31:45,2024-05-05 05:40:14.910227,2024-05-06 04:45:31.361990,2024-05-10 00:42:51.717044,2024-05-26 04:31:45
order_00001825,cust_00002228,unavailable,2025-08-18 09:43:50,2025-08-18 15:07:55.395226,,,2025-09-05 09:43:50
order_00001826,cust_00001768,delivered,2024-02-02 16:05:45,2024-02-02 19:19:50.284916,2024-02-03 12:59:26.544658,2024-02-05 18:45:01.488097,2024-02-15 16:05:45
order_00001827,cust_00000275,canceled,2025-12-13 03:24:03,,,,2026-01-01 03:24:03
order_00001828,cust_00001598,delivered,2024-06-23 11:09:12,2024-06-23 13:28:51.837404,2024-06-24 14:12:36.297932,2024-07-14 01:09:02.519565,2024-07-17 11:09:12
order_00001829,cust_00002700,delivered,2025-04-21 12:28:55,2025-04-21 15:35:21.717461,2025-04-29 21:13:28.885569,2025-05-02 18:49:49.120855,2025-05-08 12:28:55
order_00001830,cust_00001023,delivered,2025-06-17 15:00:10,2025-06-17 21:11:45.479257,2025-06-19 19:40:16.399965,2025-06-23 21:14:10.993500,2025-07-06 15:00:10
order_00001831,cust_00001398,delivered,2025-09-24 03:36:29,2025-09-24 06:37:04.820453,2025-09-27 04:32:16.073875,2025-10-03 13:24:20.280003,2025-10-17 03:36:29
order_00001832,cust_00002362,delivered,2024-05-28 10:55:02,2024-05-28 14:17:03.559161,2024-05-29 23:17:57.948708,2024-06-02 03:11:23.969562,2024-06-20 10:55:02
order_00001833,cust_00002031,delivered,2025-06-02 23:44:48,2025-06-03 02:54:50.814350,2025-06-04 02:18:30.386532,2025-06-11 00:21:10.567572,2025-06-19 23:44:48
order_00001834,cust_00002469,delivered,2024-08-20 00:58:36,2024-08-20 05:30:22.523747,2024-08-22 19:02:27.287192,2024-08-26 11:08:38.272436,2024-09-10 00:58:36
order_00001835,cust_00002382,delivered,2025-08-16 11:33:22,2025-08-17 05:05:21.099636,2025-08-19 09:28:37.663751,2025-08-23 01:31:14.541611,2025-09-06 11:33:22
order_00001836,cust_00000091,delivered,2025-01-03 21:35:33,2025-01-03 23:29:36.531148,2025-01-04 14:18:36.010254,2025-01-06 04:44:13.157881,2025-01-24 21:35:33
order_00001837,cust_00000546,canceled,2025-12-08 15:14:47,,,,2025-12-27 15:14:47
order_00001838,cust_00001689,delivered,2024-09-30 10:49:24,2024-09-30 22:39:43.403767,2024-10-02 20:38:00.053007,2024-10-11 07:27:38.536813,2024-10-16 10:49:24
order_00001839,cust_00001950,delivered,2025-08-05 06:47:21,2025-08-05 09:43:57.900817,2025-08-06 22:57:15.309239,2025-08-14 11:05:11.017707,2025-08-26 06:47:21
order_00001840,cust_00000495,invoiced,2025-05-28 22:45:05,2025-05-29 01:40:47.629166,,,2025-06-18 22:45:05
order_00001841,cust_00000709,delivered,2025-08-17 10:19:52,2025-08-17 14:27:30.060160,2025-08-18 04:58:24.955040,2025-08-21 06:36:50.692634,2025-09-07 10:19:52
order_00001842,cust_00000592,delivered,2025-02-21 20:23:37,2025-02-22 09:02:03.410627,2025-02-23 08:20:35.056790,2025-02-27 15:28:19.178176,2025-03-10 20:23:37
order_00001843,cust_00001406,delivered,2025-05-24 07:45:13,2025-05-24 10:57:43.819841,2025-05-27 10:01:05.306742,2025-06-04 17:28:13.281595,2025-06-12 07:45:13
order_00001844,cust_00001544,delivered,2025-12-08 15:50:31,2025-12-08 22:06:36.951243,2025-12-09 13:32:02.095057,2025-12-18 06:37:29.700914,2025-12-28 15:50:31
order_00001845,cust_00002999,delivered,2024-04-24 09:13:49,2024-04-24 17:46:09.111789,2024-04-27 02:14:22.319686,2024-04-29 19:07:58.046780,2024-05-11 09:13:49
order_00001846,cust_00000622,delivered,2024-06-15 11:32:30,2024-06-15 12:09:28.498716,2024-06-21 07:23:56.755242,2024-07-04 10:19:32.693022,2024-07-05 11:32:30
order_00001847,cust_00002384,delivered,2025-06-08 17:42:31,2025-06-09 00:14:45.399020,2025-06-10 05:34:19.506848,2025-06-15 21:42:53.577703,2025-06-27 17:42:31
order_00001848,cust_00002057,shipped,2025-06-21 19:37:51,2025-06-21 22:50:45.994030,2025-06-25 05:44:14.767247,,2025-07-10 19:37:51
order_00001849,cust_00002588,delivered,2024-08-04 08:30:21,2024-08-04 09:28:27.099224,2024-08-05 17:43:27.269804,2024-08-09 03:31:47.138094,2024-08-22 08:30:21
order_00001850,cust_00002909,delivered,2024-03-24 10:18:13,2024-03-24 12:07:38.408321,2024-03-27 23:07:43.836726,2024-03-29 10:34:12.679006,2024-04-13 10:18:13
order_00001851,cust_00002601,delivered,2025-07-23 07:29:40,2025-07-23 11:38:27.664845,2025-07-24 21:35:57.275869,2025-08-02 08:06:55.388287,2025-08-12 07:29:40
order_00001852,cust_00001738,delivered,2024-06-17 20:49:53,2024-06-17 22:06:33.367216,2024-06-18 23:24:48.248889,2024-07-15 07:11:05.576122,2024-07-09 20:49:53
order_00001853,cust_00000823,delivered,2024-06-09 13:54:04,2024-06-09 15:23:52.899219,2024-06-10 05:49:23.727233,2024-06-14 23:47:33.970768,2024-06-29 13:54:04
order_00001854,cust_00001543,delivered,2024-04-07 08:50:53,2024-04-07 11:31:14.688340,2024-04-08 08:53:36.257144,2024-04-10 11:20:35.268226,2024-05-04 08:50:53
order_00001855,cust_00000138,delivered,2025-12-23 19:42:23,2025-12-24 02:29:12.695334,2025-12-26 10:48:34.877886,2026-01-04 04:31:26.408551,2026-01-08 19:42:23
order_00001856,cust_00002582,delivered,2024-06-29 17:07:26,2024-06-29 21:31:58.138985,2024-07-04 21:11:54.972317,2024-07-08 04:22:32.214357,2024-07-24 17:07:26
order_00001857,cust_00001557,delivered,2025-09-04 23:44:48,2025-09-05 05:01:44.409197,2025-09-05 22:31:01.844748,2025-09-28 08:41:00.462810,2025-09-28 23:44:48
order_00001858,cust_00001171,delivered,2025-10-29 07:46:25,2025-10-30 10:11:59.529295,2025-11-01 05:14:41.117654,2025-11-18 18:29:09.377137,2025-11-18 07:46:25
order_00001859,cust_00002938,delivered,2024-10-12 00:50:49,2024-10-12 08:12:54.850096,2024-10-14 05:22:48.539655,2024-10-19 12:16:26.329957,2024-10-30 00:50:49
order_00001860,cust_00000698,delivered,2025-04-24 22:53:01,2025-04-24 23:29:20.403572,2025-04-25 20:19:09.067514,2025-05-04 15:43:27.270976,2025-05-12 22:53:01
order_00001861,cust_00002292,delivered,2025-08-29 02:51:38,2025-08-29 10:31:09.239681,2025-08-30 11:30:16.815671,2025-09-04 11:52:46.963230,2025-09-15 02:51:38
order_00001862,cust_00002276,delivered,2025-07-07 05:00:28,2025-07-07 07:05:32.001315,2025-07-10 08:33:15.787006,2025-07-13 15:05:33.240886,2025-07-28 05:00:28
order_00001863,cust_00001549,delivered,2025-06-09 12:39:19,2025-06-09 18:08:56.809886,2025-06-14 21:13:55.743013,2025-06-24 09:37:46.590981,2025-06-24 12:39:19
order_00001864,cust_00001470,delivered,2024-10-27 21:09:56,2024-10-27 23:53:27.750350,2024-10-28 19:14:14.701391,2024-11-01 22:43:44.422112,2024-11-17 21:09:56
order_00001865,cust_00002078,delivered,2025-05-09 07:18:00,2025-05-09 18:57:47.956203,2025-05-10 16:19:24.818792,2025-05-12 12:32:44.006654,2025-05-25 07:18:00
order_00001866,cust_00001558,delivered,2025-04-26 05:42:32,2025-04-26 10:51:31.714715,2025-04-29 05:15:02.588123,2025-05-03 15:26:10.689436,2025-05-01 05:42:32
order_00001867,cust_00000694,delivered,2025-12-21 17:41:41,2025-12-22 10:50:30.265868,2025-12-23 08:31:42.327761,2026-01-01 15:40:16.933673,2026-01-09 17:41:41
order_00001868,cust_00000042,delivered,2024-12-11 16:29:41,2024-12-11 20:58:00.054341,2024-12-15 02:22:20.957490,2024-12-28 18:25:32.102097,2025-01-07 16:29:41
order_00001869,cust_00001659,delivered,2025-06-17 11:19:14,2025-06-17 12:46:37.579584,2025-06-22 04:52:48.900408,2025-06-24 19:59:04.864836,2025-07-06 11:19:14
order_00001870,cust_00001802,delivered,2024-06-01 22:50:59,2024-06-02 00:20:18.887356,2024-06-03 11:42:11.779466,2024-06-07 09:21:10.012893,2024-06-24 22:50:59
order_00001871,cust_00002439,delivered,2024-04-21 13:20:41,2024-04-21 15:02:35.590606,2024-04-26 23:26:35.259871,2024-05-06 10:29:03.897894,2024-05-12 13:20:41
order_00001872,cust_00001524,delivered,2024-02-17 09:03:43,2024-02-17 09:50:09.888556,2024-02-18 08:48:39.649199,2024-02-25 21:36:07.025099,2024-03-07 09:03:43
order_00001873,cust_00000146,canceled,2025-05-18 11:14:20,,,,2025-06-07 11:14:20
order_00001874,cust_00002803,delivered,2024-06-20 11:25:33,2024-06-20 16:18:51.948067,2024-06-25 00:54:41.344853,2024-06-29 17:47:29.235386,2024-07-05 11:25:33
order_00001875,cust_00000445,delivered,2025-06-07 07:20:48,2025-06-07 12:47:57.911456,2025-06-10 21:04:15.018354,2025-06-15 17:39:00.988103,2025-06-29 07:20:48
order_00001876,cust_00000801,delivered,2025-09-06 00:17:48,2025-09-06 05:44:50.417466,2025-09-14 11:32:54.567625,2025-09-17 00:58:04.575715,2025-09-28 00:17:48
order_00001877,cust_00000787,delivered,2024-12-25 10:04:32,2024-12-25 17:58:36.233589,2024-12-26 15:45:45.717449,2025-01-04 13:55:31.110558,2025-01-10 10:04:32
order_00001878,cust_00000463,delivered,2025-11-16 05:16:35,2025-11-16 08:44:50.226646,2025-11-17 05:30:54.377266,2025-11-19 03:05:25.996470,2025-12-10 05:16:35
order_00001879,cust_00002161,delivered,2024-09-10 18:49:24,2024-09-10 21:21:21.116222,2024-09-11 22:17:10.640012,2024-09-13 00:01:33.870165,2024-10-01 18:49:24
order_00001880,cust_00001206,delivered,2024-08-05 01:25:10,2024-08-05 05:53:14.165731,2024-08-06 11:22:59.067484,2024-08-13 19:09:37.805321,2024-08-25 01:25:10
order_00001881,cust_00002150,delivered,2025-12-19 23:14:27,2025-12-20 02:32:20.779676,2025-12-20 21:22:15.878320,2026-01-05 08:39:50.421132,2026-01-05 23:14:27
order_00001882,cust_00002551,delivered,2024-04-29 02:44:17,2024-04-29 05:05:23.030415,2024-04-29 18:16:00.597968,2024-05-02 23:21:26.663483,2024-05-17 02:44:17
order_00001883,cust_00000664,delivered,2025-01-07 01:08:18,2025-01-07 03:50:02.262569,2025-01-08 11:45:55.651433,2025-01-14 17:38:52.658396,2025-01-25 01:08:18
order_00001884,cust_00000417,delivered,2025-11-08 15:25:14,2025-11-09 00:35:37.983435,2025-11-09 23:25:41.682773,2025-11-11 17:47:44.148027,2025-11-26 15:25:14
order_00001885,cust_00001688,delivered,2024-04-27 10:57:03,2024-04-27 12:41:37.079749,2024-04-28 17:39:12.658404,2024-05-03 09:38:00.331869,2024-05-24 10:57:03
order_00001886,cust_00001571,delivered,2024-07-19 15:50:10,2024-07-20 06:39:43.308468,2024-07-22 20:01:18.101335,2024-07-26 06:48:36.730456,2024-08-11 15:50:10
order_00001887,cust_00000447,delivered,2025-03-15 04:01:07,2025-03-15 14:38:17.919628,2025-03-16 20:09:22.983836,2025-03-19 08:46:08.971645,2025-04-06 04:01:07
order_00001888,cust_00002681,delivered,2025-04-24 02:19:14,2025-04-24 14:23:50.407831,2025-04-25 05:37:16.115424,2025-05-02 04:44:31.310383,2025-05-21 02:19:14
order_00001889,cust_00001551,delivered,2024-03-02 08:16:44,2024-03-02 09:03:14.418954,2024-03-07 12:38:34.423006,2024-03-09 21:13:30.823146,2024-03-25 08:16:44
order_00001890,cust_00000989,delivered,2025-07-19 12:43:29,2025-07-19 15:35:40.561450,2025-07-24 00:57:51.854639,2025-07-31 11:18:11.553086,2025-08-11 12:43:29
order_00001891,cust_00001325,delivered,2025-09-15 03:59:52,2025-09-15 06:33:20.772793,2025-09-17 13:06:16.409917,2025-09-19 17:30:17.411383,2025-10-05 03:59:52
order_00001892,cust_00000042,canceled,2025-08-11 18:23:20,,,,2025-08-27 18:23:20
order_00001893,cust_00002976,delivered,2024-01-02 16:13:53,2024-01-02 21:10:06.032348,2024-01-07 08:06:59.987184,2024-01-11 04:10:10.290153,2024-01-12 16:13:53
order_00001894,cust_00001966,delivered,2024-11-11 12:14:14,2024-11-11 13:46:22.704186,2024-11-12 05:45:59.800542,2024-11-19 10:11:30.762184,2024-11-28 12:14:14
order_00001895,cust_00002106,delivered,2024-04-21 08:03:05,2024-04-21 11:09:12.285855,2024-04-24 00:50:15.774110,2024-05-11 23:23:47.504626,2024-05-08 08:03:05
order_00001896,cust_00000273,delivered,2024-04-03 04:03:02,2024-04-03 10:35:21.093335,2024-04-04 06:46:11.152975,2024-04-05 23:11:08.607147,2024-04-22 04:03:02
order_00001897,cust_00000833,delivered,2024-01-24 14:35:09,2024-01-25 09:45:52.343192,2024-01-26 08:03:35.089762,2024-02-03 09:46:37.586750,2024-02-10 14:35:09
order_00001898,cust_00001234,delivered,2025-07-08 05:22:10,2025-07-08 12:38:31.133154,2025-07-11 23:59:03.958968,2025-07-26 15:09:45.179134,2025-07-27 05:22:10
order_00001899,cust_00000216,delivered,2024-03-17 20:31:42,2024-03-17 21:31:09.953203,2024-03-20 17:10:14.910725,2024-03-23 21:38:24.607192,2024-04-07 20:31:42
order_00001900,cust_00000714,delivered,2024-11-18 02:24:04,2024-11-18 11:37:46.349991,2024-11-20 03:17:29.276955,2024-11-28 05:34:38.261823,2024-12-08 02:24:04
order_00001901,cust_00001284,delivered,2025-12-21 23:14:51,2025-12-22 06:52:26.677828,2025-12-24 22:16:03.957424,2025-12-26 19:55:14.643025,2026-01-11 23:14:51
order_00001902,cust_00000831,delivered,2024-01-20 06:24:45,2024-01-20 07:06:07.854977,2024-01-20 20:24:44.991828,2024-01-27 02:15:35.675314,2024-02-03 06:24:45
order_00001903,cust_00000945,canceled,2025-05-04 10:31:28,,,,2025-05-24 10:31:28
order_00001904,cust_00000802,delivered,2024-03-11 03:44:03,2024-03-11 08:07:32.730233,2024-03-12 04:31:34.058982,2024-03-24 01:03:58.607711,2024-03-27 03:44:03
order_00001905,cust_00000334,delivered,2024-05-10 11:27:15,2024-05-11 01:20:49.300410,2024-05-13 04:39:22.564110,2024-05-14 04:49:07.065979,2024-05-26 11:27:15
order_00001906,cust_00001883,delivered,2024-01-28 14:57:32,2024-01-29 10:42:46.451827,2024-01-31 00:31:24.315477,2024-02-08 00:36:58.599131,2024-02-23 14:57:32
order_00001907,cust_00000048,delivered,2024-09-19 22:51:56,2024-09-20 00:51:54.841981,2024-09-21 08:26:16.400342,2024-10-02 01:15:54.945592,2024-10-09 22:51:56
order_00001908,cust_00000174,delivered,2024-06-10 21:22:38,2024-06-11 04:03:16.539987,2024-06-13 09:56:14.567630,2024-06-18 11:30:05.781928,2024-06-30 21:22:38
order_00001909,cust_00000098,delivered,2025-06-21 21:31:28,2025-06-21 22:52:44.596788,2025-06-22 20:49:02.180712,2025-06-24 02:49:26.456718,2025-07-10 21:31:28
order_00001910,cust_00001091,delivered,2025-06-19 12:37:55,2025-06-19 15:44:01.953777,2025-06-20 23:22:13.555731,2025-06-28 19:08:27.831503,2025-07-06 12:37:55
order_00001911,cust_00000615,delivered,2024-01-16 18:28:40,2024-01-16 21:27:15.810628,2024-01-17 10:23:55.298641,2024-01-29 08:52:43.723616,2024-02-02 18:28:40
order_00001912,cust_00002401,delivered,2025-05-09 23:26:00,2025-05-10 20:31:54.846730,2025-05-11 20:46:39.202098,2025-05-26 16:07:18.143563,2025-05-30 23:26:00
order_00001913,cust_00001599,delivered,2024-01-25 19:37:31,2024-01-25 20:12:38.378309,2024-01-27 00:23:14.260014,2024-01-30 03:06:08.760241,2024-02-12 19:37:31
order_00001914,cust_00002433,delivered,2025-03-13 21:12:40,2025-03-14 01:55:54.486514,2025-03-15 05:15:53.289669,2025-03-22 10:17:54.897593,2025-03-28 21:12:40
order_00001915,cust_00002535,delivered,2024-04-26 15:54:06,2024-04-26 19:18:39.511571,2024-05-01 08:43:08.437560,2024-05-03 22:30:46.235512,2024-05-17 15:54:06
order_00001916,cust_00002895,delivered,2024-04-24 10:22:27,2024-04-24 12:44:29.594229,2024-04-26 01:12:31.246433,2024-05-07 19:45:04.679237,2024-05-14 10:22:27
order_00001917,cust_00001294,delivered,2025-11-01 15:48:35,2025-11-01 20:24:29.219616,2025-11-04 10:16:40.730336,2025-11-22 07:52:42.802037,2025-11-24 15:48:35
order_00001918,cust_00002035,delivered,2025-01-05 15:24:34,2025-01-06 14:11:48.445516,2025-01-07 23:55:20.668500,2025-01-12 13:05:22.572847,2025-01-17 15:24:34
order_00001919,cust_00000525,delivered,2024-06-05 05:40:35,2024-06-05 06:47:46.733849,2024-06-08 21:18:55.144195,2024-06-17 08:32:53.175631,2024-06-27 05:40:35
order_00001920,cust_00000457,delivered,2024-12-04 23:00:04,2024-12-05 01:53:39.591745,2024-12-07 10:31:38.348319,2024-12-14 12:44:30.075687,2024-12-26 23:00:04
order_00001921,cust_00002590,delivered,2024-05-05 14:31:30,2024-05-06 00:16:17.303427,2024-05-08 11:59:59.551386,2024-05-11 03:44:09.856970,2024-05-26 14:31:30
order_00001922,cust_00002776,delivered,2024-09-13 12:52:01,2024-09-13 16:21:39.605852,2024-09-16 13:32:31.527717,2024-10-02 06:45:35.999829,2024-10-01 12:52:01
order_00001923,cust_00000951,shipped,2025-06-07 19:21:04,2025-06-08 08:17:41.859077,2025-06-12 06:25:48.849465,,2025-06-25 19:21:04
order_00001924,cust_00002294,delivered,2025-11-30 03:02:27,2025-11-30 04:00:06.075856,2025-12-02 02:35:44.565412,2025-12-05 17:34:55.166561,2025-12-24 03:02:27
order_00001925,cust_00000610,delivered,2025-05-31 06:35:22,2025-05-31 09:16:30.566593,2025-06-01 05:12:00.785998,2025-06-02 06:20:52.071197,2025-06-09 06:35:22
order_00001926,cust_00001903,delivered,2025-07-01 15:29:07,2025-07-02 01:57:40.805397,2025-07-05 12:09:19.041528,2025-07-08 20:35:37.959181,2025-07-25 15:29:07
order_00001927,cust_00001931,unavailable,2025-08-10 15:23:41,2025-08-10 22:08:38.851158,,,2025-08-28 15:23:41
order_00001928,cust_00000006,delivered,2024-08-26 10:42:08,2024-08-26 19:54:45.036922,2024-08-28 12:24:40.450937,2024-08-30 05:19:21.286038,2024-09-12 10:42:08
order_00001929,cust_00000089,delivered,2024-11-21 08:26:50,2024-11-21 13:49:10.084147,2024-11-22 03:04:35.422203,2024-11-28 12:27:10.970284,2024-12-14 08:26:50
order_00001930,cust_00000540,delivered,2025-02-20 05:59:54,2025-02-20 08:31:11.334432,2025-02-23 03:11:52.913827,2025-03-08 06:43:29.155740,2025-03-14 05:59:54
order_00001931,cust_00000354,delivered,2024-07-21 12:15:23,2024-07-21 16:08:39.383853,2024-07-23 11:07:25.972438,2024-07-25 12:44:36.591565,2024-08-09 12:15:23
order_00001932,cust_00000924,delivered,2024-11-30 18:48:21,2024-11-30 20:27:16.955043,2024-12-02 18:45:31.767441,2024-12-08 03:39:17.664014,2024-12-27 18:48:21
order_00001933,cust_00000130,delivered,2025-11-26 12:29:42,2025-11-26 22:54:19.201176,2025-11-29 02:46:11.776411,2025-12-02 19:10:56.704290,2025-12-13 12:29:42
order_00001934,cust_00001216,delivered,2024-09-01 13:20:45,2024-09-01 15:12:03.944154,2024-09-02 15:24:56.767666,2024-09-05 17:57:41.549049,2024-09-17 13:20:45
order_00001935,cust_00002439,unavailable,2024-05-25 05:54:28,2024-05-25 07:42:35.693062,,,2024-06-11 05:54:28
order_00001936,cust_00002631,invoiced,2024-10-07 11:55:32,2024-10-07 12:53:19.791229,,,2024-10-24 11:55:32
order_00001937,cust_00001810,delivered,2025-10-27 11:05:27,2025-10-27 14:29:21.965713,2025-10-31 10:22:55.639427,2025-11-03 19:11:59.583047,2025-11-15 11:05:27
order_00001938,cust_00001329,canceled,2024-03-09 03:12:13,,,,2024-04-03 03:12:13
order_00001939,cust_00000674,delivered,2024-10-04 04:17:39,2024-10-04 06:21:35.506405,2024-10-05 12:49:53.078823,2024-10-19 21:04:22.710547,2024-10-26 04:17:39
order_00001940,cust_00000076,delivered,2025-06-18 06:11:01,2025-06-18 11:51:39.632053,2025-06-19 11:42:25.066240,2025-06-22 05:57:28.380881,2025-07-04 06:11:01
order_00001941,cust_00001659,delivered,2025-07-11 21:55:46,2025-07-11 23:32:25.041551,2025-07-12 17:15:41.790958,2025-07-18 00:52:21.858349,2025-07-30 21:55:46
order_00001942,cust_00001567,delivered,2025-06-25 02:27:31,2025-06-25 04:00:47.671434,2025-06-27 10:43:03.055301,2025-06-30 03:08:19.984068,2025-07-16 02:27:31
order_00001943,cust_00002577,delivered,2025-09-27 14:35:57,2025-09-27 19:11:41.407703,2025-09-28 11:07:54.439332,2025-10-04 21:53:29.683876,2025-10-09 14:35:57
order_00001944,cust_00001413,delivered,2025-08-03 02:58:23,2025-08-03 06:06:01.266182,2025-08-04 00:24:15.933297,2025-08-11 07:56:15.742739,2025-08-24 02:58:23
order_00001945,cust_00002523,delivered,2025-09-14 15:42:54,2025-09-14 17:25:13.352996,2025-09-15 08:51:40.599240,2025-09-22 09:36:51.286272,2025-10-05 15:42:54
order_00001946,cust_00000304,delivered,2025-01-26 10:29:31,2025-01-26 11:28:57.933462,2025-01-30 16:17:10.187108,2025-02-01 21:38:37.073128,2025-02-19 10:29:31
order_00001947,cust_00000155,delivered,2025-04-26 03:47:07,2025-04-26 04:40:01.642063,2025-04-27 23:31:24.114166,2025-04-29 19:49:11.826278,2025-05-22 03:47:07
order_00001948,cust_00002542,delivered,2025-10-04 02:09:48,2025-10-04 07:43:30.010568,2025-10-10 06:47:58.948958,2025-10-17 21:38:14.262177,2025-10-26 02:09:48
order_00001949,cust_00002264,delivered,2024-11-24 17:05:23,2024-11-24 19:56:03.393280,2024-11-25 23:35:02.580314,2024-11-29 18:59:30.711416,2024-12-10 17:05:23
order_00001950,cust_00001505,delivered,2025-09-22 13:12:31,2025-09-22 16:51:07.018914,2025-09-23 07:32:08.753206,2025-09-29 17:28:18.392778,2025-10-14 13:12:31
order_00001951,cust_00002611,processing,2025-03-14 13:39:36,2025-03-15 04:33:26.715211,,,2025-04-04 13:39:36
order_00001952,cust_00002948,delivered,2024-04-06 02:36:31,2024-04-06 08:23:28.894065,2024-04-09 00:21:32.088109,2024-04-10 23:08:33.960633,2024-04-23 02:36:31
order_00001953,cust_00002831,delivered,2024-10-20 23:21:13,2024-10-21 02:26:26.237259,2024-10-25 10:33:33.572489,2024-10-30 21:42:58.316989,2024-11-02 23:21:13
order_00001954,cust_00000181,delivered,2024-11-28 14:32:34,2024-11-28 17:05:15.750607,2024-12-02 00:12:54.701666,2024-12-03 06:39:23.595558,2024-12-21 14:32:34
order_00001955,cust_00001203,delivered,2024-09-02 07:23:14,2024-09-02 15:34:59.170112,2024-09-05 11:58:21.693255,2024-09-06 18:19:01.845476,2024-09-21 07:23:14
order_00001956,cust_00001977,processing,2025-10-02 00:30:56,2025-10-02 06:43:30.114008,,,2025-10-22 00:30:56
order_00001957,cust_00000216,delivered,2025-03-22 13:32:24,2025-03-23 03:38:33.952570,2025-03-24 19:12:18.272433,2025-03-26 15:31:14.626429,2025-04-05 13:32:24
order_00001958,cust_00001687,delivered,2024-07-12 14:19:54,2024-07-13 02:26:13.410274,2024-07-14 03:47:15.707038,2024-07-29 22:16:35.984603,2024-07-22 14:19:54
order_00001959,cust_00000249,delivered,2024-07-16 11:13:44,2024-07-16 23:45:19.651520,2024-07-19 09:06:47.386520,2024-07-23 09:38:24.172843,2024-08-09 11:13:44
order_00001960,cust_00002705,delivered,2025-05-28 20:24:40,2025-05-29 05:25:00.456403,2025-05-29 20:08:46.629489,2025-06-02 20:43:01.474458,2025-06-15 20:24:40
order_00001961,cust_00000317,delivered,2024-01-23 04:52:25,2024-01-23 05:47:37.799499,2024-01-24 01:55:27.172894,2024-02-05 00:27:34.537046,2024-02-15 04:52:25
order_00001962,cust_00001069,canceled,2025-11-21 06:12:51,,,,2025-12-15 06:12:51
order_00001963,cust_00001645,delivered,2024-10-20 14:52:59,2024-10-20 17:49:27.766803,2024-10-21 07:07:51.734753,2024-10-27 23:34:45.446083,2024-11-04 14:52:59
order_00001964,cust_00002640,delivered,2025-06-13 13:32:18,2025-06-14 04:13:09.069327,2025-06-17 17:18:01.843075,2025-06-27 22:25:14.889008,2025-07-05 13:32:18
order_00001965,cust_00000768,delivered,2025-09-16 23:03:00,2025-09-17 00:02:00.985179,2025-09-18 15:08:41.709016,2025-09-22 10:01:59.772147,2025-09-27 23:03:00
order_00001966,cust_00001163,delivered,2024-06-25 15:18:12,2024-06-26 03:22:12.549290,2024-06-29 18:00:35.343604,2024-07-03 18:27:21.318587,2024-07-10 15:18:12
order_00001967,cust_00001037,delivered,2024-07-24 06:14:00,2024-07-24 11:20:23.514625,2024-07-25 03:58:42.483671,2024-07-29 10:27:04.106822,2024-08-10 06:14:00
order_00001968,cust_00002086,delivered,2025-03-23 00:23:01,2025-03-24 00:54:41.783393,2025-03-30 11:26:58.897285,2025-04-02 12:01:26.278663,2025-04-18 00:23:01
order_00001969,cust_00001055,delivered,2024-12-03 19:02:59,2024-12-03 19:59:56.876849,2024-12-05 02:05:29.833376,2024-12-15 02:27:17.571902,2024-12-21 19:02:59
order_00001970,cust_00002936,delivered,2025-01-19 20:00:19,2025-01-20 01:46:06.612698,2025-01-22 20:49:41.594672,2025-01-24 14:02:46.363865,2025-02-12 20:00:19
order_00001971,cust_00002704,delivered,2025-05-01 17:11:20,2025-05-01 21:49:50.441377,2025-05-04 09:31:19.927527,2025-05-07 13:42:54.584413,2025-05-20 17:11:20
order_00001972,cust_00000936,delivered,2024-03-03 11:54:04,2024-03-03 13:11:27.397229,2024-03-04 21:01:23.367505,2024-03-16 07:53:37.177367,2024-03-19 11:54:04
order_00001973,cust_00000137,delivered,2025-12-02 06:44:50,2025-12-02 07:57:38.629965,2025-12-03 14:15:52.201226,2025-12-15 04:39:07.695860,2025-12-22 06:44:50
order_00001974,cust_00000762,delivered,2024-11-16 20:59:32,2024-11-17 05:25:49.509498,2024-11-18 06:12:52.408078,2024-11-21 19:25:14.350377,2024-12-05 20:59:32
order_00001975,cust_00000872,shipped,2024-10-28 04:14:12,2024-10-28 08:43:17.751275,2024-11-02 02:14:12.476832,,2024-11-21 04:14:12
order_00001976,cust_00002822,delivered,2025-01-13 10:58:38,2025-01-13 15:33:38.127480,2025-01-14 08:27:33.485583,2025-01-20 17:28:50.946586,2025-01-28 10:58:38
order_00001977,cust_00001785,delivered,2025-10-03 12:23:31,2025-10-03 13:46:04.549070,2025-10-04 17:04:14.641180,2025-10-27 10:36:54.036003,2025-10-27 12:23:31
order_00001978,cust_00001879,delivered,2024-09-17 17:27:53,2024-09-17 18:49:35.088791,2024-09-18 23:06:07.054636,2024-09-26 22:46:23.536545,2024-10-02 17:27:53
order_00001979,cust_00001624,delivered,2024-08-06 16:29:48,2024-08-06 22:05:13.253437,2024-08-10 00:03:39.635524,2024-08-12 16:37:30.777378,2024-08-30 16:29:48
order_00001980,cust_00000526,delivered,2024-05-12 04:00:51,2024-05-12 06:54:39.866711,2024-05-13 19:03:47.194280,2024-05-19 11:40:20.065484,2024-06-11 04:00:51
order_00001981,cust_00000509,delivered,2025-02-17 09:50:17,2025-02-17 11:11:23.089276,2025-02-18 19:34:05.729108,2025-02-24 23:58:48.958095,2025-03-11 09:50:17
order_00001982,cust_00002167,delivered,2024-11-25 18:34:35,2024-11-25 19:13:01.624459,2024-11-28 03:51:16.920796,2024-11-30 11:35:26.544995,2024-12-21 18:34:35
order_00001983,cust_00002714,delivered,2024-10-26 20:00:18,2024-10-26 20:51:16.132570,2024-10-28 12:03:20.851937,2024-10-29 13:23:48.772964,2024-11-15 20:00:18
order_00001984,cust_00000514,shipped,2025-03-29 13:17:07,2025-03-30 04:14:44.328057,2025-04-02 19:12:43.187555,,2025-04-15 13:17:07
order_00001985,cust_00000451,delivered,2025-05-18 16:16:31,2025-05-19 06:49:58.170334,2025-05-20 23:39:37.237992,2025-05-24 13:48:52.712693,2025-06-03 16:16:31
order_00001986,cust_00000631,delivered,2024-10-24 05:49:14,2024-10-24 10:15:05.049678,2024-10-27 22:13:02.160003,2024-11-03 07:17:48.774890,2024-11-11 05:49:14
order_00001987,cust_00000655,delivered,2025-02-28 02:47:14,2025-02-28 06:02:20.447515,2025-03-02 04:39:06.700407,2025-03-05 07:17:55.310808,2025-03-19 02:47:14
order_00001988,cust_00002047,delivered,2025-10-02 08:49:03,2025-10-02 11:13:44.776852,2025-10-03 23:04:31.261544,2025-10-15 03:35:19.919644,2025-10-24 08:49:03
order_00001989,cust_00002755,unavailable,2024-04-14 23:30:04,2024-04-15 05:38:16.455744,,,2024-05-08 23:30:04
order_00001990,cust_00001104,delivered,2025-11-09 13:34:47,2025-11-09 18:29:51.723836,2025-11-11 05:45:41.763438,2025-11-14 05:01:27.031883,2025-12-05 13:34:47
order_00001991,cust_00001128,delivered,2025-05-20 21:00:12,2025-05-20 21:42:34.801572,2025-05-23 14:15:03.626852,2025-05-26 23:10:14.345495,2025-06-08 21:00:12
order_00001992,cust_00001317,delivered,2025-03-29 17:01:59,2025-03-29 19:24:05.016303,2025-03-31 02:07:21.503249,2025-04-08 10:29:33.745807,2025-04-18 17:01:59
order_00001993,cust_00000933,delivered,2024-10-11 15:37:05,2024-10-11 17:30:39.334477,2024-10-13 23:14:57.132004,2024-10-23 12:04:49.578057,2024-11-02 15:37:05
order_00001994,cust_00002137,delivered,2024-06-05 07:26:30,2024-06-05 09:20:12.459328,2024-06-11 01:04:11.554466,2024-06-18 01:58:02.131671,2024-06-24 07:26:30
order_00001995,cust_00000192,delivered,2024-04-28 00:10:21,2024-04-28 05:14:09.559422,2024-04-28 23:17:00.313224,2024-04-30 05:41:24.164684,2024-05-18 00:10:21
order_00001996,cust_00000886,delivered,2025-12-30 19:18:38,2025-12-31 05:22:37.087534,2026-01-01 02:21:24.596674,2026-01-03 01:22:01.169184,2026-01-22 19:18:38
order_00001997,cust_00000243,delivered,2025-07-12 15:47:24,2025-07-12 17:42:07.756686,2025-07-13 15:26:50.296397,2025-07-15 02:31:27.435150,2025-08-03 15:47:24
order_00001998,cust_00000504,delivered,2024-08-09 09:39:13,2024-08-09 10:22:52.315011,2024-08-10 21:40:28.449580,2024-08-14 16:18:48.365949,2024-08-23 09:39:13
order_00001999,cust_00002619,delivered,2025-09-21 07:33:21,2025-09-21 11:46:54.114311,2025-09-25 03:54:22.226297,2025-10-05 16:49:32.049828,2025-10-08 07:33:21
order_00002000,cust_00002660,delivered,2025-11-03 05:12:12,2025-11-03 07:01:15.594925,2025-11-09 13:07:57.613170,2025-11-11 04:22:51.123244,2025-11-25 05:12:12
order_00002001,cust_00002025,canceled,2025-02-05 05:31:01,,,,2025-02-22 05:31:01
order_00002002,cust_00001209,unavailable,2024-08-16 14:31:54,2024-08-16 15:40:08.372490,,,2024-09-07 14:31:54
order_00002003,cust_00002214,delivered,2024-10-23 16:40:59,2024-10-23 20:12:10.368571,2024-10-26 17:35:16.673485,2024-10-28 15:01:36.796006,2024-11-11 16:40:59
order_00002004,cust_00002776,delivered,2025-05-28 22:29:40,2025-05-29 03:40:29.263496,2025-05-30 01:47:09.926711,2025-05-31 12:03:01.805747,2025-06-21 22:29:40
order_00002005,cust_00002080,delivered,2025-01-09 18:19:28,2025-01-10 04:47:23.908032,2025-01-12 12:56:05.864337,2025-01-23 17:05:28.977434,2025-01-31 18:19:28
order_00002006,cust_00002094,delivered,2025-09-04 17:32:01,2025-09-05 00:43:55.586741,2025-09-06 16:34:12.404036,2025-09-09 08:27:47.290799,2025-09-21 17:32:01
order_00002007,cust_00002107,delivered,2025-10-24 12:39:55,2025-10-24 14:05:31.744536,2025-10-28 06:00:04.700919,2025-10-31 15:47:52.308381,2025-11-07 12:39:55
order_00002008,cust_00002501,delivered,2024-11-04 23:38:59,2024-11-05 00:30:33.259664,2024-11-05 21:47:30.442673,2024-11-07 11:08:45.171288,2024-11-29 23:38:59
order_00002009,cust_00001054,delivered,2025-10-31 18:52:22,2025-10-31 20:28:15.123109,2025-11-02 01:59:09.759934,2025-11-03 15:18:32.847370,2025-11-17 18:52:22
order_00002010,cust_00001641,unavailable,2024-03-06 15:21:33,2024-03-06 19:09:17.178405,,,2024-03-28 15:21:33
order_00002011,cust_00001183,delivered,2025-02-01 01:35:38,2025-02-01 02:23:50.490446,2025-02-03 14:45:29.219302,2025-02-09 11:46:33.477829,2025-02-17 01:35:38
order_00002012,cust_00000557,delivered,2025-08-11 10:30:25,2025-08-11 12:20:12.021719,2025-08-12 14:42:32.868529,2025-09-03 18:41:22.163159,2025-08-25 10:30:25
order_00002013,cust_00002210,delivered,2025-02-22 01:34:05,2025-02-22 06:24:15.717458,2025-02-24 21:43:54.448514,2025-02-28 07:44:13.331877,2025-03-12 01:34:05
order_00002014,cust_00001971,delivered,2025-03-20 03:04:58,2025-03-20 06:41:29.786384,2025-03-21 16:47:56.444372,2025-03-28 07:35:34.463938,2025-04-11 03:04:58
order_00002015,cust_00001994,delivered,2025-03-24 04:26:38,2025-03-24 05:55:32.656750,2025-03-25 11:19:36.731740,2025-03-28 05:03:25.706558,2025-04-19 04:26:38
order_00002016,cust_00001580,delivered,2024-09-02 04:05:12,2024-09-02 12:23:47.213148,2024-09-08 01:02:23.325694,2024-09-23 18:40:14.991904,2024-09-27 04:05:12
order_00002017,cust_00002811,canceled,2024-01-07 04:42:03,,,,2024-01-25 04:42:03
order_00002018,cust_00001234,processing,2025-02-23 19:59:41,2025-02-24 08:49:28.878783,,,2025-03-14 19:59:41
order_00002019,cust_00001814,delivered,2025-11-13 11:38:40,2025-11-13 17:34:48.118276,2025-11-15 20:42:59.553409,2025-11-22 00:34:18.709181,2025-12-02 11:38:40
order_00002020,cust_00001028,delivered,2025-12-27 10:43:36,2025-12-27 18:24:20.252878,2026-01-02 15:46:00.388130,2026-01-12 03:16:23.999305,2026-01-21 10:43:36
order_00002021,cust_00002885,delivered,2025-07-21 14:01:07,2025-07-21 15:37:30.203180,2025-07-24 08:33:33.797411,2025-07-26 09:45:54.988004,2025-08-07 14:01:07
order_00002022,cust_00001330,delivered,2024-02-19 19:25:03,2024-02-19 20:09:59.148691,2024-02-21 08:50:44.984391,2024-03-05 16:54:06.962452,2024-03-04 19:25:03
order_00002023,cust_00001640,shipped,2024-09-06 02:46:16,2024-09-06 03:59:48.445929,2024-09-09 10:57:08.350597,,2024-09-26 02:46:16
order_00002024,cust_00000916,processing,2025-01-15 00:42:26,2025-01-15 01:22:28.853883,,,2025-01-28 00:42:26
order_00002025,cust_00000568,delivered,2025-03-30 15:47:07,2025-03-30 20:45:26.683922,2025-04-05 18:31:06.245870,2025-04-21 06:46:48.344853,2025-04-18 15:47:07
order_00002026,cust_00002601,delivered,2024-10-27 18:45:25,2024-10-27 19:34:55.093950,2024-10-29 08:10:18.304505,2024-11-02 06:36:58.760402,2024-11-18 18:45:25
order_00002027,cust_00002024,shipped,2024-05-02 04:43:35,2024-05-02 06:00:32.406101,2024-05-04 09:56:33.603226,,2024-05-20 04:43:35
order_00002028,cust_00001708,delivered,2024-04-25 20:05:35,2024-04-27 00:39:06.978779,2024-05-06 01:45:53.046968,2024-05-12 09:44:33.432333,2024-05-18 20:05:35
order_00002029,cust_00001516,delivered,2024-07-06 02:13:13,2024-07-06 10:39:24.203998,2024-07-07 17:04:09.464076,2024-07-12 16:29:35.088471,2024-08-01 02:13:13
order_00002030,cust_00001212,delivered,2025-11-16 07:41:50,2025-11-16 16:04:38.386526,2025-11-17 13:25:41.875612,2025-11-19 12:26:30.342407,2025-12-16 07:41:50
order_00002031,cust_00002582,delivered,2025-12-24 04:27:59,2025-12-24 16:19:00.120115,2025-12-25 17:07:58.068828,2025-12-29 02:21:36.303637,2026-01-09 04:27:59
order_00002032,cust_00002913,delivered,2025-08-16 08:54:40,2025-08-16 11:37:57.563686,2025-08-17 20:12:16.139585,2025-08-23 11:51:56.564380,2025-08-25 08:54:40
order_00002033,cust_00000328,shipped,2025-06-22 23:44:22,2025-06-23 01:58:53.618691,2025-06-27 20:22:29.453199,,2025-07-09 23:44:22
order_00002034,cust_00002117,delivered,2025-11-13 19:29:14,2025-11-13 23:35:37.489031,2025-11-15 00:22:22.719571,2025-11-21 20:29:29.833660,2025-12-07 19:29:14
order_00002035,cust_00001841,delivered,2024-02-06 11:41:03,2024-02-06 14:19:11.358220,2024-02-08 00:52:19.065165,2024-02-09 09:21:29.953859,2024-03-06 11:41:03
order_00002036,cust_00001790,shipped,2025-02-26 03:47:13,2025-02-26 05:02:56.928102,2025-02-26 19:09:56.770652,,2025-03-12 03:47:13
order_00002037,cust_00002786,canceled,2025-08-17 05:38:37,,,,2025-09-10 05:38:37
order_00002038,cust_00001804,delivered,2024-05-07 16:46:34,2024-05-07 19:48:14.029284,2024-05-08 10:01:53.771661,2024-05-11 06:36:20.777072,2024-05-30 16:46:34
order_00002039,cust_00002019,delivered,2025-10-11 21:50:52,2025-10-12 06:24:52.097390,2025-10-14 07:56:15.658371,2025-10-18 18:00:34.481850,2025-10-30 21:50:52
order_00002040,cust_00001089,delivered,2025-01-10 21:10:58,2025-01-11 17:03:05.470747,2025-01-12 20:32:55.248820,2025-01-14 14:58:43.415223,2025-01-30 21:10:58
order_00002041,cust_00000225,unavailable,2024-06-06 15:05:57,2024-06-06 22:44:31.400451,,,2024-06-28 15:05:57
order_00002042,cust_00001710,delivered,2025-11-22 14:34:55,2025-11-22 17:32:29.210958,2025-11-23 10:21:37.616857,2025-11-25 07:57:29.470764,2025-12-11 14:34:55
order_00002043,cust_00000723,invoiced,2025-10-31 08:15:32,2025-10-31 17:49:40.924869,,,2025-11-17 08:15:32
order_00002044,cust_00000765,delivered,2024-03-01 05:40:56,2024-03-01 08:30:05.126098,2024-03-02 09:32:57.283596,2024-03-03 22:08:41.368895,2024-03-23 05:40:56
order_00002045,cust_00000321,delivered,2024-05-23 05:33:18,2024-05-23 20:42:28.135746,2024-05-24 19:48:36.716728,2024-05-27 10:50:40.055002,2024-06-12 05:33:18
order_00002046,cust_00002031,delivered,2024-01-29 07:30:44,2024-01-29 08:43:11.831018,2024-01-30 08:55:35.319425,2024-02-02 06:20:04.787348,2024-02-19 07:30:44
order_00002047,cust_00000138,delivered,2024-10-14 23:40:08,2024-10-15 08:05:13.961546,2024-10-17 19:31:42.163164,2024-10-18 20:28:37.853241,2024-10-31 23:40:08
order_00002048,cust_00001153,delivered,2024-01-26 04:10:50,2024-01-26 08:18:28.548092,2024-01-29 10:30:23.739689,2024-02-08 00:51:57.987189,2024-02-16 04:10:50
order_00002049,cust_00001774,shipped,2024-02-04 11:16:43,2024-02-04 18:58:22.944454,2024-02-06 09:56:05.806751,,2024-02-28 11:16:43
order_00002050,cust_00000205,delivered,2024-03-12 01:13:18,2024-03-12 20:26:14.561314,2024-03-14 05:02:38.042805,2024-03-15 07:28:10.487213,2024-04-08 01:13:18
order_00002051,cust_00002393,delivered,2024-08-26 05:03:43,2024-08-26 14:36:59.110578,2024-08-27 07:08:25.405208,2024-09-04 21:38:24.838629,2024-09-17 05:03:43
order_00002052,cust_00000360,canceled,2025-08-09 20:32:35,,,,2025-08-30 20:32:35
order_00002053,cust_00001376,delivered,2024-10-29 06:09:06,2024-10-29 14:52:54.479731,2024-10-30 13:49:06.626677,2024-11-02 11:37:27.462253,2024-11-18 06:09:06
order_00002054,cust_00000452,delivered,2024-03-11 17:53:24,2024-03-11 23:44:03.171855,2024-03-14 23:47:55.833890,2024-03-16 01:31:19.518464,2024-03-31 17:53:24
order_00002055,cust_00000685,delivered,2024-01-29 07:15:59,2024-01-29 16:51:20.006409,2024-02-04 16:08:39.664038,2024-02-13 23:51:07.629790,2024-02-16 07:15:59
order_00002056,cust_00002338,delivered,2024-09-19 03:30:00,2024-09-19 09:23:49.085550,2024-09-21 02:26:18.295159,2024-09-26 09:18:20.562362,2024-10-07 03:30:00
order_00002057,cust_00001894,delivered,2025-10-04 23:38:59,2025-10-05 02:50:27.296777,2025-10-06 00:51:33.047089,2025-10-26 18:07:32.562503,2025-10-29 23:38:59
order_00002058,cust_00002164,delivered,2024-06-21 10:16:16,2024-06-21 12:55:16.417229,2024-06-22 17:15:53.164316,2024-06-24 15:43:20.505840,2024-07-09 10:16:16
order_00002059,cust_00002031,delivered,2024-02-01 13:00:33,2024-02-01 14:39:28.991659,2024-02-02 05:33:49.126163,2024-02-03 07:02:36.726812,2024-02-19 13:00:33
order_00002060,cust_00000908,delivered,2024-04-22 00:10:01,2024-04-22 03:06:32.537394,2024-04-23 18:06:40.963832,2024-05-03 18:54:05.258464,2024-05-14 00:10:01
order_00002061,cust_00002074,delivered,2025-10-05 14:32:10,2025-10-06 11:35:15.623586,2025-10-10 21:30:52.938839,2025-10-13 04:16:12.964957,2025-10-27 14:32:10
order_00002062,cust_00002234,delivered,2024-04-06 16:42:06,2024-04-07 12:58:24.035656,2024-04-08 04:57:21.775988,2024-04-14 06:06:38.203097,2024-04-19 16:42:06
order_00002063,cust_00000649,delivered,2025-09-26 05:06:07,2025-09-26 10:48:24.821790,2025-09-28 01:53:29.201221,2025-10-11 07:59:27.798414,2025-10-22 05:06:07
order_00002064,cust_00000584,delivered,2025-06-08 01:50:00,2025-06-08 10:22:42.926427,2025-06-11 17:53:31.678072,2025-06-16 01:28:38.365035,2025-06-26 01:50:00
order_00002065,cust_00001009,delivered,2024-02-16 08:21:22,2024-02-16 15:46:07.632316,2024-02-18 03:47:52.263323,2024-02-21 15:59:01.302268,2024-03-02 08:21:22
order_00002066,cust_00001432,delivered,2025-05-02 10:12:48,2025-05-02 13:10:15.338563,2025-05-05 07:08:44.438909,2025-05-13 08:38:22.186532,2025-05-20 10:12:48
order_00002067,cust_00002332,delivered,2024-01-17 11:05:44,2024-01-17 16:47:23.473187,2024-01-18 08:18:31.697296,2024-01-20 05:53:54.479327,2024-02-14 11:05:44
order_00002068,cust_00002094,delivered,2025-02-09 09:47:46,2025-02-09 11:06:28.467417,2025-02-11 11:35:35.418973,2025-02-25 21:39:34.411443,2025-03-03 09:47:46
order_00002069,cust_00000666,shipped,2024-02-24 09:06:39,2024-02-24 12:38:38.343325,2024-02-29 00:40:01.540624,,2024-03-13 09:06:39
order_00002070,cust_00001311,delivered,2025-08-01 01:07:02,2025-08-01 08:52:56.484066,2025-08-04 08:26:53.646734,2025-08-12 12:20:36.771399,2025-08-19 01:07:02
order_00002071,cust_00002985,delivered,2024-06-30 11:35:50,2024-06-30 12:21:01.880941,2024-07-01 09:28:08.212418,2024-07-03 09:34:51.180523,2024-07-16 11:35:50
order_00002072,cust_00002335,delivered,2024-10-09 17:23:06,2024-10-09 20:21:43.447019,2024-10-15 13:44:08.336371,2024-10-16 19:44:35.590017,2024-10-26 17:23:06
order_00002073,cust_00001351,delivered,2025-07-13 07:46:01,2025-07-13 10:06:05.001732,2025-07-14 01:47:59.297186,2025-07-20 05:48:45.361809,2025-08-02 07:46:01
order_00002074,cust_00002677,delivered,2025-05-06 13:56:30,2025-05-06 17:08:38.808369,2025-05-09 08:15:38.123324,2025-05-15 11:15:55.737096,2025-05-30 13:56:30
order_00002075,cust_00001018,delivered,2024-05-25 07:12:32,2024-05-25 11:07:18.033896,2024-05-29 22:53:17.191819,2024-06-01 22:01:29.600684,2024-06-10 07:12:32
order_00002076,cust_00001705,canceled,2025-01-01 23:48:10,,,,2025-01-23 23:48:10
order_00002077,cust_00000170,delivered,2025-03-16 10:14:49,2025-03-16 11:08:04.322811,2025-03-20 21:11:51.953771,2025-03-30 17:32:02.008179,2025-04-08 10:14:49
order_00002078,cust_00002648,delivered,2025-11-20 09:53:03,2025-11-21 02:42:58.786627,2025-11-22 01:45:52.742298,2025-11-24 03:46:58.601882,2025-12-04 09:53:03
order_00002079,cust_00002079,delivered,2025-09-21 22:41:08,2025-09-22 15:33:13.866004,2025-09-25 01:54:35.372508,2025-09-28 20:57:39.471397,2025-10-21 22:41:08
order_00002080,cust_00001535,invoiced,2024-05-01 20:42:18,2024-05-01 23:42:19.475114,,,2024-05-19 20:42:18
order_00002081,cust_00001767,delivered,2024-12-09 04:50:05,2024-12-09 10:14:24.534037,2024-12-10 16:21:01.653443,2024-12-13 20:12:38.183113,2024-12-26 04:50:05
order_00002082,cust_00000188,unavailable,2025-08-25 17:45:33,2025-08-26 02:59:20.920556,,,2025-09-19 17:45:33
order_00002083,cust_00002621,delivered,2024-04-03 07:01:29,2024-04-04 00:53:22.642415,2024-04-05 05:40:03.374747,2024-04-08 13:59:51.480987,2024-04-26 07:01:29
order_00002084,cust_00001254,delivered,2024-07-09 13:42:09,2024-07-09 15:35:25.334689,2024-07-11 10:22:56.900891,2024-07-18 23:50:02.561665,2024-08-02 13:42:09
order_00002085,cust_00002237,delivered,2025-11-29 22:35:45,2025-11-30 02:26:35.731472,2025-11-30 18:50:35.829288,2025-12-05 10:32:59.138907,2025-12-20 22:35:45
order_00002086,cust_00001667,delivered,2024-02-12 09:12:03,2024-02-12 11:38:22.485950,2024-02-13 21:04:19.708268,2024-02-22 03:15:07.794101,2024-03-05 09:12:03
order_00002087,cust_00002281,delivered,2025-09-19 08:09:04,2025-09-19 09:34:54.292938,2025-09-20 14:33:23.844679,2025-09-24 23:37:43.042992,2025-10-07 08:09:04
order_00002088,cust_00000328,delivered,2024-10-11 17:25:06,2024-10-11 18:16:29.100398,2024-10-14 05:29:23.089539,2024-11-03 16:39:47.366234,2024-10-25 17:25:06
order_00002089,cust_00001267,delivered,2024-01-02 04:11:58,2024-01-02 10:57:27.866460,2024-01-06 00:29:15.080702,2024-01-09 10:14:05.807032,2024-01-16 04:11:58
order_00002090,cust_00000782,delivered,2024-02-12 03:28:42,2024-02-12 09:52:25.620183,2024-02-14 01:15:22.411043,2024-02-16 03:07:46.052515,2024-03-09 03:28:42
order_00002091,cust_00002255,delivered,2025-04-25 02:28:30,2025-04-25 03:08:49.587883,2025-04-27 02:10:21.571656,2025-05-03 15:35:31.875695,2025-05-17 02:28:30
order_00002092,cust_00001698,delivered,2024-03-19 03:02:04,2024-03-19 10:39:47.200211,2024-03-20 07:54:39.833837,2024-03-29 23:03:28.527009,2024-03-28 03:02:04
order_00002093,cust_00001644,canceled,2024-02-12 09:26:38,,,,2024-02-27 09:26:38
order_00002094,cust_00002864,delivered,2025-08-29 18:12:37,2025-08-29 21:46:14.107571,2025-09-01 09:01:30.229300,2025-09-06 01:35:47.537349,2025-09-16 18:12:37
order_00002095,cust_00001749,delivered,2025-09-07 22:41:44,2025-09-08 05:47:49.988679,2025-09-11 05:33:30.978829,2025-09-14 06:06:48.823000,2025-09-15 22:41:44
order_00002096,cust_00002328,delivered,2025-12-26 04:32:12,2025-12-26 06:52:57.438827,2025-12-28 02:34:28.520322,2026-01-02 00:52:02.943640,2026-01-18 04:32:12
order_00002097,cust_00002927,delivered,2025-04-10 08:25:59,2025-04-10 15:41:04.137285,2025-04-11 14:07:56.887499,2025-04-12 17:12:24.179045,2025-04-28 08:25:59
order_00002098,cust_00000226,delivered,2024-10-08 13:05:54,2024-10-08 19:17:03.734887,2024-10-10 13:46:07.369633,2024-10-30 04:27:41.575939,2024-10-30 13:05:54
order_00002099,cust_00002105,delivered,2025-06-12 16:05:42,2025-06-12 19:59:07.666060,2025-06-17 07:23:17.554085,2025-07-03 14:41:43.367336,2025-06-28 16:05:42
order_00002100,cust_00001679,delivered,2025-01-07 11:06:47,2025-01-07 19:59:08.100023,2025-01-10 23:33:26.616208,2025-01-14 11:14:16.870666,2025-01-28 11:06:47
order_00002101,cust_00000343,delivered,2025-06-18 05:30:09,2025-06-18 10:16:54.177356,2025-06-20 16:20:12.726320,2025-06-24 05:15:09.949966,2025-07-11 05:30:09
order_00002102,cust_00000362,delivered,2024-02-29 19:25:49,2024-03-01 02:26:01.338919,2024-03-03 00:35:25.157987,2024-03-06 07:22:59.101597,2024-03-15 19:25:49
order_00002103,cust_00000412,delivered,2024-07-11 21:00:26,2024-07-11 22:28:03.765734,2024-07-14 07:13:33.041739,2024-07-19 08:05:46.803757,2024-07-30 21:00:26
order_00002104,cust_00000034,delivered,2025-10-27 00:29:44,2025-10-27 15:35:37.280143,2025-11-01 01:44:03.965989,2025-11-05 10:30:15.282141,2025-11-09 00:29:44
order_00002105,cust_00002089,delivered,2024-05-22 16:06:45,2024-05-23 06:55:18.911356,2024-05-26 20:08:28.909244,2024-05-27 22:35:48.957203,2024-06-05 16:06:45
order_00002106,cust_00000357,delivered,2024-10-05 03:11:26,2024-10-05 09:04:20.021404,2024-10-06 08:01:52.969843,2024-10-21 21:29:01.125166,2024-10-26 03:11:26
order_00002107,cust_00001918,delivered,2025-05-31 02:15:06,2025-05-31 03:18:28.789391,2025-05-31 22:57:54.335673,2025-06-13 04:50:17.450411,2025-06-20 02:15:06
order_00002108,cust_00002652,delivered,2025-01-05 01:57:06,2025-01-05 04:31:08.440963,2025-01-07 00:47:12.351748,2025-01-10 04:28:01.021617,2025-01-24 01:57:06
order_00002109,cust_00002909,delivered,2025-12-09 23:10:00,2025-12-10 02:42:37.752085,2025-12-12 12:31:01.635835,2025-12-20 11:19:45.383519,2025-12-30 23:10:00
order_00002110,cust_00001563,delivered,2025-10-09 23:36:03,2025-10-10 15:44:27.688607,2025-10-11 19:20:20.246882,2025-11-02 03:01:04.853193,2025-10-22 23:36:03
order_00002111,cust_00000043,delivered,2024-03-26 21:46:37,2024-03-27 04:23:02.700641,2024-03-27 20:07:02.066198,2024-04-01 06:33:09.528114,2024-04-16 21:46:37
order_00002112,cust_00002966,canceled,2025-06-20 19:39:26,,,,2025-07-10 19:39:26
order_00002113,cust_00001562,delivered,2025-03-06 15:16:02,2025-03-06 16:59:17.632185,2025-03-07 19:16:39.530501,2025-03-13 20:29:50.870372,2025-03-28 15:16:02
order_00002114,cust_00000223,delivered,2024-04-07 05:54:05,2024-04-07 12:02:04.265747,2024-04-12 04:35:36.791830,2024-04-14 08:58:45.288152,2024-04-25 05:54:05
order_00002115,cust_00000456,delivered,2024-08-14 03:25:12,2024-08-14 11:55:25.480447,2024-08-16 12:36:21.881465,2024-08-21 09:06:25.517986,2024-08-29 03:25:12
order_00002116,cust_00001914,delivered,2025-08-29 04:20:15,2025-08-29 11:06:18.499069,2025-09-01 17:41:34.050798,2025-09-10 05:16:31.069175,2025-09-16 04:20:15
order_00002117,cust_00002999,processing,2025-06-05 01:15:59,2025-06-05 05:24:52.919417,,,2025-06-22 01:15:59
order_00002118,cust_00000877,delivered,2024-05-16 10:34:04,2024-05-16 12:13:30.889035,2024-05-19 23:00:21.585762,2024-05-21 23:30:11.009417,2024-06-03 10:34:04
order_00002119,cust_00001427,processing,2024-01-14 10:52:01,2024-01-14 12:42:39.004846,,,2024-02-03 10:52:01
order_00002120,cust_00001980,delivered,2025-11-16 03:32:45,2025-11-16 11:49:04.004675,2025-11-20 20:38:28.432468,2025-11-28 17:10:43.542396,2025-12-08 03:32:45
order_00002121,cust_00002212,delivered,2024-12-03 22:03:56,2024-12-04 00:43:13.179588,2024-12-08 05:32:38.475150,2024-12-10 21:02:26.208106,2024-12-24 22:03:56
order_00002122,cust_00000298,delivered,2024-11-25 22:01:58,2024-11-26 05:06:03.350061,2024-11-30 07:54:53.694542,2024-12-04 15:27:10.354189,2024-12-18 22:01:58
order_00002123,cust_00001475,delivered,2024-07-20 00:06:43,2024-07-20 04:53:37.233421,2024-07-21 13:36:43.713237,2024-07-23 10:11:47.148664,2024-08-15 00:06:43
order_00002124,cust_00000121,delivered,2025-01-17 10:59:43,2025-01-17 16:06:48.898679,2025-01-18 20:38:06.166052,2025-01-21 02:45:23.884383,2025-02-11 10:59:43
order_00002125,cust_00001337,delivered,2025-02-17 03:05:04,2025-02-17 07:52:45.112663,2025-02-18 03:51:52.582321,2025-02-21 10:51:19.436283,2025-03-05 03:05:04
order_00002126,cust_00002854,delivered,2025-04-06 11:26:01,2025-04-06 19:23:09.318708,2025-04-10 01:30:07.153646,2025-04-24 18:42:15.246469,2025-04-28 11:26:01
order_00002127,cust_00000060,processing,2025-08-09 21:39:54,2025-08-10 13:07:42.002058,,,2025-08-23 21:39:54
order_00002128,cust_00000933,delivered,2025-10-11 18:06:52,2025-10-12 00:13:34.940507,2025-10-14 19:00:42.702294,2025-10-17 11:33:38.440042,2025-10-31 18:06:52
order_00002129,cust_00000190,delivered,2024-12-24 10:44:03,2024-12-24 14:50:18.269820,2024-12-25 06:51:21.155016,2024-12-26 20:10:19.531259,2025-01-14 10:44:03
order_00002130,cust_00001552,delivered,2025-05-01 22:49:38,2025-05-02 01:01:42.977183,2025-05-03 01:01:10.451732,2025-05-19 10:52:31.919529,2025-05-23 22:49:38
order_00002131,cust_00001613,delivered,2025-01-24 02:21:16,2025-01-24 07:35:22.873065,2025-01-26 01:53:40.673208,2025-02-01 16:16:05.161226,2025-02-12 02:21:16
order_00002132,cust_00001319,delivered,2025-06-11 10:31:58,2025-06-11 18:42:17.299233,2025-06-12 23:33:57.808555,2025-06-18 02:51:58.328353,2025-06-25 10:31:58
order_00002133,cust_00001215,delivered,2025-12-03 16:45:57,2025-12-03 19:10:21.985221,2025-12-08 20:37:30.468080,2025-12-18 03:14:41.359293,2025-12-20 16:45:57
order_00002134,cust_00001801,delivered,2025-10-26 21:53:04,2025-10-26 22:28:50.757428,2025-10-30 01:01:13.261335,2025-11-01 13:56:36.166851,2025-11-10 21:53:04
order_00002135,cust_00000683,delivered,2025-03-13 16:52:34,2025-03-13 21:39:50.635126,2025-03-14 20:30:31.038418,2025-03-16 01:21:08.253392,2025-04-06 16:52:34
order_00002136,cust_00002127,delivered,2025-09-07 04:20:54,2025-09-07 06:23:58.057650,2025-09-09 04:33:13.460909,2025-09-23 21:53:11.038715,2025-09-29 04:20:54
order_00002137,cust_00000874,delivered,2024-12-31 01:02:30,2024-12-31 05:32:58.448800,2025-01-02 13:25:27.689531,2025-01-04 17:42:05.870143,2025-01-10 01:02:30
order_00002138,cust_00000609,delivered,2024-08-15 19:41:28,2024-08-16 01:14:30.328368,2024-08-17 15:02:58.279618,2024-08-26 21:51:04.955938,2024-09-04 19:41:28
order_00002139,cust_00002782,delivered,2025-02-19 03:16:32,2025-02-19 06:22:00.023909,2025-02-19 18:51:41.727635,2025-03-01 12:41:32.478459,2025-03-13 03:16:32
order_00002140,cust_00002208,delivered,2025-03-07 08:05:33,2025-03-07 12:26:34.364939,2025-03-08 17:01:41.989826,2025-03-12 00:29:22.017324,2025-04-01 08:05:33
order_00002141,cust_00001749,delivered,2024-12-05 18:45:44,2024-12-05 20:10:53.789536,2024-12-08 04:17:42.180626,2024-12-13 01:35:34.593459,2024-12-27 18:45:44
order_00002142,cust_00001901,delivered,2024-10-08 05:01:35,2024-10-08 17:15:01.402093,2024-10-10 23:20:55.993605,2024-10-12 22:03:47.835444,2024-10-27 05:01:35
order_00002143,cust_00000331,delivered,2024-04-04 10:02:57,2024-04-04 15:00:11.245170,2024-04-07 20:29:49.118109,2024-04-15 06:36:15.323974,2024-04-29 10:02:57
order_00002144,cust_00001326,delivered,2025-07-06 02:59:42,2025-07-06 06:18:40.562478,2025-07-08 16:35:46.476503,2025-07-18 19:47:41.896928,2025-07-18 02:59:42
order_00002145,cust_00001973,delivered,2025-11-24 22:39:33,2025-11-25 14:25:24.532364,2025-11-26 18:54:25.658706,2025-12-02 01:41:13.209427,2025-12-17 22:39:33
order_00002146,cust_00000720,delivered,2024-05-21 14:23:35,2024-05-22 02:44:01.759870,2024-05-25 05:57:29.166252,2024-05-27 10:33:41.645037,2024-06-13 14:23:35
order_00002147,cust_00000557,delivered,2024-06-20 01:32:48,2024-06-20 02:03:15.539547,2024-06-22 11:47:36.358354,2024-06-28 06:30:51.458960,2024-07-11 01:32:48
order_00002148,cust_00001073,delivered,2025-02-27 17:58:49,2025-02-27 19:44:39.165296,2025-03-01 00:53:51.963154,2025-03-14 00:15:12.739396,2025-03-18 17:58:49
order_00002149,cust_00002863,delivered,2024-08-23 05:29:22,2024-08-23 08:10:54.743344,2024-08-24 04:56:35.443214,2024-08-25 12:55:26.662792,2024-09-12 05:29:22
order_00002150,cust_00001592,delivered,2024-04-02 04:07:49,2024-04-02 06:44:29.990521,2024-04-06 23:24:02.455582,2024-04-09 03:18:52.366330,2024-04-19 04:07:49
order_00002151,cust_00000583,delivered,2025-10-11 00:39:24,2025-10-11 18:57:01.498706,2025-10-12 14:59:10.850979,2025-11-05 19:40:58.955134,2025-10-26 00:39:24
order_00002152,cust_00002955,delivered,2024-05-15 01:10:49,2024-05-15 07:19:14.983998,2024-05-16 10:21:52.316869,2024-05-25 21:28:04.541524,2024-06-05 01:10:49
order_00002153,cust_00000054,delivered,2024-06-17 13:35:57,2024-06-17 20:17:03.706948,2024-06-19 03:39:53.350744,2024-06-29 04:22:51.466022,2024-07-10 13:35:57
order_00002154,cust_00002949,delivered,2024-03-26 07:36:24,2024-03-26 10:46:30.469778,2024-03-28 09:03:16.299166,2024-03-31 00:52:29.737909,2024-04-11 07:36:24
order_00002155,cust_00001255,delivered,2025-06-10 12:27:21,2025-06-10 13:01:28.683396,2025-06-12 19:18:09.290432,2025-06-14 19:51:43.440168,2025-06-28 12:27:21
order_00002156,cust_00001873,delivered,2024-07-24 17:15:51,2024-07-24 18:56:27.021713,2024-07-25 16:45:51.462556,2024-07-26 23:58:16.217400,2024-08-09 17:15:51
order_00002157,cust_00001211,delivered,2025-03-26 11:43:06,2025-03-26 13:24:27.390783,2025-03-29 01:22:14.850541,2025-04-04 17:06:48.358059,2025-04-21 11:43:06
order_00002158,cust_00002119,delivered,2024-01-06 17:57:44,2024-01-06 20:12:18.205471,2024-01-09 07:27:23.724989,2024-01-14 07:58:40.947246,2024-01-20 17:57:44
order_00002159,cust_00000353,delivered,2025-10-23 23:20:52,2025-10-24 01:16:11.379199,2025-10-26 10:01:47.494275,2025-10-29 14:31:30.586113,2025-11-15 23:20:52
order_00002160,cust_00002068,delivered,2025-04-04 21:50:19,2025-04-04 23:31:37.693603,2025-04-06 13:11:20.149454,2025-04-14 05:17:59.711823,2025-04-26 21:50:19
order_00002161,cust_00001331,delivered,2024-11-22 21:41:57,2024-11-22 23:14:09.273704,2024-11-26 12:39:33.583319,2024-12-02 07:07:22.490072,2024-12-13 21:41:57
order_00002162,cust_00001074,delivered,2024-11-21 09:26:32,2024-11-21 20:31:24.771589,2024-11-24 15:46:34.681409,2024-12-05 11:36:34.859289,2024-12-06 09:26:32
order_00002163,cust_00001047,delivered,2025-05-16 03:19:46,2025-05-16 09:11:17.842949,2025-05-18 06:30:08.438786,2025-05-19 06:54:10.053580,2025-06-08 03:19:46
order_00002164,cust_00002819,delivered,2024-10-25 19:16:02,2024-10-26 02:04:13.070989,2024-10-26 18:38:14.718909,2024-11-03 04:49:39.614825,2024-11-13 19:16:02
order_00002165,cust_00002764,delivered,2025-05-10 18:33:05,2025-05-10 19:30:36.443727,2025-05-11 09:16:23.828452,2025-05-12 14:43:34.441736,2025-06-02 18:33:05
order_00002166,cust_00002045,shipped,2024-06-26 03:56:55,2024-06-26 07:28:56.257813,2024-07-04 03:26:14.110153,,2024-07-23 03:56:55
order_00002167,cust_00002317,delivered,2025-10-13 08:58:19,2025-10-13 19:48:09.583188,2025-10-15 09:46:31.948918,2025-10-19 16:25:38.388720,2025-10-24 08:58:19
order_00002168,cust_00001963,invoiced,2024-05-20 13:31:56,2024-05-21 01:22:01.261921,,,2024-06-12 13:31:56
order_00002169,cust_00000343,delivered,2025-05-13 04:02:45,2025-05-13 14:22:49.123966,2025-05-25 08:52:52.236903,2025-05-29 01:34:21.214858,2025-06-05 04:02:45
order_00002170,cust_00002023,delivered,2025-10-12 00:54:18,2025-10-12 09:47:55.320363,2025-10-15 20:44:27.941956,2025-10-16 23:41:12.835259,2025-11-05 00:54:18
order_00002171,cust_00000916,delivered,2025-05-18 23:24:07,2025-05-19 00:00:26.371859,2025-05-21 03:55:54.686968,2025-05-23 01:29:05.103159,2025-06-04 23:24:07
order_00002172,cust_00001136,delivered,2025-01-09 17:58:57,2025-01-09 21:03:34.214024,2025-01-11 02:22:03.970763,2025-01-14 03:20:42.848645,2025-01-28 17:58:57
order_00002173,cust_00001799,delivered,2024-03-19 11:13:21,2024-03-19 17:29:57.471139,2024-03-21 18:50:35.174743,2024-03-29 01:22:47.986902,2024-04-06 11:13:21
order_00002174,cust_00002306,delivered,2024-06-01 10:58:56,2024-06-01 14:05:18.961452,2024-06-03 09:59:33.050361,2024-06-14 07:09:46.284843,2024-06-21 10:58:56
order_00002175,cust_00001890,delivered,2024-09-06 07:50:49,2024-09-06 17:24:18.375250,2024-09-07 22:31:20.154741,2024-09-15 12:37:31.484371,2024-10-06 07:50:49
order_00002176,cust_00001724,delivered,2025-06-29 02:05:35,2025-06-29 04:00:42.800318,2025-06-30 21:56:11.325974,2025-07-20 02:03:52.490274,2025-07-17 02:05:35
order_00002177,cust_00000027,delivered,2025-08-05 13:17:32,2025-08-05 18:22:44.829317,2025-08-07 04:15:51.673012,2025-08-17 15:50:39.230298,2025-08-25 13:17:32
order_00002178,cust_00001431,processing,2024-03-13 01:56:48,2024-03-13 09:54:23.089159,,,2024-04-03 01:56:48
order_00002179,cust_00000875,delivered,2024-06-08 22:19:24,2024-06-09 07:15:36.212003,2024-06-10 02:41:41.153285,2024-06-16 00:48:54.306944,2024-07-03 22:19:24
order_00002180,cust_00001300,delivered,2024-06-05 11:44:56,2024-06-05 19:12:02.526269,2024-06-06 09:36:57.516257,2024-06-27 22:48:09.994437,2024-06-19 11:44:56
order_00002181,cust_00001792,delivered,2024-10-15 16:44:11,2024-10-15 18:18:05.084533,2024-10-18 01:09:21.553932,2024-10-26 03:59:42.455819,2024-11-02 16:44:11
order_00002182,cust_00000234,delivered,2024-10-19 23:23:10,2024-10-20 01:43:48.168095,2024-10-21 12:46:49.299279,2024-10-25 23:27:07.191360,2024-11-11 23:23:10
order_00002183,cust_00001732,delivered,2024-06-29 07:55:45,2024-06-29 08:28:09.252707,2024-06-30 09:58:09.545346,2024-07-08 19:11:44.176784,2024-07-13 07:55:45
order_00002184,cust_00001827,delivered,2024-07-31 09:19:00,2024-07-31 17:57:27.061888,2024-08-02 14:34:02.474748,2024-08-16 06:33:56.546150,2024-08-22 09:19:00
order_00002185,cust_00000187,delivered,2025-01-01 00:56:16,2025-01-01 04:20:52.696061,2025-01-04 17:17:54.116436,2025-01-06 00:27:17.393861,2025-01-25 00:56:16
order_00002186,cust_00000611,delivered,2024-03-05 02:22:50,2024-03-05 08:06:38.709730,2024-03-06 02:37:44.981596,2024-03-16 12:45:47.160548,2024-03-27 02:22:50
order_00002187,cust_00001759,delivered,2025-02-27 03:45:53,2025-02-27 11:23:56.093913,2025-03-01 04:21:27.135799,2025-03-02 06:23:22.010951,2025-03-20 03:45:53
order_00002188,cust_00000481,delivered,2024-08-28 15:45:37,2024-08-28 18:58:55.228006,2024-08-30 20:15:23.569350,2024-09-01 09:31:28.984103,2024-09-16 15:45:37
order_00002189,cust_00002275,delivered,2025-06-25 00:12:31,2025-06-25 04:53:03.004899,2025-06-25 23:47:02.041561,2025-07-01 00:48:24.541333,2025-07-19 00:12:31
order_00002190,cust_00002432,delivered,2024-05-04 01:06:20,2024-05-04 11:23:47.404351,2024-05-05 02:05:07.359368,2024-05-25 21:02:39.481414,2024-05-20 01:06:20
order_00002191,cust_00001890,delivered,2024-01-26 03:47:31,2024-01-26 12:37:17.950201,2024-01-27 06:25:52.972482,2024-02-11 15:57:18.269434,2024-02-18 03:47:31
order_00002192,cust_00002357,delivered,2024-02-07 19:58:28,2024-02-07 23:38:04.359133,2024-02-09 09:56:59.293349,2024-02-21 01:51:46.606349,2024-02-27 19:58:28
order_00002193,cust_00000766,delivered,2025-01-02 11:32:28,2025-01-02 18:18:13.481283,2025-01-03 08:18:40.101630,2025-01-05 19:56:02.086658,2025-01-25 11:32:28
order_00002194,cust_00001035,shipped,2024-06-08 05:28:43,2024-06-08 11:21:21.166815,2024-06-12 12:10:53.369988,,2024-06-28 05:28:43
order_00002195,cust_00000403,delivered,2025-08-14 15:01:27,2025-08-15 03:44:54.568007,2025-08-16 02:27:30.530414,2025-08-22 09:02:58.872189,2025-08-27 15:01:27
order_00002196,cust_00002716,delivered,2025-06-06 19:01:48,2025-06-06 20:02:50.624795,2025-06-08 04:38:12.270001,2025-06-09 23:33:25.358898,2025-06-20 19:01:48
order_00002197,cust_00002294,delivered,2025-07-19 09:25:07,2025-07-19 09:55:18.397321,2025-07-21 20:59:43.786862,2025-07-25 16:10:26.101413,2025-08-06 09:25:07
order_00002198,cust_00001321,delivered,2024-05-24 04:48:56,2024-05-24 08:05:24.239908,2024-05-25 03:45:12.805943,2024-05-26 16:28:32.981055,2024-06-17 04:48:56
order_00002199,cust_00001316,delivered,2025-12-28 15:04:02,2025-12-28 22:41:17.489362,2025-12-29 19:32:41.057085,2026-01-05 18:03:24.822331,2026-01-12 15:04:02
order_00002200,cust_00000945,delivered,2025-01-19 01:48:48,2025-01-19 21:22:06.114798,2025-01-21 11:15:55.535338,2025-01-24 12:44:06.575005,2025-02-10 01:48:48
order_00002201,cust_00002411,delivered,2024-09-04 09:55:22,2024-09-04 12:50:19.808609,2024-09-06 21:46:12.359068,2024-09-14 23:22:59.215283,2024-09-22 09:55:22
order_00002202,cust_00002509,delivered,2024-02-22 14:36:21,2024-02-22 20:18:25.656854,2024-02-24 17:49:10.189595,2024-03-01 14:34:30.758846,2024-03-06 14:36:21
order_00002203,cust_00000811,invoiced,2024-03-31 04:15:38,2024-03-31 05:54:46.586073,,,2024-04-23 04:15:38
order_00002204,cust_00001928,delivered,2025-01-18 20:00:13,2025-01-19 08:00:32.977017,2025-01-21 03:59:56.113802,2025-01-23 10:43:53.428101,2025-02-05 20:00:13
order_00002205,cust_00001022,delivered,2025-06-13 08:23:04,2025-06-13 12:22:46.493499,2025-06-14 02:06:33.461585,2025-06-19 21:36:40.152778,2025-07-03 08:23:04
order_00002206,cust_00002421,delivered,2025-06-03 23:33:13,2025-06-04 02:32:40.006620,2025-06-05 15:34:15.009604,2025-06-13 01:12:57.849231,2025-06-26 23:33:13
order_00002207,cust_00001289,delivered,2025-10-26 02:25:48,2025-10-26 05:43:51.780246,2025-10-26 19:10:17.167448,2025-10-29 14:11:17.890735,2025-11-12 02:25:48
order_00002208,cust_00001510,unavailable,2024-02-17 06:36:08,2024-02-17 11:43:13.375568,,,2024-03-05 06:36:08
order_00002209,cust_00002152,delivered,2025-02-09 00:52:26,2025-02-09 05:41:23.719747,2025-02-11 00:09:31.578455,2025-02-14 14:49:26.851560,2025-03-05 00:52:26
order_00002210,cust_00002957,shipped,2024-10-26 03:31:58,2024-10-26 06:56:18.655825,2024-10-26 22:05:59.286100,,2024-11-16 03:31:58
order_00002211,cust_00000274,delivered,2024-12-19 14:23:22,2024-12-20 03:32:03.785626,2024-12-21 00:09:17.513296,2024-12-24 15:02:14.704674,2025-01-14 14:23:22
order_00002212,cust_00001816,delivered,2024-06-03 05:11:38,2024-06-03 06:10:00.552085,2024-06-05 03:53:30.254464,2024-06-11 05:38:33.830202,2024-07-02 05:11:38
order_00002213,cust_00002292,delivered,2024-04-13 08:14:22,2024-04-13 11:54:33.317066,2024-04-16 13:05:13.930859,2024-04-20 04:52:05.281875,2024-05-01 08:14:22
order_00002214,cust_00000253,shipped,2025-10-02 10:38:33,2025-10-02 14:47:16.621979,2025-10-08 04:05:59.574581,,2025-10-19 10:38:33
order_00002215,cust_00002823,delivered,2025-05-07 15:03:55,2025-05-07 18:16:19.973179,2025-05-09 15:23:40.369322,2025-05-13 05:43:10.762708,2025-05-28 15:03:55
order_00002216,cust_00002593,delivered,2024-09-06 02:57:39,2024-09-06 10:01:00.682667,2024-09-07 05:19:24.072024,2024-09-12 21:30:16.265814,2024-09-19 02:57:39
order_00002217,cust_00001506,delivered,2024-12-28 17:06:05,2024-12-28 18:22:12.195086,2024-12-30 04:16:08.136736,2025-01-01 14:01:29.068703,2025-01-12 17:06:05
order_00002218,cust_00002523,delivered,2025-12-19 01:31:57,2025-12-19 12:36:45.316093,2025-12-21 07:44:27.288232,2025-12-24 11:31:45.096325,2026-01-11 01:31:57
order_00002219,cust_00002314,delivered,2024-06-30 10:00:33,2024-06-30 12:59:38.947800,2024-07-01 05:41:24.341490,2024-07-03 11:09:45.526323,2024-07-22 10:00:33
order_00002220,cust_00001233,delivered,2024-09-07 11:31:57,2024-09-08 08:36:21.934346,2024-09-09 20:38:31.490285,2024-09-14 08:14:44.054605,2024-09-27 11:31:57
order_00002221,cust_00002106,delivered,2025-06-19 08:23:27,2025-06-19 12:48:10.784872,2025-06-22 10:27:23.197134,2025-06-25 05:30:43.903641,2025-07-11 08:23:27
order_00002222,cust_00001971,delivered,2024-01-07 23:55:48,2024-01-08 07:21:57.105956,2024-01-09 03:22:21.810232,2024-01-13 10:52:10.072580,2024-01-30 23:55:48
order_00002223,cust_00002078,delivered,2025-04-20 01:30:26,2025-04-20 07:09:14.225789,2025-04-21 10:00:37.892483,2025-04-27 05:28:36.506990,2025-05-18 01:30:26
order_00002224,cust_00002782,delivered,2024-12-19 05:46:56,2024-12-19 11:54:59.429052,2024-12-20 00:07:56.384775,2024-12-23 01:24:28.950803,2025-01-16 05:46:56
order_00002225,cust_00001178,unavailable,2025-06-18 13:37:33,2025-06-18 14:27:32.084096,,,2025-07-05 13:37:33
order_00002226,cust_00000977,unavailable,2025-11-24 18:33:20,2025-11-24 22:18:02.093896,,,2025-12-21 18:33:20
order_00002227,cust_00002501,shipped,2024-04-23 20:09:44,2024-04-24 00:32:09.699889,2024-04-26 15:11:25.278480,,2024-05-12 20:09:44
order_00002228,cust_00001795,delivered,2025-01-19 07:21:48,2025-01-19 14:09:53.239663,2025-01-21 07:54:37.428117,2025-01-29 01:43:26.751900,2025-02-11 07:21:48
order_00002229,cust_00002284,canceled,2025-04-10 20:03:32,,,,2025-04-26 20:03:32
order_00002230,cust_00002733,delivered,2025-05-02 17:44:37,2025-05-02 19:59:51.747433,2025-05-05 09:31:26.410507,2025-05-12 16:53:04.294233,2025-05-22 17:44:37
order_00002231,cust_00002161,shipped,2024-08-08 13:42:41,2024-08-08 16:48:22.255212,2024-08-10 18:02:14.602895,,2024-08-24 13:42:41
order_00002232,cust_00002376,delivered,2025-08-23 21:40:26,2025-08-23 22:51:35.844494,2025-08-25 22:40:26.683143,2025-09-03 23:49:19.703587,2025-09-10 21:40:26
order_00002233,cust_00000595,delivered,2024-11-06 10:45:49,2024-11-06 17:04:49.269453,2024-11-08 19:41:20.761201,2024-11-22 05:18:05.322372,2024-11-22 10:45:49
order_00002234,cust_00001775,delivered,2025-09-14 15:51:57,2025-09-14 18:27:26.347963,2025-09-15 09:17:54.414015,2025-09-28 06:47:02.050594,2025-10-02 15:51:57
order_00002235,cust_00000898,unavailable,2024-04-05 21:43:49,2024-04-06 13:53:26.174132,,,2024-04-25 21:43:49
order_00002236,cust_00000430,delivered,2025-07-31 03:50:39,2025-07-31 16:55:45.549984,2025-08-02 08:36:48.846425,2025-08-03 20:20:32.396759,2025-08-21 03:50:39
order_00002237,cust_00002204,delivered,2024-02-11 08:45:03,2024-02-11 11:17:11.702639,2024-02-13 11:11:55.927069,2024-02-15 20:14:36.653406,2024-03-02 08:45:03
order_00002238,cust_00002539,delivered,2025-05-18 19:52:38,2025-05-18 22:00:50.745491,2025-05-23 15:14:10.550739,2025-06-01 16:06:01.596902,2025-06-08 19:52:38
order_00002239,cust_00002453,delivered,2025-08-06 05:58:53,2025-08-06 11:35:21.960129,2025-08-07 05:40:35.123195,2025-08-09 09:08:19.789834,2025-08-27 05:58:53
order_00002240,cust_00001020,shipped,2024-06-08 01:22:22,2024-06-08 13:27:27.012504,2024-06-09 20:40:39.195940,,2024-06-26 01:22:22
order_00002241,cust_00000020,delivered,2024-01-18 06:34:57,2024-01-18 13:10:04.638041,2024-01-19 06:23:48.923572,2024-01-23 16:43:26.205266,2024-02-04 06:34:57
order_00002242,cust_00002594,delivered,2025-10-11 11:06:19,2025-10-11 12:51:04.237484,2025-10-12 16:40:47.414609,2025-10-16 02:32:46.118061,2025-10-30 11:06:19
order_00002243,cust_00001225,delivered,2025-07-30 21:52:07,2025-07-31 05:28:09.167287,2025-07-31 21:06:24.584741,2025-08-08 21:46:46.950152,2025-08-16 21:52:07
order_00002244,cust_00002207,delivered,2024-05-08 17:22:47,2024-05-08 22:29:13.072396,2024-05-09 18:23:57.877860,2024-05-14 09:38:37.750907,2024-05-26 17:22:47
order_00002245,cust_00000356,delivered,2025-05-04 05:04:21,2025-05-04 10:51:06.226689,2025-05-05 02:25:55.904952,2025-05-13 02:12:36.634442,2025-05-29 05:04:21
order_00002246,cust_00002844,delivered,2025-03-10 23:43:48,2025-03-11 03:29:16.580548,2025-03-12 13:14:16.922086,2025-03-21 11:12:11.878967,2025-03-30 23:43:48
order_00002247,cust_00001358,unavailable,2025-10-05 08:14:38,2025-10-05 18:59:44.773987,,,2025-10-15 08:14:38
order_00002248,cust_00001411,delivered,2024-01-26 10:48:06,2024-01-26 12:21:09.705592,2024-01-28 08:08:00.060732,2024-01-29 14:10:33.538257,2024-02-12 10:48:06
order_00002249,cust_00002417,delivered,2025-10-14 10:12:28,2025-10-14 14:11:12.385695,2025-10-17 07:45:30.874715,2025-10-20 15:52:56.370728,2025-10-24 10:12:28
order_00002250,cust_00001791,delivered,2025-06-03 19:53:57,2025-06-04 07:32:10.098565,2025-06-04 23:47:48.467855,2025-06-14 00:52:45.483400,2025-06-19 19:53:57
order_00002251,cust_00000041,unavailable,2024-07-15 04:01:23,2024-07-15 09:14:19.364053,,,2024-08-04 04:01:23
order_00002252,cust_00001267,delivered,2024-06-28 09:39:40,2024-06-28 10:59:08.719617,2024-06-29 14:11:12.595878,2024-07-13 14:50:38.103630,2024-07-14 09:39:40
order_00002253,cust_00001117,shipped,2024-09-22 12:43:08,2024-09-22 18:06:12.187391,2024-09-23 16:32:02.119997,,2024-10-24 12:43:08
order_00002254,cust_00000254,delivered,2024-11-04 09:11:50,2024-11-04 12:01:24.331341,2024-11-05 03:58:15.672377,2024-11-10 04:37:37.019574,2024-11-27 09:11:50
order_00002255,cust_00001193,delivered,2025-05-31 09:16:01,2025-05-31 14:38:26.794511,2025-06-09 14:55:01.057911,2025-06-15 21:31:11.988362,2025-06-24 09:16:01
order_00002256,cust_00000763,delivered,2024-04-13 21:15:26,2024-04-14 15:57:29.671690,2024-04-15 17:51:46.014493,2024-05-04 06:35:17.823606,2024-04-29 21:15:26
order_00002257,cust_00002601,delivered,2025-08-21 11:26:17,2025-08-21 17:05:56.817677,2025-08-25 01:23:38.246857,2025-08-26 05:19:34.024490,2025-09-09 11:26:17
order_00002258,cust_00000465,delivered,2024-11-13 02:55:53,2024-11-13 07:48:16.768285,2024-11-13 22:45:49.320907,2024-11-22 07:52:57.582678,2024-11-30 02:55:53
order_00002259,cust_00001345,delivered,2025-08-18 08:16:33,2025-08-18 11:37:05.683377,2025-08-20 21:37:28.136278,2025-08-24 10:20:10.854948,2025-09-12 08:16:33
order_00002260,cust_00002416,delivered,2025-12-09 19:31:35,2025-12-10 01:24:29.438838,2025-12-11 07:58:05.874246,2025-12-13 19:40:22.352932,2025-12-22 19:31:35
order_00002261,cust_00000139,delivered,2024-08-31 19:33:59,2024-08-31 21:26:03.825245,2024-09-02 15:29:33.109658,2024-09-04 18:39:16.790842,2024-09-20 19:33:59
order_00002262,cust_00000993,delivered,2024-08-09 17:09:16,2024-08-09 17:41:17.843135,2024-08-16 17:08:12.004940,2024-08-21 17:16:59.164830,2024-08-28 17:09:16
order_00002263,cust_00002632,delivered,2024-05-25 16:20:34,2024-05-25 19:07:07.699282,2024-05-26 09:15:01.244962,2024-05-31 08:15:03.053173,2024-06-13 16:20:34
order_00002264,cust_00001615,delivered,2025-05-28 14:28:35,2025-05-28 15:03:49.853965,2025-05-29 13:00:37.898857,2025-06-13 18:35:14.915642,2025-06-16 14:28:35
order_00002265,cust_00000834,delivered,2024-08-18 16:07:18,2024-08-18 20:32:26.482541,2024-08-20 10:03:11.086352,2024-08-29 10:23:51.493532,2024-09-03 16:07:18
order_00002266,cust_00001350,delivered,2025-06-05 20:23:16,2025-06-06 00:53:14.550111,2025-06-06 18:02:14.406990,2025-06-15 19:33:46.651041,2025-06-25 20:23:16
order_00002267,cust_00002030,delivered,2024-04-09 16:15:36,2024-04-09 16:59:03.526161,2024-04-10 21:54:43.561653,2024-04-14 20:50:36.012848,2024-05-05 16:15:36
order_00002268,cust_00002286,unavailable,2024-06-09 12:12:14,2024-06-09 13:19:42.408923,,,2024-06-27 12:12:14
order_00002269,cust_00001528,delivered,2024-10-14 06:48:36,2024-10-14 08:07:03.519190,2024-10-15 22:23:07.665659,2024-10-20 13:36:44.815309,2024-10-31 06:48:36
order_00002270,cust_00002045,delivered,2024-06-23 08:44:39,2024-06-23 10:52:56.217339,2024-06-24 12:45:18.863106,2024-06-29 06:37:19.582192,2024-07-07 08:44:39
order_00002271,cust_00002273,delivered,2024-02-14 23:11:31,2024-02-15 00:22:50.883131,2024-02-20 05:44:42.001262,2024-02-21 06:42:02.180057,2024-03-03 23:11:31
order_00002272,cust_00000139,delivered,2025-04-05 01:42:22,2025-04-05 10:45:33.462594,2025-04-06 18:41:12.619110,2025-04-10 06:10:15.794857,2025-04-27 01:42:22
order_00002273,cust_00000803,delivered,2025-06-06 07:56:35,2025-06-06 11:45:35.004751,2025-06-07 05:17:55.616302,2025-06-10 12:39:54.703491,2025-06-24 07:56:35
order_00002274,cust_00002549,delivered,2024-07-24 01:00:09,2024-07-24 01:45:22.358282,2024-07-25 19:07:50.711262,2024-08-11 22:39:44.543085,2024-08-17 01:00:09
order_00002275,cust_00000087,delivered,2024-02-26 15:41:55,2024-02-26 21:04:00.835670,2024-02-28 09:13:05.144501,2024-03-01 16:02:19.493945,2024-03-16 15:41:55
order_00002276,cust_00002672,delivered,2024-02-11 17:16:09,2024-02-11 19:00:30.559618,2024-02-13 01:48:54.081695,2024-02-14 20:15:51.091901,2024-02-28 17:16:09
order_00002277,cust_00001063,delivered,2024-12-27 16:10:28,2024-12-27 19:03:16.366678,2024-12-29 11:12:57.287281,2025-01-01 02:39:49.775977,2025-01-14 16:10:28
order_00002278,cust_00000755,delivered,2024-05-03 01:12:27,2024-05-03 01:58:51.188983,2024-05-06 00:31:19.304652,2024-05-08 16:37:28.080319,2024-05-23 01:12:27
order_00002279,cust_00001963,unavailable,2025-11-13 03:00:45,2025-11-13 03:43:45.753361,,,2025-12-05 03:00:45
order_00002280,cust_00001262,delivered,2024-02-04 23:27:37,2024-02-05 06:18:37.428504,2024-02-05 20:44:16.698412,2024-02-16 19:56:29.229704,2024-02-23 23:27:37
order_00002281,cust_00000864,delivered,2024-03-24 16:38:12,2024-03-25 06:50:40.972462,2024-03-26 22:41:09.446129,2024-03-28 05:38:38.679685,2024-04-09 16:38:12
order_00002282,cust_00000794,unavailable,2025-04-19 06:51:26,2025-04-19 14:27:48.704533,,,2025-05-15 06:51:26
order_00002283,cust_00000922,canceled,2024-03-20 00:19:46,,,,2024-04-08 00:19:46
order_00002284,cust_00000604,delivered,2024-11-22 13:07:32,2024-11-22 14:16:28.226808,2024-11-23 21:51:00.979186,2024-12-02 16:16:55.235639,2024-12-09 13:07:32
order_00002285,cust_00001813,delivered,2025-01-14 02:55:33,2025-01-14 05:09:15.444603,2025-01-14 17:27:12.714443,2025-01-27 11:53:40.043643,2025-01-30 02:55:33
order_00002286,cust_00002987,delivered,2025-11-06 08:12:33,2025-11-06 09:12:35.471086,2025-11-07 03:03:13.049154,2025-11-18 00:49:37.757397,2025-11-27 08:12:33
order_00002287,cust_00000259,canceled,2024-03-23 22:14:26,,,,2024-04-10 22:14:26
order_00002288,cust_00001255,delivered,2025-04-24 23:09:18,2025-04-25 05:23:24.183377,2025-04-26 22:07:04.216886,2025-05-01 00:31:46.948393,2025-05-16 23:09:18
order_00002289,cust_00002100,invoiced,2024-09-11 17:35:11,2024-09-12 16:49:54.683132,,,2024-09-28 17:35:11
order_00002290,cust_00000498,delivered,2025-12-07 19:02:32,2025-12-08 05:16:27.379182,2025-12-11 10:00:19.987618,2025-12-18 04:07:47.417884,2025-12-26 19:02:32
order_00002291,cust_00000636,delivered,2025-06-09 00:24:36,2025-06-09 08:55:02.076616,2025-06-10 12:25:43.949076,2025-06-14 09:13:05.623705,2025-07-01 00:24:36
order_00002292,cust_00000325,delivered,2024-09-30 08:13:47,2024-09-30 10:35:24.681895,2024-10-01 18:31:41.480403,2024-10-05 23:09:07.338204,2024-10-20 08:13:47
order_00002293,cust_00001624,delivered,2025-12-29 16:36:31,2025-12-29 23:24:49.222379,2025-12-30 22:52:43.886833,2026-01-06 06:34:39.723410,2026-01-21 16:36:31
order_00002294,cust_00001594,delivered,2024-02-01 22:58:23,2024-02-02 14:19:42.337345,2024-02-04 05:29:05.444474,2024-02-07 22:32:25.218397,2024-02-18 22:58:23
order_00002295,cust_00000288,delivered,2025-11-25 13:00:42,2025-11-25 16:14:50.724490,2025-11-29 00:35:17.957626,2025-12-03 21:01:26.412115,2025-12-16 13:00:42
order_00002296,cust_00002753,delivered,2025-01-17 02:37:01,2025-01-17 13:35:23.319058,2025-01-20 08:31:10.424169,2025-01-22 14:10:08.450721,2025-02-07 02:37:01
order_00002297,cust_00002404,delivered,2025-05-29 12:55:02,2025-05-29 17:27:35.938878,2025-06-06 01:35:09.169137,2025-06-11 13:18:31.964685,2025-06-21 12:55:02
order_00002298,cust_00002590,delivered,2024-01-14 22:31:56,2024-01-15 04:42:46.346145,2024-01-17 08:00:12.886442,2024-01-19 18:47:30.239127,2024-02-10 22:31:56
order_00002299,cust_00000201,delivered,2025-04-07 06:39:20,2025-04-07 07:26:21.025596,2025-04-08 13:41:49.844539,2025-04-14 04:42:44.808203,2025-04-24 06:39:20
order_00002300,cust_00000643,shipped,2024-09-01 09:14:28,2024-09-01 12:51:06.260257,2024-09-03 16:39:03.322058,,2024-09-22 09:14:28
order_00002301,cust_00002024,delivered,2024-04-19 09:31:20,2024-04-19 16:13:16.916246,2024-04-22 15:34:19.773665,2024-04-25 20:50:51.964229,2024-05-06 09:31:20
order_00002302,cust_00002917,canceled,2024-11-10 13:36:54,,,,2024-12-02 13:36:54
order_00002303,cust_00002765,delivered,2024-07-04 03:13:54,2024-07-04 04:01:10.749394,2024-07-09 19:25:30.271042,2024-07-12 09:52:05.533596,2024-07-24 03:13:54
order_00002304,cust_00000379,processing,2025-12-21 06:13:44,2025-12-21 11:30:40.397822,,,2026-01-14 06:13:44
order_00002305,cust_00001712,delivered,2025-04-11 14:03:17,2025-04-11 21:51:00.157877,2025-04-13 13:19:12.788341,2025-05-06 12:15:04.876138,2025-05-03 14:03:17
order_00002306,cust_00001809,delivered,2025-05-23 01:54:40,2025-05-23 09:51:20.320351,2025-05-23 22:42:10.543158,2025-05-27 04:51:26.920616,2025-06-17 01:54:40
order_00002307,cust_00000709,delivered,2024-05-01 09:08:12,2024-05-01 12:23:00.136672,2024-05-02 15:41:14.698447,2024-05-06 08:40:52.143134,2024-05-24 09:08:12
order_00002308,cust_00002522,delivered,2024-08-23 13:05:13,2024-08-23 18:44:25.921218,2024-08-24 22:21:18.509205,2024-08-27 09:26:52.447624,2024-09-08 13:05:13
order_00002309,cust_00002111,invoiced,2024-09-22 01:06:04,2024-09-22 02:29:26.860630,,,2024-10-09 01:06:04
order_00002310,cust_00002057,delivered,2025-09-01 23:42:30,2025-09-02 04:30:13.820848,2025-09-04 08:30:21.074963,2025-09-08 00:12:37.260319,2025-09-19 23:42:30
order_00002311,cust_00002568,delivered,2025-06-10 16:35:00,2025-06-10 18:17:10.312766,2025-06-11 09:01:44.057084,2025-06-17 13:03:48.801908,2025-06-27 16:35:00
order_00002312,cust_00001571,delivered,2025-03-30 07:55:06,2025-03-30 23:29:48.478306,2025-04-01 00:19:19.520784,2025-04-11 07:41:00.776475,2025-04-17 07:55:06
order_00002313,cust_00000444,delivered,2024-09-19 06:59:45,2024-09-19 15:36:15.828101,2024-09-20 04:16:19.278488,2024-09-23 15:19:53.968189,2024-10-05 06:59:45
order_00002314,cust_00001098,delivered,2024-05-04 09:15:08,2024-05-04 10:11:58.422902,2024-05-04 23:40:33.806610,2024-05-10 22:24:59.761507,2024-05-24 09:15:08
order_00002315,cust_00001525,delivered,2024-10-29 20:33:50,2024-10-29 21:24:55.970388,2024-11-01 06:05:12.872978,2024-11-25 04:30:15.010328,2024-11-24 20:33:50
order_00002316,cust_00002070,delivered,2024-07-27 04:55:55,2024-07-28 01:51:29.376599,2024-07-31 20:34:15.782390,2024-08-08 03:59:54.428475,2024-08-21 04:55:55
order_00002317,cust_00002049,delivered,2024-01-27 21:18:20,2024-01-27 22:03:49.380694,2024-01-29 20:59:52.935191,2024-02-03 22:30:53.970584,2024-02-16 21:18:20
order_00002318,cust_00001657,delivered,2025-09-20 17:57:41,2025-09-21 00:06:31.671323,2025-09-23 00:15:27.755052,2025-09-25 21:52:30.994186,2025-10-10 17:57:41
order_00002319,cust_00000208,delivered,2025-05-24 01:42:45,2025-05-24 04:24:37.790448,2025-05-24 23:24:21.404171,2025-05-29 00:18:21.092259,2025-06-12 01:42:45
order_00002320,cust_00002931,delivered,2025-05-02 11:46:29,2025-05-02 22:33:44.425605,2025-05-04 04:09:55.382702,2025-05-07 01:29:41.182145,2025-05-28 11:46:29
order_00002321,cust_00001473,delivered,2024-08-22 00:36:50,2024-08-22 07:10:48.382223,2024-08-23 12:28:31.593332,2024-08-31 20:02:30.926744,2024-09-15 00:36:50
order_00002322,cust_00001530,delivered,2025-02-06 19:01:29,2025-02-07 02:45:04.150377,2025-02-11 03:52:52.114734,2025-02-15 03:17:07.385738,2025-02-20 19:01:29
order_00002323,cust_00000601,delivered,2024-03-31 21:30:01,2024-04-01 09:29:18.004783,2024-04-03 09:01:21.097133,2024-04-05 10:44:31.874673,2024-04-15 21:30:01
order_00002324,cust_00001570,delivered,2024-03-22 01:17:07,2024-03-22 05:10:39.994651,2024-03-26 07:48:07.593268,2024-04-05 02:54:52.857905,2024-04-12 01:17:07
order_00002325,cust_00000467,delivered,2025-01-19 04:05:16,2025-01-19 08:52:54.333185,2025-01-19 22:58:07.490095,2025-01-22 11:59:00.161980,2025-02-07 04:05:16
order_00002326,cust_00002129,shipped,2024-04-04 15:44:28,2024-04-04 20:02:31.014835,2024-04-06 09:02:39.765630,,2024-04-22 15:44:28
order_00002327,cust_00002090,delivered,2025-08-22 10:03:36,2025-08-22 12:13:10.086761,2025-08-25 07:31:12.079653,2025-08-27 16:36:48.020321,2025-09-10 10:03:36
order_00002328,cust_00002408,delivered,2024-02-05 20:13:23,2024-02-05 23:19:53.974437,2024-02-06 18:23:08.891173,2024-02-10 21:10:58.566328,2024-02-18 20:13:23
order_00002329,cust_00001896,processing,2025-12-10 07:29:21,2025-12-10 18:44:52.439922,,,2025-12-31 07:29:21
order_00002330,cust_00002754,delivered,2025-12-04 22:24:38,2025-12-05 01:22:05.402296,2025-12-07 07:46:47.322319,2025-12-09 02:19:23.933535,2025-12-23 22:24:38
order_00002331,cust_00002439,delivered,2024-03-31 07:56:51,2024-03-31 13:41:42.834756,2024-04-02 14:41:49.256976,2024-04-06 06:56:58.198963,2024-04-27 07:56:51
order_00002332,cust_00000230,delivered,2025-09-26 22:42:10,2025-09-27 05:40:06.530427,2025-09-28 18:31:44.819601,2025-09-30 20:13:22.035477,2025-10-12 22:42:10
order_00002333,cust_00000531,delivered,2024-06-27 02:40:56,2024-06-27 18:06:18.937058,2024-07-03 21:49:41.145387,2024-07-09 14:57:44.041347,2024-07-20 02:40:56
order_00002334,cust_00002330,delivered,2025-03-26 02:39:49,2025-03-26 10:07:53.897846,2025-03-26 23:25:26.507038,2025-03-29 14:19:05.485033,2025-04-20 02:39:49
order_00002335,cust_00000950,delivered,2024-04-21 17:55:53,2024-04-21 19:22:38.367814,2024-04-22 09:54:38.732749,2024-04-24 20:56:35.806973,2024-05-15 17:55:53
order_00002336,cust_00001772,delivered,2025-11-12 11:22:33,2025-11-12 19:02:54.724484,2025-11-15 09:39:54.192750,2025-11-18 11:17:27.659738,2025-12-02 11:22:33
order_00002337,cust_00000963,delivered,2025-10-26 05:39:52,2025-10-26 09:19:16.702842,2025-10-28 20:54:22.148991,2025-11-03 18:12:21.207708,2025-11-09 05:39:52
order_00002338,cust_00001386,delivered,2025-09-25 14:14:58,2025-09-25 15:09:35.320990,2025-09-26 12:42:12.890861,2025-09-28 12:41:26.314328,2025-10-16 14:14:58
order_00002339,cust_00002357,delivered,2024-04-12 17:09:15,2024-04-12 18:51:29.363717,2024-04-14 06:30:17.783800,2024-04-19 20:30:08.133337,2024-04-28 17:09:15
order_00002340,cust_00002684,delivered,2025-10-06 21:58:16,2025-10-07 07:12:36.105882,2025-10-08 19:21:57.966665,2025-10-15 19:26:32.041102,2025-10-25 21:58:16
order_00002341,cust_00000110,delivered,2025-07-26 21:53:55,2025-07-27 04:03:13.658190,2025-07-28 21:05:22.600596,2025-08-18 21:41:38.817654,2025-08-12 21:53:55
order_00002342,cust_00001886,delivered,2024-09-10 06:29:23,2024-09-11 00:55:59.192809,2024-09-12 00:02:26.436430,2024-09-13 05:04:48.385016,2024-10-04 06:29:23
order_00002343,cust_00000989,delivered,2024-12-04 16:25:40,2024-12-05 03:07:21.748700,2024-12-08 14:40:39.058077,2024-12-18 22:38:25.011486,2024-12-27 16:25:40
order_00002344,cust_00000772,delivered,2025-05-07 04:58:39,2025-05-07 06:34:33.348241,2025-05-08 05:39:03.009518,2025-05-16 06:52:28.743118,2025-05-22 04:58:39
order_00002345,cust_00001179,canceled,2024-06-25 15:24:51,,,,2024-07-14 15:24:51
order_00002346,cust_00001815,shipped,2024-02-14 13:41:52,2024-02-14 17:34:35.361891,2024-02-19 01:51:22.730544,,2024-03-08 13:41:52
order_00002347,cust_00002672,delivered,2025-11-01 14:13:27,2025-11-01 17:07:41.415575,2025-11-03 12:30:20.285121,2025-11-08 09:31:11.721438,2025-11-20 14:13:27
order_00002348,cust_00001836,delivered,2024-08-13 00:51:46,2024-08-13 02:10:43.808712,2024-08-13 21:31:19.162182,2024-08-22 07:16:27.879779,2024-09-08 00:51:46
order_00002349,cust_00000582,delivered,2024-06-10 09:19:39,2024-06-10 19:41:10.726830,2024-06-11 23:54:54.209958,2024-06-25 20:26:52.681629,2024-06-30 09:19:39
order_00002350,cust_00000202,delivered,2025-01-10 20:31:39,2025-01-11 02:13:00.883210,2025-01-12 05:19:41.753313,2025-01-22 21:28:55.769101,2025-01-25 20:31:39
order_00002351,cust_00002280,delivered,2025-04-08 06:06:04,2025-04-08 11:28:41.197282,2025-04-09 12:57:13.581904,2025-04-12 14:05:45.061685,2025-04-30 06:06:04
order_00002352,cust_00001377,delivered,2024-10-03 21:52:16,2024-10-03 22:34:43.884804,2024-10-04 13:27:56.522350,2024-10-09 08:30:46.753295,2024-10-21 21:52:16
order_00002353,cust_00000267,delivered,2024-09-02 18:56:38,2024-09-03 01:18:19.482724,2024-09-05 11:20:24.188650,2024-09-08 02:33:26.320231,2024-09-15 18:56:38
order_00002354,cust_00001478,delivered,2024-09-17 11:29:44,2024-09-17 16:18:49.622087,2024-09-19 07:17:32.202295,2024-09-21 02:03:18.925953,2024-10-03 11:29:44
order_00002355,cust_00000592,delivered,2024-02-20 19:48:39,2024-02-21 02:28:58.224863,2024-02-21 21:26:08.290060,2024-02-27 08:55:20.518132,2024-03-08 19:48:39
order_00002356,cust_00001192,delivered,2024-03-24 23:32:54,2024-03-25 01:03:50.380185,2024-03-26 09:56:29.077663,2024-04-04 01:24:31.051608,2024-04-20 23:32:54
order_00002357,cust_00000526,delivered,2025-03-02 05:59:46,2025-03-02 09:53:16.346228,2025-03-05 05:00:40.077692,2025-03-09 10:40:32.780740,2025-03-18 05:59:46
order_00002358,cust_00000158,delivered,2024-06-26 00:57:35,2024-06-26 13:45:34.945359,2024-06-29 01:33:51.745107,2024-07-14 11:37:50.281203,2024-07-16 00:57:35
order_00002359,cust_00001194,delivered,2025-12-17 08:39:45,2025-12-17 18:15:18.805313,2025-12-18 15:33:08.771383,2025-12-30 07:12:53.886969,2026-01-07 08:39:45
order_00002360,cust_00000748,processing,2024-11-14 00:39:38,2024-11-14 07:25:06.239002,,,2024-11-29 00:39:38
order_00002361,cust_00000645,delivered,2024-12-19 18:26:04,2024-12-19 20:50:48.511175,2024-12-21 01:55:03.146890,2024-12-27 18:33:13.004637,2025-01-08 18:26:04
order_00002362,cust_00001028,delivered,2024-06-13 14:27:26,2024-06-13 17:01:40.644864,2024-06-15 12:58:14.980606,2024-06-21 01:37:03.106098,2024-06-30 14:27:26
order_00002363,cust_00002112,delivered,2025-01-19 00:01:36,2025-01-19 01:18:08.335687,2025-01-19 15:33:21.703301,2025-01-26 03:23:33.507979,2025-02-06 00:01:36
order_00002364,cust_00002146,delivered,2025-12-25 14:44:36,2025-12-25 19:13:45.962940,2025-12-28 07:19:06.583234,2025-12-30 06:36:39.751042,2026-01-16 14:44:36
order_00002365,cust_00000146,delivered,2025-11-14 22:51:25,2025-11-15 07:57:50.814800,2025-11-20 11:48:44.453330,2025-11-26 04:18:29.699864,2025-12-07 22:51:25
order_00002366,cust_00000329,canceled,2025-01-15 20:43:14,,,,2025-01-31 20:43:14
order_00002367,cust_00002272,delivered,2025-01-13 19:41:01,2025-01-14 04:11:12.808231,2025-01-16 01:48:02.321749,2025-01-29 18:56:37.451118,2025-01-31 19:41:01
order_00002368,cust_00000766,delivered,2025-04-27 18:14:32,2025-04-27 22:04:17.261085,2025-04-28 17:28:59.988436,2025-05-06 18:44:15.836553,2025-05-18 18:14:32
order_00002369,cust_00002231,delivered,2025-10-31 07:54:56,2025-10-31 17:25:11.615056,2025-11-01 10:20:12.869227,2025-11-04 00:05:26.588779,2025-11-21 07:54:56
order_00002370,cust_00001195,delivered,2025-12-30 11:52:39,2025-12-30 17:32:48.233179,2026-01-01 14:54:18.872713,2026-01-09 07:15:49.748192,2026-01-14 11:52:39
order_00002371,cust_00002473,delivered,2025-07-23 22:06:49,2025-07-24 05:47:09.831729,2025-07-25 20:32:02.634713,2025-07-28 02:09:29.760618,2025-08-15 22:06:49
order_00002372,cust_00000463,delivered,2025-09-21 10:35:33,2025-09-21 12:51:50.204086,2025-09-25 05:20:52.193990,2025-10-06 18:27:16.901006,2025-10-05 10:35:33
order_00002373,cust_00001751,delivered,2025-09-03 12:10:03,2025-09-03 13:28:48.754768,2025-09-04 09:04:53.021386,2025-09-07 13:25:39.018351,2025-09-21 12:10:03
order_00002374,cust_00000707,invoiced,2024-09-08 15:56:16,2024-09-08 21:33:41.033165,,,2024-09-27 15:56:16
order_00002375,cust_00001205,delivered,2025-06-01 15:03:15,2025-06-01 20:08:56.936047,2025-06-02 14:07:52.160841,2025-06-11 00:15:40.598398,2025-06-22 15:03:15
order_00002376,cust_00000384,delivered,2025-09-05 19:35:56,2025-09-05 21:45:31.569216,2025-09-07 04:21:48.381161,2025-09-08 17:41:04.952434,2025-09-27 19:35:56
order_00002377,cust_00000754,delivered,2024-09-23 00:00:59,2024-09-23 04:56:56.665634,2024-09-28 11:45:11.422526,2024-10-01 12:00:58.432020,2024-10-13 00:00:59
order_00002378,cust_00000513,delivered,2025-02-15 23:19:38,2025-02-16 02:29:53.886054,2025-02-17 02:33:46.439546,2025-02-22 09:09:52.064993,2025-03-08 23:19:38
order_00002379,cust_00000248,processing,2024-07-09 16:45:45,2024-07-10 02:35:30.469946,,,2024-08-01 16:45:45
order_00002380,cust_00001807,delivered,2025-10-18 13:42:59,2025-10-18 15:13:29.146836,2025-10-22 06:34:25.518971,2025-10-24 18:40:51.097527,2025-11-05 13:42:59
order_00002381,cust_00001442,delivered,2024-09-01 20:28:06,2024-09-02 04:16:46.396119,2024-09-03 05:32:02.710230,2024-09-04 14:16:20.170833,2024-09-23 20:28:06
order_00002382,cust_00000059,delivered,2025-10-17 18:29:23,2025-10-17 19:04:37.512969,2025-10-20 08:27:31.902720,2025-10-23 03:52:09.954297,2025-11-09 18:29:23
order_00002383,cust_00000742,delivered,2025-03-07 11:59:01,2025-03-07 15:44:42.337501,2025-03-08 23:32:03.442835,2025-03-15 22:07:05.590275,2025-03-28 11:59:01
order_00002384,cust_00002115,delivered,2024-02-04 21:16:58,2024-02-04 23:14:38.881917,2024-02-05 21:56:40.026721,2024-02-20 11:58:25.552823,2024-02-28 21:16:58
order_00002385,cust_00000470,delivered,2024-04-12 08:19:44,2024-04-12 10:56:09.194871,2024-04-13 03:32:50.493403,2024-04-17 21:20:01.276002,2024-05-05 08:19:44
order_00002386,cust_00002331,delivered,2024-06-04 05:36:57,2024-06-04 20:27:31.906793,2024-06-05 13:26:05.273102,2024-06-08 05:58:23.888412,2024-06-22 05:36:57
order_00002387,cust_00000461,delivered,2024-01-06 11:08:51,2024-01-06 19:20:42.671520,2024-01-07 10:44:34.292089,2024-01-09 06:11:46.741730,2024-01-22 11:08:51
order_00002388,cust_00002638,delivered,2024-08-13 01:00:52,2024-08-13 09:15:38.008075,2024-08-15 08:09:13.266618,2024-08-20 13:44:45.372438,2024-09-05 01:00:52
order_00002389,cust_00000520,delivered,2024-12-07 12:14:34,2024-12-07 18:41:12.933461,2024-12-11 05:14:19.322596,2024-12-23 23:48:02.578212,2024-12-29 12:14:34
order_00002390,cust_00000479,delivered,2025-09-19 12:58:13,2025-09-20 00:33:40.464984,2025-09-20 23:51:10.721852,2025-09-22 20:53:17.145182,2025-10-11 12:58:13
order_00002391,cust_00000307,delivered,2025-11-20 23:36:50,2025-11-21 05:19:01.842183,2025-11-24 10:17:35.130397,2025-12-03 10:29:33.358999,2025-12-02 23:36:50
order_00002392,cust_00001605,delivered,2024-12-01 16:51:24,2024-12-01 18:59:01.130324,2024-12-03 18:43:09.253358,2024-12-06 00:24:50.453555,2024-12-25 16:51:24
order_00002393,cust_00000091,delivered,2025-11-08 21:50:36,2025-11-09 06:59:35.288475,2025-11-11 23:45:28.620588,2025-11-26 21:58:59.003947,2025-11-28 21:50:36
order_00002394,cust_00001888,delivered,2024-03-30 20:09:09,2024-03-31 00:19:05.361942,2024-04-02 10:58:43.147442,2024-04-04 14:33:06.503942,2024-04-20 20:09:09
order_00002395,cust_00000689,delivered,2024-07-16 15:48:33,2024-07-16 18:30:42.309626,2024-07-18 00:10:05.445375,2024-07-21 08:24:26.754508,2024-08-08 15:48:33
order_00002396,cust_00001460,delivered,2025-07-04 06:20:22,2025-07-04 09:08:51.608152,2025-07-04 23:27:06.244439,2025-07-07 04:46:12.133861,2025-07-20 06:20:22
order_00002397,cust_00000983,delivered,2024-04-29 11:05:10,2024-04-29 13:48:00.775882,2024-04-30 17:06:54.230254,2024-05-02 02:17:50.669428,2024-05-24 11:05:10
order_00002398,cust_00000522,shipped,2025-05-26 22:53:46,2025-05-27 10:34:02.781923,2025-05-30 05:43:44.781954,,2025-06-15 22:53:46
order_00002399,cust_00002816,delivered,2024-04-13 05:43:55,2024-04-13 10:18:21.176685,2024-04-14 05:17:34.721619,2024-04-15 19:05:58.709703,2024-05-05 05:43:55
order_00002400,cust_00002016,delivered,2024-09-19 00:04:25,2024-09-19 22:34:50.657002,2024-09-20 13:44:44.610771,2024-09-27 20:40:34.054565,2024-10-09 00:04:25
order_00002401,cust_00002114,delivered,2024-02-03 04:26:00,2024-02-03 05:05:16.213248,2024-02-04 07:23:49.832233,2024-02-14 08:49:32.301303,2024-02-16 04:26:00
order_00002402,cust_00001554,canceled,2025-01-05 13:30:21,,,,2025-01-26 13:30:21
order_00002403,cust_00002250,delivered,2025-07-12 22:38:52,2025-07-13 05:40:52.415271,2025-07-14 16:52:13.606386,2025-07-26 10:02:32.214629,2025-08-03 22:38:52
order_00002404,cust_00001645,delivered,2024-11-07 03:30:41,2024-11-07 15:33:17.036653,2024-11-08 18:53:29.669560,2024-11-11 13:05:11.164540,2024-11-30 03:30:41
order_00002405,cust_00000491,delivered,2024-07-11 07:42:22,2024-07-11 08:37:50.973105,2024-07-17 13:25:01.637739,2024-07-25 03:39:14.965209,2024-07-27 07:42:22
order_00002406,cust_00001380,unavailable,2025-04-17 02:23:55,2025-04-17 07:42:26.314476,,,2025-05-07 02:23:55
order_00002407,cust_00002203,canceled,2024-07-04 06:30:46,,,,2024-07-19 06:30:46
order_00002408,cust_00002381,delivered,2025-09-25 08:51:21,2025-09-25 12:32:08.397632,2025-09-26 22:10:41.615406,2025-09-29 14:26:40.326413,2025-10-17 08:51:21
order_00002409,cust_00000775,delivered,2024-07-06 16:57:06,2024-07-07 03:54:07.451199,2024-07-07 20:16:12.496261,2024-07-10 12:24:12.975820,2024-07-22 16:57:06
order_00002410,cust_00001825,delivered,2024-02-25 01:39:39,2024-02-25 09:58:28.189209,2024-02-26 05:23:54.611388,2024-03-07 15:40:11.856081,2024-03-05 01:39:39
order_00002411,cust_00002266,delivered,2025-09-13 07:49:51,2025-09-13 14:33:59.143837,2025-09-14 23:09:03.969108,2025-09-19 14:06:03.115588,2025-10-03 07:49:51
order_00002412,cust_00000801,delivered,2025-04-12 21:45:15,2025-04-13 00:40:06.391891,2025-04-15 16:26:45.518463,2025-04-17 00:12:45.583964,2025-05-04 21:45:15
order_00002413,cust_00001916,canceled,2025-08-13 07:08:45,,,,2025-09-02 07:08:45
order_00002414,cust_00001963,delivered,2025-03-10 13:45:38,2025-03-10 20:18:17.792194,2025-03-11 21:32:46.103436,2025-03-14 10:41:41.866803,2025-03-20 13:45:38
order_00002415,cust_00002774,delivered,2024-06-02 08:11:21,2024-06-03 00:51:44.457182,2024-06-03 13:11:57.367380,2024-06-10 02:04:33.950579,2024-06-26 08:11:21
order_00002416,cust_00000540,delivered,2024-03-11 20:58:17,2024-03-12 01:37:47.168443,2024-03-13 18:35:15.103420,2024-03-15 03:50:49.767402,2024-03-28 20:58:17
order_00002417,cust_00001156,delivered,2025-08-06 16:24:43,2025-08-07 04:34:12.386062,2025-08-07 17:40:58.289262,2025-08-10 01:51:13.384030,2025-08-24 16:24:43
order_00002418,cust_00001248,delivered,2025-02-01 12:53:57,2025-02-01 14:40:42.103159,2025-02-02 14:01:08.667407,2025-02-06 21:13:00.189929,2025-02-16 12:53:57
order_00002419,cust_00001813,delivered,2024-02-29 14:46:42,2024-02-29 17:35:32.682796,2024-03-04 23:22:09.796543,2024-03-07 01:02:37.479183,2024-03-14 14:46:42
order_00002420,cust_00002744,delivered,2025-01-22 20:48:32,2025-01-22 22:51:25.810651,2025-01-24 07:19:58.154654,2025-01-27 22:10:40.540965,2025-02-09 20:48:32
order_00002421,cust_00002277,delivered,2024-10-22 03:38:16,2024-10-22 04:12:50.235570,2024-10-23 03:19:49.898923,2024-10-29 05:47:46.457065,2024-11-08 03:38:16
order_00002422,cust_00001488,delivered,2024-01-25 21:34:11,2024-01-26 02:20:36.773284,2024-01-28 08:30:19.110330,2024-02-10 12:30:42.151122,2024-02-09 21:34:11
order_00002423,cust_00001079,delivered,2024-10-22 22:23:07,2024-10-23 06:40:25.948802,2024-10-24 05:19:44.589294,2024-10-28 06:49:20.616956,2024-11-15 22:23:07
order_00002424,cust_00001431,delivered,2024-10-14 08:16:57,2024-10-14 10:41:01.764463,2024-10-18 11:54:01.321850,2024-10-24 03:44:33.499441,2024-11-07 08:16:57
order_00002425,cust_00001808,delivered,2025-11-22 19:34:36,2025-11-22 21:36:11.157360,2025-11-25 16:43:09.796819,2025-11-28 06:25:55.282686,2025-12-07 19:34:36
order_00002426,cust_00001431,delivered,2025-07-15 04:37:09,2025-07-15 13:26:37.986639,2025-07-16 04:08:46.311340,2025-07-22 19:57:02.388057,2025-08-06 04:37:09
order_00002427,cust_00001673,delivered,2025-08-03 00:40:32,2025-08-03 09:47:50.614710,2025-08-06 21:01:02.285791,2025-08-24 22:56:48.938377,2025-08-31 00:40:32
order_00002428,cust_00001624,delivered,2024-06-17 15:11:32,2024-06-18 02:32:29.191662,2024-06-19 03:29:01.214454,2024-06-25 19:35:19.064719,2024-07-07 15:11:32
order_00002429,cust_00000473,delivered,2024-05-17 23:57:13,2024-05-18 21:36:34.881050,2024-05-19 15:49:46.931971,2024-05-21 01:10:19.048051,2024-06-03 23:57:13
order_00002430,cust_00000048,delivered,2025-08-13 14:49:59,2025-08-13 22:41:19.637231,2025-08-15 16:28:38.304972,2025-08-17 11:33:14.697901,2025-09-02 14:49:59
order_00002431,cust_00002283,delivered,2025-11-27 20:56:34,2025-11-28 01:11:36.857629,2025-11-30 14:00:26.712195,2025-12-02 03:00:06.325444,2025-12-20 20:56:34
order_00002432,cust_00002382,delivered,2025-11-05 18:09:48,2025-11-06 08:18:00.000828,2025-11-08 11:13:36.625715,2025-11-11 23:11:44.958258,2025-11-23 18:09:48
order_00002433,cust_00002309,delivered,2025-02-21 22:47:19,2025-02-22 09:08:26.283188,2025-02-23 02:42:38.607729,2025-02-27 09:25:14.883306,2025-03-11 22:47:19
order_00002434,cust_00000754,delivered,2025-12-22 23:21:35,2025-12-23 10:05:06.402922,2025-12-24 23:54:27.119487,2025-12-28 08:11:41.151653,2026-01-05 23:21:35
order_00002435,cust_00002696,processing,2024-06-25 13:30:47,2024-06-25 17:19:12.539574,,,2024-07-15 13:30:47
order_00002436,cust_00002900,delivered,2024-09-15 00:29:30,2024-09-15 11:46:19.554318,2024-09-17 18:56:32.689273,2024-09-22 09:55:55.713052,2024-10-08 00:29:30
order_00002437,cust_00000309,delivered,2025-02-21 20:35:24,2025-02-22 07:23:26.067330,2025-02-22 20:18:26.724407,2025-02-26 17:50:54.864791,2025-03-09 20:35:24
order_00002438,cust_00000932,delivered,2025-01-12 18:25:27,2025-01-12 23:18:41.879162,2025-01-14 19:11:30.845996,2025-01-24 21:11:25.326481,2025-02-12 18:25:27
order_00002439,cust_00000170,delivered,2025-12-22 19:30:04,2025-12-22 20:34:15.709157,2025-12-23 23:34:23.328372,2026-01-11 06:21:56.061714,2026-01-12 19:30:04
order_00002440,cust_00001016,delivered,2025-07-16 07:18:46,2025-07-16 14:16:41.006529,2025-07-19 13:17:47.927570,2025-07-23 15:31:07.881466,2025-08-06 07:18:46
order_00002441,cust_00000438,delivered,2024-07-29 07:14:30,2024-07-29 11:00:32.020110,2024-07-30 09:10:46.928908,2024-08-01 20:35:29.544379,2024-08-17 07:14:30
order_00002442,cust_00001328,delivered,2025-09-09 16:50:44,2025-09-09 17:41:56.987480,2025-09-13 05:42:21.380774,2025-09-26 12:55:11.124502,2025-09-30 16:50:44
order_00002443,cust_00000849,delivered,2025-10-10 01:19:15,2025-10-10 07:38:13.560833,2025-10-12 08:00:43.173604,2025-10-14 15:43:10.546635,2025-10-29 01:19:15
order_00002444,cust_00001839,delivered,2025-03-19 08:25:55,2025-03-19 12:10:09.749321,2025-03-20 05:25:31.886804,2025-03-27 21:22:47.525972,2025-04-03 08:25:55
order_00002445,cust_00002651,shipped,2024-11-27 09:48:53,2024-11-27 12:13:59.687841,2024-11-28 06:38:51.048522,,2024-12-18 09:48:53
order_00002446,cust_00001722,delivered,2025-08-18 14:56:21,2025-08-19 01:44:21.881358,2025-08-19 16:15:27.606704,2025-08-27 05:49:36.925066,2025-08-30 14:56:21
order_00002447,cust_00000930,delivered,2025-03-26 18:36:28,2025-03-26 20:51:48.168287,2025-03-28 13:27:18.718159,2025-04-18 03:26:34.441657,2025-04-14 18:36:28
order_00002448,cust_00000125,delivered,2024-02-13 06:30:50,2024-02-13 13:20:55.294577,2024-02-17 04:37:23.153568,2024-02-24 01:23:50.468220,2024-03-06 06:30:50
order_00002449,cust_00000059,delivered,2025-04-30 18:05:54,2025-05-01 01:54:15.520917,2025-05-02 08:03:00.205200,2025-05-06 14:52:26.687094,2025-05-21 18:05:54
order_00002450,cust_00001322,delivered,2024-06-29 16:11:20,2024-06-30 03:06:02.305130,2024-06-30 18:52:05.963131,2024-07-06 18:02:17.859190,2024-07-20 16:11:20
order_00002451,cust_00002417,unavailable,2025-05-21 13:45:15,2025-05-21 17:14:20.269075,,,2025-06-08 13:45:15
order_00002452,cust_00002598,delivered,2025-06-17 23:17:09,2025-06-18 03:13:24.644772,2025-06-18 20:02:12.069291,2025-06-23 16:59:55.326060,2025-07-16 23:17:09
order_00002453,cust_00001020,delivered,2025-06-22 03:53:48,2025-06-22 05:02:38.629318,2025-06-24 09:13:59.253792,2025-06-26 09:48:59.126993,2025-07-14 03:53:48
order_00002454,cust_00001554,delivered,2025-12-27 11:05:03,2025-12-28 08:20:42.696447,2025-12-29 11:45:38.348446,2026-01-23 21:43:41.386454,2026-01-16 11:05:03
order_00002455,cust_00001803,delivered,2024-10-14 15:13:05,2024-10-14 18:44:19.615928,2024-10-16 14:04:28.163555,2024-10-21 02:53:10.777937,2024-11-03 15:13:05
order_00002456,cust_00002030,delivered,2025-03-06 15:14:42,2025-03-06 15:52:10.076737,2025-03-07 18:28:59.240691,2025-03-13 23:07:12.865248,2025-04-03 15:14:42
order_00002457,cust_00000297,delivered,2024-11-10 08:15:28,2024-11-10 10:28:35.735594,2024-11-11 00:35:43.315809,2024-11-23 17:18:18.429214,2024-12-03 08:15:28
order_00002458,cust_00000938,delivered,2025-05-31 16:57:32,2025-05-31 22:10:10.550140,2025-06-02 02:06:15.911181,2025-06-18 18:28:54.845806,2025-06-24 16:57:32
order_00002459,cust_00000167,delivered,2024-05-10 07:02:07,2024-05-10 10:08:21.147795,2024-05-13 18:07:18.342529,2024-05-18 21:34:37.809126,2024-06-03 07:02:07
order_00002460,cust_00001294,delivered,2024-10-22 19:36:51,2024-10-22 20:22:59.475360,2024-10-24 12:50:23.062274,2024-10-25 19:16:03.621557,2024-11-08 19:36:51
order_00002461,cust_00001288,delivered,2024-10-17 10:31:40,2024-10-17 12:18:36.561333,2024-10-18 11:19:35.005886,2024-10-30 17:33:42.389741,2024-11-11 10:31:40
order_00002462,cust_00001915,delivered,2024-12-23 15:19:23,2024-12-23 16:12:22.001674,2024-12-25 19:48:13.765180,2024-12-27 23:51:02.024113,2025-01-15 15:19:23
order_00002463,cust_00000968,delivered,2024-02-18 16:52:42,2024-02-18 18:53:56.880703,2024-02-22 01:17:40.486253,2024-02-24 08:01:04.144565,2024-03-02 16:52:42
order_00002464,cust_00000449,delivered,2025-08-29 14:09:53,2025-08-29 14:58:32.685137,2025-09-06 09:49:46.540361,2025-09-15 01:54:21.771307,2025-09-19 14:09:53
order_00002465,cust_00000253,delivered,2024-02-08 19:50:30,2024-02-09 03:38:07.297601,2024-02-09 21:50:44.304954,2024-02-14 05:05:25.113455,2024-02-26 19:50:30
order_00002466,cust_00002040,delivered,2025-08-14 20:21:16,2025-08-15 02:23:24.940146,2025-08-15 18:39:55.620105,2025-08-17 01:03:36.926908,2025-09-02 20:21:16
order_00002467,cust_00002283,delivered,2024-12-02 01:59:46,2024-12-02 14:40:26.782382,2024-12-07 11:46:39.638065,2024-12-22 11:29:17.205512,2024-12-18 01:59:46
order_00002468,cust_00002377,delivered,2024-10-15 12:54:24,2024-10-15 18:18:14.096861,2024-10-16 11:25:37.313067,2024-10-27 00:58:44.404280,2024-11-04 12:54:24
order_00002469,cust_00002569,delivered,2025-10-10 15:43:38,2025-10-10 20:41:14.831566,2025-10-12 03:26:40.384734,2025-10-23 17:08:27.553309,2025-10-28 15:43:38
order_00002470,cust_00000484,delivered,2025-03-15 11:32:14,2025-03-15 19:38:11.969260,2025-03-16 23:18:21.011350,2025-03-18 06:53:40.076880,2025-04-10 11:32:14
order_00002471,cust_00000890,delivered,2024-05-05 02:13:59,2024-05-05 08:20:22.139731,2024-05-10 06:15:30.999979,2024-05-12 15:29:40.670668,2024-05-28 02:13:59
order_00002472,cust_00002626,delivered,2025-10-23 14:01:27,2025-10-23 14:46:52.286493,2025-10-24 09:46:25.992819,2025-10-28 23:47:22.448785,2025-11-12 14:01:27
order_00002473,cust_00000228,delivered,2024-04-16 04:46:24,2024-04-16 06:24:31.484395,2024-04-16 19:10:27.000863,2024-04-19 00:38:14.477477,2024-04-30 04:46:24
order_00002474,cust_00002426,delivered,2025-11-17 04:06:23,2025-11-17 06:23:33.997201,2025-11-18 02:53:58.831230,2025-11-25 22:32:38.803839,2025-12-12 04:06:23
order_00002475,cust_00002418,delivered,2024-01-29 17:46:03,2024-01-29 23:04:07.640394,2024-01-30 19:03:10.614336,2024-02-20 16:59:10.770863,2024-02-21 17:46:03
order_00002476,cust_00001394,delivered,2025-11-28 01:57:50,2025-11-28 02:49:16.422227,2025-11-30 10:10:33.094251,2025-12-13 04:05:39.125638,2025-12-15 01:57:50
order_00002477,cust_00000834,delivered,2025-06-05 14:53:19,2025-06-05 17:02:01.842121,2025-06-07 22:18:33.024228,2025-06-14 02:17:25.020897,2025-06-26 14:53:19
order_00002478,cust_00000441,delivered,2025-05-05 13:14:02,2025-05-05 18:06:36.960265,2025-05-08 19:37:37.529331,2025-05-11 15:21:16.641510,2025-05-30 13:14:02
order_00002479,cust_00001579,delivered,2024-10-15 14:42:10,2024-10-15 20:08:34.080212,2024-10-18 04:19:09.143359,2024-10-20 01:04:54.276093,2024-11-05 14:42:10
order_00002480,cust_00001229,delivered,2025-04-28 11:57:05,2025-04-28 15:04:02.498679,2025-04-29 05:34:53.358262,2025-05-01 21:34:02.789684,2025-05-18 11:57:05
order_00002481,cust_00002173,delivered,2025-04-27 09:53:31,2025-04-27 16:33:49.330270,2025-04-28 16:37:23.547219,2025-04-30 23:53:48.240314,2025-05-09 09:53:31
order_00002482,cust_00002505,delivered,2024-05-12 16:59:05,2024-05-12 17:33:41.335196,2024-05-18 08:59:39.871036,2024-05-23 12:27:04.912296,2024-05-26 16:59:05
order_00002483,cust_00000615,delivered,2025-06-08 14:38:38,2025-06-08 16:02:07.708523,2025-06-11 03:23:08.955549,2025-06-13 03:10:10.575960,2025-06-23 14:38:38
order_00002484,cust_00000157,delivered,2024-02-13 05:06:14,2024-02-13 17:49:47.787304,2024-02-15 20:32:56.337754,2024-02-21 09:51:42.482994,2024-03-04 05:06:14
order_00002485,cust_00000473,canceled,2024-04-18 06:24:47,,,,2024-05-06 06:24:47
order_00002486,cust_00001797,delivered,2025-04-18 18:06:20,2025-04-18 19:15:27.885058,2025-04-20 18:28:17.208081,2025-04-24 23:00:53.748408,2025-05-12 18:06:20
order_00002487,cust_00000997,delivered,2024-10-17 12:28:01,2024-10-17 16:49:35.464132,2024-10-22 16:08:59.130620,2024-11-09 13:56:57.116093,2024-11-03 12:28:01
order_00002488,cust_00000036,delivered,2024-03-17 10:26:21,2024-03-17 11:18:15.876557,2024-03-22 03:02:54.631967,2024-04-05 23:31:33.795119,2024-04-08 10:26:21
order_00002489,cust_00000194,shipped,2024-11-30 15:47:46,2024-11-30 23:32:43.304665,2024-12-03 12:45:44.164052,,2024-12-24 15:47:46
order_00002490,cust_00001676,delivered,2025-10-08 11:18:26,2025-10-08 17:40:18.430231,2025-10-09 06:44:12.222734,2025-10-10 11:08:07.900066,2025-11-06 11:18:26
order_00002491,cust_00000523,delivered,2025-07-16 16:48:04,2025-07-17 07:55:51.042240,2025-07-19 19:49:00.785773,2025-07-22 01:23:49.769597,2025-08-10 16:48:04
order_00002492,cust_00000081,delivered,2024-08-23 10:33:44,2024-08-23 16:31:06.600308,2024-08-24 21:42:23.388548,2024-09-10 04:36:22.505568,2024-09-14 10:33:44
order_00002493,cust_00002441,delivered,2024-04-14 10:56:41,2024-04-14 12:04:48.926316,2024-04-18 07:27:03.753750,2024-04-19 19:17:40.850759,2024-05-03 10:56:41
order_00002494,cust_00001114,delivered,2025-08-13 16:46:20,2025-08-14 02:26:23.984939,2025-08-14 18:36:12.603045,2025-08-19 10:11:51.649562,2025-09-03 16:46:20
order_00002495,cust_00000099,delivered,2024-06-26 17:15:20,2024-06-26 20:47:41.917014,2024-06-29 17:44:04.992991,2024-07-06 16:09:01.490110,2024-07-18 17:15:20
order_00002496,cust_00002801,delivered,2024-04-03 09:04:34,2024-04-03 16:55:13.720840,2024-04-06 22:50:17.481014,2024-05-02 09:05:02.346824,2024-04-18 09:04:34
order_00002497,cust_00002255,delivered,2024-08-24 08:09:13,2024-08-24 17:07:03.573954,2024-08-25 21:43:24.334433,2024-08-28 07:35:22.320679,2024-09-16 08:09:13
order_00002498,cust_00000201,delivered,2025-04-07 13:37:36,2025-04-07 14:50:08.132005,2025-04-09 16:43:16.315157,2025-04-11 20:44:40.690512,2025-04-28 13:37:36
order_00002499,cust_00000135,processing,2024-10-04 14:38:11,2024-10-04 20:34:17.570988,,,2024-10-24 14:38:11
order_00002500,cust_00000597,delivered,2024-10-23 04:14:19,2024-10-24 01:03:37.618231,2024-10-26 02:18:30.415716,2024-11-16 12:57:58.198209,2024-11-13 04:14:19
order_00002501,cust_00001519,delivered,2024-01-24 18:55:38,2024-01-24 21:51:57.782378,2024-01-25 23:23:09.486082,2024-01-28 07:07:18.664157,2024-02-16 18:55:38
order_00002502,cust_00000896,delivered,2025-03-15 04:18:24,2025-03-15 10:18:49.067155,2025-03-17 13:02:57.743354,2025-03-22 18:32:26.496895,2025-04-05 04:18:24
order_00002503,cust_00001143,delivered,2024-07-22 19:50:46,2024-07-23 01:31:32.641595,2024-07-26 13:49:00.935880,2024-07-30 05:13:07.416907,2024-08-16 19:50:46
order_00002504,cust_00000564,delivered,2025-03-15 01:26:53,2025-03-15 07:58:30.360340,2025-03-16 06:00:48.336504,2025-03-18 22:32:28.890679,2025-04-06 01:26:53
order_00002505,cust_00000063,canceled,2025-06-09 11:33:30,,,,2025-06-30 11:33:30
order_00002506,cust_00001037,delivered,2024-06-28 04:48:28,2024-06-28 06:17:29.381989,2024-07-07 01:02:43.790277,2024-07-11 18:29:30.654250,2024-07-21 04:48:28
order_00002507,cust_00002306,delivered,2024-05-29 06:16:40,2024-05-29 08:47:12.980578,2024-05-30 03:48:39.132256,2024-06-09 18:17:46.323587,2024-06-17 06:16:40
order_00002508,cust_00001666,delivered,2025-07-28 11:24:04,2025-07-28 11:55:55.413820,2025-07-31 13:01:54.061628,2025-08-17 22:19:17.868092,2025-08-14 11:24:04
order_00002509,cust_00002326,delivered,2025-03-23 08:55:19,2025-03-23 13:54:27.767397,2025-03-25 12:39:22.251476,2025-04-08 10:22:28.345730,2025-04-12 08:55:19
order_00002510,cust_00001224,delivered,2024-10-13 12:38:24,2024-10-14 01:20:35.009713,2024-10-15 22:48:40.708865,2024-10-21 21:24:48.709281,2024-11-05 12:38:24
order_00002511,cust_00002891,delivered,2025-10-03 08:15:14,2025-10-03 16:09:55.099645,2025-10-04 19:44:19.604919,2025-10-12 18:13:50.871690,2025-10-28 08:15:14
order_00002512,cust_00002285,delivered,2024-11-20 02:49:16,2024-11-20 06:07:22.084209,2024-11-21 03:08:46.214278,2024-11-22 06:19:09.597930,2024-12-02 02:49:16
order_00002513,cust_00000218,invoiced,2024-08-12 00:12:03,2024-08-12 06:14:06.364368,,,2024-08-28 00:12:03
order_00002514,cust_00001429,processing,2025-10-24 03:58:20,2025-10-24 05:48:19.107106,,,2025-11-14 03:58:20
order_00002515,cust_00001696,delivered,2025-05-04 02:08:50,2025-05-04 13:47:34.914796,2025-05-05 04:22:19.102561,2025-05-07 08:14:05.562141,2025-05-18 02:08:50
order_00002516,cust_00000205,delivered,2024-05-06 14:26:12,2024-05-07 01:20:34.299163,2024-05-10 16:02:12.536562,2024-05-18 19:27:51.980812,2024-05-25 14:26:12
order_00002517,cust_00001429,delivered,2024-05-27 12:58:09,2024-05-27 16:54:10.000323,2024-05-28 19:24:35.658303,2024-06-04 16:43:41.702367,2024-06-13 12:58:09
order_00002518,cust_00001947,delivered,2025-10-20 15:51:39,2025-10-21 01:08:34.039855,2025-10-22 16:30:40.661914,2025-11-07 04:49:52.078583,2025-11-07 15:51:39
order_00002519,cust_00001630,delivered,2025-04-21 02:03:49,2025-04-21 04:12:37.822653,2025-04-24 00:28:12.576895,2025-05-01 11:52:18.211282,2025-05-09 02:03:49
order_00002520,cust_00002914,delivered,2025-01-08 03:32:25,2025-01-08 06:36:38.277601,2025-01-09 03:33:11.242575,2025-01-25 14:23:34.899066,2025-01-31 03:32:25
order_00002521,cust_00002273,delivered,2025-08-12 05:25:09,2025-08-12 06:56:27.976616,2025-08-13 01:09:16.964222,2025-08-15 07:53:50.435786,2025-09-06 05:25:09
order_00002522,cust_00001655,delivered,2024-01-14 01:45:39,2024-01-14 02:45:17.573839,2024-01-15 19:39:27.305621,2024-01-21 09:44:16.781014,2024-02-04 01:45:39
order_00002523,cust_00001947,delivered,2024-05-18 22:23:16,2024-05-19 06:43:48.410306,2024-05-20 01:02:04.396483,2024-06-12 18:20:53.379911,2024-06-07 22:23:16
order_00002524,cust_00001543,delivered,2024-05-30 00:34:31,2024-05-30 03:45:57.446397,2024-05-31 12:54:36.199170,2024-06-04 08:25:53.707914,2024-06-20 00:34:31
order_00002525,cust_00000494,delivered,2025-12-02 04:48:28,2025-12-02 07:38:38.729629,2025-12-05 20:20:28.333418,2025-12-07 05:30:54.597307,2025-12-23 04:48:28
order_00002526,cust_00000459,delivered,2024-02-24 00:24:26,2024-02-24 04:03:35.078627,2024-02-26 08:19:57.692924,2024-02-27 08:31:04.295134,2024-03-15 00:24:26
order_00002527,cust_00002144,delivered,2024-06-18 10:55:44,2024-06-18 13:34:53.039212,2024-06-20 07:56:47.541747,2024-06-26 02:00:58.567482,2024-07-03 10:55:44
order_00002528,cust_00000123,delivered,2024-04-21 04:45:43,2024-04-21 06:11:22.701675,2024-04-22 07:38:46.413702,2024-05-02 01:38:48.563337,2024-05-13 04:45:43
order_00002529,cust_00001220,delivered,2025-11-06 03:50:13,2025-11-06 04:34:45.254353,2025-11-07 05:09:11.980444,2025-11-11 05:14:25.960329,2025-12-01 03:50:13
order_00002530,cust_00001018,delivered,2024-11-27 02:19:57,2024-11-27 09:32:38.167690,2024-11-30 16:21:28.350824,2024-12-13 10:42:53.731939,2024-12-17 02:19:57
order_00002531,cust_00000501,delivered,2025-07-05 07:27:42,2025-07-05 08:57:57.877674,2025-07-06 10:32:20.906044,2025-07-07 17:45:19.227521,2025-08-03 07:27:42
order_00002532,cust_00001793,delivered,2024-12-07 16:07:43,2024-12-08 01:28:13.128562,2024-12-10 13:52:03.387103,2024-12-14 18:32:45.076725,2024-12-30 16:07:43
order_00002533,cust_00002798,delivered,2025-12-18 10:24:46,2025-12-18 23:07:55.504068,2025-12-19 19:23:05.219504,2025-12-22 15:33:26.682914,2026-01-09 10:24:46
order_00002534,cust_00000722,delivered,2024-09-11 22:29:24,2024-09-12 07:42:55.796378,2024-09-12 21:25:29.093390,2024-09-13 22:27:11.058981,2024-09-29 22:29:24
order_00002535,cust_00001956,delivered,2024-06-29 09:34:23,2024-06-29 12:48:07.583886,2024-06-30 12:10:48.367105,2024-07-01 15:06:15.855480,2024-07-21 09:34:23
order_00002536,cust_00001676,delivered,2025-09-19 11:37:51,2025-09-19 15:26:37.190152,2025-09-20 12:37:53.961228,2025-10-09 11:20:09.232891,2025-10-09 11:37:51
order_00002537,cust_00000135,delivered,2025-03-03 03:51:19,2025-03-03 08:53:22.061681,2025-03-04 11:00:28.574529,2025-03-06 11:34:25.713500,2025-03-22 03:51:19
order_00002538,cust_00002945,delivered,2024-06-02 10:16:11,2024-06-02 11:44:55.107026,2024-06-08 20:37:34.297145,2024-06-11 14:09:56.679552,2024-06-15 10:16:11
order_00002539,cust_00002911,delivered,2025-10-27 14:22:04,2025-10-27 15:29:43.321122,2025-10-31 20:59:29.685654,2025-11-12 21:08:59.793134,2025-11-16 14:22:04
order_00002540,cust_00002914,delivered,2024-02-11 02:36:11,2024-02-11 03:40:01.731281,2024-02-14 19:53:04.285020,2024-02-27 00:53:39.888506,2024-02-29 02:36:11
order_00002541,cust_00001486,delivered,2024-06-12 17:39:52,2024-06-12 23:42:37.601979,2024-06-15 02:19:56.690785,2024-06-17 04:22:03.277312,2024-07-01 17:39:52
order_00002542,cust_00002955,delivered,2024-12-15 02:11:03,2024-12-15 05:12:43.772230,2024-12-15 23:52:17.452170,2024-12-24 08:46:50.224659,2024-12-29 02:11:03
order_00002543,cust_00002322,delivered,2024-08-05 10:57:08,2024-08-05 18:43:58.745074,2024-08-08 04:41:58.074477,2024-08-10 04:37:00.070576,2024-08-21 10:57:08
order_00002544,cust_00000263,delivered,2025-05-24 16:09:47,2025-05-24 19:18:05.607254,2025-05-25 17:56:03.825825,2025-06-05 00:25:51.560972,2025-06-07 16:09:47
order_00002545,cust_00000870,canceled,2024-10-14 11:20:47,,,,2024-11-04 11:20:47
order_00002546,cust_00002191,delivered,2024-08-14 01:54:29,2024-08-14 04:53:41.588469,2024-08-15 17:11:41.723054,2024-08-17 17:20:36.670042,2024-09-04 01:54:29
order_00002547,cust_00000967,delivered,2024-01-24 11:23:39,2024-01-25 05:33:22.352600,2024-01-25 23:35:32.413358,2024-02-13 09:07:33.553156,2024-02-10 11:23:39
order_00002548,cust_00002632,delivered,2024-06-16 02:03:59,2024-06-16 06:38:36.338246,2024-06-16 23:04:59.886082,2024-06-25 21:10:01.464853,2024-07-16 02:03:59
order_00002549,cust_00002799,delivered,2025-09-13 09:38:36,2025-09-14 00:46:40.213370,2025-09-15 23:34:18.153981,2025-09-25 15:54:22.591104,2025-10-04 09:38:36
order_00002550,cust_00000221,processing,2025-03-29 11:15:40,2025-03-30 01:44:04.496873,,,2025-04-18 11:15:40
order_00002551,cust_00002007,delivered,2024-11-21 07:28:52,2024-11-21 15:11:19.456500,2024-11-23 04:39:29.098178,2024-11-24 18:28:09.843256,2024-12-11 07:28:52
order_00002552,cust_00000310,delivered,2024-05-07 12:42:08,2024-05-08 21:56:39.746827,2024-05-12 02:48:53.305731,2024-05-14 23:05:41.527128,2024-05-27 12:42:08
order_00002553,cust_00001907,delivered,2025-01-03 21:57:35,2025-01-04 00:04:47.989581,2025-01-05 10:09:20.881424,2025-01-06 21:09:12.731671,2025-01-18 21:57:35
order_00002554,cust_00002364,delivered,2025-07-31 10:43:49,2025-07-31 12:26:36.315286,2025-08-01 04:28:15.999966,2025-08-06 16:22:00.498305,2025-08-19 10:43:49
order_00002555,cust_00000794,delivered,2024-08-31 13:20:03,2024-08-31 15:32:52.907101,2024-09-05 02:59:03.910051,2024-09-14 16:03:43.919844,2024-09-16 13:20:03
order_00002556,cust_00002644,shipped,2024-06-12 13:01:38,2024-06-12 22:08:07.540563,2024-06-15 11:29:35.360477,,2024-07-07 13:01:38
order_00002557,cust_00000683,delivered,2025-10-17 21:23:35,2025-10-18 07:03:31.052911,2025-10-18 23:08:37.907756,2025-10-24 15:20:04.821180,2025-11-08 21:23:35
order_00002558,cust_00000336,delivered,2024-04-16 01:33:56,2024-04-16 19:29:20.829066,2024-04-17 18:36:24.816435,2024-04-22 17:30:31.001911,2024-05-01 01:33:56
order_00002559,cust_00000840,delivered,2024-03-08 12:38:40,2024-03-08 14:22:53.110565,2024-03-11 05:26:20.293673,2024-03-19 08:13:04.999210,2024-04-01 12:38:40
order_00002560,cust_00002381,delivered,2025-10-25 20:39:23,2025-10-26 01:37:57.113647,2025-10-30 09:04:12.238697,2025-11-02 03:54:57.537560,2025-11-16 20:39:23
order_00002561,cust_00000885,delivered,2024-01-23 17:36:43,2024-01-23 22:08:40.149371,2024-01-24 18:49:37.476835,2024-02-02 02:48:36.633590,2024-02-16 17:36:43
order_00002562,cust_00000784,unavailable,2025-08-06 21:14:23,2025-08-06 23:41:05.427615,,,2025-08-27 21:14:23
order_00002563,cust_00001669,delivered,2024-06-14 21:45:18,2024-06-14 23:56:04.146619,2024-06-18 00:46:57.615691,2024-06-19 10:32:49.971131,2024-07-01 21:45:18
order_00002564,cust_00002114,delivered,2025-04-12 12:06:09,2025-04-12 16:51:09.274195,2025-04-14 03:22:09.591659,2025-04-17 08:11:13.914875,2025-05-03 12:06:09
order_00002565,cust_00001596,delivered,2025-05-01 10:23:43,2025-05-01 17:48:45.651405,2025-05-04 05:15:37.345933,2025-05-18 22:52:06.712141,2025-05-12 10:23:43
order_00002566,cust_00002838,delivered,2024-06-03 03:03:48,2024-06-03 08:50:55.761245,2024-06-04 11:06:11.812623,2024-06-06 17:50:35.115428,2024-06-18 03:03:48
order_00002567,cust_00001353,delivered,2024-02-22 22:39:39,2024-02-23 01:48:55.157962,2024-02-24 00:11:12.999095,2024-02-27 21:55:51.847693,2024-03-06 22:39:39
order_00002568,cust_00002294,delivered,2024-11-19 01:17:26,2024-11-19 04:52:54.442162,2024-11-20 21:26:46.316348,2024-11-28 14:37:17.826290,2024-12-11 01:17:26
order_00002569,cust_00000695,processing,2024-09-20 12:03:21,2024-09-20 12:33:51.749741,,,2024-10-09 12:03:21
order_00002570,cust_00002438,delivered,2025-09-01 14:45:58,2025-09-01 17:46:24.406056,2025-09-02 10:12:03.932174,2025-09-05 22:05:11.439687,2025-09-23 14:45:58
order_00002571,cust_00002586,delivered,2025-01-31 22:10:01,2025-02-01 00:08:37.181335,2025-02-01 16:17:00.103634,2025-02-07 09:04:55.280178,2025-02-13 22:10:01
order_00002572,cust_00002578,delivered,2024-11-22 22:05:30,2024-11-23 02:20:32.131715,2024-11-24 13:33:08.193263,2024-11-26 07:14:39.893997,2024-12-10 22:05:30
order_00002573,cust_00000334,delivered,2025-06-08 21:13:26,2025-06-09 05:06:56.178455,2025-06-10 10:41:49.453054,2025-06-17 04:45:31.024576,2025-06-25 21:13:26
order_00002574,cust_00002748,delivered,2025-05-23 18:50:21,2025-05-23 19:29:17.880471,2025-05-24 12:40:28.496413,2025-06-01 01:23:07.711033,2025-06-11 18:50:21
order_00002575,cust_00001487,delivered,2024-03-02 00:06:53,2024-03-02 23:09:33.757731,2024-03-04 04:36:29.418396,2024-03-06 13:02:16.530511,2024-03-16 00:06:53
order_00002576,cust_00000210,delivered,2024-10-06 04:52:37,2024-10-07 02:15:50.721204,2024-10-07 22:21:18.606481,2024-10-15 08:10:24.632756,2024-10-24 04:52:37
order_00002577,cust_00002839,delivered,2025-02-09 20:47:01,2025-02-10 00:20:19.108899,2025-02-10 13:19:23.059960,2025-02-12 09:42:03.968153,2025-03-01 20:47:01
order_00002578,cust_00000089,delivered,2024-02-24 12:03:23,2024-02-24 21:52:34.594880,2024-02-27 14:02:21.743415,2024-02-29 12:20:44.080180,2024-03-19 12:03:23
order_00002579,cust_00002214,delivered,2024-04-17 07:16:40,2024-04-17 23:33:52.120869,2024-04-18 19:09:24.749490,2024-04-26 23:58:22.925484,2024-05-09 07:16:40
order_00002580,cust_00002007,delivered,2025-01-10 18:37:01,2025-01-10 23:29:09.404560,2025-01-17 05:43:48.764098,2025-01-20 20:18:12.607143,2025-01-31 18:37:01
order_00002581,cust_00000689,delivered,2024-09-10 02:30:03,2024-09-10 07:11:41.782317,2024-09-10 20:51:28.922800,2024-09-15 16:49:16.442627,2024-09-25 02:30:03
order_00002582,cust_00002277,delivered,2024-11-30 22:31:01,2024-12-01 03:14:08.225243,2024-12-15 10:26:31.624817,2024-12-26 22:32:04.897562,2024-12-23 22:31:01
order_00002583,cust_00001209,delivered,2024-07-01 11:34:04,2024-07-01 12:51:09.017152,2024-07-02 05:43:22.823307,2024-07-05 04:21:39.610557,2024-07-26 11:34:04
order_00002584,cust_00001415,delivered,2024-01-30 07:11:48,2024-01-30 11:59:25.268808,2024-01-31 10:42:56.495682,2024-02-07 17:13:17.930629,2024-02-21 07:11:48
order_00002585,cust_00002881,delivered,2025-03-23 05:58:40,2025-03-23 10:02:46.226305,2025-03-24 05:44:55.239222,2025-03-31 08:45:51.265562,2025-04-07 05:58:40
order_00002586,cust_00000678,delivered,2025-01-10 06:25:26,2025-01-10 14:21:36.635006,2025-01-14 03:28:32.948997,2025-01-16 08:53:01.459537,2025-01-30 06:25:26
order_00002587,cust_00000639,delivered,2025-09-30 05:25:13,2025-09-30 14:26:58.669201,2025-10-01 06:20:09.566798,2025-10-04 05:16:10.204796,2025-10-17 05:25:13
order_00002588,cust_00002665,delivered,2025-11-30 12:31:46,2025-11-30 17:59:32.172460,2025-12-01 10:10:15.758884,2025-12-03 09:12:09.650852,2025-12-19 12:31:46
order_00002589,cust_00001520,delivered,2024-01-08 20:02:27,2024-01-08 22:08:14.858395,2024-01-10 13:41:55.540100,2024-01-14 11:22:43.075724,2024-01-29 20:02:27
order_00002590,cust_00000128,delivered,2024-11-02 21:06:50,2024-11-03 01:14:41.144930,2024-11-04 00:22:14.946058,2024-11-06 22:36:01.617144,2024-11-20 21:06:50
order_00002591,cust_00002456,delivered,2024-04-03 22:41:26,2024-04-04 00:06:36.958991,2024-04-04 12:45:44.148725,2024-04-13 20:45:37.648704,2024-04-23 22:41:26
order_00002592,cust_00002438,delivered,2024-06-01 16:22:57,2024-06-01 20:13:34.306229,2024-06-05 09:58:50.944801,2024-06-09 13:59:36.302370,2024-06-23 16:22:57
order_00002593,cust_00000134,delivered,2025-04-09 19:12:40,2025-04-09 20:14:31.242585,2025-04-10 17:50:34.875732,2025-04-11 20:00:35.107903,2025-04-30 19:12:40
order_00002594,cust_00001919,delivered,2025-08-08 13:13:32,2025-08-08 13:58:24.898219,2025-08-09 06:59:40.902584,2025-08-11 03:11:37.030195,2025-08-29 13:13:32
order_00002595,cust_00002388,invoiced,2024-12-09 08:41:16,2024-12-09 11:09:03.026774,,,2024-12-25 08:41:16
order_00002596,cust_00002186,delivered,2024-06-23 19:56:10,2024-06-24 01:41:59.912686,2024-06-28 07:27:01.578482,2024-07-02 00:26:02.608093,2024-07-22 19:56:10
order_00002597,cust_00002789,shipped,2024-06-10 17:42:15,2024-06-10 18:25:27.473384,2024-06-11 13:07:08.117712,,2024-06-26 17:42:15
order_00002598,cust_00001096,shipped,2024-08-06 03:45:04,2024-08-06 04:43:09.023799,2024-08-07 08:27:00.334102,,2024-08-23 03:45:04
order_00002599,cust_00002483,delivered,2025-04-27 16:31:39,2025-04-27 19:32:35.181854,2025-04-29 06:45:09.827742,2025-05-11 00:16:25.335452,2025-05-15 16:31:39
order_00002600,cust_00002813,delivered,2025-01-29 19:34:01,2025-01-30 03:20:14.802441,2025-01-30 20:29:41.582725,2025-02-05 04:19:28.162200,2025-02-17 19:34:01
order_00002601,cust_00000233,delivered,2024-06-09 01:15:53,2024-06-09 02:05:20.189458,2024-06-10 01:15:30.079129,2024-06-13 10:05:51.415577,2024-07-04 01:15:53
order_00002602,cust_00002871,delivered,2024-01-31 23:55:57,2024-02-01 02:24:01.604019,2024-02-01 23:29:20.861876,2024-02-07 18:32:23.462849,2024-02-26 23:55:57
order_00002603,cust_00001058,delivered,2025-01-24 01:04:16,2025-01-24 02:50:34.692705,2025-01-26 14:22:52.562288,2025-02-01 18:06:27.958586,2025-02-11 01:04:16
order_00002604,cust_00000151,delivered,2024-08-21 05:44:07,2024-08-21 06:54:25.022206,2024-08-26 16:16:05.467756,2024-09-23 01:06:20.845081,2024-09-06 05:44:07
order_00002605,cust_00001581,delivered,2025-12-14 15:13:38,2025-12-14 17:33:44.145322,2025-12-15 14:09:47.330626,2025-12-18 23:49:23.305097,2026-01-04 15:13:38
order_00002606,cust_00002349,delivered,2025-02-14 23:54:44,2025-02-15 07:07:19.385769,2025-02-17 01:24:33.784891,2025-02-18 07:44:25.315765,2025-03-07 23:54:44
order_00002607,cust_00001117,shipped,2024-12-05 14:41:10,2024-12-05 17:34:13.419722,2024-12-06 11:16:51.854624,,2024-12-28 14:41:10
order_00002608,cust_00000808,delivered,2025-04-26 17:14:02,2025-04-26 19:53:24.204122,2025-05-02 19:42:55.079902,2025-05-06 18:57:16.841781,2025-05-19 17:14:02
order_00002609,cust_00002856,delivered,2025-08-23 23:53:05,2025-08-24 03:03:08.212951,2025-08-26 01:07:14.832129,2025-08-30 05:09:46.498671,2025-09-10 23:53:05
order_00002610,cust_00001650,delivered,2024-11-27 17:04:05,2024-11-27 22:50:05.328213,2024-11-29 19:13:25.624794,2024-12-12 19:58:17.965492,2024-12-16 17:04:05
order_00002611,cust_00000750,unavailable,2025-03-29 02:13:13,2025-03-29 05:41:26.655344,,,2025-04-09 02:13:13
order_00002612,cust_00002154,delivered,2024-04-10 19:32:56,2024-04-10 23:28:02.531125,2024-04-12 04:20:58.137489,2024-04-13 05:40:52.054769,2024-04-27 19:32:56
order_00002613,cust_00000709,delivered,2025-02-18 00:14:33,2025-02-18 06:46:34.159663,2025-02-19 10:06:13.839322,2025-02-28 10:52:49.848482,2025-03-03 00:14:33
order_00002614,cust_00000022,delivered,2024-05-06 21:14:13,2024-05-06 22:31:09.891044,2024-05-07 22:56:37.506407,2024-05-25 13:51:13.565089,2024-05-25 21:14:13
order_00002615,cust_00000382,delivered,2024-01-17 07:12:25,2024-01-17 12:09:21.533692,2024-01-18 13:14:04.340105,2024-01-25 09:48:04.613846,2024-02-10 07:12:25
order_00002616,cust_00000823,delivered,2024-05-10 15:55:13,2024-05-11 08:30:02.823841,2024-05-12 01:37:28.892992,2024-05-15 12:02:26.898007,2024-06-05 15:55:13
order_00002617,cust_00001528,delivered,2024-01-28 14:46:53,2024-01-28 22:28:36.560680,2024-02-01 21:08:45.377354,2024-02-18 21:44:38.326915,2024-02-13 14:46:53
order_00002618,cust_00001495,delivered,2024-09-26 11:15:15,2024-09-26 14:51:58.524872,2024-09-28 12:42:06.966939,2024-10-05 11:18:00.270833,2024-10-12 11:15:15
order_00002619,cust_00002110,delivered,2025-09-14 16:48:39,2025-09-14 17:32:38.940291,2025-09-17 09:45:21.028307,2025-09-23 17:49:19.918965,2025-09-28 16:48:39
order_00002620,cust_00001265,delivered,2024-10-24 14:59:40,2024-10-24 15:42:07.010505,2024-10-28 15:40:32.493065,2024-11-05 13:36:05.350433,2024-11-16 14:59:40
order_00002621,cust_00000745,delivered,2024-10-28 10:42:08,2024-10-28 18:09:42.170667,2024-10-30 23:46:43.063338,2024-11-06 07:49:16.362914,2024-11-17 10:42:08
order_00002622,cust_00000701,delivered,2025-10-13 11:56:46,2025-10-13 17:52:21.831537,2025-10-17 05:25:57.065780,2025-10-22 21:25:34.593731,2025-10-30 11:56:46
order_00002623,cust_00002474,delivered,2024-12-02 11:54:33,2024-12-02 12:40:15.690643,2024-12-03 04:01:32.914426,2024-12-07 04:29:56.619111,2024-12-25 11:54:33
order_00002624,cust_00000617,delivered,2024-09-07 00:11:37,2024-09-07 03:35:34.451289,2024-09-08 04:09:06.094865,2024-09-14 10:51:25.959255,2024-09-29 00:11:37
order_00002625,cust_00000953,delivered,2025-10-13 16:01:35,2025-10-13 22:04:12.777342,2025-10-14 18:46:32.262088,2025-10-19 23:58:46.940988,2025-11-04 16:01:35
order_00002626,cust_00002158,delivered,2025-01-23 03:51:01,2025-01-23 13:26:15.615107,2025-01-25 07:40:09.196452,2025-01-31 16:29:06.489329,2025-02-18 03:51:01
order_00002627,cust_00002672,delivered,2025-10-02 16:24:03,2025-10-02 19:36:34.874359,2025-10-04 03:28:53.043567,2025-10-08 14:37:41.455614,2025-10-22 16:24:03
order_00002628,cust_00001438,delivered,2025-05-19 01:14:08,2025-05-19 04:25:32.603393,2025-05-19 20:13:33.064888,2025-06-11 10:51:14.873335,2025-06-02 01:14:08
order_00002629,cust_00000849,delivered,2025-01-19 21:30:02,2025-01-20 03:38:46.842468,2025-01-21 04:25:58.806128,2025-01-24 17:55:24.392132,2025-02-07 21:30:02
order_00002630,cust_00001532,delivered,2025-04-06 07:25:33,2025-04-06 09:05:54.631703,2025-04-07 23:17:16.115832,2025-04-15 00:13:45.089717,2025-04-20 07:25:33
order_00002631,cust_00000005,delivered,2024-11-18 14:39:53,2024-11-18 17:30:44.624240,2024-11-19 13:11:24.915493,2024-11-27 12:36:22.127967,2024-12-10 14:39:53
order_00002632,cust_00000016,delivered,2025-05-06 02:05:47,2025-05-06 06:18:32.170486,2025-05-08 16:40:04.230415,2025-05-11 10:43:28.440191,2025-05-26 02:05:47
order_00002633,cust_00001989,delivered,2025-01-17 08:10:27,2025-01-17 08:56:52.763523,2025-01-18 00:44:31.602079,2025-01-25 07:12:52.935944,2025-02-06 08:10:27
order_00002634,cust_00001530,delivered,2025-12-16 22:45:30,2025-12-17 06:44:35.832131,2025-12-20 19:06:13.186748,2025-12-22 02:27:00.445252,2026-01-07 22:45:30
order_00002635,cust_00001401,delivered,2025-12-29 20:57:34,2025-12-29 23:14:04.381403,2026-01-03 11:22:00.375690,2026-01-09 01:35:19.758232,2026-01-19 20:57:34
order_00002636,cust_00000505,delivered,2025-02-14 08:58:39,2025-02-14 12:23:52.403239,2025-02-15 07:21:31.693716,2025-02-17 13:30:42.171636,2025-03-07 08:58:39
order_00002637,cust_00002200,invoiced,2025-11-16 10:35:34,2025-11-16 20:48:25.851283,,,2025-12-09 10:35:34
order_00002638,cust_00002093,delivered,2025-05-03 15:20:29,2025-05-03 17:03:52.989532,2025-05-05 00:03:39.677116,2025-05-19 10:39:18.700381,2025-05-31 15:20:29
order_00002639,cust_00000037,delivered,2024-09-24 21:29:25,2024-09-25 05:26:38.500756,2024-09-26 18:22:02.810191,2024-09-30 17:59:51.546433,2024-10-18 21:29:25
order_00002640,cust_00000248,delivered,2025-10-11 23:16:48,2025-10-12 15:40:23.483744,2025-10-13 11:55:07.414338,2025-10-15 14:24:14.510042,2025-10-27 23:16:48
order_00002641,cust_00000041,delivered,2024-06-30 11:16:01,2024-06-30 16:47:57.180719,2024-07-01 23:41:59.519807,2024-07-07 10:05:22.438681,2024-07-19 11:16:01
order_00002642,cust_00002018,delivered,2024-10-06 20:58:12,2024-10-07 03:34:37.356884,2024-10-11 12:38:44.134757,2024-10-25 19:37:43.704006,2024-10-22 20:58:12
order_00002643,cust_00001005,delivered,2025-05-27 17:19:28,2025-05-28 04:38:18.960428,2025-05-30 06:19:50.429056,2025-06-01 04:56:29.911126,2025-06-17 17:19:28
order_00002644,cust_00002727,delivered,2025-09-28 01:54:21,2025-09-28 02:52:24.600284,2025-09-29 11:07:41.254528,2025-10-07 09:45:10.140501,2025-10-16 01:54:21
order_00002645,cust_00000530,delivered,2024-11-10 17:36:43,2024-11-11 01:36:48.659495,2024-11-12 09:20:07.896620,2024-11-17 00:42:38.010353,2024-11-30 17:36:43
order_00002646,cust_00000846,delivered,2025-07-30 17:48:11,2025-07-30 20:14:01.833238,2025-07-31 23:17:13.183384,2025-08-06 10:34:57.394605,2025-08-17 17:48:11
order_00002647,cust_00002928,delivered,2024-02-24 11:36:20,2024-02-24 14:46:44.468014,2024-02-25 22:05:56.420789,2024-03-01 18:21:22.581464,2024-03-19 11:36:20
order_00002648,cust_00000947,canceled,2024-05-09 20:53:30,,,,2024-05-23 20:53:30
order_00002649,cust_00000221,delivered,2024-01-22 10:12:28,2024-01-22 11:19:41.127328,2024-01-25 19:34:48.591648,2024-01-29 15:53:37.018639,2024-02-07 10:12:28
order_00002650,cust_00002764,delivered,2025-06-08 01:30:22,2025-06-08 18:12:19.493383,2025-06-10 15:02:44.659129,2025-06-16 11:34:52.151129,2025-07-06 01:30:22
order_00002651,cust_00002781,canceled,2025-04-27 10:49:06,,,,2025-05-23 10:49:06
order_00002652,cust_00001074,delivered,2024-04-26 04:49:56,2024-04-26 07:23:55.891994,2024-04-30 18:10:07.849382,2024-05-13 08:47:03.398961,2024-05-12 04:49:56
order_00002653,cust_00002082,shipped,2024-12-23 08:46:34,2024-12-23 10:10:06.929813,2024-12-24 00:06:54.108276,,2025-01-16 08:46:34
order_00002654,cust_00001445,delivered,2024-06-02 00:02:19,2024-06-02 01:29:47.310242,2024-06-03 07:17:44.272572,2024-06-04 12:48:17.223300,2024-06-27 00:02:19
order_00002655,cust_00002253,delivered,2024-05-04 06:45:08,2024-05-04 07:25:09.036743,2024-05-06 05:52:47.185293,2024-05-14 23:31:44.821448,2024-05-17 06:45:08
order_00002656,cust_00001819,delivered,2025-08-13 05:04:35,2025-08-13 07:51:43.550093,2025-08-25 02:50:42.570195,2025-09-01 14:32:37.185524,2025-08-29 05:04:35
order_00002657,cust_00001129,delivered,2025-10-29 16:23:31,2025-10-29 18:26:21.719835,2025-11-01 02:13:25.066500,2025-11-05 01:19:59.891087,2025-11-22 16:23:31
order_00002658,cust_00001561,shipped,2025-03-09 23:34:39,2025-03-10 00:30:35.624952,2025-03-10 19:47:11.849814,,2025-03-25 23:34:39
order_00002659,cust_00001919,delivered,2024-02-25 16:51:20,2024-02-25 23:16:11.190240,2024-02-26 20:11:38.109402,2024-03-02 04:19:02.574322,2024-03-07 16:51:20
order_00002660,cust_00002179,shipped,2024-10-19 00:40:47,2024-10-19 05:10:40.232562,2024-10-24 17:26:41.120460,,2024-11-05 00:40:47
order_00002661,cust_00000833,delivered,2024-10-09 20:18:13,2024-10-10 07:17:05.232771,2024-10-13 08:25:13.423033,2024-10-16 18:42:14.147661,2024-11-01 20:18:13
order_00002662,cust_00000317,delivered,2024-04-25 00:55:13,2024-04-25 08:34:57.452641,2024-04-26 04:41:40.767980,2024-04-27 04:52:50.424533,2024-05-18 00:55:13
order_00002663,cust_00000639,delivered,2025-03-25 14:26:56,2025-03-25 15:57:10.126158,2025-03-27 11:29:55.031676,2025-03-30 09:05:43.553583,2025-04-13 14:26:56
order_00002664,cust_00000674,delivered,2025-05-02 11:15:11,2025-05-02 22:40:14.186897,2025-05-04 21:28:06.086190,2025-05-08 07:11:20.109368,2025-05-21 11:15:11
order_00002665,cust_00000029,delivered,2025-11-03 16:03:36,2025-11-03 18:39:28.572131,2025-11-04 14:09:37.736289,2025-11-19 07:51:09.306972,2025-11-21 16:03:36
order_00002666,cust_00000467,delivered,2024-03-23 23:47:04,2024-03-24 04:26:27.618939,2024-03-24 21:57:12.115279,2024-03-28 07:37:24.017058,2024-04-15 23:47:04
order_00002667,cust_00002023,delivered,2024-10-13 23:28:41,2024-10-14 02:40:16.004711,2024-10-14 23:31:33.599972,2024-10-31 03:07:10.451612,2024-11-05 23:28:41
order_00002668,cust_00000545,delivered,2024-01-18 13:27:06,2024-01-18 18:33:54.438066,2024-01-22 13:28:56.437137,2024-01-27 13:11:37.727680,2024-02-12 13:27:06
order_00002669,cust_00001547,delivered,2024-08-13 21:59:56,2024-08-14 09:09:28.829847,2024-08-15 13:00:52.428954,2024-08-17 01:49:51.848772,2024-08-26 21:59:56
order_00002670,cust_00000026,delivered,2024-07-13 22:03:37,2024-07-14 06:37:13.069901,2024-07-15 12:13:06.127294,2024-07-16 21:13:18.113372,2024-07-27 22:03:37
order_00002671,cust_00000236,delivered,2025-03-16 05:57:39,2025-03-16 08:49:08.278308,2025-03-17 23:58:25.952836,2025-03-20 11:14:15.915604,2025-04-03 05:57:39
order_00002672,cust_00002131,delivered,2025-06-27 18:13:59,2025-06-27 19:53:16.506826,2025-06-28 11:47:34.254547,2025-07-01 04:39:00.722832,2025-07-18 18:13:59
order_00002673,cust_00002619,delivered,2025-03-27 11:55:41,2025-03-27 20:10:25.055940,2025-03-29 05:24:17.317597,2025-03-31 00:57:32.942544,2025-04-22 11:55:41
order_00002674,cust_00001906,delivered,2025-02-01 10:29:45,2025-02-01 11:51:32.256987,2025-02-04 19:29:55.625947,2025-02-17 07:05:21.388051,2025-02-23 10:29:45
order_00002675,cust_00001864,delivered,2024-11-20 00:42:42,2024-11-20 14:46:27.234358,2024-11-22 23:02:12.453636,2024-11-27 22:23:58.842769,2024-12-09 00:42:42
order_00002676,cust_00000599,delivered,2025-11-09 13:55:35,2025-11-09 15:03:18.820917,2025-11-10 23:56:58.909810,2025-11-20 20:55:32.848052,2025-11-27 13:55:35
order_00002677,cust_00002691,delivered,2025-12-11 21:39:14,2025-12-12 02:23:53.052782,2025-12-18 21:50:20.302557,2025-12-20 14:21:58.350455,2025-12-29 21:39:14
order_00002678,cust_00001017,delivered,2025-12-08 11:17:23,2025-12-08 12:32:29.656751,2025-12-11 21:24:10.119668,2025-12-14 13:09:48.978710,2025-12-28 11:17:23
order_00002679,cust_00000753,canceled,2024-01-05 05:29:25,,,,2024-01-30 05:29:25
order_00002680,cust_00001447,shipped,2024-09-13 00:13:09,2024-09-14 08:09:24.351120,2024-09-20 12:16:10.509653,,2024-09-30 00:13:09
order_00002681,cust_00001424,delivered,2024-03-16 20:39:04,2024-03-17 08:20:50.716937,2024-03-20 08:10:29.841722,2024-04-03 04:15:39.017415,2024-04-06 20:39:04
order_00002682,cust_00001662,delivered,2024-02-18 03:12:49,2024-02-18 06:15:39.400969,2024-02-19 21:52:57.570171,2024-02-26 05:30:00.702511,2024-03-02 03:12:49
order_00002683,cust_00001517,delivered,2024-01-30 00:21:24,2024-01-30 02:57:33.523755,2024-01-30 21:15:09.475487,2024-02-01 03:10:53.733185,2024-02-25 00:21:24
order_00002684,cust_00002096,delivered,2024-03-23 05:23:16,2024-03-24 03:23:56.438395,2024-03-26 11:00:48.460629,2024-03-28 22:15:22.335490,2024-04-18 05:23:16
order_00002685,cust_00002670,delivered,2024-12-22 16:12:31,2024-12-22 16:44:44.539864,2024-12-23 14:16:20.276976,2024-12-26 11:26:31.637442,2025-01-17 16:12:31
order_00002686,cust_00001169,delivered,2024-04-21 01:01:41,2024-04-21 01:43:10.177148,2024-04-23 12:45:18.543885,2024-05-08 12:11:32.861138,2024-05-12 01:01:41
order_00002687,cust_00002631,delivered,2025-11-27 22:11:28,2025-11-28 01:03:15.792406,2025-11-28 21:03:53.917449,2025-12-02 04:17:08.181393,2025-12-15 22:11:28
order_00002688,cust_00000669,delivered,2025-04-03 09:14:02,2025-04-03 12:59:36.100376,2025-04-04 05:39:01.754263,2025-04-11 14:12:33.960128,2025-04-14 09:14:02
order_00002689,cust_00001080,delivered,2025-07-09 02:11:15,2025-07-09 08:28:26.969155,2025-07-10 03:45:02.574270,2025-07-12 14:02:04.059687,2025-07-27 02:11:15
order_00002690,cust_00000910,delivered,2025-05-01 03:41:31,2025-05-01 13:12:34.371449,2025-05-03 11:50:05.731395,2025-05-06 21:01:38.762707,2025-05-23 03:41:31
order_00002691,cust_00001459,delivered,2025-05-25 21:07:46,2025-05-25 22:10:26.636759,2025-05-31 16:12:45.686560,2025-06-16 13:10:33.815617,2025-06-21 21:07:46
order_00002692,cust_00001169,delivered,2024-10-01 17:20:21,2024-10-01 20:47:21.919355,2024-10-03 10:31:45.210024,2024-10-09 20:26:42.933784,2024-10-19 17:20:21
order_00002693,cust_00002460,delivered,2024-05-27 08:29:58,2024-05-27 11:06:29.591229,2024-05-28 14:43:18.328078,2024-06-10 20:37:40.556020,2024-06-10 08:29:58
order_00002694,cust_00001573,delivered,2024-01-12 08:24:37,2024-01-12 09:23:59.897981,2024-01-14 17:58:29.322421,2024-01-23 23:05:00.017982,2024-01-28 08:24:37
order_00002695,cust_00002745,delivered,2025-05-11 05:20:11,2025-05-11 09:37:32.328204,2025-05-12 06:10:54.436914,2025-05-16 20:10:18.049531,2025-06-03 05:20:11
order_00002696,cust_00001389,delivered,2024-12-26 02:29:49,2024-12-26 03:37:01.942858,2024-12-27 00:58:50.295811,2024-12-31 11:37:13.405088,2025-01-20 02:29:49
order_00002697,cust_00000804,delivered,2024-08-01 14:48:17,2024-08-02 05:26:28.963037,2024-08-03 16:10:37.197009,2024-08-23 11:54:01.569403,2024-08-23 14:48:17
order_00002698,cust_00001648,delivered,2025-10-15 08:53:02,2025-10-15 09:30:57.146325,2025-10-17 04:59:02.958675,2025-11-09 06:25:58.189005,2025-11-09 08:53:02
order_00002699,cust_00001583,delivered,2024-10-08 11:15:52,2024-10-08 15:12:18.913411,2024-10-09 09:02:51.885392,2024-10-19 14:04:10.042803,2024-10-25 11:15:52
order_00002700,cust_00000919,delivered,2025-01-30 07:18:44,2025-01-30 11:59:54.267186,2025-02-01 11:36:38.976058,2025-02-18 03:38:52.043500,2025-02-14 07:18:44
order_00002701,cust_00002534,delivered,2025-01-13 00:56:51,2025-01-13 07:24:27.822710,2025-01-14 10:53:59.732901,2025-01-16 11:45:18.973306,2025-02-03 00:56:51
order_00002702,cust_00000375,delivered,2025-03-01 14:56:51,2025-03-01 17:23:28.054422,2025-03-05 04:27:39.713016,2025-03-06 05:04:05.759514,2025-03-26 14:56:51
order_00002703,cust_00000563,delivered,2024-05-31 14:47:20,2024-05-31 16:52:30.970339,2024-06-01 10:43:22.515104,2024-06-02 14:02:33.980107,2024-06-22 14:47:20
order_00002704,cust_00001455,delivered,2025-08-04 18:37:58,2025-08-04 22:08:25.587214,2025-08-07 16:41:20.840571,2025-08-14 22:42:36.893638,2025-08-19 18:37:58
order_00002705,cust_00000873,delivered,2024-06-07 08:26:17,2024-06-07 19:00:03.427205,2024-06-08 21:25:11.369131,2024-06-10 14:02:25.655716,2024-06-29 08:26:17
order_00002706,cust_00001160,unavailable,2024-01-07 13:05:51,2024-01-07 16:05:12.813735,,,2024-01-22 13:05:51
order_00002707,cust_00002338,delivered,2024-02-04 06:27:28,2024-02-04 08:52:09.380577,2024-02-05 00:01:56.633071,2024-02-11 08:06:18.508327,2024-02-18 06:27:28
order_00002708,cust_00000337,delivered,2024-03-12 07:46:18,2024-03-12 11:07:42.934161,2024-03-14 09:53:56.814700,2024-03-15 10:11:27.649426,2024-03-26 07:46:18
order_00002709,cust_00000011,delivered,2025-07-04 20:11:26,2025-07-05 01:55:15.859514,2025-07-06 09:49:32.855903,2025-07-09 09:36:58.458171,2025-07-22 20:11:26
order_00002710,cust_00002036,delivered,2024-02-03 05:17:04,2024-02-03 07:00:16.321723,2024-02-05 00:33:12.109015,2024-02-10 16:55:10.209326,2024-02-25 05:17:04
order_00002711,cust_00000037,delivered,2025-08-24 09:54:37,2025-08-24 13:01:33.559095,2025-08-26 14:51:19.828047,2025-08-29 10:44:04.083348,2025-09-11 09:54:37
order_00002712,cust_00001834,delivered,2024-02-19 10:19:37,2024-02-20 11:30:27.451360,2024-02-21 03:00:31.994260,2024-02-22 20:52:27.418514,2024-03-10 10:19:37
order_00002713,cust_00002623,delivered,2025-05-12 09:15:57,2025-05-12 09:46:46.532449,2025-05-12 21:49:45.486274,2025-05-15 23:16:20.573457,2025-05-30 09:15:57
order_00002714,cust_00001305,delivered,2024-01-06 23:06:27,2024-01-07 02:24:45.952667,2024-01-09 14:58:31.581439,2024-01-11 10:17:53.852730,2024-01-26 23:06:27
order_00002715,cust_00000615,delivered,2024-07-22 11:24:27,2024-07-22 20:42:18.219223,2024-07-25 02:42:31.423368,2024-08-01 04:16:18.915355,2024-08-17 11:24:27
order_00002716,cust_00002528,delivered,2025-08-07 09:13:44,2025-08-07 11:09:02.299315,2025-08-07 23:36:54.466176,2025-08-09 19:09:10.517371,2025-09-03 09:13:44
order_00002717,cust_00000523,delivered,2024-02-14 05:32:59,2024-02-14 13:48:49.669081,2024-02-15 10:09:42.937320,2024-02-18 14:46:09.835412,2024-03-04 05:32:59
order_00002718,cust_00001295,delivered,2024-07-01 03:29:33,2024-07-01 04:11:41.873691,2024-07-01 19:37:13.067792,2024-07-11 06:50:49.017737,2024-07-17 03:29:33
order_00002719,cust_00000005,delivered,2024-03-18 14:11:24,2024-03-18 15:54:04.616760,2024-03-19 22:20:28.336127,2024-04-07 03:47:22.265973,2024-04-11 14:11:24
order_00002720,cust_00002930,delivered,2024-11-23 18:40:32,2024-11-24 05:42:42.000999,2024-11-26 18:24:21.217736,2024-12-12 02:56:08.626624,2024-12-17 18:40:32
order_00002721,cust_00002461,delivered,2024-03-03 09:36:49,2024-03-03 14:42:21.644960,2024-03-09 20:31:39.059592,2024-03-16 21:41:00.821262,2024-03-17 09:36:49
order_00002722,cust_00002802,delivered,2025-02-18 17:10:05,2025-02-19 04:43:59.854161,2025-02-19 21:21:59.568468,2025-02-22 10:34:20.228594,2025-03-09 17:10:05
order_00002723,cust_00000754,delivered,2025-03-22 12:27:49,2025-03-22 13:34:41.012381,2025-03-23 20:22:46.106291,2025-03-28 17:17:16.957077,2025-04-11 12:27:49
order_00002724,cust_00002018,delivered,2025-07-01 04:14:32,2025-07-01 10:25:40.827029,2025-07-02 15:05:47.693365,2025-07-07 16:42:42.502633,2025-07-19 04:14:32
order_00002725,cust_00002773,delivered,2025-05-15 10:11:32,2025-05-15 14:47:48.063695,2025-05-19 15:00:39.515838,2025-05-25 00:15:04.558391,2025-06-01 10:11:32
order_00002726,cust_00001972,delivered,2024-10-13 23:08:25,2024-10-14 04:39:02.097216,2024-10-14 23:30:16.340702,2024-10-17 01:01:34.894757,2024-10-31 23:08:25
order_00002727,cust_00001511,delivered,2025-08-26 22:56:52,2025-08-27 01:05:28.581005,2025-08-28 06:41:05.396184,2025-09-13 02:38:09.012703,2025-09-05 22:56:52
order_00002728,cust_00000677,delivered,2024-03-01 22:27:18,2024-03-01 23:24:19.228260,2024-03-05 09:26:45.713080,2024-03-06 11:40:32.231251,2024-03-24 22:27:18
order_00002729,cust_00001225,delivered,2025-11-25 22:05:42,2025-11-25 22:40:34.247135,2025-11-26 18:37:02.237808,2025-12-09 10:24:03.852305,2025-12-18 22:05:42
order_00002730,cust_00001547,delivered,2024-07-18 01:57:15,2024-07-18 07:14:41.749486,2024-07-21 10:59:44.320077,2024-07-26 05:53:40.913220,2024-08-01 01:57:15
order_00002731,cust_00001883,delivered,2024-03-29 03:17:02,2024-03-29 05:41:05.625771,2024-03-30 21:06:23.130852,2024-04-05 14:09:50.510294,2024-04-22 03:17:02
order_00002732,cust_00002885,delivered,2025-02-09 15:33:11,2025-02-09 16:27:27.625903,2025-02-10 15:56:53.788257,2025-02-16 04:04:12.053259,2025-03-08 15:33:11
order_00002733,cust_00002010,delivered,2025-09-03 20:22:50,2025-09-04 02:40:40.271858,2025-09-05 02:40:02.276528,2025-09-19 07:47:08.361067,2025-09-24 20:22:50
order_00002734,cust_00000841,delivered,2024-10-19 14:18:39,2024-10-20 07:30:08.035505,2024-10-24 07:44:04.644289,2024-10-27 14:57:08.368926,2024-11-15 14:18:39
order_00002735,cust_00000495,delivered,2025-03-22 01:54:25,2025-03-22 02:43:49.084306,2025-03-25 00:56:21.927471,2025-03-27 10:14:00.406048,2025-04-09 01:54:25
order_00002736,cust_00001483,delivered,2024-09-11 15:31:19,2024-09-12 03:32:18.832266,2024-09-15 15:03:53.969430,2024-09-18 14:18:48.257937,2024-10-05 15:31:19
order_00002737,cust_00002580,delivered,2024-11-30 14:29:22,2024-11-30 22:55:32.455913,2024-12-05 00:36:34.967298,2024-12-08 20:28:40.089456,2024-12-23 14:29:22
order_00002738,cust_00002880,shipped,2025-01-15 21:37:34,2025-01-16 00:47:18.611733,2025-01-17 05:12:32.750996,,2025-02-04 21:37:34
order_00002739,cust_00002197,delivered,2025-04-10 22:57:09,2025-04-11 03:47:56.711397,2025-04-12 13:35:08.008419,2025-04-13 20:24:36.476708,2025-05-07 22:57:09
order_00002740,cust_00002423,delivered,2024-10-23 00:21:32,2024-10-23 01:04:53.587387,2024-10-25 04:34:43.774719,2024-10-29 09:49:28.079180,2024-11-15 00:21:32
order_00002741,cust_00001987,delivered,2025-02-10 22:19:41,2025-02-10 23:26:55.525886,2025-02-12 23:07:42.961990,2025-02-17 15:09:24.095793,2025-03-01 22:19:41
order_00002742,cust_00002423,shipped,2025-11-26 14:49:07,2025-11-26 23:13:25.433743,2025-11-28 02:58:39.868115,,2025-12-19 14:49:07
order_00002743,cust_00002888,delivered,2025-08-01 05:58:46,2025-08-01 11:43:50.359633,2025-08-02 13:50:34.137415,2025-08-14 07:08:44.466285,2025-08-22 05:58:46
order_00002744,cust_00000539,delivered,2024-11-23 18:33:30,2024-11-24 00:28:23.539272,2024-11-25 08:31:55.147039,2024-11-28 18:00:38.758763,2024-12-11 18:33:30
order_00002745,cust_00001235,delivered,2024-06-16 03:55:25,2024-06-16 06:32:40.115514,2024-06-17 13:44:13.170762,2024-07-04 11:18:30.115522,2024-07-01 03:55:25
order_00002746,cust_00000257,delivered,2025-08-29 01:45:51,2025-08-29 04:17:56.044312,2025-08-30 15:16:45.876370,2025-09-04 05:34:59.456589,2025-09-19 01:45:51
order_00002747,cust_00001196,delivered,2025-11-25 08:29:32,2025-11-25 11:50:29.343950,2025-11-26 09:32:29.892749,2025-12-02 09:50:54.872275,2025-12-05 08:29:32
order_00002748,cust_00000477,canceled,2025-08-03 18:56:40,,,,2025-08-20 18:56:40
order_00002749,cust_00002701,delivered,2024-03-20 07:54:01,2024-03-21 00:25:04.047209,2024-03-23 19:23:33.950709,2024-03-26 03:09:37.205229,2024-04-06 07:54:01
order_00002750,cust_00000917,delivered,2025-05-18 15:38:36,2025-05-18 16:19:41.016294,2025-05-19 20:07:06.977761,2025-05-28 11:42:20.277315,2025-06-05 15:38:36
order_00002751,cust_00001510,delivered,2025-03-25 21:15:29,2025-03-25 22:47:01.791080,2025-03-29 15:25:29.290771,2025-03-31 17:04:21.516309,2025-04-12 21:15:29
order_00002752,cust_00001441,delivered,2025-08-24 20:54:14,2025-08-25 07:29:25.073763,2025-08-27 16:36:05.803939,2025-08-31 04:39:57.594381,2025-09-11 20:54:14
order_00002753,cust_00000926,delivered,2025-08-20 01:09:32,2025-08-20 05:32:50.168805,2025-08-22 17:17:00.126459,2025-08-31 01:52:55.258436,2025-09-07 01:09:32
order_00002754,cust_00002746,delivered,2024-05-21 10:44:54,2024-05-21 23:38:34.200927,2024-05-24 03:28:33.561926,2024-05-25 15:17:57.773750,2024-06-10 10:44:54
order_00002755,cust_00002659,delivered,2025-04-14 02:23:15,2025-04-14 12:46:05.630594,2025-04-15 17:54:04.189267,2025-04-20 02:43:43.451107,2025-05-02 02:23:15
order_00002756,cust_00001820,delivered,2024-11-25 20:38:10,2024-11-26 04:22:23.340025,2024-11-27 19:08:46.830575,2024-11-30 03:56:57.237843,2024-12-16 20:38:10
order_00002757,cust_00002512,delivered,2024-07-27 06:36:52,2024-07-27 13:22:07.665179,2024-07-29 08:21:26.158236,2024-08-13 23:59:18.905776,2024-08-14 06:36:52
order_00002758,cust_00002221,delivered,2024-06-21 03:55:05,2024-06-21 20:01:54.725131,2024-06-23 00:47:03.652265,2024-06-30 09:29:29.508148,2024-07-12 03:55:05
order_00002759,cust_00001196,delivered,2024-01-26 02:00:39,2024-01-26 03:40:58.526108,2024-01-26 17:31:27.125755,2024-02-18 22:04:17.684653,2024-02-15 02:00:39
order_00002760,cust_00001110,delivered,2024-07-13 20:09:19,2024-07-14 04:20:30.650712,2024-07-16 03:45:30.796112,2024-07-21 06:25:23.874891,2024-07-24 20:09:19
order_00002761,cust_00001393,delivered,2025-10-04 09:08:43,2025-10-04 10:25:27.915087,2025-10-06 00:10:17.227418,2025-10-11 01:31:45.414352,2025-10-25 09:08:43
order_00002762,cust_00000159,delivered,2025-07-27 23:02:15,2025-07-28 01:36:21.573984,2025-07-30 13:15:16.280433,2025-08-06 11:14:17.319862,2025-08-18 23:02:15
order_00002763,cust_00001126,delivered,2024-08-06 10:07:09,2024-08-06 22:53:56.272358,2024-08-08 05:13:37.376967,2024-08-18 03:33:38.769832,2024-08-23 10:07:09
order_00002764,cust_00000319,delivered,2024-06-10 01:09:44,2024-06-10 03:26:26.734885,2024-06-12 04:05:01.655590,2024-06-17 23:15:57.849153,2024-06-30 01:09:44
order_00002765,cust_00000208,delivered,2024-01-05 17:19:05,2024-01-05 18:33:37.759327,2024-01-06 23:44:54.283910,2024-01-08 23:04:50.313621,2024-01-28 17:19:05
order_00002766,cust_00000021,delivered,2025-09-24 19:58:30,2025-09-25 00:45:24.597885,2025-09-28 03:36:50.520287,2025-10-01 22:22:56.825462,2025-10-10 19:58:30
order_00002767,cust_00000669,delivered,2024-01-14 16:13:48,2024-01-14 17:14:04.302137,2024-01-16 02:28:07.176286,2024-01-26 11:34:37.498926,2024-02-07 16:13:48
order_00002768,cust_00001060,delivered,2025-01-31 05:58:18,2025-01-31 06:34:04.424622,2025-01-31 19:16:22.094427,2025-02-05 05:57:28.771996,2025-02-23 05:58:18
order_00002769,cust_00000242,delivered,2025-02-22 14:09:41,2025-02-22 15:55:34.863734,2025-02-23 20:54:28.863220,2025-02-25 07:39:01.841222,2025-03-17 14:09:41
order_00002770,cust_00000004,delivered,2025-10-01 16:36:24,2025-10-01 20:31:24.150160,2025-10-02 20:23:48.943805,2025-10-06 04:08:42.761387,2025-10-18 16:36:24
order_00002771,cust_00000758,delivered,2025-08-20 14:58:04,2025-08-20 18:22:57.708437,2025-08-21 16:12:24.519565,2025-08-23 00:01:51.683038,2025-09-10 14:58:04
order_00002772,cust_00001089,delivered,2024-09-30 08:26:45,2024-09-30 13:19:16.905020,2024-10-01 10:39:35.910248,2024-10-16 04:30:49.470310,2024-10-25 08:26:45
order_00002773,cust_00001113,delivered,2024-07-01 20:59:51,2024-07-01 23:54:11.102362,2024-07-03 00:47:20.762977,2024-07-04 04:53:18.117399,2024-07-21 20:59:51
order_00002774,cust_00001437,delivered,2024-03-16 18:42:45,2024-03-16 22:01:24.152731,2024-03-20 09:28:30.745871,2024-03-27 02:39:55.115237,2024-04-04 18:42:45
order_00002775,cust_00000816,delivered,2024-09-30 14:26:19,2024-09-30 21:36:18.699793,2024-10-04 07:11:37.885717,2024-10-09 23:42:23.904594,2024-10-22 14:26:19
order_00002776,cust_00002769,delivered,2025-10-21 03:43:37,2025-10-21 11:07:47.186640,2025-10-24 12:54:24.130622,2025-10-26 09:55:58.561312,2025-11-13 03:43:37
order_00002777,cust_00002009,delivered,2024-06-27 03:10:57,2024-06-27 14:09:38.056381,2024-07-01 02:14:12.841114,2024-07-02 03:51:57.988380,2024-07-18 03:10:57
order_00002778,cust_00000656,delivered,2025-04-14 01:03:46,2025-04-14 07:55:39.912240,2025-04-15 14:28:44.139849,2025-04-18 14:05:52.884894,2025-05-06 01:03:46
order_00002779,cust_00000727,delivered,2025-01-24 14:36:54,2025-01-24 21:01:50.144201,2025-01-27 09:38:19.205799,2025-02-10 22:09:10.287855,2025-02-13 14:36:54
order_00002780,cust_00002920,delivered,2024-10-22 17:31:58,2024-10-22 19:42:19.769022,2024-10-23 07:58:21.606580,2024-10-27 04:37:32.951200,2024-11-05 17:31:58
order_00002781,cust_00002188,delivered,2024-07-19 01:22:40,2024-07-19 08:24:27.132613,2024-07-20 05:24:24.651569,2024-07-26 01:46:19.105725,2024-08-07 01:22:40
order_00002782,cust_00000410,delivered,2024-06-12 03:24:09,2024-06-12 05:15:40.502446,2024-06-13 19:17:16.767452,2024-06-26 02:04:56.776385,2024-07-06 03:24:09
order_00002783,cust_00002004,delivered,2024-02-22 09:39:02,2024-02-23 03:33:12.715035,2024-02-29 01:14:29.802540,2024-03-01 03:02:22.499478,2024-03-13 09:39:02
order_00002784,cust_00001212,shipped,2025-07-16 12:04:10,2025-07-16 19:29:23.999196,2025-07-19 06:54:11.935517,,2025-08-04 12:04:10
order_00002785,cust_00002375,delivered,2025-01-22 07:26:14,2025-01-22 11:15:09.697787,2025-01-26 03:16:30.440309,2025-02-02 06:19:34.526503,2025-02-18 07:26:14
order_00002786,cust_00001385,delivered,2024-11-23 23:09:52,2024-11-24 04:04:11.581848,2024-11-24 21:46:01.525420,2024-11-26 00:41:17.029185,2024-12-12 23:09:52
order_00002787,cust_00002035,delivered,2024-08-23 21:21:31,2024-08-23 23:08:27.728226,2024-08-24 23:43:17.149148,2024-08-31 19:37:54.732937,2024-09-14 21:21:31
order_00002788,cust_00001142,delivered,2025-12-30 06:56:45,2025-12-30 10:01:31.000951,2026-01-01 23:20:24.100206,2026-01-05 10:17:43.591776,2026-01-10 06:56:45
order_00002789,cust_00000807,delivered,2025-08-17 00:03:21,2025-08-17 06:10:36.038999,2025-08-18 02:50:18.387616,2025-08-24 08:19:53.506693,2025-09-04 00:03:21
order_00002790,cust_00002959,delivered,2024-05-10 03:55:48,2024-05-10 05:58:40.911837,2024-05-12 13:11:44.976297,2024-05-16 07:55:20.343657,2024-05-31 03:55:48
order_00002791,cust_00002552,delivered,2024-01-28 21:56:19,2024-01-29 03:00:32.657196,2024-02-03 14:47:35.281762,2024-02-06 10:12:26.159005,2024-02-19 21:56:19
order_00002792,cust_00001683,delivered,2025-03-26 02:37:31,2025-03-26 05:05:40.074016,2025-03-27 08:21:14.834211,2025-03-30 16:05:59.341458,2025-04-08 02:37:31
order_00002793,cust_00000416,delivered,2025-09-19 18:18:57,2025-09-19 22:26:10.141867,2025-09-21 05:50:18.415370,2025-09-23 01:41:34.675881,2025-10-05 18:18:57
order_00002794,cust_00000773,delivered,2025-07-14 15:13:19,2025-07-15 01:25:49.195965,2025-07-15 13:44:25.014636,2025-07-25 11:40:29.053643,2025-08-04 15:13:19
order_00002795,cust_00001391,delivered,2025-01-20 00:08:39,2025-01-20 04:19:23.709773,2025-01-21 17:11:49.883427,2025-01-25 13:06:10.982306,2025-02-05 00:08:39
order_00002796,cust_00001468,canceled,2024-03-07 03:18:23,,,,2024-03-31 03:18:23
order_00002797,cust_00002316,delivered,2024-12-29 12:06:16,2024-12-29 14:19:32.037607,2025-01-02 23:12:07.863128,2025-01-08 07:54:36.936485,2025-01-22 12:06:16
order_00002798,cust_00002752,delivered,2025-12-19 11:05:42,2025-12-19 13:05:04.236850,2025-12-21 07:54:53.689967,2025-12-29 06:29:02.048950,2026-01-05 11:05:42
order_00002799,cust_00000751,delivered,2025-03-24 00:37:56,2025-03-24 07:09:29.816270,2025-03-28 18:18:51.381722,2025-03-30 14:31:52.059307,2025-04-09 00:37:56
order_00002800,cust_00000073,delivered,2024-12-18 15:51:23,2024-12-18 19:10:06.056634,2024-12-19 16:40:15.295638,2025-01-28 22:55:38.244160,2025-01-09 15:51:23
order_00002801,cust_00000788,delivered,2024-08-01 18:34:16,2024-08-01 21:34:20.980187,2024-08-07 06:53:49.278524,2024-08-13 16:16:13.161386,2024-08-24 18:34:16
order_00002802,cust_00001770,delivered,2025-10-06 06:06:12,2025-10-06 07:26:58.623941,2025-10-09 08:51:36.240092,2025-10-23 15:22:02.260422,2025-10-27 06:06:12
order_00002803,cust_00002438,delivered,2025-07-25 07:07:03,2025-07-26 07:18:01.716245,2025-07-27 14:21:18.366936,2025-08-03 08:39:09.451884,2025-08-16 07:07:03
order_00002804,cust_00001992,delivered,2025-05-18 21:17:00,2025-05-19 08:53:17.997499,2025-05-19 23:37:59.487969,2025-06-01 03:34:11.355952,2025-06-03 21:17:00
order_00002805,cust_00002879,delivered,2025-05-13 11:28:14,2025-05-13 16:30:20.851133,2025-05-18 14:41:55.735177,2025-06-18 05:03:36.679547,2025-06-05 11:28:14
order_00002806,cust_00001208,delivered,2025-10-18 01:53:57,2025-10-18 23:04:43.112209,2025-10-22 17:34:43.501247,2025-10-24 06:05:20.278656,2025-11-07 01:53:57
order_00002807,cust_00001867,delivered,2025-04-03 11:36:14,2025-04-03 16:00:29.374610,2025-04-05 14:37:58.458274,2025-04-11 04:32:41.309174,2025-04-22 11:36:14
order_00002808,cust_00000977,delivered,2025-01-09 17:06:42,2025-01-10 01:50:06.232555,2025-01-12 01:36:42.004750,2025-01-17 09:29:34.292974,2025-01-26 17:06:42
order_00002809,cust_00000643,delivered,2024-08-15 07:21:09,2024-08-15 10:25:40.736538,2024-08-17 13:25:12.257450,2024-08-23 10:35:22.971193,2024-09-10 07:21:09
order_00002810,cust_00001396,delivered,2024-11-02 04:00:19,2024-11-02 07:27:33.978142,2024-11-06 03:24:47.789877,2024-11-16 11:29:16.720481,2024-11-17 04:00:19
order_00002811,cust_00002726,delivered,2025-12-08 17:04:35,2025-12-09 01:29:51.192395,2025-12-09 18:45:34.379304,2025-12-14 09:41:53.981688,2026-01-01 17:04:35
order_00002812,cust_00002096,delivered,2025-08-21 19:14:21,2025-08-21 20:47:06.450280,2025-08-22 08:54:32.048791,2025-08-26 18:34:13.781375,2025-09-07 19:14:21
order_00002813,cust_00001044,delivered,2024-11-23 04:41:15,2024-11-23 07:36:37.384107,2024-11-23 20:05:57.477118,2024-11-26 14:53:53.630790,2024-12-15 04:41:15
order_00002814,cust_00000600,delivered,2025-11-12 01:01:37,2025-11-12 02:00:00.153435,2025-11-15 15:57:57.585908,2025-11-19 22:29:57.076553,2025-11-28 01:01:37
order_00002815,cust_00001135,delivered,2025-05-10 07:46:01,2025-05-10 09:12:53.504392,2025-05-11 07:37:13.231055,2025-05-20 02:11:00.980781,2025-05-21 07:46:01
order_00002816,cust_00002649,delivered,2024-11-22 12:20:56,2024-11-22 13:38:12.172196,2024-11-24 07:32:32.917053,2024-12-09 06:52:08.943708,2024-12-16 12:20:56
order_00002817,cust_00002176,delivered,2024-11-10 02:48:48,2024-11-10 04:04:34.629352,2024-11-11 21:27:47.153126,2024-11-16 03:19:56.487747,2024-11-28 02:48:48
order_00002818,cust_00001880,delivered,2024-10-12 15:34:32,2024-10-12 16:56:11.763467,2024-10-14 21:10:50.708995,2024-10-18 10:20:07.085935,2024-10-30 15:34:32
order_00002819,cust_00001827,delivered,2024-04-20 02:23:53,2024-04-20 10:55:14.871155,2024-04-22 07:44:45.088821,2024-04-26 19:21:07.273304,2024-05-07 02:23:53
order_00002820,cust_00001575,delivered,2025-08-25 22:58:35,2025-08-26 17:48:24.101820,2025-08-28 16:18:16.226226,2025-09-02 12:34:28.032264,2025-09-11 22:58:35
order_00002821,cust_00002637,delivered,2024-08-21 10:07:28,2024-08-21 11:13:53.978040,2024-08-22 20:48:54.001205,2024-09-03 08:39:12.787743,2024-09-10 10:07:28
order_00002822,cust_00000517,delivered,2024-02-23 16:40:55,2024-02-23 23:03:02.207214,2024-02-25 07:08:17.702977,2024-02-29 12:20:35.295051,2024-03-14 16:40:55
order_00002823,cust_00000454,delivered,2024-01-31 04:07:52,2024-01-31 06:50:04.041128,2024-02-02 17:19:04.357401,2024-02-09 06:01:42.251986,2024-02-21 04:07:52
order_00002824,cust_00000800,delivered,2025-02-21 18:37:53,2025-02-21 20:08:53.639292,2025-02-28 00:01:42.639672,2025-03-08 12:30:47.529216,2025-03-06 18:37:53
order_00002825,cust_00000860,delivered,2024-06-22 08:28:26,2024-06-22 12:18:20.037363,2024-06-24 09:58:16.039306,2024-06-27 09:57:04.595938,2024-07-09 08:28:26
order_00002826,cust_00000168,delivered,2024-03-24 00:15:46,2024-03-24 03:47:34.593144,2024-03-24 17:56:49.703355,2024-04-08 14:20:58.987865,2024-04-16 00:15:46
order_00002827,cust_00001465,delivered,2025-04-30 17:12:24,2025-04-30 23:42:29.447741,2025-05-04 22:26:02.135374,2025-05-07 08:17:53.539055,2025-05-19 17:12:24
order_00002828,cust_00000489,delivered,2025-09-07 02:15:26,2025-09-07 02:53:02.126643,2025-09-07 21:44:14.469911,2025-09-11 13:23:27.798278,2025-09-25 02:15:26
order_00002829,cust_00000603,delivered,2025-10-13 16:25:54,2025-10-13 21:57:21.073054,2025-10-15 09:48:53.702599,2025-10-20 03:58:22.208371,2025-10-31 16:25:54
order_00002830,cust_00002732,delivered,2025-02-25 18:04:25,2025-02-25 23:50:36.677856,2025-02-26 13:14:53.306850,2025-03-09 13:48:50.802784,2025-03-14 18:04:25
order_00002831,cust_00002610,delivered,2024-12-01 20:31:24,2024-12-01 23:31:43.129505,2024-12-02 12:50:18.723373,2024-12-08 00:09:39.842876,2024-12-28 20:31:24
order_00002832,cust_00000533,delivered,2025-09-25 07:33:53,2025-09-25 17:48:28.903042,2025-09-28 00:15:11.104377,2025-10-08 07:16:16.835801,2025-10-13 07:33:53
order_00002833,cust_00000833,delivered,2024-10-24 01:03:53,2024-10-24 02:31:14.970861,2024-10-26 22:27:49.916194,2024-11-04 06:16:21.250534,2024-11-15 01:03:53
order_00002834,cust_00002002,delivered,2024-07-09 05:00:43,2024-07-09 08:57:07.888156,2024-07-10 00:42:44.921324,2024-07-15 19:55:21.898585,2024-07-24 05:00:43
order_00002835,cust_00000478,delivered,2024-11-07 18:00:08,2024-11-07 19:26:43.696308,2024-11-08 10:25:11.885929,2024-11-10 10:30:12.273122,2024-12-01 18:00:08
order_00002836,cust_00001367,delivered,2025-11-01 17:47:44,2025-11-01 19:51:57.629571,2025-11-04 00:32:55.050255,2025-11-05 13:57:05.366242,2025-11-19 17:47:44
order_00002837,cust_00000644,delivered,2025-02-28 12:30:08,2025-02-28 16:56:42.505407,2025-03-02 18:20:20.528080,2025-03-06 07:34:37.554101,2025-03-19 12:30:08
order_00002838,cust_00002331,canceled,2025-06-07 06:28:58,,,,2025-06-25 06:28:58
order_00002839,cust_00001044,delivered,2024-04-13 20:57:57,2024-04-14 05:37:24.454352,2024-04-15 09:19:42.734525,2024-04-19 12:53:55.354904,2024-04-29 20:57:57
order_00002840,cust_00001149,delivered,2024-08-04 09:29:17,2024-08-04 13:32:57.287547,2024-08-07 10:56:42.111205,2024-08-09 15:52:06.688343,2024-08-22 09:29:17
order_00002841,cust_00001767,delivered,2024-09-07 10:49:55,2024-09-07 19:17:00.691767,2024-09-09 02:36:10.402675,2024-09-11 04:38:44.355285,2024-10-01 10:49:55
order_00002842,cust_00001538,delivered,2024-01-10 21:09:22,2024-01-11 05:12:45.859969,2024-01-11 23:12:38.600111,2024-01-13 02:15:50.342166,2024-01-28 21:09:22
order_00002843,cust_00002595,delivered,2024-04-20 19:36:24,2024-04-21 01:38:22.199267,2024-04-24 12:26:15.248324,2024-04-27 10:26:02.204258,2024-05-11 19:36:24
order_00002844,cust_00001003,delivered,2024-06-01 04:45:18,2024-06-01 09:11:55.042082,2024-06-01 22:09:28.045485,2024-06-07 19:38:43.724051,2024-06-22 04:45:18
order_00002845,cust_00002203,delivered,2024-02-11 13:33:15,2024-02-11 18:08:31.041069,2024-02-12 07:34:50.267945,2024-02-22 14:07:14.319334,2024-02-28 13:33:15
order_00002846,cust_00001334,delivered,2025-12-24 15:51:26,2025-12-24 16:36:57.415644,2025-12-26 21:01:27.228540,2025-12-27 22:49:05.291149,2026-01-19 15:51:26
order_00002847,cust_00002687,delivered,2025-03-01 23:15:30,2025-03-02 03:25:10.563952,2025-03-04 20:59:34.776806,2025-03-10 22:48:52.886329,2025-03-20 23:15:30
order_00002848,cust_00002011,delivered,2025-02-21 06:53:55,2025-02-21 10:14:18.289090,2025-02-22 16:14:17.471148,2025-02-24 14:08:39.619252,2025-03-15 06:53:55
order_00002849,cust_00002447,delivered,2024-10-15 14:18:32,2024-10-15 23:20:57.880714,2024-10-16 14:20:23.426188,2024-10-17 22:41:36.984195,2024-10-30 14:18:32
order_00002850,cust_00001478,delivered,2024-03-30 00:15:14,2024-03-30 01:22:43.292452,2024-03-31 11:51:22.899941,2024-04-08 04:20:01.777742,2024-04-23 00:15:14
order_00002851,cust_00002454,delivered,2024-01-25 13:20:53,2024-01-25 17:36:42.355565,2024-01-30 02:54:39.846085,2024-02-01 07:24:41.834446,2024-02-19 13:20:53
order_00002852,cust_00000106,processing,2025-10-02 19:12:08,2025-10-02 21:38:43.692109,,,2025-10-26 19:12:08
order_00002853,cust_00000104,delivered,2025-03-21 22:25:28,2025-03-22 02:09:14.104043,2025-03-23 04:55:42.226077,2025-03-31 09:37:08.359183,2025-04-04 22:25:28
order_00002854,cust_00000077,delivered,2025-07-06 13:23:06,2025-07-06 15:44:30.006651,2025-07-08 21:42:47.895304,2025-07-12 10:13:03.529524,2025-08-02 13:23:06
order_00002855,cust_00001456,delivered,2024-04-03 22:00:38,2024-04-03 23:17:15.533543,2024-04-04 17:36:03.736802,2024-04-07 19:48:43.212044,2024-04-21 22:00:38
order_00002856,cust_00002530,delivered,2024-07-01 07:09:49,2024-07-01 13:23:14.153973,2024-07-02 13:25:55.076081,2024-07-24 17:19:11.526864,2024-07-17 07:09:49
order_00002857,cust_00002169,delivered,2025-06-23 20:23:26,2025-06-23 22:54:36.972068,2025-06-26 04:00:27.848112,2025-07-01 05:34:33.156233,2025-07-12 20:23:26
order_00002858,cust_00000764,delivered,2025-11-29 01:17:38,2025-11-29 11:45:22.440317,2025-12-01 01:08:58.373237,2025-12-04 01:45:14.629370,2025-12-13 01:17:38
order_00002859,cust_00000000,delivered,2024-11-05 05:37:49,2024-11-06 04:03:20.754292,2024-11-07 16:52:43.135450,2024-11-11 14:01:29.751510,2024-11-25 05:37:49
order_00002860,cust_00000319,delivered,2024-07-06 16:15:43,2024-07-07 00:04:55.064247,2024-07-09 07:47:42.293671,2024-07-13 13:23:18.623220,2024-07-26 16:15:43
order_00002861,cust_00002344,delivered,2024-10-14 13:02:58,2024-10-14 21:28:01.221584,2024-10-15 23:49:47.135853,2024-10-26 09:48:07.856834,2024-10-29 13:02:58
order_00002862,cust_00001160,delivered,2024-07-01 23:11:21,2024-07-02 02:52:15.419816,2024-07-03 04:46:07.607841,2024-07-06 08:31:17.149924,2024-07-20 23:11:21
order_00002863,cust_00001671,delivered,2025-11-23 11:13:58,2025-11-23 17:09:49.554044,2025-11-26 19:45:19.435163,2025-12-13 04:11:03.595653,2025-12-16 11:13:58
order_00002864,cust_00001562,delivered,2025-08-08 12:06:08,2025-08-08 18:20:01.070142,2025-08-12 21:15:51.884852,2025-08-21 05:27:53.182993,2025-09-04 12:06:08
order_00002865,cust_00000588,delivered,2025-11-16 09:10:47,2025-11-16 14:10:56.269757,2025-11-22 01:17:10.604925,2025-11-24 00:33:40.693997,2025-12-05 09:10:47
order_00002866,cust_00000522,delivered,2025-11-24 10:07:41,2025-11-24 16:24:14.060885,2025-11-26 13:40:20.673912,2025-11-27 15:34:45.040654,2025-12-16 10:07:41
order_00002867,cust_00000210,delivered,2025-10-22 07:42:37,2025-10-22 11:04:58.818264,2025-10-23 01:30:51.631199,2025-10-29 22:49:35.653063,2025-11-12 07:42:37
order_00002868,cust_00002363,delivered,2025-08-02 17:49:10,2025-08-02 23:42:38.469837,2025-08-04 19:26:24.472329,2025-08-17 02:55:03.740114,2025-08-20 17:49:10
order_00002869,cust_00001288,delivered,2025-09-26 03:42:09,2025-09-26 10:14:59.324924,2025-09-28 07:05:54.950180,2025-10-04 23:52:26.640488,2025-10-17 03:42:09
order_00002870,cust_00002900,delivered,2024-05-25 12:24:36,2024-05-25 21:12:42.632675,2024-05-27 02:06:06.106090,2024-05-28 09:22:28.974219,2024-06-10 12:24:36
order_00002871,cust_00002537,delivered,2025-05-06 18:59:16,2025-05-06 23:35:45.862706,2025-05-09 16:02:13.983536,2025-05-17 21:26:19.537645,2025-05-23 18:59:16
order_00002872,cust_00002119,delivered,2024-02-09 00:42:00,2024-02-09 07:50:54.080649,2024-02-11 16:45:21.491303,2024-02-16 04:14:32.009707,2024-02-26 00:42:00
order_00002873,cust_00002941,delivered,2024-07-16 00:51:47,2024-07-16 03:27:01.723084,2024-07-18 09:07:41.152272,2024-07-27 21:59:18.122431,2024-08-03 00:51:47
order_00002874,cust_00000511,delivered,2024-05-09 07:58:54,2024-05-09 10:41:14.531303,2024-05-10 13:55:26.386380,2024-05-15 16:09:33.421858,2024-05-28 07:58:54
order_00002875,cust_00000887,delivered,2025-03-29 00:15:34,2025-03-29 16:17:52.705576,2025-04-01 10:30:29.501449,2025-04-03 21:20:41.325755,2025-04-17 00:15:34
order_00002876,cust_00000715,delivered,2025-11-22 04:31:30,2025-11-22 08:34:53.261138,2025-11-23 02:08:49.376087,2025-11-24 07:27:07.722143,2025-12-11 04:31:30
order_00002877,cust_00002404,delivered,2024-04-28 07:06:14,2024-04-28 09:57:52.175334,2024-04-29 16:17:43.515117,2024-05-15 14:51:18.154721,2024-05-21 07:06:14
order_00002878,cust_00000569,unavailable,2024-11-19 12:28:40,2024-11-19 14:20:26.968539,,,2024-12-08 12:28:40
order_00002879,cust_00002331,delivered,2024-12-28 16:31:23,2024-12-28 19:22:00.990437,2024-12-31 09:45:47.732621,2025-01-09 03:27:30.054343,2025-01-15 16:31:23
order_00002880,cust_00002331,delivered,2025-10-05 02:46:20,2025-10-05 11:33:05.480606,2025-10-06 19:09:40.191773,2025-10-15 01:58:13.223427,2025-10-27 02:46:20
order_00002881,cust_00001037,delivered,2024-06-01 09:48:46,2024-06-01 13:09:07.028391,2024-06-02 01:48:39.797547,2024-06-06 23:58:43.537269,2024-06-22 09:48:46
order_00002882,cust_00000114,delivered,2025-10-06 20:05:57,2025-10-06 22:29:32.961848,2025-10-08 15:25:23.552283,2025-10-13 12:29:59.898484,2025-10-26 20:05:57
order_00002883,cust_00000447,delivered,2024-02-05 15:38:01,2024-02-06 00:55:21.689345,2024-02-08 07:28:53.253262,2024-02-10 01:28:35.544495,2024-02-20 15:38:01
order_00002884,cust_00001808,delivered,2025-01-31 02:40:18,2025-01-31 03:18:43.746852,2025-02-02 05:40:16.399986,2025-02-03 08:25:01.793179,2025-02-21 02:40:18
order_00002885,cust_00000371,delivered,2025-08-10 10:16:51,2025-08-10 12:05:36.046734,2025-08-11 11:58:30.616819,2025-08-14 14:22:59.568810,2025-08-26 10:16:51
order_00002886,cust_00001486,delivered,2025-06-10 23:20:17,2025-06-11 02:49:50.879761,2025-06-16 08:12:00.059713,2025-06-18 22:37:48.461846,2025-06-29 23:20:17
order_00002887,cust_00001893,delivered,2025-08-30 02:00:36,2025-08-30 17:55:58.346134,2025-09-01 00:36:09.512277,2025-09-03 12:30:55.229174,2025-09-20 02:00:36
order_00002888,cust_00000819,delivered,2025-05-15 21:21:13,2025-05-16 07:41:54.094507,2025-05-17 20:51:26.507067,2025-05-21 22:58:01.848849,2025-06-04 21:21:13
order_00002889,cust_00002459,shipped,2024-03-26 12:31:56,2024-03-26 18:33:54.270795,2024-03-27 07:32:05.660681,,2024-04-11 12:31:56
order_00002890,cust_00000944,delivered,2025-10-14 07:07:20,2025-10-14 10:10:13.880243,2025-10-15 07:05:38.636345,2025-10-19 20:59:44.506228,2025-11-02 07:07:20
order_00002891,cust_00000310,canceled,2024-02-01 06:22:47,,,,2024-02-21 06:22:47
order_00002892,cust_00002012,delivered,2025-05-11 15:24:10,2025-05-11 17:31:50.946004,2025-05-12 09:29:38.961267,2025-05-22 12:49:50.819718,2025-06-06 15:24:10
order_00002893,cust_00002462,canceled,2025-08-04 15:34:42,,,,2025-08-20 15:34:42
order_00002894,cust_00002756,delivered,2025-08-04 19:47:21,2025-08-05 00:49:56.280892,2025-08-07 04:56:27.445284,2025-08-11 05:28:13.138911,2025-08-29 19:47:21
order_00002895,cust_00001532,delivered,2024-09-30 13:09:12,2024-10-01 15:24:53.210501,2024-10-03 03:35:02.668244,2024-10-05 05:50:29.599362,2024-10-20 13:09:12
order_00002896,cust_00002057,delivered,2024-10-16 08:39:40,2024-10-16 11:55:45.512666,2024-10-17 07:10:28.059321,2024-10-23 00:30:51.451438,2024-11-12 08:39:40
order_00002897,cust_00000578,canceled,2024-07-13 11:19:30,,,,2024-07-27 11:19:30
order_00002898,cust_00002705,delivered,2024-04-12 23:47:00,2024-04-13 00:25:48.596701,2024-04-16 12:11:17.058518,2024-04-18 02:30:23.132614,2024-05-07 23:47:00
order_00002899,cust_00000701,delivered,2024-10-11 01:42:42,2024-10-11 04:50:36.097149,2024-10-13 14:26:18.915608,2024-10-15 19:58:10.341559,2024-11-01 01:42:42
order_00002900,cust_00000509,delivered,2024-06-18 23:47:41,2024-06-19 00:59:03.125009,2024-06-24 13:33:51.457312,2024-06-29 11:37:34.497336,2024-07-05 23:47:41
order_00002901,cust_00001403,delivered,2024-03-31 18:17:30,2024-04-01 01:39:27.200342,2024-04-02 23:57:34.474978,2024-04-07 05:01:19.039777,2024-04-24 18:17:30
order_00002902,cust_00001791,canceled,2025-01-16 10:49:31,,,,2025-02-04 10:49:31
order_00002903,cust_00002962,delivered,2025-01-23 08:58:44,2025-01-23 10:26:49.165981,2025-01-25 23:10:26.570661,2025-01-27 02:45:43.348195,2025-02-11 08:58:44
order_00002904,cust_00000005,shipped,2024-08-03 04:16:18,2024-08-03 14:04:21.655484,2024-08-04 11:07:25.709171,,2024-08-20 04:16:18
order_00002905,cust_00002787,delivered,2025-05-31 04:29:00,2025-05-31 11:42:32.579501,2025-06-02 13:20:47.171711,2025-06-09 06:20:16.401833,2025-06-23 04:29:00
order_00002906,cust_00000549,delivered,2024-03-10 18:46:04,2024-03-10 22:07:37.958224,2024-03-11 13:31:15.185632,2024-03-15 16:35:56.988671,2024-04-02 18:46:04
order_00002907,cust_00002230,delivered,2024-05-22 00:33:09,2024-05-22 04:01:28.157726,2024-05-23 05:31:24.363566,2024-05-31 18:53:34.588064,2024-06-17 00:33:09
order_00002908,cust_00000650,delivered,2024-06-22 21:05:18,2024-06-23 11:05:56.866908,2024-06-27 14:25:45.952488,2024-06-28 15:11:50.982594,2024-07-06 21:05:18
order_00002909,cust_00002945,delivered,2024-03-01 19:10:20,2024-03-01 21:15:05.840975,2024-03-05 04:37:27.308912,2024-03-08 18:33:39.307057,2024-03-15 19:10:20
order_00002910,cust_00000006,delivered,2025-12-21 12:30:12,2025-12-21 13:37:37.835114,2025-12-23 12:11:51.635285,2025-12-25 15:48:12.500221,2026-01-09 12:30:12
order_00002911,cust_00000100,delivered,2024-11-03 23:56:34,2024-11-04 16:02:10.513211,2024-11-05 10:14:45.555386,2024-11-07 19:34:52.308889,2024-11-26 23:56:34
order_00002912,cust_00000337,delivered,2024-03-05 23:19:56,2024-03-06 03:19:32.934552,2024-03-07 09:38:02.448473,2024-03-10 05:52:21.014317,2024-03-27 23:19:56
order_00002913,cust_00002553,delivered,2025-07-07 08:37:17,2025-07-07 14:45:42.174909,2025-07-09 03:20:53.326334,2025-07-14 03:01:36.233663,2025-07-27 08:37:17
order_00002914,cust_00001129,delivered,2024-11-20 12:03:28,2024-11-20 12:37:22.729093,2024-11-21 07:24:33.590919,2024-12-14 13:58:04.347675,2024-12-01 12:03:28
order_00002915,cust_00001954,delivered,2024-08-23 06:17:05,2024-08-23 10:28:04.763462,2024-08-26 03:45:58.178794,2024-09-05 09:07:05.186115,2024-09-12 06:17:05
order_00002916,cust_00002660,delivered,2024-06-24 14:16:45,2024-06-25 01:33:22.569684,2024-06-26 07:06:49.722892,2024-07-05 21:26:10.065868,2024-07-14 14:16:45
order_00002917,cust_00001106,delivered,2024-09-26 22:35:33,2024-09-27 07:26:39.333640,2024-09-28 18:50:47.372986,2024-10-01 21:34:57.706823,2024-10-17 22:35:33
order_00002918,cust_00001546,delivered,2025-08-04 20:24:07,2025-08-04 22:14:14.859509,2025-08-10 22:08:37.478192,2025-08-12 22:26:32.042695,2025-08-25 20:24:07
order_00002919,cust_00002412,delivered,2024-05-26 12:41:44,2024-05-26 16:55:39.282823,2024-05-27 06:16:41.734429,2024-06-07 18:34:32.485823,2024-06-17 12:41:44
order_00002920,cust_00001977,delivered,2025-07-28 15:48:47,2025-07-29 11:43:46.752319,2025-08-01 20:15:03.548975,2025-08-05 20:05:59.998160,2025-08-15 15:48:47
order_00002921,cust_00000163,delivered,2025-01-30 12:13:07,2025-01-30 13:47:00.081090,2025-02-01 05:21:38.839235,2025-02-02 19:14:12.827800,2025-02-19 12:13:07
order_00002922,cust_00002218,delivered,2025-07-07 17:42:25,2025-07-07 21:51:05.463539,2025-07-09 21:04:58.427629,2025-07-16 07:29:25.112291,2025-08-02 17:42:25
order_00002923,cust_00001567,delivered,2025-01-14 12:14:08,2025-01-15 03:03:30.437420,2025-01-16 00:08:03.516891,2025-01-18 14:56:52.331260,2025-01-30 12:14:08
order_00002924,cust_00001396,delivered,2024-04-20 20:29:43,2024-04-21 01:54:47.392786,2024-04-22 09:10:37.744998,2024-04-29 00:46:49.670439,2024-05-12 20:29:43
order_00002925,cust_00002341,delivered,2025-01-27 20:44:28,2025-01-28 01:23:30.549191,2025-01-29 04:22:18.904280,2025-02-03 16:32:49.233493,2025-02-13 20:44:28
order_00002926,cust_00000049,canceled,2025-05-20 08:57:54,,,,2025-06-08 08:57:54
order_00002927,cust_00002342,delivered,2025-03-19 00:47:02,2025-03-19 16:05:50.626118,2025-03-23 14:20:06.892098,2025-03-27 13:54:02.170136,2025-04-14 00:47:02
order_00002928,cust_00002225,delivered,2025-07-08 13:50:15,2025-07-08 14:45:29.556847,2025-07-10 09:44:13.020027,2025-07-13 08:12:34.118071,2025-07-24 13:50:15
order_00002929,cust_00001939,delivered,2024-04-14 18:15:16,2024-04-14 22:09:55.271362,2024-04-15 20:02:43.240680,2024-04-17 15:43:49.268090,2024-05-03 18:15:16
order_00002930,cust_00002808,delivered,2024-11-28 03:29:06,2024-11-28 11:28:53.390488,2024-11-29 08:15:28.983074,2024-12-01 10:45:47.009181,2024-12-16 03:29:06
order_00002931,cust_00000203,delivered,2025-11-30 13:57:31,2025-11-30 20:05:29.236531,2025-12-01 13:44:38.219292,2025-12-05 21:39:03.403861,2025-12-21 13:57:31
order_00002932,cust_00000944,delivered,2025-05-25 05:03:05,2025-05-25 09:36:11.013772,2025-05-27 16:55:56.322235,2025-06-03 02:45:27.128135,2025-06-09 05:03:05
order_00002933,cust_00002621,delivered,2025-11-25 23:31:03,2025-11-26 01:49:15.191497,2025-11-27 11:18:46.823981,2025-11-30 14:31:59.048895,2025-12-12 23:31:03
order_00002934,cust_00002357,delivered,2024-08-25 07:51:47,2024-08-25 10:29:20.306785,2024-08-26 19:55:53.291894,2024-09-06 10:59:34.071504,2024-09-12 07:51:47
order_00002935,cust_00001955,delivered,2025-03-13 04:06:23,2025-03-13 09:28:18.382678,2025-03-14 04:11:51.673833,2025-04-03 05:03:49.211951,2025-04-04 04:06:23
order_00002936,cust_00001047,delivered,2024-07-28 16:59:42,2024-07-28 17:36:16.985983,2024-07-29 07:12:33.322257,2024-08-04 21:08:36.369875,2024-08-18 16:59:42
order_00002937,cust_00002653,delivered,2025-09-25 15:23:48,2025-09-25 16:59:14.909227,2025-09-27 01:56:20.700832,2025-10-05 16:08:36.614592,2025-10-17 15:23:48
order_00002938,cust_00000602,delivered,2024-01-24 02:15:29,2024-01-24 22:27:09.904064,2024-01-25 21:52:48.547816,2024-02-01 19:12:47.755382,2024-02-11 02:15:29
order_00002939,cust_00002353,delivered,2024-02-20 23:05:07,2024-02-21 02:56:31.625407,2024-02-22 02:50:56.720919,2024-03-09 05:47:23.405323,2024-03-09 23:05:07
order_00002940,cust_00000199,delivered,2024-01-23 10:28:53,2024-01-23 20:34:59.117340,2024-01-26 09:34:02.532098,2024-01-27 19:25:41.835526,2024-02-09 10:28:53
order_00002941,cust_00001366,delivered,2024-02-02 22:35:03,2024-02-03 04:29:18.907751,2024-02-04 03:04:20.540123,2024-02-16 02:45:54.893898,2024-03-01 22:35:03
order_00002942,cust_00000430,delivered,2025-03-06 01:48:17,2025-03-06 10:16:40.330639,2025-03-11 15:02:37.298665,2025-03-12 17:38:12.362822,2025-03-25 01:48:17
order_00002943,cust_00000478,delivered,2025-02-05 09:27:43,2025-02-05 12:20:48.334103,2025-02-06 20:09:25.428843,2025-02-08 16:54:01.738910,2025-03-08 09:27:43
order_00002944,cust_00000225,delivered,2025-09-18 07:32:13,2025-09-18 20:06:16.008981,2025-09-22 15:32:32.872107,2025-09-27 02:15:45.657857,2025-10-04 07:32:13
order_00002945,cust_00001561,delivered,2024-12-03 20:34:13,2024-12-03 23:30:13.690139,2024-12-13 05:48:28.234434,2024-12-17 07:55:03.735297,2024-12-27 20:34:13
order_00002946,cust_00002016,delivered,2025-10-19 08:58:43,2025-10-19 09:41:41.004902,2025-10-20 14:51:19.527874,2025-10-25 19:18:59.502390,2025-11-07 08:58:43
order_00002947,cust_00001855,delivered,2025-04-09 14:28:09,2025-04-09 15:10:41.015654,2025-04-11 06:43:04.421857,2025-04-30 09:55:47.945616,2025-05-01 14:28:09
order_00002948,cust_00001172,delivered,2025-02-17 22:11:19,2025-02-18 04:13:34.484332,2025-02-19 03:31:19.258828,2025-02-20 04:47:48.070974,2025-03-10 22:11:19
order_00002949,cust_00001330,delivered,2025-07-21 17:28:31,2025-07-21 20:46:05.477861,2025-07-24 11:10:56.491005,2025-07-26 20:54:34.919565,2025-08-09 17:28:31
order_00002950,cust_00002142,delivered,2025-08-08 04:52:01,2025-08-08 06:08:14.648709,2025-08-11 12:13:10.301408,2025-08-17 08:00:34.651787,2025-08-24 04:52:01
order_00002951,cust_00002523,shipped,2025-10-10 09:24:08,2025-10-10 15:59:26.833609,2025-10-12 17:27:47.374681,,2025-10-27 09:24:08
order_00002952,cust_00001333,delivered,2024-09-12 21:14:06,2024-09-13 08:28:46.927261,2024-09-16 03:43:19.083716,2024-09-18 17:28:50.621716,2024-09-30 21:14:06
order_00002953,cust_00000279,delivered,2024-01-29 12:36:45,2024-01-29 15:49:50.371741,2024-02-01 08:57:08.037010,2024-02-03 10:55:30.237451,2024-02-20 12:36:45
order_00002954,cust_00001641,delivered,2025-01-01 21:57:11,2025-01-01 22:43:02.660861,2025-01-07 19:19:48.185931,2025-01-09 18:38:51.009629,2025-01-22 21:57:11
order_00002955,cust_00000763,delivered,2024-11-19 00:25:35,2024-11-19 01:52:35.136854,2024-11-21 08:23:45.592020,2024-11-29 04:14:12.026391,2024-12-10 00:25:35
order_00002956,cust_00001117,canceled,2025-07-17 03:36:08,,,,2025-08-04 03:36:08
order_00002957,cust_00001037,delivered,2024-02-17 23:15:27,2024-02-18 08:35:26.993084,2024-02-23 23:51:14.201349,2024-02-25 15:34:15.015628,2024-03-04 23:15:27
order_00002958,cust_00001916,shipped,2024-06-25 10:43:07,2024-06-25 14:55:12.136944,2024-06-28 01:14:22.167022,,2024-07-18 10:43:07
order_00002959,cust_00000063,delivered,2024-04-14 04:37:08,2024-04-14 13:57:14.939096,2024-04-17 05:55:12.610783,2024-04-22 14:13:29.364064,2024-05-06 04:37:08
order_00002960,cust_00000178,delivered,2025-01-21 22:32:18,2025-01-22 00:12:33.631990,2025-01-26 02:31:25.235076,2025-01-28 15:38:18.187326,2025-02-11 22:32:18
order_00002961,cust_00002837,delivered,2025-03-13 07:09:33,2025-03-13 17:39:19.783333,2025-03-14 08:20:18.151149,2025-03-18 14:28:47.796814,2025-03-31 07:09:33
order_00002962,cust_00002078,delivered,2025-03-14 15:17:48,2025-03-15 05:43:58.391050,2025-03-15 23:06:02.522905,2025-03-17 09:27:29.848818,2025-04-01 15:17:48
order_00002963,cust_00000056,delivered,2025-12-10 06:57:20,2025-12-10 11:24:19.505699,2025-12-11 22:07:08.428387,2025-12-13 09:28:15.291046,2026-01-03 06:57:20
order_00002964,cust_00001419,delivered,2024-04-18 18:19:04,2024-04-18 18:52:12.751915,2024-04-23 23:13:04.842274,2024-04-26 10:54:28.382004,2024-05-14 18:19:04
order_00002965,cust_00001938,delivered,2024-11-23 10:37:45,2024-11-23 14:14:16.059458,2024-11-24 15:44:40.571919,2024-11-26 15:52:19.009337,2024-12-12 10:37:45
order_00002966,cust_00000801,shipped,2024-09-04 22:14:27,2024-09-05 03:00:02.733417,2024-09-06 05:29:03.115592,,2024-09-20 22:14:27
order_00002967,cust_00001882,invoiced,2025-06-30 12:55:02,2025-06-30 15:47:57.155936,,,2025-07-18 12:55:02
order_00002968,cust_00000554,delivered,2024-05-23 12:45:09,2024-05-23 16:15:19.134571,2024-05-24 09:23:38.146085,2024-05-26 01:19:44.598526,2024-06-12 12:45:09
order_00002969,cust_00001216,delivered,2024-12-07 14:10:25,2024-12-07 23:14:44.576476,2024-12-08 13:14:09.402783,2024-12-09 17:39:21.085518,2024-12-22 14:10:25
order_00002970,cust_00000224,delivered,2024-08-30 04:26:21,2024-08-30 23:26:03.598534,2024-09-01 17:17:20.087745,2024-09-06 05:07:13.533088,2024-09-16 04:26:21
order_00002971,cust_00000085,delivered,2025-12-13 22:15:24,2025-12-13 23:39:05.919970,2025-12-14 23:12:02.804006,2025-12-24 15:20:01.111647,2025-12-28 22:15:24
order_00002972,cust_00002032,delivered,2025-05-08 03:18:55,2025-05-08 05:42:12.067014,2025-05-09 00:33:28.678367,2025-05-11 12:50:58.182880,2025-05-27 03:18:55
order_00002973,cust_00000391,delivered,2024-04-22 12:00:05,2024-04-22 13:59:45.003012,2024-04-27 01:42:39.230508,2024-04-28 16:25:34.789646,2024-05-14 12:00:05
order_00002974,cust_00002237,delivered,2024-11-30 21:28:56,2024-12-01 16:23:09.778444,2024-12-02 14:26:30.285749,2024-12-11 10:26:39.395477,2024-12-20 21:28:56
order_00002975,cust_00000484,canceled,2025-05-08 05:19:40,,,,2025-05-19 05:19:40
order_00002976,cust_00002310,delivered,2025-04-25 18:48:09,2025-04-25 21:10:18.291878,2025-04-27 10:31:01.988017,2025-04-30 15:17:23.416699,2025-05-18 18:48:09
order_00002977,cust_00001816,delivered,2025-09-25 11:17:28,2025-09-25 19:04:57.162878,2025-09-30 07:37:04.336855,2025-10-02 05:22:52.237557,2025-10-12 11:17:28
order_00002978,cust_00000388,delivered,2024-10-23 11:43:41,2024-10-23 13:47:38.357888,2024-10-24 05:24:38.601371,2024-11-03 17:48:24.450675,2024-11-13 11:43:41
order_00002979,cust_00000001,delivered,2025-02-25 19:04:05,2025-02-25 23:02:45.948299,2025-03-01 17:16:58.894164,2025-03-05 23:42:17.324285,2025-03-10 19:04:05
order_00002980,cust_00002575,processing,2025-05-06 23:20:42,2025-05-07 03:12:22.941450,,,2025-06-01 23:20:42
order_00002981,cust_00001851,processing,2024-02-09 12:22:44,2024-02-10 00:28:08.528216,,,2024-02-29 12:22:44
order_00002982,cust_00000399,delivered,2025-11-28 22:52:48,2025-11-29 04:45:30.871403,2025-11-29 22:24:57.494918,2025-12-03 20:22:59.325320,2025-12-10 22:52:48
order_00002983,cust_00002771,delivered,2025-10-10 03:58:37,2025-10-10 06:58:22.773821,2025-10-14 02:11:36.321704,2025-10-20 02:00:43.609183,2025-11-03 03:58:37
order_00002984,cust_00002853,delivered,2024-11-26 08:59:04,2024-11-26 10:01:27.623221,2024-11-28 01:20:05.026395,2024-12-04 14:25:44.585853,2024-12-17 08:59:04
order_00002985,cust_00001140,delivered,2024-11-11 08:10:34,2024-11-11 09:06:51.369856,2024-11-12 21:06:16.286621,2024-11-19 01:06:46.864883,2024-11-26 08:10:34
order_00002986,cust_00001724,delivered,2025-01-01 07:22:02,2025-01-01 13:14:51.850265,2025-01-02 07:44:29.568885,2025-01-03 14:58:39.687979,2025-01-14 07:22:02
order_00002987,cust_00002219,delivered,2024-10-16 09:33:41,2024-10-16 10:13:53.838204,2024-10-17 10:32:55.278550,2024-10-27 07:20:18.408299,2024-11-13 09:33:41
order_00002988,cust_00001203,delivered,2025-04-22 18:31:58,2025-04-22 19:13:02.509741,2025-04-25 04:43:32.594182,2025-05-02 14:02:30.259932,2025-05-12 18:31:58
order_00002989,cust_00001048,delivered,2024-04-07 14:51:17,2024-04-07 18:16:48.353189,2024-04-09 18:55:47.055945,2024-04-21 20:46:56.182310,2024-05-01 14:51:17
order_00002990,cust_00002592,processing,2024-11-06 20:44:12,2024-11-07 05:42:37.906866,,,2024-11-28 20:44:12
order_00002991,cust_00000715,delivered,2025-04-26 17:41:56,2025-04-27 03:04:32.077765,2025-04-28 03:19:13.432603,2025-04-29 17:25:45.165794,2025-05-14 17:41:56
order_00002992,cust_00000455,delivered,2025-02-26 17:01:20,2025-02-27 03:12:54.186511,2025-03-02 00:51:39.770215,2025-03-06 07:52:39.644510,2025-03-25 17:01:20
order_00002993,cust_00000730,delivered,2025-03-13 04:59:58,2025-03-13 07:01:05.198355,2025-03-15 23:18:02.404786,2025-03-19 16:06:59.774610,2025-04-02 04:59:58
order_00002994,cust_00000863,shipped,2024-06-04 02:46:46,2024-06-04 09:27:55.747708,2024-06-10 04:07:40.461878,,2024-06-22 02:46:46
order_00002995,cust_00001532,delivered,2024-02-10 11:25:09,2024-02-11 04:40:00.844591,2024-02-13 22:27:50.017484,2024-02-15 09:47:05.952252,2024-02-27 11:25:09
order_00002996,cust_00000006,delivered,2025-07-21 23:51:07,2025-07-22 01:59:40.281072,2025-07-23 20:11:36.294066,2025-07-29 02:40:54.400146,2025-08-12 23:51:07
order_00002997,cust_00001114,delivered,2025-08-19 05:20:33,2025-08-19 13:24:22.329224,2025-08-22 08:38:04.363545,2025-08-26 03:08:56.251424,2025-09-11 05:20:33
order_00002998,cust_00002604,delivered,2024-11-02 06:03:52,2024-11-02 14:00:20.725612,2024-11-03 17:39:39.828083,2024-11-15 17:05:33.286293,2024-11-27 06:03:52
order_00002999,cust_00001373,delivered,2025-03-31 22:00:10,2025-03-31 23:51:29.473035,2025-04-02 04:55:18.492575,2025-04-12 11:36:53.917889,2025-04-19 22:00:10
order_00003000,cust_00000189,delivered,2025-06-22 07:43:17,2025-06-22 08:30:27.380895,2025-06-25 01:42:59.199902,2025-06-26 08:00:50.016683,2025-07-11 07:43:17
order_00003001,cust_00002249,delivered,2024-08-19 08:42:42,2024-08-19 13:08:14.089332,2024-08-20 05:11:34.098369,2024-09-08 02:19:59.381787,2024-09-07 08:42:42
order_00003002,cust_00000230,delivered,2024-02-21 03:16:27,2024-02-21 08:56:12.552024,2024-02-21 21:57:25.048294,2024-02-23 11:35:53.953856,2024-03-08 03:16:27
order_00003003,cust_00002512,delivered,2025-05-30 01:55:10,2025-05-30 03:24:08.891474,2025-05-31 04:23:57.814610,2025-06-11 03:41:44.865344,2025-06-18 01:55:10
order_00003004,cust_00002301,delivered,2024-06-14 09:48:20,2024-06-14 22:41:27.355978,2024-06-17 14:29:22.121960,2024-06-27 19:31:27.639076,2024-07-09 09:48:20
order_00003005,cust_00000892,delivered,2025-10-07 01:04:31,2025-10-07 06:25:13.557314,2025-10-08 02:38:02.297440,2025-10-10 02:15:18.802074,2025-10-20 01:04:31
order_00003006,cust_00001570,delivered,2025-08-14 01:02:27,2025-08-14 04:14:34.867823,2025-08-16 01:57:45.249858,2025-08-22 20:42:22.552670,2025-09-01 01:02:27
order_00003007,cust_00001758,delivered,2025-09-17 03:04:09,2025-09-17 08:40:35.387916,2025-09-19 20:09:14.330020,2025-10-01 12:44:12.824931,2025-10-10 03:04:09
order_00003008,cust_00000260,delivered,2024-11-15 13:29:30,2024-11-15 19:06:45.110878,2024-11-16 13:35:52.829505,2024-11-22 18:39:49.647727,2024-12-02 13:29:30
order_00003009,cust_00000424,delivered,2025-01-08 23:36:34,2025-01-09 02:49:27.174472,2025-01-10 02:40:51.651148,2025-01-16 12:25:19.773025,2025-01-23 23:36:34
order_00003010,cust_00002013,delivered,2025-12-15 12:22:45,2025-12-16 01:38:10.084314,2025-12-18 03:42:20.017077,2026-01-11 16:27:02.068727,2026-01-07 12:22:45
order_00003011,cust_00002274,delivered,2025-12-11 16:34:40,2025-12-11 17:27:24.258218,2025-12-15 15:02:19.032114,2025-12-19 06:58:20.813114,2025-12-29 16:34:40
order_00003012,cust_00001651,delivered,2025-02-05 05:53:31,2025-02-06 00:30:57.645274,2025-02-08 09:48:30.394024,2025-02-11 18:31:28.696367,2025-02-28 05:53:31
order_00003013,cust_00001218,delivered,2024-12-31 13:50:13,2024-12-31 23:30:37.066122,2025-01-01 17:23:45.097414,2025-01-08 19:47:56.985776,2025-01-17 13:50:13
order_00003014,cust_00002254,delivered,2024-01-12 06:01:49,2024-01-12 07:34:42.482983,2024-01-13 04:25:07.215469,2024-01-23 04:50:30.889929,2024-02-06 06:01:49
order_00003015,cust_00002392,delivered,2025-12-13 08:04:38,2025-12-13 16:05:49.260339,2025-12-19 14:32:07.407665,2025-12-23 19:04:46.808872,2025-12-29 08:04:38
order_00003016,cust_00002710,delivered,2024-01-06 18:44:07,2024-01-07 01:23:24.698541,2024-01-09 04:54:10.200049,2024-01-15 21:09:15.662620,2024-01-16 18:44:07
order_00003017,cust_00001469,delivered,2024-09-20 23:29:04,2024-09-21 07:05:38.369846,2024-09-22 12:56:37.080510,2024-10-07 06:34:29.052860,2024-10-10 23:29:04
order_00003018,cust_00001788,delivered,2024-11-28 04:36:06,2024-11-28 05:32:36.377493,2024-11-30 09:50:55.811287,2024-12-07 05:02:08.853362,2024-12-28 04:36:06
order_00003019,cust_00002469,delivered,2025-01-01 01:53:31,2025-01-01 09:06:27.107458,2025-01-02 02:51:19.644660,2025-01-07 11:15:52.814025,2025-01-20 01:53:31
order_00003020,cust_00002450,delivered,2025-07-21 01:58:39,2025-07-21 07:48:51.146278,2025-07-22 03:24:18.274016,2025-07-25 20:20:55.325830,2025-08-10 01:58:39
order_00003021,cust_00000366,delivered,2024-02-21 16:44:42,2024-02-22 00:19:35.464827,2024-02-25 18:34:44.951180,2024-02-27 06:01:45.233121,2024-03-14 16:44:42
order_00003022,cust_00000462,delivered,2025-09-02 19:43:10,2025-09-02 22:05:27.364018,2025-09-03 18:45:43.040666,2025-09-11 01:05:49.965701,2025-09-19 19:43:10
order_00003023,cust_00001407,delivered,2024-11-11 15:23:02,2024-11-11 19:04:33.113814,2024-11-14 10:14:58.931284,2024-11-17 05:23:21.305979,2024-11-27 15:23:02
order_00003024,cust_00001778,delivered,2025-07-07 06:29:24,2025-07-07 08:28:55.769853,2025-07-08 13:49:36.749183,2025-07-13 19:34:02.380814,2025-07-23 06:29:24
order_00003025,cust_00000730,delivered,2024-05-13 08:27:56,2024-05-13 08:58:29.478564,2024-05-14 15:21:25.075780,2024-05-29 11:02:46.700790,2024-05-27 08:27:56
order_00003026,cust_00001107,delivered,2024-09-21 04:46:25,2024-09-21 09:06:25.276335,2024-09-26 03:30:36.291206,2024-09-30 03:30:07.503368,2024-10-12 04:46:25
order_00003027,cust_00002700,delivered,2025-02-17 04:33:51,2025-02-17 06:55:07.221323,2025-02-18 08:51:10.051379,2025-02-25 18:32:33.592589,2025-03-11 04:33:51
order_00003028,cust_00000720,delivered,2024-02-11 09:09:14,2024-02-11 11:18:42.404095,2024-02-12 03:01:10.220806,2024-02-14 20:09:03.945021,2024-03-01 09:09:14
order_00003029,cust_00001954,delivered,2025-03-21 20:09:46,2025-03-21 23:04:23.145911,2025-03-23 23:35:21.708632,2025-03-25 01:01:03.063995,2025-04-09 20:09:46
order_00003030,cust_00001962,delivered,2025-08-31 11:22:08,2025-08-31 19:28:38.282150,2025-09-02 17:49:44.725655,2025-09-06 00:38:42.559565,2025-09-17 11:22:08
order_00003031,cust_00000464,delivered,2025-05-12 09:56:28,2025-05-12 16:51:26.805637,2025-05-15 18:19:50.516481,2025-06-10 18:58:05.645175,2025-05-31 09:56:28
order_00003032,cust_00000953,shipped,2025-09-24 22:48:57,2025-09-25 05:03:42.419837,2025-09-30 22:09:08.733662,,2025-10-12 22:48:57
order_00003033,cust_00001148,delivered,2024-02-22 08:32:01,2024-02-22 09:31:45.100836,2024-02-26 02:18:42.774120,2024-02-29 18:28:40.957962,2024-03-15 08:32:01
order_00003034,cust_00002513,delivered,2024-08-19 22:08:21,2024-08-20 01:43:35.893183,2024-08-23 08:20:46.191268,2024-09-19 22:09:46.473935,2024-09-05 22:08:21
order_00003035,cust_00000531,delivered,2024-05-24 22:39:53,2024-05-25 09:05:45.634647,2024-05-27 16:45:03.918657,2024-06-01 10:08:47.729208,2024-06-11 22:39:53
order_00003036,cust_00002412,delivered,2024-04-09 01:33:10,2024-04-09 04:13:54.021998,2024-04-09 16:58:46.207705,2024-04-16 09:53:46.071579,2024-04-23 01:33:10
order_00003037,cust_00000558,delivered,2025-10-01 17:52:43,2025-10-01 20:26:30.419430,2025-10-05 06:38:40.499863,2025-10-17 22:19:55.289886,2025-10-24 17:52:43
order_00003038,cust_00002403,delivered,2024-06-12 01:07:59,2024-06-12 14:41:26.255883,2024-06-13 21:06:23.636873,2024-06-18 09:45:01.105943,2024-07-02 01:07:59
order_00003039,cust_00002289,delivered,2025-12-01 14:15:15,2025-12-01 15:06:00.001261,2025-12-02 09:33:53.177275,2025-12-08 21:37:15.222563,2025-12-22 14:15:15
order_00003040,cust_00002250,delivered,2024-04-22 06:19:58,2024-04-22 10:51:26.036823,2024-04-26 02:28:14.378119,2024-05-01 21:36:50.823214,2024-05-21 06:19:58
order_00003041,cust_00002847,delivered,2025-10-23 13:01:07,2025-10-23 21:56:00.447154,2025-10-25 18:31:31.716761,2025-10-30 04:13:48.986659,2025-11-11 13:01:07
order_00003042,cust_00001729,delivered,2024-07-28 00:44:00,2024-07-28 14:09:39.582566,2024-07-30 23:05:47.311837,2024-08-02 09:51:58.037690,2024-08-12 00:44:00
order_00003043,cust_00002782,delivered,2024-06-06 19:36:09,2024-06-06 20:30:12.903924,2024-06-10 11:16:33.817851,2024-06-21 22:41:18.701543,2024-06-25 19:36:09
order_00003044,cust_00000123,delivered,2024-12-11 09:49:00,2024-12-11 22:16:46.229066,2024-12-14 03:41:09.802261,2024-12-17 17:31:33.618232,2025-01-09 09:49:00
order_00003045,cust_00000644,delivered,2025-07-21 09:16:56,2025-07-21 09:52:38.999924,2025-07-22 08:43:35.696336,2025-07-28 08:55:28.833377,2025-08-08 09:16:56
order_00003046,cust_00002855,delivered,2025-03-31 14:42:45,2025-04-01 05:21:09.553198,2025-04-03 16:22:50.386299,2025-04-07 20:42:13.780057,2025-04-20 14:42:45
order_00003047,cust_00001973,processing,2024-06-24 06:18:24,2024-06-24 10:40:47.600130,,,2024-07-11 06:18:24
order_00003048,cust_00000372,delivered,2025-07-03 19:44:43,2025-07-03 20:32:06.414762,2025-07-07 20:47:18.354871,2025-07-20 05:31:11.782565,2025-07-19 19:44:43
order_00003049,cust_00001137,delivered,2025-08-22 19:45:44,2025-08-22 21:21:01.581784,2025-08-24 09:00:14.493947,2025-08-30 22:56:46.505712,2025-09-10 19:45:44
order_00003050,cust_00001963,delivered,2024-09-27 19:59:06,2024-09-28 05:03:27.639969,2024-09-29 20:06:51.760363,2024-10-09 21:38:46.824285,2024-10-17 19:59:06
order_00003051,cust_00000348,delivered,2024-05-17 13:49:23,2024-05-18 01:57:16.675135,2024-05-20 06:22:00.889584,2024-06-08 20:51:11.566217,2024-06-07 13:49:23
order_00003052,cust_00002012,delivered,2024-02-07 21:01:33,2024-02-07 23:12:04.851481,2024-02-09 18:41:42.182759,2024-02-14 23:17:34.466551,2024-02-19 21:01:33
order_00003053,cust_00001865,delivered,2024-12-24 13:55:30,2024-12-24 15:57:51.990049,2024-12-26 09:33:07.493774,2025-01-03 01:22:31.733884,2025-01-12 13:55:30
order_00003054,cust_00000477,shipped,2025-12-24 06:17:12,2025-12-24 09:36:29.764973,2025-12-26 06:49:50.669879,,2026-01-10 06:17:12
order_00003055,cust_00000659,delivered,2025-07-06 08:23:19,2025-07-06 19:49:32.627044,2025-07-07 12:37:46.741193,2025-07-19 07:05:07.494352,2025-07-26 08:23:19
order_00003056,cust_00000285,delivered,2024-08-06 23:03:55,2024-08-07 04:22:47.809798,2024-08-08 00:59:22.347570,2024-08-09 20:40:27.618520,2024-08-31 23:03:55
order_00003057,cust_00000426,delivered,2025-12-07 02:11:05,2025-12-07 04:52:46.314073,2025-12-08 00:15:02.167845,2025-12-11 16:36:38.195191,2026-01-01 02:11:05
order_00003058,cust_00001890,delivered,2025-01-21 10:10:25,2025-01-21 11:43:15.852833,2025-01-21 23:54:11.824361,2025-01-23 02:38:48.505187,2025-02-16 10:10:25
order_00003059,cust_00000086,delivered,2024-05-16 17:57:06,2024-05-16 20:45:12.651833,2024-05-17 23:37:42.550213,2024-05-23 02:15:53.513228,2024-06-01 17:57:06
order_00003060,cust_00000623,delivered,2025-07-18 19:19:56,2025-07-19 06:55:20.042198,2025-07-20 15:07:45.992575,2025-07-27 20:31:39.769027,2025-08-09 19:19:56
order_00003061,cust_00002802,canceled,2025-06-13 04:58:06,,,,2025-07-02 04:58:06
order_00003062,cust_00001759,delivered,2025-10-06 02:35:46,2025-10-06 05:42:15.178038,2025-10-07 23:26:54.072341,2025-10-22 11:22:07.656434,2025-10-30 02:35:46
order_00003063,cust_00001473,delivered,2025-01-20 12:14:51,2025-01-20 17:39:57.876478,2025-01-22 10:26:09.233716,2025-01-24 09:58:46.926614,2025-02-10 12:14:51
order_00003064,cust_00000550,delivered,2024-08-21 23:21:52,2024-08-22 01:55:25.698746,2024-08-24 22:13:05.892946,2024-08-30 10:37:44.052891,2024-09-11 23:21:52
order_00003065,cust_00002474,delivered,2024-05-21 13:33:40,2024-05-21 16:38:44.455100,2024-05-22 12:00:12.493500,2024-06-08 05:34:54.052319,2024-06-10 13:33:40
order_00003066,cust_00002429,delivered,2025-06-02 08:25:41,2025-06-02 09:14:32.613834,2025-06-04 07:40:46.603190,2025-06-06 11:03:00.907839,2025-06-23 08:25:41
order_00003067,cust_00001878,delivered,2024-12-20 20:53:26,2024-12-20 22:00:24.580839,2024-12-22 02:15:39.663891,2025-01-04 08:26:15.532236,2025-01-07 20:53:26
order_00003068,cust_00001001,delivered,2025-07-26 07:42:21,2025-07-26 12:47:30.879430,2025-07-27 19:00:41.048902,2025-08-04 13:24:18.392745,2025-08-18 07:42:21
order_00003069,cust_00002772,invoiced,2025-10-13 13:11:53,2025-10-13 14:33:51.248418,,,2025-11-02 13:11:53
order_00003070,cust_00000613,delivered,2025-10-05 02:59:43,2025-10-05 06:28:14.567327,2025-10-05 23:19:08.324140,2025-10-10 13:51:35.609728,2025-10-21 02:59:43
order_00003071,cust_00002686,delivered,2024-12-08 03:59:00,2024-12-08 04:56:36.051752,2024-12-10 10:42:05.838490,2024-12-11 15:08:06.614019,2024-12-24 03:59:00
order_00003072,cust_00002346,delivered,2024-09-10 06:05:07,2024-09-10 07:36:52.264726,2024-09-15 11:51:05.229759,2024-09-23 23:58:30.312291,2024-10-02 06:05:07
order_00003073,cust_00002296,delivered,2025-03-05 08:30:37,2025-03-05 10:40:50.937443,2025-03-06 08:21:59.696806,2025-03-09 08:37:18.268636,2025-03-25 08:30:37
order_00003074,cust_00001361,delivered,2025-02-06 20:38:19,2025-02-07 02:12:41.581642,2025-02-08 23:31:16.189815,2025-02-13 22:49:06.421364,2025-02-28 20:38:19
order_00003075,cust_00000296,delivered,2025-08-09 18:40:58,2025-08-09 23:53:45.333520,2025-08-11 01:51:08.595674,2025-08-16 14:53:09.923307,2025-08-30 18:40:58
order_00003076,cust_00000131,delivered,2024-07-29 13:41:34,2024-07-29 18:31:16.182843,2024-07-30 10:55:40.168602,2024-08-16 02:12:13.067924,2024-08-21 13:41:34
order_00003077,cust_00002377,delivered,2025-05-28 12:21:57,2025-05-28 22:31:35.793206,2025-06-01 04:22:08.038908,2025-06-02 06:26:14.105704,2025-06-13 12:21:57
order_00003078,cust_00001352,shipped,2024-01-10 15:49:58,2024-01-11 05:57:45.072390,2024-01-13 22:30:47.880349,,2024-01-31 15:49:58
order_00003079,cust_00001602,delivered,2024-05-07 20:26:09,2024-05-07 21:49:49.550245,2024-05-11 02:57:05.225470,2024-05-13 03:16:03.186130,2024-05-30 20:26:09
order_00003080,cust_00002514,delivered,2024-11-26 05:01:48,2024-11-26 19:32:35.969651,2024-11-30 18:42:07.030781,2024-12-07 19:18:04.182876,2024-12-18 05:01:48
order_00003081,cust_00002711,delivered,2025-12-06 11:43:11,2025-12-06 14:16:54.812016,2025-12-07 02:55:56.829289,2025-12-21 05:39:09.022365,2025-12-31 11:43:11
order_00003082,cust_00000173,delivered,2024-06-09 03:51:26,2024-06-09 14:40:48.859087,2024-06-16 05:30:02.219185,2024-06-18 23:34:46.258129,2024-07-03 03:51:26
order_00003083,cust_00000259,delivered,2024-09-05 01:50:24,2024-09-05 10:13:12.902956,2024-09-06 19:53:59.075595,2024-09-09 00:42:44.879678,2024-09-26 01:50:24
order_00003084,cust_00001161,delivered,2025-09-01 05:27:07,2025-09-01 08:44:06.421647,2025-09-07 03:51:47.303156,2025-09-08 11:48:50.742987,2025-09-21 05:27:07
order_00003085,cust_00000887,delivered,2024-04-17 12:58:15,2024-04-17 15:52:29.959785,2024-04-21 15:43:27.883540,2024-04-23 14:41:42.929785,2024-05-12 12:58:15
order_00003086,cust_00000199,delivered,2024-12-02 12:32:58,2024-12-02 17:42:43.717173,2024-12-03 16:14:59.678569,2024-12-11 14:59:52.868047,2024-12-22 12:32:58
order_00003087,cust_00002752,delivered,2025-03-22 19:28:56,2025-03-23 00:08:58.834476,2025-03-23 19:32:30.845820,2025-04-01 02:26:41.143041,2025-04-08 19:28:56
order_00003088,cust_00000262,unavailable,2025-11-20 12:52:17,2025-11-20 15:41:44.192132,,,2025-12-08 12:52:17
order_00003089,cust_00000068,delivered,2025-09-24 11:20:55,2025-09-24 12:51:15.152920,2025-09-25 22:28:28.272313,2025-10-02 04:34:08.393271,2025-10-15 11:20:55
order_00003090,cust_00002290,delivered,2025-04-17 23:55:01,2025-04-18 08:04:51.001791,2025-04-19 02:48:42.778169,2025-04-29 16:48:20.957900,2025-05-04 23:55:01
order_00003091,cust_00000786,canceled,2024-10-27 17:50:01,,,,2024-11-11 17:50:01
order_00003092,cust_00001552,delivered,2024-09-17 16:01:40,2024-09-17 18:41:39.279249,2024-09-18 11:03:37.203054,2024-09-20 15:32:17.240001,2024-10-09 16:01:40
order_00003093,cust_00002786,delivered,2024-03-03 11:48:18,2024-03-03 14:09:31.504502,2024-03-04 09:18:38.985656,2024-03-14 23:31:06.316442,2024-03-21 11:48:18
order_00003094,cust_00000417,delivered,2024-02-25 11:45:47,2024-02-25 17:35:31.705029,2024-02-26 15:20:06.394522,2024-02-27 21:24:45.359451,2024-03-08 11:45:47
order_00003095,cust_00001526,delivered,2024-10-06 19:11:04,2024-10-07 10:39:36.669019,2024-10-10 14:21:50.136468,2024-10-15 18:35:17.013000,2024-10-23 19:11:04
order_00003096,cust_00002114,delivered,2024-05-04 22:23:10,2024-05-05 21:14:52.772702,2024-05-06 14:02:00.487751,2024-05-09 01:59:08.794901,2024-05-25 22:23:10
order_00003097,cust_00002246,delivered,2024-11-15 18:19:19,2024-11-15 21:30:55.985871,2024-11-20 03:51:59.964955,2024-11-25 00:48:39.826016,2024-12-07 18:19:19
order_00003098,cust_00002301,delivered,2024-10-21 08:55:04,2024-10-21 10:57:18.836867,2024-10-23 21:19:07.174194,2024-10-29 08:07:26.929200,2024-11-14 08:55:04
order_00003099,cust_00000469,delivered,2025-01-17 04:17:32,2025-01-17 07:21:01.858957,2025-01-17 19:34:56.933155,2025-01-18 22:12:15.543235,2025-02-02 04:17:32
order_00003100,cust_00000361,delivered,2025-11-21 05:54:12,2025-11-21 09:20:55.200131,2025-11-22 01:19:59.571255,2025-11-27 13:18:58.226456,2025-12-06 05:54:12
order_00003101,cust_00000388,delivered,2025-03-19 14:28:00,2025-03-19 15:49:33.730641,2025-03-23 12:53:10.693053,2025-03-26 23:31:41.400900,2025-04-03 14:28:00
order_00003102,cust_00001707,delivered,2025-12-17 02:35:50,2025-12-17 05:46:00.487147,2025-12-18 00:07:56.506645,2025-12-24 10:52:59.562365,2026-01-06 02:35:50
order_00003103,cust_00002312,delivered,2025-10-02 16:39:52,2025-10-03 01:41:31.330209,2025-10-08 05:21:24.088047,2025-10-12 00:10:55.797416,2025-10-16 16:39:52
order_00003104,cust_00001717,delivered,2024-12-01 21:22:42,2024-12-02 00:02:04.280276,2024-12-02 20:02:27.199828,2024-12-08 06:17:16.551544,2024-12-26 21:22:42
order_00003105,cust_00000530,delivered,2024-05-08 07:01:57,2024-05-08 08:15:04.961302,2024-05-10 09:25:26.945923,2024-05-13 01:14:51.668014,2024-05-26 07:01:57
order_00003106,cust_00000246,canceled,2024-12-29 14:01:32,,,,2025-01-14 14:01:32
order_00003107,cust_00001801,delivered,2024-01-03 09:34:37,2024-01-03 10:56:41.432310,2024-01-05 05:02:59.112230,2024-01-14 19:43:29.795455,2024-01-16 09:34:37
order_00003108,cust_00001312,shipped,2024-09-15 08:39:25,2024-09-15 10:35:27.049436,2024-09-18 06:50:14.351818,,2024-09-29 08:39:25
order_00003109,cust_00001748,delivered,2024-12-13 16:33:01,2024-12-13 17:16:46.449400,2024-12-16 04:42:12.322365,2024-12-20 00:23:12.170708,2025-01-03 16:33:01
order_00003110,cust_00000123,delivered,2025-12-10 13:22:45,2025-12-10 14:52:10.550260,2025-12-12 13:19:46.440876,2025-12-21 03:17:11.424229,2026-01-04 13:22:45
order_00003111,cust_00000321,delivered,2025-09-29 03:14:55,2025-09-29 05:06:10.999992,2025-09-30 18:09:21.094831,2025-10-14 14:39:06.654498,2025-10-19 03:14:55
order_00003112,cust_00001628,delivered,2024-12-17 04:12:30,2024-12-17 08:02:52.990890,2024-12-19 13:03:25.881068,2024-12-27 20:41:23.330584,2025-01-06 04:12:30
order_00003113,cust_00002441,delivered,2024-11-30 23:53:53,2024-12-01 02:58:58.290401,2024-12-03 10:22:22.939028,2024-12-10 06:55:52.685956,2024-12-29 23:53:53
order_00003114,cust_00001952,delivered,2024-04-16 01:46:20,2024-04-16 02:56:44.044261,2024-04-18 22:25:06.403875,2024-04-26 04:29:51.128270,2024-05-06 01:46:20
order_00003115,cust_00000718,delivered,2025-10-08 07:20:12,2025-10-08 09:39:14.705458,2025-10-10 23:02:20.677563,2025-10-14 04:19:34.093520,2025-10-29 07:20:12
order_00003116,cust_00001363,delivered,2025-05-11 10:52:12,2025-05-11 14:25:56.344346,2025-05-13 04:44:44.902711,2025-05-15 00:26:30.332855,2025-06-02 10:52:12
order_00003117,cust_00001722,shipped,2025-10-16 07:01:48,2025-10-16 15:29:27.670387,2025-10-18 01:55:27.698227,,2025-11-01 07:01:48
order_00003118,cust_00001205,delivered,2025-02-03 15:29:02,2025-02-03 22:20:43.271343,2025-02-11 08:32:05.724158,2025-02-21 06:37:16.792542,2025-02-19 15:29:02
order_00003119,cust_00000127,delivered,2024-06-14 02:27:48,2024-06-14 18:41:49.776372,2024-06-16 03:34:23.131882,2024-06-17 15:50:46.475368,2024-06-26 02:27:48
order_00003120,cust_00002733,delivered,2024-08-10 12:28:41,2024-08-10 15:55:08.886187,2024-08-12 19:05:23.305199,2024-08-26 06:14:42.206455,2024-08-23 12:28:41
order_00003121,cust_00002978,delivered,2025-10-11 20:29:07,2025-10-12 19:40:14.628828,2025-10-14 11:10:58.765565,2025-10-20 02:33:41.240225,2025-10-29 20:29:07
order_00003122,cust_00001593,canceled,2024-10-30 09:45:56,,,,2024-11-21 09:45:56
order_00003123,cust_00002558,delivered,2024-02-24 04:15:36,2024-02-24 05:14:08.201499,2024-02-25 21:28:28.144482,2024-03-04 04:11:00.471511,2024-03-10 04:15:36
order_00003124,cust_00002701,delivered,2025-10-20 02:28:22,2025-10-20 10:32:52.871680,2025-10-22 07:46:11.802811,2025-10-28 11:40:48.028281,2025-11-14 02:28:22
order_00003125,cust_00002045,delivered,2024-09-20 20:15:42,2024-09-20 21:51:09.598759,2024-09-22 01:17:21.046066,2024-09-26 18:56:55.918791,2024-10-13 20:15:42
order_00003126,cust_00002250,delivered,2024-05-11 10:29:57,2024-05-11 13:35:35.863008,2024-05-12 11:39:06.657660,2024-05-29 02:26:53.177276,2024-05-28 10:29:57
order_00003127,cust_00000991,delivered,2025-01-08 19:39:39,2025-01-08 20:54:13.488428,2025-01-10 08:38:27.673176,2025-01-26 05:16:11.032998,2025-02-09 19:39:39
order_00003128,cust_00000271,processing,2024-05-29 16:08:44,2024-05-29 22:19:58.027075,,,2024-06-16 16:08:44
order_00003129,cust_00000323,delivered,2024-12-20 23:38:40,2024-12-21 06:19:45.245410,2024-12-25 07:48:20.408254,2024-12-29 23:50:38.743012,2025-01-16 23:38:40
order_00003130,cust_00001999,delivered,2024-10-28 22:14:37,2024-10-28 23:42:28.183330,2024-10-30 15:31:47.455152,2024-11-01 23:17:56.456545,2024-11-14 22:14:37
order_00003131,cust_00000352,delivered,2025-12-03 16:18:33,2025-12-03 20:58:14.413715,2025-12-06 15:04:11.015061,2025-12-08 08:52:46.265116,2025-12-20 16:18:33
order_00003132,cust_00001825,delivered,2024-08-01 10:07:34,2024-08-01 11:16:44.076250,2024-08-04 15:46:23.105553,2024-08-06 14:13:34.734728,2024-08-18 10:07:34
order_00003133,cust_00002188,delivered,2025-05-04 18:38:29,2025-05-05 00:55:03.552389,2025-05-05 15:36:01.545724,2025-05-11 14:31:51.754913,2025-05-27 18:38:29
order_00003134,cust_00000488,delivered,2024-02-26 21:28:02,2024-02-27 06:07:11.315996,2024-02-27 20:23:27.603484,2024-03-01 10:18:54.844146,2024-03-15 21:28:02
order_00003135,cust_00001746,delivered,2025-04-28 22:49:17,2025-04-29 05:53:33.594641,2025-04-30 13:01:10.879306,2025-05-04 02:54:00.629860,2025-05-22 22:49:17
order_00003136,cust_00000559,delivered,2024-09-10 22:29:42,2024-09-11 18:20:35.961601,2024-09-12 19:39:50.958292,2024-09-14 12:31:42.661563,2024-09-27 22:29:42
order_00003137,cust_00000311,delivered,2024-10-17 13:25:00,2024-10-17 20:23:52.793498,2024-10-18 22:50:15.163864,2024-10-21 14:35:00.352508,2024-11-06 13:25:00
order_00003138,cust_00000022,delivered,2025-01-12 13:57:38,2025-01-12 16:00:33.764171,2025-01-15 08:17:02.307476,2025-01-17 02:32:31.052753,2025-01-29 13:57:38
order_00003139,cust_00001091,delivered,2024-08-09 09:04:40,2024-08-09 16:47:38.713487,2024-08-12 10:10:54.061911,2024-08-18 03:54:23.947488,2024-09-04 09:04:40
order_00003140,cust_00002687,delivered,2024-08-06 23:38:58,2024-08-07 06:19:39.361876,2024-08-08 12:08:52.696249,2024-08-12 06:43:06.175172,2024-08-27 23:38:58
order_00003141,cust_00000882,delivered,2025-12-03 10:45:15,2025-12-03 14:15:37.658214,2025-12-04 08:50:20.629837,2025-12-06 10:05:38.239776,2025-12-23 10:45:15
order_00003142,cust_00000306,delivered,2025-06-29 02:36:21,2025-06-29 04:33:40.348146,2025-07-01 18:53:33.481964,2025-07-06 16:46:53.330655,2025-07-17 02:36:21
order_00003143,cust_00000007,delivered,2025-03-03 17:00:39,2025-03-03 20:16:20.409043,2025-03-05 12:01:17.527743,2025-03-08 11:28:43.558640,2025-03-20 17:00:39
order_00003144,cust_00001246,delivered,2024-03-12 14:42:12,2024-03-12 16:32:43.669145,2024-03-15 20:54:15.097892,2024-03-23 16:48:31.968113,2024-04-02 14:42:12
order_00003145,cust_00001319,processing,2025-02-08 17:49:51,2025-02-08 20:25:58.715454,,,2025-02-27 17:49:51
order_00003146,cust_00001051,delivered,2025-09-12 05:00:26,2025-09-12 05:37:08.863368,2025-09-15 06:21:53.571933,2025-09-26 10:02:38.983168,2025-09-25 05:00:26
order_00003147,cust_00002644,unavailable,2024-08-20 02:07:16,2024-08-20 03:14:42.752811,,,2024-09-11 02:07:16
order_00003148,cust_00000125,delivered,2025-10-28 12:41:23,2025-10-29 00:53:21.798354,2025-10-30 00:48:51.020893,2025-11-07 05:41:21.442917,2025-11-18 12:41:23
order_00003149,cust_00001946,delivered,2024-04-22 02:17:41,2024-04-22 05:19:42.929008,2024-04-24 20:35:53.685507,2024-04-25 22:25:07.553479,2024-05-09 02:17:41
order_00003150,cust_00002758,unavailable,2025-01-04 13:55:01,2025-01-04 15:48:30.989939,,,2025-01-19 13:55:01
order_00003151,cust_00000335,delivered,2024-08-28 03:31:06,2024-08-28 11:33:45.595107,2024-08-29 05:03:31.554929,2024-09-09 03:27:37.657320,2024-09-21 03:31:06
order_00003152,cust_00000573,delivered,2025-06-05 21:35:41,2025-06-06 01:27:10.058886,2025-06-07 06:32:03.044390,2025-06-14 05:16:45.298438,2025-06-22 21:35:41
order_00003153,cust_00002999,delivered,2024-06-04 14:31:05,2024-06-04 18:16:59.527225,2024-06-05 17:26:18.327174,2024-06-12 01:00:34.591163,2024-06-25 14:31:05
order_00003154,cust_00002323,canceled,2024-08-07 04:07:56,,,,2024-08-18 04:07:56
order_00003155,cust_00001919,delivered,2025-01-18 11:46:17,2025-01-18 20:05:15.243333,2025-01-20 05:40:25.068255,2025-01-23 00:40:10.174161,2025-02-03 11:46:17
order_00003156,cust_00001047,delivered,2024-06-08 13:45:06,2024-06-08 22:06:06.884748,2024-06-09 16:00:36.096580,2024-06-12 13:46:21.189458,2024-06-23 13:45:06
order_00003157,cust_00001408,canceled,2024-07-06 11:13:17,,,,2024-07-24 11:13:17
order_00003158,cust_00001808,delivered,2025-03-20 02:46:55,2025-03-20 07:20:28.190222,2025-03-23 11:24:03.341675,2025-03-30 01:00:26.355466,2025-04-07 02:46:55
order_00003159,cust_00000644,delivered,2024-04-01 11:51:00,2024-04-01 12:41:55.104480,2024-04-03 12:20:55.815752,2024-04-20 15:24:30.901579,2024-04-23 11:51:00
order_00003160,cust_00001516,delivered,2024-03-15 13:22:33,2024-03-16 01:41:18.067894,2024-03-17 09:10:16.009670,2024-04-03 12:27:58.315423,2024-04-08 13:22:33
order_00003161,cust_00001772,delivered,2024-06-20 03:10:05,2024-06-20 07:28:48.492341,2024-06-21 16:45:57.184768,2024-07-01 10:19:13.556531,2024-07-05 03:10:05
order_00003162,cust_00002409,delivered,2025-08-28 16:57:27,2025-08-29 00:13:33.838381,2025-08-30 18:35:42.650689,2025-09-08 00:12:51.736592,2025-09-16 16:57:27
order_00003163,cust_00000657,delivered,2025-04-02 06:12:53,2025-04-02 13:55:50.042745,2025-04-03 04:02:14.750395,2025-04-20 20:07:18.657902,2025-04-16 06:12:53
order_00003164,cust_00002818,delivered,2025-08-05 00:50:29,2025-08-05 09:58:24.882803,2025-08-06 07:47:50.378344,2025-08-11 06:51:26.680173,2025-08-16 00:50:29
order_00003165,cust_00000984,delivered,2024-04-22 20:53:07,2024-04-23 00:24:48.952552,2024-04-25 12:47:53.644805,2024-04-27 05:05:48.801090,2024-05-12 20:53:07
order_00003166,cust_00000733,delivered,2025-10-31 16:33:15,2025-10-31 18:54:04.901215,2025-11-01 08:01:39.238136,2025-11-03 17:38:29.125598,2025-11-30 16:33:15
order_00003167,cust_00002834,delivered,2025-01-22 14:10:50,2025-01-22 14:46:08.865960,2025-01-25 07:53:13.097463,2025-01-29 12:57:38.247594,2025-02-15 14:10:50
order_00003168,cust_00001855,delivered,2024-12-19 21:36:14,2024-12-20 05:43:36.666568,2024-12-26 01:56:37.882021,2025-01-04 15:48:05.817269,2025-01-06 21:36:14
order_00003169,cust_00000902,processing,2024-03-24 17:22:27,2024-03-24 19:24:05.438549,,,2024-04-08 17:22:27
order_00003170,cust_00000086,delivered,2024-06-06 17:43:18,2024-06-07 01:06:12.981981,2024-06-08 19:44:50.582755,2024-06-13 02:28:44.170370,2024-06-13 17:43:18
order_00003171,cust_00000192,delivered,2024-08-04 01:31:23,2024-08-04 03:25:16.418265,2024-08-08 14:35:33.741719,2024-08-10 19:57:21.726062,2024-08-22 01:31:23
order_00003172,cust_00002453,delivered,2024-06-02 23:55:41,2024-06-03 02:15:35.099490,2024-06-03 19:20:35.231870,2024-06-13 02:15:03.175945,2024-06-15 23:55:41
order_00003173,cust_00001676,delivered,2025-02-24 16:09:39,2025-02-24 18:46:44.239737,2025-02-26 02:03:33.051394,2025-03-06 11:53:25.377478,2025-03-08 16:09:39
order_00003174,cust_00000016,delivered,2025-05-16 10:45:47,2025-05-16 12:20:24.058366,2025-05-17 16:51:16.500778,2025-05-26 15:28:06.572079,2025-06-03 10:45:47
order_00003175,cust_00002941,delivered,2024-11-29 19:11:16,2024-11-29 20:26:48.347513,2024-11-30 18:40:59.554927,2024-12-07 00:03:30.461421,2024-12-25 19:11:16
order_00003176,cust_00000456,processing,2024-09-09 06:15:14,2024-09-09 07:56:01.366694,,,2024-09-30 06:15:14
order_00003177,cust_00002351,delivered,2024-08-12 02:29:16,2024-08-12 18:02:00.498557,2024-08-14 05:08:59.697175,2024-08-22 11:38:50.187878,2024-09-01 02:29:16
order_00003178,cust_00001230,delivered,2024-03-27 23:27:59,2024-03-28 13:57:12.887721,2024-03-31 06:39:20.987250,2024-04-07 04:53:44.741975,2024-04-08 23:27:59
order_00003179,cust_00001720,delivered,2025-10-27 18:41:56,2025-10-27 19:57:32.129102,2025-10-28 12:28:27.153959,2025-11-01 10:02:50.885449,2025-11-20 18:41:56
order_00003180,cust_00002837,delivered,2024-03-31 00:53:59,2024-03-31 09:40:10.022842,2024-04-04 23:04:14.632767,2024-04-07 06:50:51.582624,2024-04-22 00:53:59
order_00003181,cust_00002234,delivered,2024-08-16 15:34:49,2024-08-16 22:18:39.635394,2024-08-17 22:39:27.263338,2024-08-24 07:50:12.618196,2024-09-02 15:34:49
order_00003182,cust_00002856,delivered,2024-02-04 15:32:31,2024-02-05 00:51:47.993481,2024-02-06 00:35:29.407277,2024-02-11 20:29:08.449257,2024-02-29 15:32:31
order_00003183,cust_00002047,delivered,2025-08-01 09:25:45,2025-08-01 18:51:32.645341,2025-08-03 06:51:56.137538,2025-08-06 17:43:21.599094,2025-08-27 09:25:45
order_00003184,cust_00002677,delivered,2024-01-13 11:07:33,2024-01-14 00:56:56.482164,2024-01-15 07:37:00.382737,2024-01-22 08:52:40.329202,2024-02-03 11:07:33
order_00003185,cust_00000432,delivered,2024-11-17 11:59:27,2024-11-17 21:10:12.767770,2024-11-18 20:02:37.458484,2024-11-25 19:05:52.698969,2024-12-05 11:59:27
order_00003186,cust_00002822,delivered,2025-12-03 18:59:40,2025-12-03 21:36:53.188812,2025-12-04 18:27:52.900683,2025-12-06 23:31:16.477426,2025-12-24 18:59:40
order_00003187,cust_00000998,delivered,2024-05-23 05:45:09,2024-05-23 12:19:34.550973,2024-05-24 15:56:16.588939,2024-06-03 22:41:02.218577,2024-06-17 05:45:09
order_00003188,cust_00002026,delivered,2024-05-29 18:51:19,2024-05-30 04:47:19.762668,2024-06-02 23:52:34.459942,2024-06-06 21:21:09.488618,2024-06-17 18:51:19
order_00003189,cust_00002721,delivered,2025-01-20 14:24:13,2025-01-20 19:28:13.682280,2025-01-22 01:42:28.213244,2025-01-23 10:28:46.864148,2025-02-06 14:24:13
order_00003190,cust_00001797,delivered,2024-05-06 15:05:53,2024-05-06 17:51:55.551122,2024-05-09 13:35:50.439462,2024-05-11 13:41:37.202126,2024-05-28 15:05:53
order_00003191,cust_00002520,delivered,2025-01-15 13:41:03,2025-01-15 14:31:18.717921,2025-01-16 22:12:36.375323,2025-01-21 12:21:30.748143,2025-02-07 13:41:03
order_00003192,cust_00002092,delivered,2025-06-20 02:23:09,2025-06-20 10:41:57.789529,2025-06-21 10:36:33.435121,2025-06-30 00:07:32.599364,2025-07-04 02:23:09
order_00003193,cust_00002256,processing,2025-11-30 02:05:13,2025-11-30 14:57:59.213266,,,2025-12-16 02:05:13
order_00003194,cust_00002444,delivered,2025-02-14 08:03:09,2025-02-14 10:04:49.176541,2025-02-15 01:14:34.687456,2025-02-16 03:43:26.891106,2025-03-05 08:03:09
order_00003195,cust_00001114,delivered,2025-01-06 23:58:24,2025-01-07 06:25:40.335590,2025-01-10 10:23:09.465715,2025-01-21 23:54:58.396389,2025-01-22 23:58:24
order_00003196,cust_00001145,delivered,2024-12-09 21:43:57,2024-12-09 22:55:20.143310,2024-12-10 20:59:02.095886,2024-12-17 05:12:15.164580,2024-12-30 21:43:57
order_00003197,cust_00002154,delivered,2024-10-15 05:45:56,2024-10-15 09:33:52.626353,2024-10-17 05:26:23.157042,2024-10-21 02:58:48.446359,2024-11-09 05:45:56
order_00003198,cust_00000745,delivered,2024-12-09 09:31:52,2024-12-09 11:40:39.242658,2024-12-10 01:20:18.781287,2024-12-15 17:06:58.221034,2025-01-02 09:31:52
order_00003199,cust_00002189,delivered,2024-07-17 07:53:55,2024-07-17 23:25:07.317510,2024-07-22 01:25:46.775984,2024-07-23 12:13:35.285963,2024-08-06 07:53:55
order_00003200,cust_00000506,delivered,2024-07-25 16:59:22,2024-07-26 04:28:21.929247,2024-07-28 15:51:33.085890,2024-08-04 02:24:32.891416,2024-08-10 16:59:22
order_00003201,cust_00001545,delivered,2025-11-01 01:36:11,2025-11-01 09:44:30.209234,2025-11-05 12:09:04.289964,2025-11-06 17:10:13.033115,2025-11-21 01:36:11
order_00003202,cust_00002643,delivered,2025-05-12 15:46:27,2025-05-12 18:02:52.158928,2025-05-13 14:09:02.699592,2025-05-24 07:30:54.202117,2025-06-03 15:46:27
order_00003203,cust_00001529,delivered,2024-01-11 19:55:45,2024-01-11 22:33:38.126687,2024-01-15 04:27:47.882822,2024-01-17 17:42:52.634057,2024-01-25 19:55:45
order_00003204,cust_00002385,delivered,2025-12-22 06:52:15,2025-12-22 22:03:31.276520,2025-12-23 23:39:00.004206,2025-12-27 09:51:05.208439,2026-01-14 06:52:15
order_00003205,cust_00001190,shipped,2025-06-23 04:43:54,2025-06-23 09:08:31.217244,2025-06-25 15:00:49.378676,,2025-07-07 04:43:54
order_00003206,cust_00002846,shipped,2024-07-08 06:04:51,2024-07-08 10:47:14.825521,2024-07-09 21:51:19.508297,,2024-08-05 06:04:51
order_00003207,cust_00002623,delivered,2025-01-07 10:20:13,2025-01-07 13:55:26.748032,2025-01-08 04:18:54.768624,2025-01-17 06:02:02.105933,2025-01-26 10:20:13
order_00003208,cust_00000235,delivered,2025-06-23 20:44:51,2025-06-24 05:57:52.500179,2025-06-26 16:17:29.316112,2025-07-04 06:23:11.686751,2025-07-13 20:44:51
order_00003209,cust_00002132,delivered,2024-11-28 04:27:27,2024-11-28 10:57:45.244670,2024-12-03 01:32:30.039567,2024-12-04 19:26:43.437722,2024-12-11 04:27:27
order_00003210,cust_00002821,delivered,2024-08-30 11:50:50,2024-08-30 12:43:08.260382,2024-08-31 11:24:29.329217,2024-09-02 02:01:51.920122,2024-09-22 11:50:50
order_00003211,cust_00002702,delivered,2025-08-19 02:55:52,2025-08-19 08:55:54.941572,2025-08-20 18:41:58.693730,2025-08-22 12:53:34.358479,2025-09-15 02:55:52
order_00003212,cust_00000728,delivered,2025-01-27 05:42:44,2025-01-27 10:21:41.408175,2025-01-28 04:44:31.178121,2025-02-01 10:02:59.888003,2025-02-14 05:42:44
order_00003213,cust_00000405,delivered,2025-04-18 04:22:00,2025-04-18 08:43:35.648990,2025-04-18 22:39:59.768452,2025-04-24 19:18:01.664692,2025-05-05 04:22:00
order_00003214,cust_00000018,delivered,2025-05-22 10:01:17,2025-05-22 11:49:48.262891,2025-05-25 05:56:53.373048,2025-05-26 16:34:20.598167,2025-06-10 10:01:17
order_00003215,cust_00002161,delivered,2024-05-18 01:59:26,2024-05-18 21:07:21.582268,2024-05-20 08:35:46.537092,2024-05-22 08:55:55.974121,2024-06-09 01:59:26
order_00003216,cust_00002890,delivered,2024-03-29 03:11:25,2024-03-29 14:44:10.134076,2024-03-30 14:35:25.784260,2024-04-11 00:02:33.618427,2024-04-27 03:11:25
order_00003217,cust_00002092,delivered,2025-01-20 09:44:35,2025-01-20 17:45:07.182005,2025-01-22 04:08:33.386694,2025-01-30 20:46:32.429481,2025-02-10 09:44:35
order_00003218,cust_00001876,delivered,2024-02-06 17:12:58,2024-02-06 18:53:51.910858,2024-02-07 21:46:21.736880,2024-02-10 19:52:04.275564,2024-02-29 17:12:58
order_00003219,cust_00001412,delivered,2024-05-06 01:07:56,2024-05-06 11:48:01.996302,2024-05-08 10:35:49.479180,2024-05-18 12:19:58.133757,2024-05-25 01:07:56
order_00003220,cust_00001437,delivered,2024-09-09 12:09:02,2024-09-09 23:25:57.213511,2024-09-13 05:11:33.690233,2024-09-20 15:01:41.535919,2024-09-23 12:09:02
order_00003221,cust_00001692,delivered,2024-03-20 07:36:44,2024-03-20 14:31:42.805643,2024-03-21 17:22:15.078325,2024-03-30 04:24:23.492547,2024-04-07 07:36:44
order_00003222,cust_00002987,delivered,2024-06-01 02:19:10,2024-06-01 03:33:23.635469,2024-06-02 06:16:55.163537,2024-06-08 17:04:15.208353,2024-06-16 02:19:10
order_00003223,cust_00002120,delivered,2024-10-22 12:25:41,2024-10-23 00:40:20.636366,2024-10-24 01:54:52.249259,2024-10-25 05:38:01.298814,2024-11-13 12:25:41
order_00003224,cust_00000386,delivered,2024-04-08 21:57:24,2024-04-09 06:04:39.127840,2024-04-10 10:46:14.590105,2024-04-15 18:35:12.369398,2024-04-27 21:57:24
order_00003225,cust_00000932,delivered,2025-12-22 15:56:26,2025-12-22 20:45:10.633859,2025-12-23 10:09:41.322549,2025-12-24 11:59:09.744112,2026-01-07 15:56:26
order_00003226,cust_00002598,delivered,2025-07-26 03:31:48,2025-07-26 05:52:18.652126,2025-07-28 12:25:32.256484,2025-07-30 16:16:47.951187,2025-08-18 03:31:48
order_00003227,cust_00002982,delivered,2025-06-04 04:31:41,2025-06-04 08:15:16.893941,2025-06-07 10:41:07.094470,2025-06-12 16:56:43.467764,2025-06-25 04:31:41
order_00003228,cust_00002197,delivered,2024-05-05 20:10:52,2024-05-05 22:25:37.381977,2024-05-06 18:40:33.007484,2024-05-10 06:33:19.085398,2024-05-21 20:10:52
order_00003229,cust_00002550,delivered,2024-06-26 15:46:20,2024-06-26 17:20:39.392107,2024-06-28 02:41:57.933629,2024-07-03 11:38:03.151779,2024-07-18 15:46:20
order_00003230,cust_00000312,delivered,2025-02-05 05:23:26,2025-02-05 06:25:33.772948,2025-02-05 18:43:41.348138,2025-02-10 02:58:35.177304,2025-02-20 05:23:26
order_00003231,cust_00001596,delivered,2024-11-16 10:05:09,2024-11-16 13:19:43.024175,2024-11-17 07:57:56.876381,2024-11-21 06:31:09.740937,2024-12-02 10:05:09
order_00003232,cust_00001422,delivered,2024-09-03 02:42:27,2024-09-03 04:19:43.286933,2024-09-05 05:34:00.332081,2024-09-07 10:53:55.422794,2024-09-26 02:42:27
order_00003233,cust_00002809,delivered,2025-09-03 12:20:10,2025-09-03 12:50:18.310089,2025-09-04 02:30:03.710806,2025-09-06 06:43:21.871210,2025-09-24 12:20:10
order_00003234,cust_00002361,invoiced,2025-04-30 06:18:10,2025-04-30 08:24:13.624906,,,2025-05-30 06:18:10
order_00003235,cust_00002679,delivered,2024-05-07 20:13:33,2024-05-07 22:36:23.937024,2024-05-08 21:26:04.084090,2024-05-31 03:20:02.774681,2024-05-25 20:13:33
order_00003236,cust_00000339,shipped,2024-11-30 02:58:16,2024-11-30 06:09:40.963280,2024-11-30 21:18:21.784558,,2024-12-19 02:58:16
order_00003237,cust_00001351,delivered,2025-06-27 19:28:43,2025-06-28 03:48:26.060752,2025-06-29 19:48:25.676522,2025-07-09 03:44:46.319744,2025-07-17 19:28:43
order_00003238,cust_00001014,delivered,2025-09-03 20:30:07,2025-09-03 21:33:48.505492,2025-09-06 15:36:24.667069,2025-09-26 09:49:37.616199,2025-09-24 20:30:07
order_00003239,cust_00001401,delivered,2024-02-21 02:52:05,2024-02-21 03:50:52.656483,2024-02-25 02:02:25.790486,2024-03-01 20:07:31.968590,2024-03-13 02:52:05
order_00003240,cust_00000218,delivered,2025-12-27 13:02:43,2025-12-28 06:03:50.287004,2025-12-30 15:07:42.574503,2026-01-07 07:01:10.783173,2026-01-26 13:02:43
order_00003241,cust_00002411,processing,2025-06-10 02:17:13,2025-06-10 05:36:15.173461,,,2025-06-27 02:17:13
order_00003242,cust_00001205,delivered,2025-07-07 02:52:52,2025-07-07 06:55:35.335268,2025-07-08 02:07:45.087932,2025-07-11 07:06:47.091189,2025-07-20 02:52:52
order_00003243,cust_00002589,delivered,2025-11-29 23:35:32,2025-11-30 00:39:11.092510,2025-12-01 01:23:12.085149,2025-12-03 10:43:10.390069,2025-12-14 23:35:32
order_00003244,cust_00000504,delivered,2025-10-10 12:14:27,2025-10-10 17:13:52.264958,2025-10-12 02:37:24.166924,2025-10-15 23:45:42.791527,2025-10-26 12:14:27
order_00003245,cust_00001840,delivered,2025-03-12 06:18:35,2025-03-12 08:33:38.513989,2025-03-13 04:54:03.636161,2025-03-18 06:04:56.254954,2025-03-30 06:18:35
order_00003246,cust_00000732,canceled,2024-11-03 14:31:31,,,,2024-11-22 14:31:31
order_00003247,cust_00002152,delivered,2025-10-12 18:49:44,2025-10-12 22:51:39.457222,2025-10-13 12:25:34.392961,2025-10-25 01:04:21.346144,2025-10-28 18:49:44
order_00003248,cust_00000725,delivered,2025-08-21 15:32:30,2025-08-22 02:13:33.244048,2025-08-23 00:03:21.823301,2025-08-27 21:21:19.349151,2025-09-13 15:32:30
order_00003249,cust_00001360,delivered,2024-02-29 12:06:26,2024-02-29 17:12:40.857551,2024-03-03 15:16:53.500429,2024-03-27 07:03:09.738713,2024-03-16 12:06:26
order_00003250,cust_00000861,delivered,2024-04-14 05:57:13,2024-04-14 11:11:06.816763,2024-04-17 02:17:00.133108,2024-04-21 22:46:48.391938,2024-05-01 05:57:13
order_00003251,cust_00002695,delivered,2025-10-07 12:09:17,2025-10-07 17:24:44.578638,2025-10-09 07:26:30.613234,2025-10-11 06:34:06.833865,2025-10-29 12:09:17
order_00003252,cust_00002746,delivered,2025-06-30 17:03:35,2025-07-01 06:50:15.596315,2025-07-02 20:21:23.652326,2025-07-15 15:02:24.374022,2025-07-21 17:03:35
order_00003253,cust_00000308,delivered,2025-04-11 17:03:56,2025-04-11 21:26:54.926420,2025-04-12 19:52:27.588710,2025-04-15 07:53:44.226585,2025-04-26 17:03:56
order_00003254,cust_00001992,delivered,2025-09-26 04:34:03,2025-09-26 12:17:56.506823,2025-10-04 15:28:08.020939,2025-10-17 20:36:25.016427,2025-10-15 04:34:03
order_00003255,cust_00001088,delivered,2025-12-02 11:41:13,2025-12-02 13:26:40.200320,2025-12-07 17:14:24.376735,2025-12-12 14:54:24.148085,2025-12-23 11:41:13
order_00003256,cust_00002790,delivered,2024-05-28 17:20:43,2024-05-29 08:40:09.914424,2024-06-04 07:46:01.842634,2024-06-10 13:56:35.095463,2024-06-18 17:20:43
order_00003257,cust_00001371,delivered,2024-04-12 05:08:30,2024-04-12 12:17:34.657577,2024-04-17 01:11:25.036694,2024-04-20 09:45:40.790508,2024-04-30 05:08:30
order_00003258,cust_00001010,delivered,2024-02-21 10:55:34,2024-02-21 14:19:27.580853,2024-02-23 00:21:23.349532,2024-02-25 18:29:19.961935,2024-03-03 10:55:34
order_00003259,cust_00001811,unavailable,2024-02-09 07:44:30,2024-02-09 10:08:36.079727,,,2024-02-26 07:44:30
order_00003260,cust_00002920,shipped,2025-06-26 23:56:32,2025-06-27 03:17:10.745552,2025-06-28 12:58:35.595129,,2025-07-15 23:56:32
order_00003261,cust_00002893,delivered,2024-11-12 17:08:16,2024-11-13 00:44:11.901248,2024-11-14 00:43:56.428642,2024-11-22 03:20:27.073411,2024-12-03 17:08:16
order_00003262,cust_00002351,delivered,2024-06-22 22:47:19,2024-06-22 23:38:35.248323,2024-06-26 13:57:36.304130,2024-06-30 15:27:11.890432,2024-07-05 22:47:19
order_00003263,cust_00001250,delivered,2024-01-08 19:19:54,2024-01-09 14:47:03.627371,2024-01-10 12:21:57.032418,2024-01-13 01:31:30.836962,2024-01-27 19:19:54
order_00003264,cust_00000648,delivered,2025-07-29 21:46:04,2025-07-30 00:00:08.708317,2025-08-03 03:19:00.447732,2025-08-05 07:52:13.099731,2025-08-19 21:46:04
order_00003265,cust_00001442,delivered,2025-08-10 15:55:30,2025-08-10 17:36:38.371097,2025-08-11 18:46:31.288829,2025-08-16 11:48:04.515227,2025-08-26 15:55:30
order_00003266,cust_00002917,delivered,2024-10-11 15:22:52,2024-10-12 01:38:29.461401,2024-10-15 15:05:49.905677,2024-10-18 06:26:47.400676,2024-11-02 15:22:52
order_00003267,cust_00002774,delivered,2025-03-03 10:56:47,2025-03-03 13:00:02.046105,2025-03-05 05:34:51.600158,2025-03-10 06:12:28.261163,2025-03-28 10:56:47
order_00003268,cust_00001488,delivered,2025-01-06 08:24:09,2025-01-06 17:31:11.182337,2025-01-14 19:11:24.200487,2025-01-26 23:57:37.793403,2025-01-27 08:24:09
order_00003269,cust_00001467,delivered,2024-01-30 17:40:27,2024-01-30 18:46:33.991998,2024-01-31 16:49:14.311020,2024-02-06 18:15:58.484265,2024-02-21 17:40:27
order_00003270,cust_00000390,delivered,2024-08-02 06:01:33,2024-08-02 12:34:19.777318,2024-08-04 18:56:40.314978,2024-08-07 21:59:40.857129,2024-08-25 06:01:33
order_00003271,cust_00001567,delivered,2024-05-18 02:42:39,2024-05-18 05:43:15.805675,2024-05-19 06:08:53.672967,2024-05-20 13:45:09.011865,2024-06-11 02:42:39
order_00003272,cust_00001340,delivered,2024-01-25 01:53:15,2024-01-25 08:47:09.690974,2024-01-26 01:47:06.641467,2024-01-28 00:48:18.311344,2024-02-11 01:53:15
order_00003273,cust_00002078,delivered,2024-06-15 11:04:46,2024-06-15 13:19:03.312280,2024-06-16 16:58:46.324123,2024-06-18 19:51:46.519903,2024-07-03 11:04:46
order_00003274,cust_00000753,delivered,2025-06-22 06:50:43,2025-06-22 10:32:28.991527,2025-06-23 12:09:54.961329,2025-07-02 14:46:32.343115,2025-07-10 06:50:43
order_00003275,cust_00002997,delivered,2025-10-21 23:44:40,2025-10-22 00:36:17.931018,2025-10-26 16:12:48.079585,2025-10-29 23:57:15.021048,2025-11-05 23:44:40
order_00003276,cust_00002710,delivered,2024-07-06 09:03:53,2024-07-06 16:32:23.308041,2024-07-09 22:04:44.013163,2024-07-12 12:17:09.218966,2024-07-30 09:03:53
order_00003277,cust_00002675,delivered,2025-07-10 07:39:01,2025-07-10 11:52:35.532009,2025-07-11 08:44:32.130987,2025-07-14 18:06:22.897865,2025-07-26 07:39:01
order_00003278,cust_00001416,delivered,2025-04-03 07:32:00,2025-04-03 10:45:32.100438,2025-04-07 09:42:51.347834,2025-04-15 23:28:46.113145,2025-04-19 07:32:00
order_00003279,cust_00001529,delivered,2025-01-23 05:09:26,2025-01-23 12:38:16.606115,2025-01-24 05:46:42.124096,2025-01-26 21:32:32.338416,2025-02-06 05:09:26
order_00003280,cust_00001022,delivered,2024-03-10 00:38:51,2024-03-10 01:11:15.041479,2024-03-13 21:00:46.207737,2024-03-27 13:58:48.423673,2024-03-31 00:38:51
order_00003281,cust_00000510,delivered,2025-02-06 00:23:16,2025-02-06 02:38:36.302381,2025-02-09 03:36:46.171601,2025-02-10 04:08:14.703863,2025-02-26 00:23:16
order_00003282,cust_00002447,delivered,2024-10-19 08:14:56,2024-10-19 18:54:09.409329,2024-10-20 08:26:05.617556,2024-10-29 00:55:02.197107,2024-11-09 08:14:56
order_00003283,cust_00001568,delivered,2025-02-20 04:17:06,2025-02-20 05:42:18.914875,2025-02-22 09:35:29.862722,2025-02-25 21:15:29.098363,2025-03-13 04:17:06
order_00003284,cust_00001163,delivered,2025-10-26 18:26:08,2025-10-27 01:01:20.185839,2025-10-31 08:42:56.083564,2025-11-02 21:45:55.401798,2025-11-16 18:26:08
order_00003285,cust_00002438,delivered,2025-07-14 00:58:48,2025-07-14 06:08:42.416493,2025-07-16 01:10:15.705916,2025-07-17 10:38:13.192451,2025-08-06 00:58:48
order_00003286,cust_00001995,delivered,2024-09-29 12:43:41,2024-09-29 17:27:02.938729,2024-09-30 08:21:43.431032,2024-10-01 14:55:26.317945,2024-10-21 12:43:41
order_00003287,cust_00000158,delivered,2025-12-15 18:43:11,2025-12-15 20:24:06.360255,2025-12-16 16:05:04.347774,2025-12-20 19:35:42.659091,2026-01-03 18:43:11
order_00003288,cust_00001597,delivered,2025-07-19 01:34:48,2025-07-19 03:43:31.784180,2025-07-23 07:24:33.760020,2025-07-25 21:41:36.469576,2025-08-15 01:34:48
order_00003289,cust_00000653,delivered,2024-10-26 06:43:44,2024-10-26 16:10:08.940093,2024-10-28 04:06:07.287922,2024-10-30 12:09:32.125818,2024-11-16 06:43:44
order_00003290,cust_00002870,delivered,2024-05-01 05:23:01,2024-05-01 07:33:46.805991,2024-05-02 10:25:41.198506,2024-05-06 15:24:46.816061,2024-05-16 05:23:01
order_00003291,cust_00001975,delivered,2025-12-17 03:51:22,2025-12-17 09:19:51.458937,2025-12-23 08:13:57.577049,2025-12-24 18:34:52.742941,2026-01-12 03:51:22
order_00003292,cust_00001241,delivered,2025-03-26 09:13:16,2025-03-26 14:25:20.496564,2025-03-27 03:40:05.813677,2025-04-03 20:26:36.830068,2025-04-20 09:13:16
order_00003293,cust_00000385,delivered,2025-05-19 15:04:45,2025-05-19 18:16:07.578337,2025-05-22 07:25:51.994812,2025-05-23 11:39:01.100931,2025-06-08 15:04:45
order_00003294,cust_00002885,delivered,2025-09-21 09:04:00,2025-09-21 10:05:08.916255,2025-09-23 22:40:53.745045,2025-09-29 07:52:39.658195,2025-10-18 09:04:00
order_00003295,cust_00001544,delivered,2025-01-17 03:59:43,2025-01-17 13:06:57.805155,2025-01-19 18:51:13.230325,2025-01-21 10:35:18.105646,2025-02-06 03:59:43
order_00003296,cust_00000432,shipped,2025-04-06 01:43:37,2025-04-06 04:35:13.900083,2025-04-07 07:35:37.249063,,2025-04-27 01:43:37
order_00003297,cust_00002660,delivered,2025-03-29 23:32:37,2025-03-30 10:29:41.697407,2025-04-01 03:18:23.360095,2025-04-03 19:19:00.648621,2025-04-14 23:32:37
order_00003298,cust_00000481,delivered,2024-06-29 01:49:02,2024-06-29 08:19:25.423727,2024-07-07 14:38:46.339087,2024-07-24 06:03:57.034921,2024-07-13 01:49:02
order_00003299,cust_00001745,delivered,2025-12-23 18:04:35,2025-12-23 20:48:18.866072,2025-12-25 10:58:09.691941,2026-01-04 00:12:52.969813,2026-01-05 18:04:35
order_00003300,cust_00002778,delivered,2024-12-12 15:17:25,2024-12-12 19:51:01.859121,2024-12-18 16:04:36.252890,2024-12-21 03:52:32.331778,2025-01-04 15:17:25
order_00003301,cust_00002416,delivered,2025-02-01 19:51:56,2025-02-02 06:08:18.909545,2025-02-03 06:28:20.191481,2025-02-12 07:33:23.236840,2025-02-21 19:51:56
order_00003302,cust_00001525,canceled,2024-09-27 06:38:28,,,,2024-10-11 06:38:28
order_00003303,cust_00001549,delivered,2024-09-10 23:38:01,2024-09-11 01:04:44.597673,2024-09-14 02:50:46.070001,2024-09-18 18:19:41.908139,2024-10-08 23:38:01
order_00003304,cust_00002729,delivered,2024-06-01 23:23:51,2024-06-02 07:53:41.033612,2024-06-05 13:16:46.054961,2024-06-15 22:58:02.235775,2024-06-28 23:23:51
order_00003305,cust_00002597,delivered,2025-04-26 12:13:51,2025-04-26 14:32:40.523691,2025-04-27 07:06:01.872407,2025-04-29 12:01:17.420941,2025-05-18 12:13:51
order_00003306,cust_00000826,canceled,2025-06-29 01:41:42,,,,2025-07-23 01:41:42
order_00003307,cust_00001990,delivered,2024-09-04 13:06:22,2024-09-04 14:06:40.192582,2024-09-06 04:54:01.083965,2024-09-13 16:15:19.759829,2024-09-25 13:06:22
order_00003308,cust_00000603,delivered,2024-05-10 04:41:00,2024-05-10 23:45:41.467323,2024-05-12 20:46:20.448615,2024-05-21 19:53:12.848468,2024-05-25 04:41:00
order_00003309,cust_00002307,delivered,2024-03-28 18:08:00,2024-03-29 05:57:50.802535,2024-03-31 06:56:46.482873,2024-04-17 12:51:47.585059,2024-04-15 18:08:00
order_00003310,cust_00001499,delivered,2024-12-30 13:05:41,2024-12-30 17:06:32.457282,2025-01-03 17:35:31.408672,2025-01-06 06:49:38.440804,2025-01-18 13:05:41
order_00003311,cust_00001670,processing,2025-06-10 07:21:47,2025-06-11 02:49:46.074392,,,2025-06-30 07:21:47
order_00003312,cust_00000449,delivered,2024-09-04 00:19:04,2024-09-04 05:50:51.080437,2024-09-05 17:45:47.527793,2024-09-07 22:22:42.554083,2024-09-27 00:19:04
order_00003313,cust_00000954,delivered,2024-03-14 08:25:22,2024-03-14 12:01:29.825767,2024-03-16 13:15:12.939983,2024-03-24 00:46:29.303175,2024-04-01 08:25:22
order_00003314,cust_00000567,delivered,2025-10-18 07:24:46,2025-10-18 22:22:38.426994,2025-10-19 18:33:15.758694,2025-10-21 06:13:29.798405,2025-11-02 07:24:46
order_00003315,cust_00002885,delivered,2024-07-20 01:15:38,2024-07-20 04:42:51.918113,2024-07-22 19:51:31.651014,2024-08-08 07:15:32.271737,2024-08-09 01:15:38
order_00003316,cust_00001549,delivered,2025-05-15 13:05:09,2025-05-15 22:25:08.601176,2025-05-18 17:58:32.863016,2025-05-20 13:24:20.001402,2025-06-08 13:05:09
order_00003317,cust_00001934,delivered,2024-07-10 09:22:57,2024-07-10 10:35:43.037307,2024-07-11 04:45:10.766443,2024-07-16 22:45:04.504439,2024-07-28 09:22:57
order_00003318,cust_00000514,delivered,2024-10-14 01:37:16,2024-10-14 02:21:15.982324,2024-10-15 02:06:04.852743,2024-10-23 02:36:57.444249,2024-11-07 01:37:16
order_00003319,cust_00000015,delivered,2024-09-05 04:47:08,2024-09-05 09:48:39.951312,2024-09-07 20:15:21.597476,2024-09-11 21:14:24.420601,2024-09-24 04:47:08
order_00003320,cust_00001048,delivered,2024-06-12 12:27:31,2024-06-12 17:20:13.703013,2024-06-13 07:07:35.956829,2024-06-15 16:16:18.618933,2024-07-01 12:27:31
order_00003321,cust_00000269,delivered,2024-03-22 21:27:02,2024-03-23 06:10:24.937223,2024-03-23 20:15:00.672107,2024-04-03 04:09:26.720852,2024-04-06 21:27:02
order_00003322,cust_00002583,delivered,2025-05-14 08:11:03,2025-05-14 14:13:10.457358,2025-05-18 21:10:28.852843,2025-05-25 10:47:20.993516,2025-06-01 08:11:03
order_00003323,cust_00002491,delivered,2024-08-27 06:08:01,2024-08-27 06:58:55.172251,2024-08-31 08:18:07.451506,2024-09-02 07:29:18.169107,2024-09-11 06:08:01
order_00003324,cust_00002758,delivered,2025-09-27 21:13:33,2025-09-28 03:08:22.417864,2025-09-30 15:13:10.020060,2025-10-06 01:10:29.243034,2025-10-19 21:13:33
order_00003325,cust_00000037,delivered,2024-08-08 01:30:32,2024-08-08 07:28:50.071898,2024-08-11 14:55:49.166567,2024-08-16 01:25:16.536437,2024-08-30 01:30:32
order_00003326,cust_00000303,delivered,2025-01-28 08:04:58,2025-01-28 16:57:44.399414,2025-01-29 17:56:49.352518,2025-02-14 00:37:45.724821,2025-02-16 08:04:58
order_00003327,cust_00000216,delivered,2024-09-03 19:55:52,2024-09-03 21:04:45.074082,2024-09-04 20:35:45.905839,2024-09-08 19:27:26.955582,2024-09-29 19:55:52
order_00003328,cust_00000250,delivered,2024-01-13 02:17:41,2024-01-13 11:03:55.633457,2024-01-14 06:38:30.890487,2024-01-23 19:18:21.596460,2024-01-31 02:17:41
order_00003329,cust_00000263,delivered,2024-08-17 23:55:38,2024-08-18 00:46:08.983170,2024-08-19 15:09:48.263211,2024-08-20 23:00:40.294360,2024-09-01 23:55:38
order_00003330,cust_00000606,delivered,2024-05-25 20:18:08,2024-05-26 08:07:55.346273,2024-05-30 23:57:02.698966,2024-06-01 22:03:59.761262,2024-06-16 20:18:08
order_00003331,cust_00001451,canceled,2024-07-03 04:58:21,,,,2024-07-23 04:58:21
order_00003332,cust_00000427,delivered,2025-10-09 15:48:41,2025-10-09 18:47:03.568708,2025-10-10 14:22:07.926358,2025-10-12 06:55:06.871519,2025-11-07 15:48:41
order_00003333,cust_00002699,delivered,2024-03-28 00:20:14,2024-03-28 09:01:14.434511,2024-03-29 02:56:15.337218,2024-04-03 21:07:21.146154,2024-04-16 00:20:14
order_00003334,cust_00000300,delivered,2024-08-13 23:41:23,2024-08-14 04:01:43.612082,2024-08-17 17:16:39.322978,2024-08-21 11:56:44.931974,2024-08-23 23:41:23
order_00003335,cust_00000625,delivered,2024-10-15 19:39:52,2024-10-16 03:19:15.208939,2024-10-18 01:10:50.132204,2024-10-22 07:32:09.788472,2024-11-01 19:39:52
order_00003336,cust_00001688,delivered,2025-07-15 01:00:37,2025-07-15 05:18:27.512631,2025-07-16 05:56:14.807424,2025-07-17 17:17:17.420916,2025-08-05 01:00:37
order_00003337,cust_00002275,delivered,2025-01-08 11:24:48,2025-01-09 01:09:07.554908,2025-01-12 23:12:07.596518,2025-01-24 03:37:08.334103,2025-01-27 11:24:48
order_00003338,cust_00001227,delivered,2024-03-03 13:47:42,2024-03-03 17:31:24.054305,2024-03-07 00:59:45.849214,2024-03-14 11:18:41.851993,2024-03-18 13:47:42
order_00003339,cust_00000116,delivered,2025-04-17 21:24:50,2025-04-18 06:28:15.527968,2025-04-24 04:26:05.261506,2025-05-08 00:24:55.939186,2025-05-08 21:24:50
order_00003340,cust_00002921,delivered,2025-09-27 09:46:44,2025-09-27 15:29:18.207383,2025-09-28 15:56:01.802519,2025-10-02 10:58:01.090862,2025-10-12 09:46:44
order_00003341,cust_00002991,unavailable,2024-06-30 18:16:16,2024-06-30 23:08:44.937858,,,2024-07-26 18:16:16
order_00003342,cust_00000699,delivered,2024-12-28 09:22:48,2024-12-28 20:42:55.845034,2024-12-30 10:30:29.537632,2024-12-31 16:24:04.711870,2025-01-15 09:22:48
order_00003343,cust_00000514,delivered,2025-09-05 20:08:37,2025-09-05 20:39:57.110037,2025-09-06 20:21:50.926333,2025-09-09 03:27:57.835381,2025-09-20 20:08:37
order_00003344,cust_00002278,delivered,2025-11-02 21:41:07,2025-11-02 23:11:35.686858,2025-11-04 03:38:38.313916,2025-11-09 22:33:47.731863,2025-11-15 21:41:07
order_00003345,cust_00000629,delivered,2025-09-05 07:13:55,2025-09-05 07:53:48.710725,2025-09-07 00:11:43.906118,2025-09-12 00:46:30.869959,2025-09-25 07:13:55
order_00003346,cust_00000374,delivered,2024-12-20 19:57:11,2024-12-20 21:11:51.148939,2024-12-21 19:00:05.703992,2024-12-22 21:18:18.470198,2025-01-12 19:57:11
order_00003347,cust_00001380,delivered,2025-01-12 05:06:31,2025-01-12 22:52:17.568195,2025-01-14 01:36:36.531711,2025-01-18 08:09:49.334340,2025-02-06 05:06:31
order_00003348,cust_00002583,delivered,2025-08-09 16:32:23,2025-08-09 18:53:40.604171,2025-08-11 23:49:11.158499,2025-08-20 16:01:38.425170,2025-08-30 16:32:23
order_00003349,cust_00000113,delivered,2025-03-03 06:26:28,2025-03-03 14:10:35.204585,2025-03-08 00:41:33.212401,2025-03-27 01:36:44.413137,2025-03-28 06:26:28
order_00003350,cust_00000598,delivered,2025-10-20 18:17:09,2025-10-21 01:07:39.323459,2025-10-24 11:27:11.577055,2025-10-25 20:10:37.305948,2025-11-07 18:17:09
order_00003351,cust_00000443,delivered,2024-05-20 08:27:00,2024-05-20 11:56:01.660096,2024-05-23 18:54:17.476072,2024-06-04 04:04:03.338900,2024-06-06 08:27:00
order_00003352,cust_00001654,delivered,2024-05-17 22:11:40,2024-05-18 09:55:43.523784,2024-05-20 01:55:33.740418,2024-05-23 13:03:00.493528,2024-06-08 22:11:40
order_00003353,cust_00000377,delivered,2024-07-13 05:50:33,2024-07-13 08:27:25.766711,2024-07-14 15:38:06.827474,2024-07-23 10:49:50.421341,2024-08-01 05:50:33
order_00003354,cust_00000267,delivered,2024-12-14 04:37:10,2024-12-14 10:36:23.418673,2024-12-15 14:13:14.531856,2024-12-17 19:03:45.660507,2024-12-29 04:37:10
order_00003355,cust_00002475,delivered,2024-12-05 02:59:19,2024-12-05 06:27:09.172949,2024-12-06 02:37:48.113329,2024-12-12 14:18:38.022322,2024-12-24 02:59:19
order_00003356,cust_00001507,delivered,2024-04-28 12:22:28,2024-04-28 19:33:00.327480,2024-04-30 01:33:10.807680,2024-05-06 17:15:11.202174,2024-05-16 12:22:28
order_00003357,cust_00001703,shipped,2025-02-18 07:26:03,2025-02-18 09:02:28.379009,2025-02-18 23:06:13.697100,,2025-03-17 07:26:03
order_00003358,cust_00000947,delivered,2024-09-26 05:56:42,2024-09-26 13:07:48.335297,2024-09-27 09:59:30.931865,2024-10-03 09:17:52.684748,2024-10-15 05:56:42
order_00003359,cust_00001763,delivered,2025-10-15 05:39:30,2025-10-15 22:03:28.012786,2025-10-17 07:17:13.772188,2025-10-22 20:29:33.810519,2025-11-01 05:39:30
order_00003360,cust_00002101,delivered,2025-01-17 01:03:12,2025-01-17 07:34:53.309939,2025-01-20 14:13:25.900291,2025-01-26 00:54:27.245703,2025-02-06 01:03:12
order_00003361,cust_00002115,delivered,2024-07-02 16:55:31,2024-07-02 22:47:58.130261,2024-07-04 16:18:46.185892,2024-07-05 23:28:42.970153,2024-07-25 16:55:31
order_00003362,cust_00002300,canceled,2024-05-29 04:36:15,,,,2024-06-19 04:36:15
order_00003363,cust_00002130,delivered,2025-06-30 04:04:21,2025-06-30 05:48:20.041676,2025-07-02 05:47:06.660296,2025-07-13 21:39:21.519231,2025-07-18 04:04:21
order_00003364,cust_00002059,delivered,2025-01-03 17:46:56,2025-01-04 13:33:21.568989,2025-01-06 09:26:55.190520,2025-01-11 09:30:49.671092,2025-01-26 17:46:56
order_00003365,cust_00002212,delivered,2025-01-17 21:00:00,2025-01-18 08:42:49.694375,2025-01-19 00:01:20.973450,2025-01-24 06:32:20.130329,2025-02-04 21:00:00
order_00003366,cust_00001432,delivered,2025-05-22 20:07:11,2025-05-22 21:58:39.840118,2025-05-24 12:49:54.331022,2025-05-25 18:42:35.209834,2025-06-09 20:07:11
order_00003367,cust_00001539,delivered,2025-08-17 20:26:44,2025-08-18 01:51:16.800310,2025-08-20 15:53:47.679493,2025-08-26 17:45:16.584206,2025-09-06 20:26:44
order_00003368,cust_00000341,delivered,2024-04-18 10:18:18,2024-04-18 11:59:58.124262,2024-04-19 12:13:30.427712,2024-04-24 08:52:59.435120,2024-05-12 10:18:18
order_00003369,cust_00001174,delivered,2025-10-28 09:57:54,2025-10-28 15:00:32.296181,2025-10-30 04:13:10.690630,2025-11-03 04:29:42.950688,2025-11-13 09:57:54
order_00003370,cust_00001888,canceled,2025-05-25 15:03:49,,,,2025-06-12 15:03:49
order_00003371,cust_00002949,delivered,2025-05-31 11:36:08,2025-05-31 17:56:41.628207,2025-06-01 06:11:46.586914,2025-06-02 12:27:48.515151,2025-06-25 11:36:08
order_00003372,cust_00002879,delivered,2024-05-03 08:11:08,2024-05-03 09:02:03.396329,2024-05-03 23:30:31.584182,2024-05-12 14:01:16.143409,2024-05-19 08:11:08
order_00003373,cust_00000702,shipped,2024-05-30 16:05:25,2024-05-31 21:39:20.752188,2024-06-06 10:26:32.734030,,2024-06-22 16:05:25
order_00003374,cust_00000879,delivered,2025-10-29 06:26:05,2025-10-29 08:08:28.296646,2025-10-30 16:33:23.889693,2025-11-01 15:35:26.991202,2025-11-12 06:26:05
order_00003375,cust_00001571,delivered,2024-03-10 03:00:12,2024-03-10 05:56:38.555349,2024-03-10 21:14:35.443441,2024-03-11 23:01:39.058762,2024-04-01 03:00:12
order_00003376,cust_00000758,delivered,2025-09-29 10:00:19,2025-09-29 12:51:28.938046,2025-09-30 18:49:07.099204,2025-10-10 09:53:56.846732,2025-10-23 10:00:19
order_00003377,cust_00001209,delivered,2025-10-22 05:22:35,2025-10-22 06:13:39.706624,2025-10-22 18:38:06.292664,2025-10-26 08:52:03.412971,2025-11-10 05:22:35
order_00003378,cust_00002403,delivered,2024-11-16 23:00:42,2024-11-17 03:57:20.996737,2024-11-17 16:35:19.377642,2024-11-22 09:03:46.383362,2024-12-03 23:00:42
order_00003379,cust_00000874,delivered,2024-06-09 04:47:19,2024-06-09 10:46:16.238023,2024-06-10 16:40:42.321762,2024-06-14 05:00:09.701363,2024-06-28 04:47:19
order_00003380,cust_00002566,delivered,2025-10-16 23:40:18,2025-10-17 01:17:55.955015,2025-10-18 10:48:55.995661,2025-10-20 13:53:57.985222,2025-11-06 23:40:18
order_00003381,cust_00001646,delivered,2024-04-09 17:38:16,2024-04-10 14:52:10.202633,2024-04-11 05:26:46.272026,2024-04-23 18:05:55.433992,2024-04-24 17:38:16
order_00003382,cust_00001498,delivered,2025-04-08 21:19:07,2025-04-09 07:01:27.819884,2025-04-10 04:45:56.278336,2025-04-18 13:27:56.773989,2025-04-19 21:19:07
order_00003383,cust_00001799,delivered,2024-12-26 21:34:52,2024-12-27 18:08:00.001958,2024-12-29 14:46:39.523385,2025-01-06 03:54:40.342449,2025-01-20 21:34:52
order_00003384,cust_00001462,delivered,2025-12-23 23:30:32,2025-12-24 03:27:06.112323,2025-12-25 08:50:54.055277,2025-12-30 07:31:40.301181,2026-01-20 23:30:32
order_00003385,cust_00002727,delivered,2025-12-07 13:28:04,2025-12-07 15:40:16.113624,2025-12-11 06:34:20.420637,2025-12-17 06:11:18.205603,2025-12-26 13:28:04
order_00003386,cust_00002697,delivered,2024-06-24 17:05:41,2024-06-25 11:50:21.821933,2024-06-28 09:25:14.728556,2024-07-04 04:28:59.099934,2024-07-09 17:05:41
order_00003387,cust_00001937,canceled,2024-01-12 11:11:41,,,,2024-01-24 11:11:41
order_00003388,cust_00000006,delivered,2024-02-26 20:59:20,2024-02-27 02:46:15.468504,2024-03-04 14:00:17.423083,2024-03-06 06:16:49.378904,2024-03-25 20:59:20
order_00003389,cust_00000629,delivered,2025-03-04 06:34:04,2025-03-04 09:13:08.489399,2025-03-05 06:12:00.560576,2025-03-13 04:36:10.039899,2025-03-19 06:34:04
order_00003390,cust_00001912,delivered,2025-11-27 14:11:01,2025-11-28 01:23:17.376830,2025-11-28 16:29:42.708147,2025-11-30 09:23:56.909623,2025-12-20 14:11:01
order_00003391,cust_00002118,canceled,2025-11-28 10:25:06,,,,2025-12-16 10:25:06
order_00003392,cust_00001413,delivered,2025-05-18 20:06:48,2025-05-18 22:55:39.490471,2025-05-19 19:39:58.636803,2025-06-08 15:26:12.510504,2025-06-14 20:06:48
order_00003393,cust_00000629,delivered,2024-06-11 17:32:20,2024-06-11 23:39:34.166105,2024-06-14 09:56:30.777350,2024-06-20 09:06:24.364531,2024-07-01 17:32:20
order_00003394,cust_00001823,delivered,2024-08-22 02:53:35,2024-08-22 06:25:42.130297,2024-08-24 16:43:17.980322,2024-09-02 13:43:50.528591,2024-09-12 02:53:35
order_00003395,cust_00002558,delivered,2025-11-08 09:57:51,2025-11-08 12:47:53.557553,2025-11-09 22:45:14.314221,2025-11-11 20:11:57.940785,2025-11-30 09:57:51
order_00003396,cust_00000765,shipped,2025-02-01 11:16:42,2025-02-01 13:32:55.037853,2025-02-02 17:44:10.405615,,2025-02-25 11:16:42
order_00003397,cust_00001239,delivered,2024-05-06 16:56:21,2024-05-07 03:00:39.936153,2024-05-09 22:27:22.577024,2024-05-24 19:51:48.593392,2024-05-18 16:56:21
order_00003398,cust_00002345,shipped,2025-05-21 07:36:11,2025-05-21 12:51:46.580504,2025-05-23 21:49:49.310805,,2025-06-10 07:36:11
order_00003399,cust_00002730,delivered,2025-12-14 06:31:15,2025-12-14 08:00:18.548408,2025-12-19 04:21:03.056111,2025-12-21 03:53:56.694372,2026-01-12 06:31:15
order_00003400,cust_00000481,delivered,2025-03-05 16:25:08,2025-03-05 22:14:23.765560,2025-03-06 14:03:34.209370,2025-03-09 18:50:25.296607,2025-03-23 16:25:08
order_00003401,cust_00000784,delivered,2025-08-12 06:04:52,2025-08-12 08:38:10.972701,2025-08-13 12:49:05.956909,2025-08-14 15:03:13.142571,2025-08-28 06:04:52
order_00003402,cust_00002593,delivered,2024-09-04 13:25:02,2024-09-05 05:39:00.488902,2024-09-09 13:28:06.917206,2024-09-11 16:09:45.058245,2024-09-25 13:25:02
order_00003403,cust_00002302,delivered,2025-04-03 00:56:24,2025-04-03 02:34:12.697166,2025-04-04 23:38:50.955252,2025-04-15 22:51:35.854515,2025-04-26 00:56:24
order_00003404,cust_00002889,delivered,2025-05-05 15:57:08,2025-05-05 17:11:58.346460,2025-05-06 15:33:44.672031,2025-06-01 11:27:35.548876,2025-05-22 15:57:08
order_00003405,cust_00000795,delivered,2024-11-25 13:21:15,2024-11-25 15:11:16.436680,2024-11-26 08:56:43.950922,2024-12-03 03:30:30.557462,2024-12-08 13:21:15
order_00003406,cust_00000601,delivered,2024-10-18 20:28:58,2024-10-19 04:53:45.869998,2024-10-26 10:12:52.968707,2024-10-27 16:05:14.240393,2024-11-04 20:28:58
order_00003407,cust_00001866,delivered,2025-11-06 09:55:17,2025-11-06 10:47:35.593681,2025-11-09 16:20:24.402736,2025-11-13 14:43:35.439545,2025-12-01 09:55:17
order_00003408,cust_00000947,delivered,2024-06-27 16:10:16,2024-06-27 17:31:25.205929,2024-07-03 01:52:41.507508,2024-07-04 16:21:00.156028,2024-07-23 16:10:16
order_00003409,cust_00000584,delivered,2024-08-27 16:45:53,2024-08-28 04:57:25.889289,2024-08-30 03:10:48.455599,2024-09-20 04:18:14.800667,2024-09-17 16:45:53
order_00003410,cust_00001319,delivered,2024-03-03 10:48:49,2024-03-03 13:53:38.177667,2024-03-04 18:10:09.604589,2024-03-07 14:30:58.936330,2024-03-26 10:48:49
order_00003411,cust_00001930,delivered,2024-06-18 08:04:56,2024-06-18 08:59:55.407482,2024-06-19 04:11:30.003431,2024-06-23 06:24:01.982624,2024-07-14 08:04:56
order_00003412,cust_00001221,delivered,2025-11-26 18:08:39,2025-11-26 23:17:23.830443,2025-12-01 07:02:41.174895,2025-12-02 16:25:01.542028,2025-12-15 18:08:39
order_00003413,cust_00001737,processing,2025-05-18 19:03:55,2025-05-19 02:51:16.813906,,,2025-06-11 19:03:55
order_00003414,cust_00001879,delivered,2025-02-15 00:33:10,2025-02-15 02:20:16.611143,2025-02-15 16:42:26.711403,2025-03-07 10:47:06.348095,2025-03-06 00:33:10
order_00003415,cust_00001967,delivered,2024-05-31 04:33:35,2024-05-31 06:41:48.849738,2024-06-02 18:51:17.797981,2024-06-09 19:30:32.264951,2024-06-15 04:33:35
order_00003416,cust_00001296,delivered,2024-05-11 12:33:48,2024-05-11 16:21:23.862768,2024-05-12 06:31:43.430537,2024-05-15 03:27:32.750173,2024-05-27 12:33:48
order_00003417,cust_00002332,delivered,2024-06-21 04:37:14,2024-06-21 06:14:49.847293,2024-06-23 23:10:37.566162,2024-07-02 12:21:26.006162,2024-07-01 04:37:14
order_00003418,cust_00001835,delivered,2024-12-15 03:13:32,2024-12-15 05:17:10.236567,2024-12-16 20:08:37.011391,2024-12-22 16:30:34.113342,2025-01-06 03:13:32
order_00003419,cust_00002162,delivered,2024-02-02 04:17:38,2024-02-02 11:31:52.308374,2024-02-04 03:32:34.786116,2024-02-14 10:34:01.581947,2024-02-22 04:17:38
order_00003420,cust_00000949,delivered,2024-01-07 07:57:39,2024-01-07 10:18:55.871923,2024-01-09 12:34:35.051801,2024-01-12 08:27:31.477583,2024-01-27 07:57:39
order_00003421,cust_00000358,delivered,2024-03-12 02:11:10,2024-03-12 02:50:15.457091,2024-03-13 15:28:07.658909,2024-03-18 18:50:05.691033,2024-03-27 02:11:10
order_00003422,cust_00000796,delivered,2025-12-12 09:36:14,2025-12-12 13:05:49.535692,2025-12-13 23:41:18.925009,2025-12-18 02:27:39.789099,2025-12-23 09:36:14
order_00003423,cust_00001462,delivered,2025-04-29 00:50:01,2025-04-29 08:59:46.904717,2025-05-01 10:32:35.752916,2025-05-04 23:37:22.177843,2025-05-21 00:50:01
order_00003424,cust_00002219,delivered,2025-08-21 13:23:13,2025-08-22 02:05:15.395975,2025-08-22 16:33:26.831966,2025-09-10 08:40:40.135380,2025-09-12 13:23:13
order_00003425,cust_00000087,delivered,2024-06-08 18:23:40,2024-06-09 00:48:55.366308,2024-06-10 04:06:15.595597,2024-06-11 23:51:10.920158,2024-07-03 18:23:40
order_00003426,cust_00002919,delivered,2024-08-22 11:05:39,2024-08-22 19:24:33.103961,2024-08-25 08:57:19.904966,2024-09-01 18:25:12.152547,2024-09-23 11:05:39
order_00003427,cust_00000242,delivered,2024-12-01 19:00:10,2024-12-01 19:51:21.621569,2024-12-03 14:42:51.889408,2024-12-09 11:21:56.715890,2024-12-25 19:00:10
order_00003428,cust_00000685,delivered,2024-09-11 17:52:21,2024-09-12 06:18:53.161727,2024-09-12 18:50:25.485634,2024-09-19 09:28:29.032982,2024-10-02 17:52:21
order_00003429,cust_00000060,delivered,2025-01-15 11:09:32,2025-01-15 14:59:02.478900,2025-01-17 20:41:54.556850,2025-01-21 14:19:52.320211,2025-02-01 11:09:32
order_00003430,cust_00001459,processing,2024-04-17 07:17:46,2024-04-17 08:09:50.491330,,,2024-05-05 07:17:46
order_00003431,cust_00001232,delivered,2024-08-18 23:53:49,2024-08-19 06:16:50.877712,2024-08-20 07:24:30.539732,2024-08-22 03:22:16.518979,2024-09-06 23:53:49
order_00003432,cust_00000203,delivered,2024-10-17 08:53:58,2024-10-17 09:46:25.719091,2024-10-20 00:11:41.296844,2024-10-22 15:10:55.240387,2024-11-10 08:53:58
order_00003433,cust_00000554,delivered,2024-09-25 02:33:50,2024-09-25 04:49:59.814369,2024-09-26 10:10:51.800776,2024-10-01 14:01:02.121869,2024-10-13 02:33:50
order_00003434,cust_00001769,delivered,2024-07-08 12:29:29,2024-07-09 02:28:18.254239,2024-07-09 14:54:13.445257,2024-07-11 19:18:57.853544,2024-08-01 12:29:29
order_00003435,cust_00002154,delivered,2025-04-25 16:48:58,2025-04-25 21:38:40.495362,2025-04-30 07:33:17.825696,2025-05-02 02:51:41.008789,2025-05-16 16:48:58
order_00003436,cust_00000202,delivered,2024-02-09 16:24:10,2024-02-09 23:22:02.669772,2024-02-11 00:28:05.471528,2024-02-28 23:26:36.849126,2024-03-02 16:24:10
order_00003437,cust_00000685,delivered,2025-09-02 22:29:23,2025-09-03 05:04:20.513266,2025-09-04 18:37:38.270799,2025-09-16 06:47:17.410604,2025-09-23 22:29:23
order_00003438,cust_00001285,delivered,2025-06-14 20:02:01,2025-06-15 02:43:15.052937,2025-06-16 23:39:04.333614,2025-06-23 20:44:45.568342,2025-07-05 20:02:01
order_00003439,cust_00000179,delivered,2024-03-26 08:32:41,2024-03-26 09:39:40.381268,2024-03-27 02:05:46.557381,2024-04-04 08:26:25.447752,2024-04-11 08:32:41
order_00003440,cust_00000498,delivered,2025-07-07 08:27:34,2025-07-07 13:45:25.064441,2025-07-10 05:25:07.663052,2025-07-19 10:35:51.186064,2025-07-24 08:27:34
order_00003441,cust_00002077,delivered,2025-04-13 02:39:21,2025-04-13 09:42:47.241342,2025-04-16 04:09:43.047403,2025-04-17 13:01:29.791269,2025-04-27 02:39:21
order_00003442,cust_00001134,delivered,2024-11-30 23:17:14,2024-12-01 00:09:50.487190,2024-12-03 10:45:41.008908,2024-12-16 20:39:03.665640,2024-12-20 23:17:14
order_00003443,cust_00000469,invoiced,2024-09-19 12:13:16,2024-09-19 13:11:53.556986,,,2024-10-08 12:13:16
order_00003444,cust_00002158,delivered,2024-07-10 06:09:10,2024-07-10 07:26:30.561825,2024-07-10 19:39:04.107241,2024-07-15 02:54:55.828586,2024-07-30 06:09:10
order_00003445,cust_00002548,delivered,2025-07-15 23:11:04,2025-07-16 01:20:23.782295,2025-07-19 08:15:38.263661,2025-07-29 22:26:25.502913,2025-08-03 23:11:04
order_00003446,cust_00000636,delivered,2025-09-16 20:23:47,2025-09-16 22:28:33.613507,2025-09-22 20:50:26.456494,2025-09-24 10:49:35.491421,2025-10-06 20:23:47
order_00003447,cust_00001128,delivered,2025-07-01 07:48:52,2025-07-01 10:00:06.872614,2025-07-02 07:23:13.609123,2025-07-04 10:44:57.300484,2025-07-21 07:48:52
order_00003448,cust_00000617,canceled,2024-02-24 08:10:38,,,,2024-03-11 08:10:38
order_00003449,cust_00000010,delivered,2025-10-06 20:12:44,2025-10-07 02:41:52.937769,2025-10-08 20:36:55.624425,2025-10-12 08:10:55.618483,2025-10-28 20:12:44
order_00003450,cust_00002782,invoiced,2025-11-19 16:35:15,2025-11-19 22:18:49.455277,,,2025-12-10 16:35:15
order_00003451,cust_00002794,delivered,2025-09-25 10:37:33,2025-09-25 14:58:08.084860,2025-09-27 01:29:23.478875,2025-09-28 18:26:38.384228,2025-10-15 10:37:33
order_00003452,cust_00001124,processing,2024-08-15 08:40:27,2024-08-15 09:28:53.121422,,,2024-08-31 08:40:27
order_00003453,cust_00002180,delivered,2024-01-07 15:55:36,2024-01-07 21:48:47.764817,2024-01-10 11:58:28.876644,2024-01-14 12:27:15.604798,2024-01-26 15:55:36
order_00003454,cust_00000321,delivered,2024-10-27 02:37:19,2024-10-27 15:46:19.937522,2024-11-03 04:57:18.065225,2024-11-17 15:16:54.330025,2024-11-17 02:37:19
order_00003455,cust_00000931,delivered,2024-11-23 14:13:04,2024-11-23 17:07:10.807106,2024-11-24 11:07:04.690133,2024-12-03 04:15:38.176793,2024-12-15 14:13:04
order_00003456,cust_00000581,delivered,2024-10-08 23:10:20,2024-10-09 02:17:17.796036,2024-10-10 10:51:52.184941,2024-10-13 22:03:11.398613,2024-10-26 23:10:20
order_00003457,cust_00000762,delivered,2025-04-02 23:45:38,2025-04-03 00:43:39.272985,2025-04-05 04:55:26.149143,2025-04-07 09:51:14.452751,2025-04-13 23:45:38
order_00003458,cust_00002423,delivered,2025-02-21 10:40:31,2025-02-21 12:13:14.754682,2025-02-26 15:10:29.525319,2025-03-01 12:07:09.767154,2025-03-07 10:40:31
order_00003459,cust_00000985,delivered,2024-02-26 07:46:06,2024-02-26 10:12:30.830601,2024-02-28 21:00:00.255051,2024-03-01 18:48:33.219957,2024-03-19 07:46:06
order_00003460,cust_00002860,delivered,2024-08-02 01:11:33,2024-08-02 10:58:07.088345,2024-08-04 03:07:11.084521,2024-08-07 00:14:23.419307,2024-08-12 01:11:33
order_00003461,cust_00000481,delivered,2024-11-22 09:50:03,2024-11-22 23:40:02.230302,2024-11-24 05:40:11.484829,2024-11-25 18:34:13.318936,2024-12-16 09:50:03
order_00003462,cust_00001769,delivered,2025-10-08 06:37:03,2025-10-08 07:38:49.570966,2025-10-08 19:49:50.900529,2025-10-11 03:56:55.521341,2025-10-28 06:37:03
order_00003463,cust_00002673,canceled,2025-07-15 17:44:04,,,,2025-08-03 17:44:04
order_00003464,cust_00001188,delivered,2025-02-16 16:18:01,2025-02-17 02:36:05.572949,2025-02-20 07:45:36.264567,2025-02-24 00:27:21.867678,2025-03-09 16:18:01
order_00003465,cust_00001509,delivered,2024-07-29 07:18:00,2024-07-29 10:59:12.630171,2024-08-01 10:24:32.946558,2024-08-04 07:18:35.025151,2024-08-20 07:18:00
order_00003466,cust_00000408,delivered,2025-02-17 06:46:35,2025-02-17 09:09:53.153964,2025-02-18 14:33:36.410564,2025-02-21 17:04:03.709735,2025-03-15 06:46:35
order_00003467,cust_00001373,delivered,2025-08-17 12:30:32,2025-08-17 13:34:30.971974,2025-08-18 13:00:54.965887,2025-09-05 10:33:53.981346,2025-09-05 12:30:32
order_00003468,cust_00002396,delivered,2025-04-11 16:38:00,2025-04-11 23:31:58.303595,2025-04-13 07:06:45.992168,2025-04-16 14:15:48.042943,2025-04-28 16:38:00
order_00003469,cust_00002599,delivered,2025-04-09 23:53:13,2025-04-10 01:13:25.710514,2025-04-11 20:13:52.449815,2025-04-24 08:05:03.513729,2025-04-24 23:53:13
order_00003470,cust_00002254,delivered,2024-07-21 23:06:04,2024-07-22 01:02:03.566585,2024-07-24 14:14:16.189294,2024-08-04 17:11:56.621223,2024-08-14 23:06:04
order_00003471,cust_00000419,delivered,2025-01-20 18:14:43,2025-01-21 02:09:14.659841,2025-01-23 02:14:15.315360,2025-01-30 17:53:28.426570,2025-02-09 18:14:43
order_00003472,cust_00000048,shipped,2025-11-18 22:31:07,2025-11-19 04:40:22.406749,2025-11-20 17:14:22.586214,,2025-12-04 22:31:07
order_00003473,cust_00000496,delivered,2024-04-11 01:37:50,2024-04-11 04:05:08.966160,2024-04-11 22:52:42.110074,2024-04-20 08:14:59.375304,2024-04-30 01:37:50
order_00003474,cust_00002803,delivered,2024-10-03 12:54:02,2024-10-03 16:03:34.145718,2024-10-05 03:42:35.719105,2024-10-06 05:48:15.269944,2024-10-22 12:54:02
order_00003475,cust_00000674,delivered,2025-10-14 11:41:57,2025-10-14 12:23:37.607120,2025-10-15 10:21:49.751481,2025-10-18 13:22:15.105329,2025-10-31 11:41:57
order_00003476,cust_00000544,delivered,2025-04-11 15:09:09,2025-04-12 13:48:00.076163,2025-04-13 02:58:16.417476,2025-04-25 05:35:53.251645,2025-04-30 15:09:09
order_00003477,cust_00001227,delivered,2025-09-21 12:00:20,2025-09-21 16:32:32.660583,2025-09-25 17:54:54.620225,2025-09-29 15:12:34.360388,2025-10-12 12:00:20
order_00003478,cust_00000154,delivered,2024-01-08 09:50:32,2024-01-08 16:56:54.574465,2024-01-09 20:44:44.708299,2024-01-16 21:07:42.568571,2024-01-21 09:50:32
order_00003479,cust_00002319,delivered,2024-09-05 11:57:06,2024-09-05 17:35:19.935513,2024-09-06 18:20:17.241925,2024-09-13 05:45:05.823543,2024-09-22 11:57:06
order_00003480,cust_00002055,shipped,2024-04-29 13:36:11,2024-04-29 17:55:04.555627,2024-04-30 11:27:46.814101,,2024-05-20 13:36:11
order_00003481,cust_00000532,canceled,2024-08-10 04:41:13,,,,2024-08-30 04:41:13
order_00003482,cust_00002877,delivered,2025-08-25 01:43:50,2025-08-25 04:52:54.244644,2025-08-27 10:34:02.962110,2025-09-11 15:01:22.031457,2025-09-16 01:43:50
order_00003483,cust_00000242,unavailable,2025-08-06 23:42:42,2025-08-07 01:28:51.783893,,,2025-08-27 23:42:42
order_00003484,cust_00002959,delivered,2024-11-22 16:40:45,2024-11-23 05:19:35.984711,2024-11-26 16:05:59.301456,2024-12-01 08:40:02.231510,2024-12-05 16:40:45
order_00003485,cust_00000660,delivered,2025-07-22 23:57:01,2025-07-23 00:34:54.086923,2025-07-24 08:40:20.417892,2025-07-29 14:19:50.247519,2025-08-10 23:57:01
order_00003486,cust_00002519,delivered,2024-01-28 17:23:01,2024-01-28 22:26:30.388389,2024-01-30 04:44:09.460121,2024-02-02 23:10:01.665827,2024-02-18 17:23:01
order_00003487,cust_00002068,delivered,2025-11-21 00:41:06,2025-11-21 01:14:53.089946,2025-11-22 22:49:00.394044,2025-11-24 09:04:01.877972,2025-12-08 00:41:06
order_00003488,cust_00002472,delivered,2024-07-04 03:47:30,2024-07-04 16:03:34.031140,2024-07-09 22:26:21.646492,2024-07-13 17:53:55.615351,2024-07-27 03:47:30
order_00003489,cust_00002043,delivered,2024-04-26 23:51:16,2024-04-27 10:07:11.266115,2024-04-28 11:24:52.881075,2024-04-30 16:17:22.047538,2024-05-15 23:51:16
order_00003490,cust_00000194,unavailable,2024-01-31 15:32:04,2024-01-31 19:55:23.258343,,,2024-02-22 15:32:04
order_00003491,cust_00000388,delivered,2025-10-02 15:17:18,2025-10-02 16:53:08.543903,2025-10-03 21:38:47.708353,2025-10-05 01:35:35.571222,2025-10-23 15:17:18
order_00003492,cust_00001296,delivered,2024-07-07 23:09:00,2024-07-08 07:02:14.561504,2024-07-09 17:45:36.842985,2024-07-25 15:01:22.567097,2024-07-23 23:09:00
order_00003493,cust_00000877,delivered,2024-04-17 22:17:50,2024-04-17 23:37:18.701540,2024-04-20 12:46:38.940065,2024-04-22 04:17:24.432717,2024-05-06 22:17:50
order_00003494,cust_00000700,delivered,2024-02-17 10:03:09,2024-02-17 12:09:04.742024,2024-02-18 15:20:24.447798,2024-03-10 09:27:53.766341,2024-03-06 10:03:09
order_00003495,cust_00001250,delivered,2025-06-27 05:40:23,2025-06-27 13:32:35.067094,2025-06-28 19:28:41.425957,2025-07-05 11:28:29.542315,2025-07-23 05:40:23
order_00003496,cust_00001119,delivered,2025-02-11 02:37:30,2025-02-11 20:10:32.590511,2025-02-12 09:42:47.067500,2025-03-03 02:32:25.266296,2025-02-25 02:37:30
order_00003497,cust_00002287,delivered,2024-07-10 18:27:38,2024-07-10 20:36:39.409048,2024-07-12 23:52:03.976108,2024-07-16 13:53:03.354121,2024-07-27 18:27:38
order_00003498,cust_00002307,delivered,2024-08-19 09:38:38,2024-08-19 10:12:34.563166,2024-08-20 17:41:33.282243,2024-08-22 20:40:24.572444,2024-09-09 09:38:38
order_00003499,cust_00002721,delivered,2024-09-10 16:47:45,2024-09-11 11:08:53.331245,2024-09-12 22:41:05.006463,2024-09-28 02:40:35.086373,2024-09-27 16:47:45
order_00003500,cust_00000158,delivered,2025-11-29 13:02:23,2025-11-29 18:44:58.051073,2025-12-01 00:01:08.917479,2025-12-03 21:48:35.335438,2025-12-16 13:02:23
order_00003501,cust_00000505,delivered,2025-03-06 23:15:12,2025-03-07 14:18:36.273398,2025-03-11 22:28:36.005688,2025-03-17 01:06:33.646060,2025-03-17 23:15:12
order_00003502,cust_00000919,delivered,2024-10-18 08:45:00,2024-10-18 10:37:42.143772,2024-10-20 11:33:42.864378,2024-10-21 20:28:57.757634,2024-11-03 08:45:00
order_00003503,cust_00000990,canceled,2024-09-14 21:00:30,,,,2024-10-07 21:00:30
order_00003504,cust_00000681,delivered,2025-08-05 21:59:44,2025-08-06 07:29:54.771148,2025-08-07 01:37:49.247746,2025-08-13 08:14:29.729848,2025-08-21 21:59:44
order_00003505,cust_00000846,delivered,2025-08-01 14:23:07,2025-08-01 17:29:14.471234,2025-08-02 12:37:28.003846,2025-08-04 04:00:13.878909,2025-08-24 14:23:07
order_00003506,cust_00001972,delivered,2024-03-08 01:47:40,2024-03-08 03:21:50.959769,2024-03-10 17:02:04.307259,2024-03-13 14:45:01.696207,2024-03-27 01:47:40
order_00003507,cust_00002897,delivered,2025-04-08 23:52:47,2025-04-09 01:55:15.913475,2025-04-10 17:28:04.958004,2025-04-15 19:37:05.251344,2025-04-26 23:52:47
order_00003508,cust_00000104,delivered,2024-01-12 22:56:24,2024-01-13 00:21:38.180547,2024-01-17 13:06:31.560033,2024-01-27 22:29:46.933868,2024-01-29 22:56:24
order_00003509,cust_00002554,processing,2024-10-26 22:21:05,2024-10-26 23:54:54.880643,,,2024-11-09 22:21:05
order_00003510,cust_00000553,delivered,2024-04-25 08:00:03,2024-04-25 09:36:37.915579,2024-04-26 08:27:37.611332,2024-04-27 12:16:54.447034,2024-05-09 08:00:03
order_00003511,cust_00002096,delivered,2024-03-04 12:42:33,2024-03-04 22:28:35.472798,2024-03-05 16:27:48.470980,2024-03-07 05:59:54.404059,2024-03-16 12:42:33
order_00003512,cust_00001661,delivered,2025-10-15 11:51:56,2025-10-15 12:31:14.085267,2025-10-16 05:18:55.167017,2025-10-25 06:03:28.705624,2025-11-04 11:51:56
order_00003513,cust_00002316,delivered,2025-01-24 00:59:30,2025-01-24 03:22:46.698815,2025-01-25 17:35:16.063234,2025-02-03 13:01:38.752704,2025-02-06 00:59:30
order_00003514,cust_00002810,delivered,2025-05-13 03:01:51,2025-05-13 16:01:33.076207,2025-05-16 00:58:12.692212,2025-05-20 20:14:09.438411,2025-05-31 03:01:51
order_00003515,cust_00001414,delivered,2024-07-27 05:30:02,2024-07-27 06:42:53.381814,2024-07-27 19:01:03.986669,2024-07-31 02:18:24.593041,2024-08-16 05:30:02
order_00003516,cust_00000289,delivered,2024-12-15 01:58:12,2024-12-15 02:41:39.851759,2024-12-20 16:11:07.921132,2024-12-28 15:21:51.378442,2025-01-05 01:58:12
order_00003517,cust_00001353,delivered,2024-12-12 18:35:32,2024-12-13 04:21:29.262197,2024-12-14 10:40:37.108257,2024-12-15 17:14:51.497260,2025-01-02 18:35:32
order_00003518,cust_00002173,delivered,2024-08-18 03:04:29,2024-08-18 06:30:39.080449,2024-08-18 22:28:43.387491,2024-08-20 16:07:16.234179,2024-09-05 03:04:29
order_00003519,cust_00000174,delivered,2024-03-28 15:43:10,2024-03-28 20:22:24.922695,2024-03-29 13:44:10.839956,2024-03-31 22:25:09.907659,2024-04-19 15:43:10
order_00003520,cust_00000549,delivered,2024-07-15 01:35:10,2024-07-15 08:55:57.517084,2024-07-17 08:19:14.070832,2024-07-21 03:26:13.319973,2024-08-04 01:35:10
order_00003521,cust_00000911,canceled,2025-03-14 02:57:17,,,,2025-04-06 02:57:17
order_00003522,cust_00002375,processing,2025-06-05 05:14:57,2025-06-05 07:23:03.475837,,,2025-06-27 05:14:57
order_00003523,cust_00001944,delivered,2024-09-30 23:17:46,2024-10-01 00:07:23.043183,2024-10-02 22:19:34.712100,2024-10-04 15:08:59.116129,2024-10-19 23:17:46
order_00003524,cust_00002384,delivered,2025-06-18 12:30:27,2025-06-18 18:51:12.034626,2025-06-21 16:49:22.071669,2025-06-27 05:00:12.389520,2025-07-05 12:30:27
order_00003525,cust_00000295,delivered,2024-07-19 15:54:54,2024-07-20 08:12:56.121351,2024-07-28 03:13:04.570419,2024-08-02 14:15:22.382772,2024-08-07 15:54:54
order_00003526,cust_00000795,delivered,2024-02-02 09:48:28,2024-02-02 12:32:54.844794,2024-02-05 07:34:38.445874,2024-02-17 03:40:42.282101,2024-02-17 09:48:28
order_00003527,cust_00000828,delivered,2024-10-26 00:16:24,2024-10-26 10:43:58.626353,2024-10-27 09:34:11.976653,2024-10-28 22:58:40.853998,2024-11-18 00:16:24
order_00003528,cust_00002372,shipped,2024-08-12 16:23:14,2024-08-13 08:13:50.431743,2024-08-14 13:56:18.098378,,2024-09-03 16:23:14
order_00003529,cust_00001964,delivered,2024-12-20 03:15:04,2024-12-20 11:23:35.117489,2024-12-22 11:05:16.717649,2025-01-04 06:38:15.924491,2025-01-08 03:15:04
order_00003530,cust_00001294,delivered,2025-09-07 23:23:21,2025-09-08 01:23:56.078000,2025-09-09 06:31:18.835745,2025-09-11 10:25:41.231252,2025-09-21 23:23:21
order_00003531,cust_00002420,shipped,2025-10-02 22:11:02,2025-10-03 02:35:48.159370,2025-10-07 05:25:20.997886,,2025-10-26 22:11:02
order_00003532,cust_00000907,unavailable,2024-01-01 03:09:11,2024-01-01 06:49:32.264389,,,2024-01-24 03:09:11
order_00003533,cust_00000008,delivered,2025-07-23 01:43:11,2025-07-23 03:51:18.546366,2025-07-25 21:17:33.596822,2025-08-03 16:40:49.832917,2025-08-10 01:43:11
order_00003534,cust_00002632,delivered,2025-09-09 04:55:13,2025-09-09 05:45:58.693030,2025-09-12 19:18:33.910817,2025-09-15 21:30:35.001727,2025-09-29 04:55:13
order_00003535,cust_00001754,delivered,2025-05-25 19:03:43,2025-05-25 19:34:02.727882,2025-05-26 19:46:41.740761,2025-05-28 12:29:55.114037,2025-06-21 19:03:43
order_00003536,cust_00002361,delivered,2024-02-20 21:41:33,2024-02-21 07:34:41.762848,2024-02-23 08:28:02.429215,2024-03-07 05:13:39.974271,2024-03-10 21:41:33
order_00003537,cust_00001520,delivered,2025-11-12 22:22:00,2025-11-13 06:33:28.679960,2025-11-17 02:15:30.083369,2025-11-24 18:07:03.856910,2025-12-01 22:22:00
order_00003538,cust_00001593,delivered,2025-12-30 16:02:17,2025-12-30 18:01:01.589382,2025-12-31 15:26:25.948143,2026-01-12 07:16:27.904697,2026-01-21 16:02:17
order_00003539,cust_00002491,canceled,2025-06-24 20:22:15,,,,2025-07-14 20:22:15
order_00003540,cust_00001777,delivered,2025-06-18 07:07:24,2025-06-18 10:20:42.433849,2025-06-20 04:20:55.965066,2025-07-08 05:58:18.020883,2025-07-11 07:07:24
order_00003541,cust_00001527,shipped,2025-05-02 16:21:09,2025-05-02 19:59:27.695976,2025-05-04 11:00:37.655757,,2025-05-24 16:21:09
order_00003542,cust_00002159,delivered,2025-10-11 23:12:38,2025-10-12 03:22:30.713415,2025-10-13 12:05:10.048828,2025-10-22 10:15:47.516990,2025-11-07 23:12:38
order_00003543,cust_00000789,unavailable,2025-07-05 22:59:32,2025-07-06 06:44:27.484275,,,2025-07-23 22:59:32
order_00003544,cust_00002070,delivered,2024-02-20 04:28:20,2024-02-20 12:10:37.981009,2024-02-22 19:13:58.992306,2024-02-25 23:25:31.373732,2024-03-11 04:28:20
order_00003545,cust_00000043,unavailable,2025-09-15 18:24:48,2025-09-15 19:27:47.519467,,,2025-09-28 18:24:48
order_00003546,cust_00001037,delivered,2024-04-27 01:58:06,2024-04-27 08:38:02.305656,2024-04-28 04:27:32.917388,2024-05-09 02:04:30.628988,2024-05-19 01:58:06
order_00003547,cust_00001089,delivered,2025-07-19 08:22:55,2025-07-19 10:45:48.656740,2025-07-21 16:48:17.241887,2025-08-10 08:18:55.524545,2025-08-11 08:22:55
order_00003548,cust_00000876,delivered,2024-12-29 13:09:27,2024-12-29 22:21:57.626933,2024-12-31 08:15:00.347731,2025-01-03 20:33:53.503833,2025-01-19 13:09:27
order_00003549,cust_00002321,delivered,2025-03-29 02:04:18,2025-03-29 09:17:12.885960,2025-03-30 13:42:39.480725,2025-04-06 08:00:51.422510,2025-04-20 02:04:18
order_00003550,cust_00002289,delivered,2025-12-02 10:29:05,2025-12-02 21:01:36.314929,2025-12-04 08:40:25.081621,2025-12-06 15:54:02.577875,2025-12-20 10:29:05
order_00003551,cust_00000778,delivered,2025-08-16 07:14:43,2025-08-16 11:35:13.581908,2025-08-20 09:14:53.631917,2025-08-27 23:20:22.926246,2025-08-31 07:14:43
order_00003552,cust_00000105,unavailable,2024-04-25 06:08:43,2024-04-25 11:34:16.397014,,,2024-05-11 06:08:43
order_00003553,cust_00000359,delivered,2025-06-18 07:03:48,2025-06-18 08:32:28.636446,2025-06-19 11:08:46.952498,2025-06-22 00:47:16.927354,2025-07-12 07:03:48
order_00003554,cust_00002668,delivered,2024-05-30 07:04:49,2024-05-30 12:20:41.818374,2024-06-01 04:42:29.775508,2024-06-05 21:19:47.838396,2024-06-16 07:04:49
order_00003555,cust_00001380,delivered,2025-12-04 20:40:55,2025-12-05 04:50:37.115116,2025-12-05 20:23:51.587517,2025-12-06 22:07:45.867152,2025-12-25 20:40:55
order_00003556,cust_00001434,delivered,2024-01-08 23:12:56,2024-01-09 02:14:02.406839,2024-01-12 13:28:55.190501,2024-01-24 07:24:33.447342,2024-01-31 23:12:56
order_00003557,cust_00000838,delivered,2024-02-11 11:13:40,2024-02-11 12:30:19.167757,2024-02-12 11:03:56.611071,2024-02-14 09:12:17.268392,2024-02-24 11:13:40
order_00003558,cust_00000507,delivered,2025-12-15 08:48:10,2025-12-16 03:50:28.835630,2025-12-17 07:01:39.012963,2025-12-28 19:19:17.485495,2025-12-28 08:48:10
order_00003559,cust_00001198,delivered,2024-05-12 18:35:06,2024-05-12 22:38:45.160150,2024-05-13 17:23:34.183683,2024-05-15 03:37:33.161184,2024-05-27 18:35:06
order_00003560,cust_00001469,delivered,2024-06-24 06:35:34,2024-06-24 08:30:58.642514,2024-06-26 15:46:59.958583,2024-06-28 22:00:49.376518,2024-07-13 06:35:34
order_00003561,cust_00001355,delivered,2025-11-10 10:36:20,2025-11-10 15:24:34.732109,2025-11-14 08:42:04.866735,2025-11-23 16:03:38.632498,2025-12-02 10:36:20
order_00003562,cust_00000562,delivered,2024-07-04 01:00:10,2024-07-04 13:13:12.675026,2024-07-05 01:54:49.381212,2024-07-08 09:22:57.915988,2024-07-24 01:00:10
order_00003563,cust_00002722,delivered,2025-01-28 18:43:15,2025-01-28 22:32:37.779539,2025-01-31 00:04:20.020935,2025-02-01 13:18:37.373074,2025-02-19 18:43:15
order_00003564,cust_00001402,delivered,2024-03-09 04:19:57,2024-03-09 22:51:04.050832,2024-03-12 01:47:06.755608,2024-03-14 03:19:32.784999,2024-03-24 04:19:57
order_00003565,cust_00000871,delivered,2025-09-05 06:02:38,2025-09-05 06:52:52.469477,2025-09-05 19:44:45.531121,2025-09-16 15:04:46.614544,2025-09-30 06:02:38
order_00003566,cust_00001499,delivered,2025-11-16 16:48:11,2025-11-16 20:37:20.421853,2025-11-20 23:04:05.410945,2025-11-26 04:01:22.486583,2025-12-07 16:48:11
order_00003567,cust_00000204,delivered,2024-11-21 06:14:27,2024-11-21 11:06:34.825221,2024-11-25 02:38:40.971969,2024-12-02 00:34:58.804244,2024-12-06 06:14:27
order_00003568,cust_00001522,delivered,2024-06-15 21:18:02,2024-06-16 00:19:31.413961,2024-06-16 15:38:27.389805,2024-06-17 17:33:42.848668,2024-07-09 21:18:02
order_00003569,cust_00000623,canceled,2025-03-14 07:57:48,,,,2025-04-01 07:57:48
order_00003570,cust_00001419,delivered,2024-08-05 22:07:00,2024-08-06 03:41:25.342265,2024-08-07 22:44:36.230121,2024-08-09 23:51:31.007063,2024-08-24 22:07:00
order_00003571,cust_00001076,shipped,2025-03-17 13:31:24,2025-03-17 17:08:45.788538,2025-03-18 20:01:12.412025,,2025-04-03 13:31:24
order_00003572,cust_00001592,delivered,2024-04-11 18:38:02,2024-04-12 02:00:32.540254,2024-04-15 00:42:07.218942,2024-04-22 02:45:19.058626,2024-05-03 18:38:02
order_00003573,cust_00002673,delivered,2025-03-21 17:01:20,2025-03-21 19:33:25.448855,2025-03-22 19:35:20.192497,2025-03-27 16:48:28.135749,2025-04-15 17:01:20
order_00003574,cust_00001051,delivered,2025-07-29 21:06:05,2025-07-30 00:37:32.206699,2025-07-30 22:21:03.706627,2025-08-04 20:14:45.810273,2025-08-15 21:06:05
order_00003575,cust_00001395,delivered,2025-07-06 17:51:20,2025-07-06 23:52:12.913863,2025-07-09 07:44:34.587151,2025-07-12 12:08:01.749280,2025-07-25 17:51:20
order_00003576,cust_00001331,delivered,2025-05-23 10:17:04,2025-05-23 12:00:02.725520,2025-05-26 21:54:43.348046,2025-05-28 21:56:31.298221,2025-06-11 10:17:04
order_00003577,cust_00002092,delivered,2025-08-29 21:58:27,2025-08-30 01:27:24.267446,2025-08-31 01:05:06.882646,2025-09-04 16:33:02.098958,2025-09-11 21:58:27
order_00003578,cust_00001847,shipped,2025-10-05 15:03:53,2025-10-05 16:23:21.665933,2025-10-09 13:38:01.076401,,2025-10-23 15:03:53
order_00003579,cust_00001357,delivered,2024-05-08 01:13:16,2024-05-08 03:02:35.288558,2024-05-09 18:40:38.423564,2024-05-13 17:36:27.766318,2024-05-30 01:13:16
order_00003580,cust_00002314,delivered,2024-07-05 06:39:06,2024-07-05 07:47:01.003217,2024-07-06 03:40:57.784299,2024-07-22 19:26:06.050375,2024-07-31 06:39:06
order_00003581,cust_00001332,delivered,2025-01-23 01:00:28,2025-01-23 04:14:55.004505,2025-01-23 16:56:19.843908,2025-01-25 08:47:10.483832,2025-02-10 01:00:28
order_00003582,cust_00000546,delivered,2024-02-22 19:28:26,2024-02-22 22:02:53.321397,2024-03-01 04:54:08.035780,2024-03-02 10:56:01.724545,2024-03-06 19:28:26
order_00003583,cust_00001715,delivered,2025-11-03 16:20:10,2025-11-04 07:53:09.462808,2025-11-05 12:42:01.908396,2025-11-06 19:07:44.799311,2025-11-24 16:20:10
order_00003584,cust_00000985,delivered,2025-01-05 17:22:33,2025-01-06 03:57:19.681379,2025-01-07 03:15:11.569522,2025-01-17 17:39:46.951287,2025-01-26 17:22:33
order_00003585,cust_00001568,delivered,2025-10-12 05:02:52,2025-10-12 09:38:15.348888,2025-10-13 01:05:30.751436,2025-10-19 09:26:33.325041,2025-10-28 05:02:52
order_00003586,cust_00000772,delivered,2025-04-14 11:41:35,2025-04-14 22:54:55.190340,2025-04-15 15:22:07.199264,2025-04-25 19:08:32.778226,2025-05-04 11:41:35
order_00003587,cust_00000910,delivered,2024-05-13 19:35:13,2024-05-14 02:57:53.302434,2024-05-15 06:32:26.873155,2024-05-18 19:04:21.330387,2024-06-12 19:35:13
order_00003588,cust_00000172,delivered,2025-09-21 01:41:12,2025-09-21 10:06:08.088963,2025-09-25 22:21:28.426055,2025-10-02 05:15:17.122183,2025-10-16 01:41:12
order_00003589,cust_00001779,delivered,2024-02-18 00:33:18,2024-02-18 05:41:59.662273,2024-02-22 22:16:47.213390,2024-02-24 16:01:42.732159,2024-03-06 00:33:18
order_00003590,cust_00000368,canceled,2024-04-26 06:13:11,,,,2024-05-18 06:13:11
order_00003591,cust_00000622,delivered,2025-03-29 09:08:15,2025-03-29 10:30:31.579797,2025-03-31 15:46:50.945973,2025-04-05 02:02:17.418237,2025-04-13 09:08:15
order_00003592,cust_00000276,processing,2024-07-12 19:50:24,2024-07-12 22:27:05.677918,,,2024-07-30 19:50:24
order_00003593,cust_00001567,delivered,2025-07-24 10:25:40,2025-07-24 12:28:58.944431,2025-07-25 16:10:34.525999,2025-08-02 01:30:54.446183,2025-08-13 10:25:40
order_00003594,cust_00001972,delivered,2025-04-29 14:01:46,2025-04-29 16:43:29.817668,2025-05-01 00:53:08.862899,2025-05-06 06:20:06.102020,2025-05-17 14:01:46
order_00003595,cust_00002444,delivered,2025-04-07 19:26:18,2025-04-07 23:42:29.480436,2025-04-10 03:49:30.773582,2025-04-12 21:35:13.210645,2025-04-26 19:26:18
order_00003596,cust_00002431,delivered,2025-03-22 12:14:05,2025-03-22 14:30:14.525872,2025-03-23 07:28:04.448121,2025-03-27 11:03:08.703510,2025-04-18 12:14:05
order_00003597,cust_00002320,delivered,2025-02-25 00:12:26,2025-02-25 12:31:38.880489,2025-02-26 17:45:52.306162,2025-03-10 04:24:44.889309,2025-03-17 00:12:26
order_00003598,cust_00002942,canceled,2024-03-20 05:46:35,,,,2024-04-16 05:46:35
order_00003599,cust_00000220,delivered,2024-02-25 08:57:06,2024-02-25 14:18:32.434393,2024-02-28 04:06:22.569429,2024-03-06 05:51:45.523645,2024-03-17 08:57:06
order_00003600,cust_00000908,delivered,2024-09-09 12:37:04,2024-09-09 14:21:11.579563,2024-09-11 08:50:08.393410,2024-09-14 23:10:25.816274,2024-09-26 12:37:04
order_00003601,cust_00001373,delivered,2024-12-23 04:06:55,2024-12-23 07:33:22.900342,2024-12-29 23:05:06.169442,2025-01-18 21:33:48.210453,2025-01-08 04:06:55
order_00003602,cust_00001955,delivered,2024-10-18 05:59:52,2024-10-18 06:31:00.930604,2024-10-18 20:57:14.160165,2024-10-27 19:55:22.301232,2024-11-06 05:59:52
order_00003603,cust_00000092,delivered,2024-09-20 02:23:39,2024-09-20 18:43:43.736187,2024-09-22 17:08:54.922811,2024-09-26 18:12:40.924966,2024-10-07 02:23:39
order_00003604,cust_00001581,delivered,2024-09-12 13:55:59,2024-09-12 21:16:17.475699,2024-09-14 05:10:37.146632,2024-10-04 15:11:52.932952,2024-10-03 13:55:59
order_00003605,cust_00002004,delivered,2024-04-21 00:58:47,2024-04-21 01:50:20.025834,2024-04-24 00:02:50.695618,2024-05-02 14:50:48.009435,2024-05-03 00:58:47
order_00003606,cust_00001923,delivered,2024-08-08 06:15:10,2024-08-08 11:20:30.622987,2024-08-09 06:31:50.859345,2024-08-11 04:29:35.225504,2024-08-28 06:15:10
order_00003607,cust_00000660,delivered,2025-12-11 20:58:20,2025-12-12 09:15:01.028195,2025-12-15 14:21:46.093927,2025-12-18 00:55:40.523920,2026-01-04 20:58:20
order_00003608,cust_00001421,delivered,2024-05-13 19:34:34,2024-05-13 21:11:01.413455,2024-05-15 02:20:43.661688,2024-05-20 04:02:54.731432,2024-05-27 19:34:34
order_00003609,cust_00002365,delivered,2025-09-26 16:00:39,2025-09-26 17:13:38.256980,2025-09-28 10:30:15.485247,2025-10-05 15:47:35.627951,2025-10-19 16:00:39
order_00003610,cust_00001913,delivered,2025-05-06 21:30:51,2025-05-06 22:09:12.921557,2025-05-09 07:40:36.902066,2025-05-13 09:36:19.222431,2025-05-19 21:30:51
order_00003611,cust_00002075,delivered,2024-03-12 11:16:58,2024-03-12 11:48:42.564984,2024-03-17 05:15:37.667738,2024-03-18 12:18:33.161311,2024-03-28 11:16:58
order_00003612,cust_00001529,delivered,2024-01-04 06:41:07,2024-01-04 08:32:30.375322,2024-01-07 14:36:40.767345,2024-01-11 06:21:36.307861,2024-01-28 06:41:07
order_00003613,cust_00000645,delivered,2025-02-24 00:41:51,2025-02-24 11:20:36.828215,2025-02-26 09:09:20.544330,2025-02-28 18:48:38.637623,2025-03-14 00:41:51
order_00003614,cust_00001801,delivered,2024-01-17 13:50:35,2024-01-17 17:17:25.773845,2024-01-18 13:17:58.406820,2024-01-23 04:01:05.654143,2024-02-03 13:50:35
order_00003615,cust_00001240,delivered,2025-06-10 03:16:54,2025-06-10 06:51:47.651741,2025-06-14 21:19:54.213947,2025-06-28 08:26:53.164286,2025-06-26 03:16:54
order_00003616,cust_00000216,delivered,2024-06-24 19:35:05,2024-06-24 21:58:00.797976,2024-06-28 13:12:09.534896,2024-07-01 04:25:58.026627,2024-07-09 19:35:05
order_00003617,cust_00002661,delivered,2025-11-27 21:33:56,2025-11-28 11:59:04.528317,2025-12-01 02:14:56.923172,2025-12-04 05:47:12.812916,2025-12-18 21:33:56
order_00003618,cust_00002119,delivered,2025-10-01 19:09:04,2025-10-02 00:02:29.793265,2025-10-02 17:15:48.104631,2025-10-10 17:52:25.260034,2025-10-23 19:09:04
order_00003619,cust_00002821,delivered,2025-12-16 03:06:00,2025-12-16 07:39:10.383239,2025-12-19 02:05:33.997549,2025-12-22 16:12:33.392804,2026-01-01 03:06:00
order_00003620,cust_00001650,delivered,2024-09-13 17:12:09,2024-09-13 23:45:55.317812,2024-09-16 02:54:56.650095,2024-09-18 12:39:02.408451,2024-10-03 17:12:09
order_00003621,cust_00002907,delivered,2024-12-03 01:17:44,2024-12-03 06:59:11.000217,2024-12-04 09:20:09.514960,2024-12-06 07:14:52.650581,2024-12-23 01:17:44
order_00003622,cust_00002957,delivered,2025-02-10 18:23:05,2025-02-10 19:58:22.575959,2025-02-11 16:36:11.773855,2025-02-14 15:28:28.463624,2025-03-02 18:23:05
order_00003623,cust_00000839,delivered,2024-02-24 20:32:07,2024-02-24 21:12:58.939056,2024-02-25 17:07:34.586401,2024-03-06 07:09:45.375812,2024-03-10 20:32:07
order_00003624,cust_00000798,invoiced,2024-12-02 08:12:00,2024-12-02 14:44:59.665685,,,2024-12-20 08:12:00
order_00003625,cust_00001529,shipped,2024-08-07 10:49:06,2024-08-07 20:35:01.718750,2024-08-09 12:09:04.946960,,2024-08-28 10:49:06
order_00003626,cust_00001838,delivered,2025-08-06 03:05:03,2025-08-06 09:16:11.798776,2025-08-07 01:33:22.679892,2025-08-12 20:41:38.302472,2025-08-20 03:05:03
order_00003627,cust_00001095,delivered,2024-08-08 11:41:17,2024-08-09 05:17:26.810253,2024-08-11 12:24:50.461083,2024-08-15 06:37:20.308134,2024-08-28 11:41:17
order_00003628,cust_00002304,delivered,2025-02-16 12:03:16,2025-02-16 19:10:59.447376,2025-02-17 07:48:53.417138,2025-02-24 17:51:44.167480,2025-03-14 12:03:16
order_00003629,cust_00002326,delivered,2024-04-05 05:28:53,2024-04-05 14:08:39.251622,2024-04-06 05:12:04.594013,2024-04-08 20:58:17.557040,2024-04-27 05:28:53
order_00003630,cust_00002341,delivered,2024-01-26 07:07:16,2024-01-26 13:20:33.111085,2024-01-28 05:32:14.378948,2024-01-30 03:26:26.740191,2024-02-21 07:07:16
order_00003631,cust_00002308,delivered,2024-12-03 20:04:15,2024-12-04 02:40:28.933643,2024-12-07 08:02:23.128638,2024-12-08 14:50:56.498845,2024-12-19 20:04:15
order_00003632,cust_00002787,delivered,2024-04-24 13:33:36,2024-04-24 16:41:48.152765,2024-04-25 15:07:41.830595,2024-04-27 12:58:11.064769,2024-05-07 13:33:36
order_00003633,cust_00002401,delivered,2025-07-24 15:02:40,2025-07-24 18:40:06.326141,2025-07-25 15:14:57.001589,2025-07-27 04:04:59.139181,2025-08-12 15:02:40
order_00003634,cust_00000755,delivered,2024-12-01 11:30:24,2024-12-01 14:15:51.867115,2024-12-02 02:57:22.309467,2024-12-03 20:05:08.713972,2024-12-23 11:30:24
order_00003635,cust_00000435,delivered,2024-06-28 20:44:50,2024-06-28 23:10:05.107870,2024-07-02 03:51:41.615535,2024-07-23 21:29:27.839738,2024-07-17 20:44:50
order_00003636,cust_00001963,delivered,2025-11-30 23:11:08,2025-12-01 04:23:23.027366,2025-12-01 17:54:33.816513,2025-12-12 10:45:29.013808,2025-12-16 23:11:08
order_00003637,cust_00002024,delivered,2024-05-27 20:31:02,2024-05-28 02:17:32.146509,2024-05-30 23:58:04.262337,2024-06-03 00:05:43.331962,2024-06-15 20:31:02
order_00003638,cust_00000811,delivered,2025-07-16 21:06:02,2025-07-16 23:38:50.923446,2025-07-17 21:14:03.357679,2025-07-23 12:37:19.655012,2025-08-11 21:06:02
order_00003639,cust_00002851,delivered,2025-04-26 03:39:00,2025-04-26 04:28:55.606340,2025-04-27 02:03:10.557724,2025-04-29 16:33:27.555401,2025-05-17 03:39:00
order_00003640,cust_00002535,delivered,2025-11-04 08:13:24,2025-11-04 10:54:54.018838,2025-11-07 00:11:48.315925,2025-11-09 06:04:10.215507,2025-11-25 08:13:24
order_00003641,cust_00002973,delivered,2025-10-30 21:41:13,2025-10-31 03:31:17.959049,2025-11-01 05:02:06.262501,2025-11-08 01:23:14.024968,2025-11-15 21:41:13
order_00003642,cust_00001355,canceled,2025-09-15 22:02:21,,,,2025-10-04 22:02:21
order_00003643,cust_00000719,delivered,2024-05-25 03:55:49,2024-05-25 15:05:45.017132,2024-05-27 06:26:59.307388,2024-06-10 21:05:11.485349,2024-06-17 03:55:49
order_00003644,cust_00000137,delivered,2025-05-25 19:34:00,2025-05-25 21:22:01.121155,2025-05-26 14:37:44.376716,2025-06-02 03:18:44.294116,2025-06-11 19:34:00
order_00003645,cust_00000870,delivered,2025-12-22 16:08:56,2025-12-22 16:53:05.335028,2025-12-23 17:03:42.050528,2025-12-28 22:29:34.327538,2026-01-13 16:08:56
order_00003646,cust_00000620,unavailable,2025-04-02 09:34:04,2025-04-03 18:41:09.648790,,,2025-04-24 09:34:04
order_00003647,cust_00002634,delivered,2024-07-07 16:22:26,2024-07-07 17:52:01.603013,2024-07-12 12:07:55.414250,2024-08-01 02:12:18.756181,2024-08-01 16:22:26
order_00003648,cust_00000124,delivered,2025-05-23 20:55:04,2025-05-24 04:19:46.996032,2025-05-25 13:16:43.909790,2025-06-01 15:03:02.158284,2025-06-08 20:55:04
order_00003649,cust_00000719,delivered,2024-03-18 20:35:27,2024-03-19 00:18:23.328721,2024-03-19 23:51:28.635307,2024-03-26 00:29:00.949643,2024-04-01 20:35:27
order_00003650,cust_00001040,delivered,2024-01-16 15:56:13,2024-01-16 16:53:43.956310,2024-01-18 04:12:42.889412,2024-01-21 13:39:34.214288,2024-02-07 15:56:13
order_00003651,cust_00001593,delivered,2025-10-03 09:31:11,2025-10-03 14:46:04.392044,2025-10-04 22:38:22.693197,2025-10-08 06:25:55.035874,2025-10-25 09:31:11
order_00003652,cust_00002641,delivered,2025-11-10 13:01:12,2025-11-10 17:28:37.910052,2025-11-13 14:15:00.112846,2025-11-17 06:19:30.558400,2025-12-03 13:01:12
order_00003653,cust_00001929,delivered,2024-04-10 06:32:44,2024-04-10 12:05:54.741724,2024-04-13 07:35:00.100948,2024-04-14 20:58:03.139371,2024-05-02 06:32:44
order_00003654,cust_00002485,delivered,2025-03-27 17:05:12,2025-03-27 23:19:15.100213,2025-04-03 01:37:37.539846,2025-04-05 05:20:35.378431,2025-04-15 17:05:12
order_00003655,cust_00001403,delivered,2024-05-21 07:37:28,2024-05-21 15:51:01.088110,2024-05-22 12:45:00.935381,2024-06-01 12:15:31.173537,2024-06-14 07:37:28
order_00003656,cust_00000228,delivered,2024-01-21 16:03:24,2024-01-21 21:51:59.161512,2024-01-23 11:48:42.192209,2024-01-27 21:51:30.714036,2024-02-11 16:03:24
order_00003657,cust_00000655,delivered,2024-01-26 17:47:17,2024-01-26 18:50:28.206293,2024-01-27 16:45:17.587816,2024-01-30 23:31:26.002112,2024-02-18 17:47:17
order_00003658,cust_00000829,shipped,2025-07-29 02:28:25,2025-07-29 06:58:16.633360,2025-07-30 17:32:42.603145,,2025-08-18 02:28:25
order_00003659,cust_00001087,delivered,2025-02-28 21:13:22,2025-03-01 05:27:27.375147,2025-03-01 17:52:43.495663,2025-03-09 20:05:59.700378,2025-03-10 21:13:22
order_00003660,cust_00000906,delivered,2025-11-29 05:49:55,2025-11-29 12:58:26.026602,2025-11-30 18:18:23.933814,2025-12-03 05:43:39.715931,2025-12-14 05:49:55
order_00003661,cust_00002866,delivered,2025-03-23 11:06:48,2025-03-23 14:38:22.922151,2025-03-27 02:05:21.982758,2025-04-06 19:13:21.101933,2025-04-16 11:06:48
order_00003662,cust_00000839,shipped,2024-09-01 03:21:46,2024-09-01 08:45:46.453589,2024-09-01 22:47:58.376939,,2024-09-19 03:21:46
order_00003663,cust_00001111,delivered,2025-08-28 06:39:25,2025-08-28 17:20:48.335987,2025-09-01 05:59:57.062759,2025-09-02 20:27:18.837115,2025-09-12 06:39:25
order_00003664,cust_00001662,delivered,2024-04-12 09:08:31,2024-04-12 10:22:16.513949,2024-04-13 01:03:54.490020,2024-04-20 19:14:09.929438,2024-04-26 09:08:31
order_00003665,cust_00001979,delivered,2025-02-09 17:24:06,2025-02-10 02:08:14.446876,2025-02-12 17:11:50.562210,2025-02-15 06:50:03.248720,2025-02-26 17:24:06
order_00003666,cust_00000682,unavailable,2025-03-12 09:47:05,2025-03-12 17:17:59.797473,,,2025-04-07 09:47:05
order_00003667,cust_00000602,unavailable,2024-02-05 21:51:16,2024-02-06 08:17:42.194521,,,2024-02-16 21:51:16
order_00003668,cust_00002484,delivered,2025-10-03 17:43:49,2025-10-04 07:41:32.645930,2025-10-08 13:51:28.497228,2025-10-10 02:00:08.225122,2025-10-25 17:43:49
order_00003669,cust_00001121,delivered,2025-10-23 13:43:33,2025-10-23 16:47:11.319657,2025-10-26 12:50:56.659468,2025-10-27 17:54:04.823967,2025-11-11 13:43:33
order_00003670,cust_00001225,delivered,2025-10-20 22:07:56,2025-10-21 03:43:42.349028,2025-10-23 17:42:13.808417,2025-10-25 20:35:48.128651,2025-11-10 22:07:56
order_00003671,cust_00002483,delivered,2025-08-08 21:15:51,2025-08-08 23:42:32.007200,2025-08-13 15:20:56.091841,2025-08-18 04:21:59.521361,2025-08-27 21:15:51
order_00003672,cust_00001301,canceled,2024-08-28 14:29:51,,,,2024-09-09 14:29:51
order_00003673,cust_00001670,delivered,2025-07-23 02:54:55,2025-07-23 03:57:09.874970,2025-07-25 11:44:43.699504,2025-08-02 14:35:53.583989,2025-08-06 02:54:55
order_00003674,cust_00002739,delivered,2024-04-05 18:10:02,2024-04-05 21:33:53.235763,2024-04-09 14:10:32.111772,2024-04-12 21:58:49.955493,2024-04-17 18:10:02
order_00003675,cust_00001747,delivered,2024-04-25 13:40:44,2024-04-25 16:09:15.236416,2024-04-28 03:27:09.078245,2024-05-03 03:54:32.368757,2024-05-16 13:40:44
order_00003676,cust_00002657,delivered,2025-06-12 16:41:44,2025-06-12 21:00:08.601817,2025-06-14 18:08:41.275882,2025-06-18 16:01:27.606229,2025-07-07 16:41:44
order_00003677,cust_00000274,delivered,2025-01-31 22:43:25,2025-02-01 04:23:28.735735,2025-02-02 11:47:42.411660,2025-02-09 09:47:12.970332,2025-02-19 22:43:25
order_00003678,cust_00002492,delivered,2025-12-06 18:40:45,2025-12-06 21:14:47.127663,2025-12-08 20:44:06.217616,2025-12-19 00:23:11.840823,2025-12-19 18:40:45
order_00003679,cust_00001085,delivered,2025-03-30 06:10:57,2025-03-30 08:22:52.560931,2025-03-31 23:54:53.731787,2025-04-04 02:10:04.620779,2025-04-22 06:10:57
order_00003680,cust_00001727,delivered,2024-07-30 15:20:34,2024-07-30 18:16:03.541347,2024-08-02 06:51:16.734024,2024-08-04 01:00:44.805007,2024-08-17 15:20:34
order_00003681,cust_00002221,canceled,2024-04-19 23:26:45,,,,2024-05-10 23:26:45
order_00003682,cust_00002368,delivered,2024-04-16 12:51:37,2024-04-16 16:31:08.234206,2024-04-19 14:25:30.771843,2024-04-21 15:37:38.251164,2024-05-03 12:51:37
order_00003683,cust_00000851,delivered,2025-11-27 19:40:19,2025-11-28 06:06:18.061402,2025-12-01 03:02:55.262355,2025-12-04 01:06:12.406583,2025-12-17 19:40:19
order_00003684,cust_00002935,delivered,2024-06-19 02:34:54,2024-06-19 13:30:04.897795,2024-06-20 20:07:46.007146,2024-06-26 15:54:48.275856,2024-07-09 02:34:54
order_00003685,cust_00001472,canceled,2024-01-26 05:24:03,,,,2024-02-14 05:24:03
order_00003686,cust_00002353,delivered,2024-11-19 13:02:02,2024-11-19 13:43:22.860471,2024-11-20 20:44:15.953583,2024-12-01 12:52:58.763980,2024-12-06 13:02:02
order_00003687,cust_00001864,delivered,2024-04-18 08:54:22,2024-04-18 12:09:46.234282,2024-04-21 03:51:08.394274,2024-05-11 08:32:01.700013,2024-05-09 08:54:22
order_00003688,cust_00001278,delivered,2025-12-13 05:43:58,2025-12-13 06:41:47.915397,2025-12-13 21:51:08.595544,2025-12-15 11:55:44.206566,2026-01-09 05:43:58
order_00003689,cust_00001203,delivered,2024-07-04 04:03:54,2024-07-04 08:35:20.685633,2024-07-05 22:27:28.943755,2024-07-13 13:12:31.815733,2024-07-31 04:03:54
order_00003690,cust_00000612,delivered,2025-10-20 13:51:55,2025-10-20 15:48:49.089334,2025-10-23 10:47:04.518668,2025-10-25 19:15:55.301191,2025-11-09 13:51:55
order_00003691,cust_00000015,delivered,2024-03-27 00:51:17,2024-03-27 05:50:11.742287,2024-03-30 05:59:08.025182,2024-03-31 12:00:26.177031,2024-04-13 00:51:17
order_00003692,cust_00001713,canceled,2025-10-17 05:53:03,,,,2025-11-05 05:53:03
order_00003693,cust_00002092,delivered,2024-02-09 06:00:00,2024-02-09 13:35:19.169313,2024-02-11 14:23:26.401237,2024-02-14 06:34:51.318787,2024-02-22 06:00:00
order_00003694,cust_00002124,delivered,2025-10-13 00:35:23,2025-10-13 15:22:17.139087,2025-10-15 07:25:24.277268,2025-10-18 22:08:26.141353,2025-11-08 00:35:23
order_00003695,cust_00001226,delivered,2024-05-06 10:35:18,2024-05-06 12:58:14.309031,2024-05-08 06:53:46.443301,2024-05-26 04:33:59.925157,2024-05-25 10:35:18
order_00003696,cust_00002202,delivered,2024-04-13 15:21:59,2024-04-14 01:52:42.026655,2024-04-16 12:34:01.704894,2024-04-19 01:32:59.849077,2024-05-09 15:21:59
order_00003697,cust_00001426,delivered,2024-05-22 03:08:23,2024-05-22 05:10:06.642583,2024-05-26 02:53:05.292542,2024-05-31 08:36:28.683795,2024-06-10 03:08:23
order_00003698,cust_00002182,delivered,2024-01-22 00:05:14,2024-01-22 03:27:12.925917,2024-01-23 10:34:06.315339,2024-01-25 16:47:01.160107,2024-02-12 00:05:14
order_00003699,cust_00002088,delivered,2025-11-25 16:15:40,2025-11-25 16:46:29.613101,2025-11-29 07:27:12.652409,2025-12-01 08:38:49.443270,2025-12-16 16:15:40
order_00003700,cust_00001115,delivered,2025-09-01 03:10:58,2025-09-01 11:18:30.330559,2025-09-03 17:28:53.544206,2025-10-13 23:23:38.374903,2025-09-18 03:10:58
order_00003701,cust_00000492,delivered,2025-09-02 22:03:05,2025-09-03 00:17:47.231142,2025-09-04 03:56:38.584691,2025-09-13 01:37:05.653243,2025-09-15 22:03:05
order_00003702,cust_00000865,delivered,2025-09-11 07:05:25,2025-09-11 10:06:39.304069,2025-09-12 19:01:05.860288,2025-09-18 15:39:19.824146,2025-09-28 07:05:25
order_00003703,cust_00000237,delivered,2024-06-03 04:15:19,2024-06-03 07:34:27.998611,2024-06-06 22:30:52.861541,2024-06-11 20:14:52.325547,2024-06-20 04:15:19
order_00003704,cust_00002808,delivered,2025-11-15 20:43:43,2025-11-16 01:03:59.016767,2025-11-19 07:23:33.379921,2025-11-21 19:45:39.941766,2025-12-06 20:43:43
order_00003705,cust_00001111,delivered,2024-03-03 06:31:15,2024-03-03 22:29:21.787574,2024-03-05 21:29:52.786412,2024-03-07 20:19:00.857786,2024-03-24 06:31:15
order_00003706,cust_00000403,delivered,2025-02-13 00:31:00,2025-02-13 09:55:29.746958,2025-02-15 22:31:14.338144,2025-02-21 11:37:31.213426,2025-03-04 00:31:00
order_00003707,cust_00001894,delivered,2024-02-24 17:25:01,2024-02-24 19:17:21.271594,2024-02-26 00:07:24.718517,2024-03-01 20:38:47.533175,2024-03-13 17:25:01
order_00003708,cust_00000469,delivered,2024-12-11 14:27:18,2024-12-11 16:38:20.618911,2024-12-12 07:30:57.273025,2024-12-17 00:59:41.790719,2024-12-27 14:27:18
order_00003709,cust_00001790,delivered,2025-11-13 16:20:11,2025-11-13 22:22:41.740801,2025-11-14 22:12:37.244286,2025-11-17 01:02:19.037434,2025-12-02 16:20:11
order_00003710,cust_00002818,delivered,2024-01-04 17:59:55,2024-01-04 19:41:49.332281,2024-01-08 01:12:17.214420,2024-01-09 19:01:47.702499,2024-01-26 17:59:55
order_00003711,cust_00001448,processing,2024-08-22 17:29:51,2024-08-22 23:46:19.852264,,,2024-09-11 17:29:51
order_00003712,cust_00001442,delivered,2025-09-15 18:37:28,2025-09-16 04:23:04.659934,2025-09-18 10:15:57.675146,2025-09-24 21:45:23.913209,2025-10-03 18:37:28
order_00003713,cust_00000686,delivered,2025-08-20 08:40:44,2025-08-20 09:27:18.271542,2025-08-22 06:29:33.595845,2025-08-24 00:58:37.855632,2025-09-19 08:40:44
order_00003714,cust_00002641,delivered,2024-05-09 05:15:37,2024-05-09 06:49:12.755407,2024-05-10 08:59:02.060007,2024-05-13 22:47:46.661010,2024-05-26 05:15:37
order_00003715,cust_00002963,canceled,2024-10-23 18:17:32,,,,2024-11-12 18:17:32
order_00003716,cust_00000176,delivered,2025-03-07 05:06:26,2025-03-07 06:50:39.211028,2025-03-08 12:15:20.205565,2025-03-11 12:26:46.915021,2025-03-24 05:06:26
order_00003717,cust_00001273,delivered,2024-05-20 13:56:51,2024-05-20 14:46:06.795670,2024-05-22 10:42:07.337931,2024-06-03 03:21:25.639296,2024-06-05 13:56:51
order_00003718,cust_00002504,unavailable,2024-05-10 19:46:26,2024-05-11 06:58:55.576901,,,2024-05-24 19:46:26
order_00003719,cust_00001087,canceled,2025-10-21 05:09:00,,,,2025-11-11 05:09:00
order_00003720,cust_00002123,delivered,2025-11-25 04:41:15,2025-11-25 07:19:06.431024,2025-11-28 22:51:09.356004,2025-11-30 00:00:35.926114,2025-12-09 04:41:15
order_00003721,cust_00002128,delivered,2025-03-17 00:04:11,2025-03-17 11:03:07.484328,2025-03-23 15:57:45.562817,2025-03-30 10:12:13.814689,2025-04-02 00:04:11
order_00003722,cust_00000409,delivered,2025-12-23 15:21:07,2025-12-23 16:43:25.279376,2025-12-24 11:41:12.983679,2025-12-28 06:20:14.077612,2026-01-07 15:21:07
order_00003723,cust_00002821,delivered,2025-09-16 13:05:03,2025-09-17 08:17:47.480277,2025-09-17 22:35:00.724499,2025-09-24 16:22:18.773171,2025-10-02 13:05:03
order_00003724,cust_00001967,delivered,2024-10-14 23:31:18,2024-10-15 00:03:39.485522,2024-10-19 02:48:39.833792,2024-10-21 00:48:59.020271,2024-10-29 23:31:18
order_00003725,cust_00001035,delivered,2025-04-26 09:43:11,2025-04-26 10:45:40.070109,2025-04-27 01:49:04.260244,2025-04-28 22:53:28.240075,2025-05-13 09:43:11
order_00003726,cust_00000498,delivered,2025-02-28 16:39:27,2025-02-28 19:30:28.124112,2025-03-02 05:12:13.923323,2025-03-03 18:36:35.906601,2025-03-27 16:39:27
order_00003727,cust_00001932,delivered,2025-01-11 22:12:14,2025-01-12 02:52:50.590012,2025-01-15 17:26:42.647058,2025-01-25 17:50:56.040302,2025-02-01 22:12:14
order_00003728,cust_00001168,delivered,2024-01-01 13:15:00,2024-01-01 14:45:19.366570,2024-01-03 04:06:23.981254,2024-01-04 17:43:22.605839,2024-01-20 13:15:00
order_00003729,cust_00000445,shipped,2025-04-08 05:22:30,2025-04-08 09:34:17.039634,2025-04-09 23:10:06.094816,,2025-04-29 05:22:30
order_00003730,cust_00002004,delivered,2025-08-23 23:20:24,2025-08-24 07:14:36.094579,2025-08-25 11:15:03.803102,2025-08-31 07:21:03.067282,2025-09-11 23:20:24
order_00003731,cust_00002540,delivered,2025-05-31 15:17:50,2025-06-01 13:49:55.423885,2025-06-06 00:45:51.250499,2025-06-09 07:33:07.491784,2025-06-14 15:17:50
order_00003732,cust_00001046,delivered,2025-05-30 12:38:39,2025-05-30 13:54:57.576172,2025-06-01 05:42:00.662073,2025-06-06 17:18:11.000315,2025-06-20 12:38:39
order_00003733,cust_00000871,delivered,2025-07-09 19:13:55,2025-07-10 00:22:25.613678,2025-07-13 17:00:10.206886,2025-07-18 00:04:33.984475,2025-08-03 19:13:55
order_00003734,cust_00001194,delivered,2024-05-14 20:36:45,2024-05-15 09:59:42.663216,2024-05-15 22:19:05.404012,2024-06-06 18:50:48.488171,2024-06-03 20:36:45
order_00003735,cust_00002155,delivered,2024-05-28 00:17:54,2024-05-28 08:37:17.540253,2024-05-31 16:29:42.914188,2024-06-03 18:01:18.041974,2024-06-19 00:17:54
order_00003736,cust_00000422,delivered,2024-06-21 21:39:33,2024-06-22 04:53:20.837539,2024-06-24 07:52:43.015222,2024-06-28 00:39:21.583646,2024-07-19 21:39:33
order_00003737,cust_00000538,delivered,2024-10-26 05:54:17,2024-10-26 10:42:31.655284,2024-11-01 15:57:24.131302,2024-11-08 11:32:56.400365,2024-11-07 05:54:17
order_00003738,cust_00000900,delivered,2025-06-25 04:55:42,2025-06-26 01:41:03.308319,2025-06-28 11:05:59.721929,2025-07-04 19:22:17.547513,2025-07-12 04:55:42
order_00003739,cust_00001891,delivered,2025-01-28 02:31:59,2025-01-28 06:10:15.299134,2025-01-29 00:00:28.178427,2025-01-30 02:03:01.455620,2025-02-17 02:31:59
order_00003740,cust_00001282,delivered,2025-08-04 14:25:41,2025-08-05 11:46:06.349433,2025-08-12 22:33:35.262572,2025-08-16 13:21:54.733822,2025-08-23 14:25:41
order_00003741,cust_00000708,delivered,2025-01-23 10:53:26,2025-01-23 13:10:52.560034,2025-01-25 14:05:09.142372,2025-02-09 02:38:27.048687,2025-02-13 10:53:26
order_00003742,cust_00002148,delivered,2024-02-04 03:10:35,2024-02-04 04:19:19.163506,2024-02-04 20:07:53.928058,2024-02-07 01:25:06.204270,2024-02-24 03:10:35
order_00003743,cust_00002291,delivered,2025-11-04 08:44:19,2025-11-04 09:43:48.389696,2025-11-05 22:11:41.829195,2025-11-08 10:57:14.714760,2025-12-03 08:44:19
order_00003744,cust_00000033,delivered,2024-11-06 15:09:05,2024-11-06 21:32:49.449967,2024-11-07 17:53:27.995527,2024-11-14 19:36:38.283035,2024-11-23 15:09:05
order_00003745,cust_00001167,delivered,2024-11-27 06:09:14,2024-11-27 09:12:41.396378,2024-11-28 05:15:28.959853,2024-12-03 11:32:16.214096,2024-12-22 06:09:14
order_00003746,cust_00002589,unavailable,2025-08-01 07:08:27,2025-08-01 13:31:10.644691,,,2025-08-24 07:08:27
order_00003747,cust_00000371,delivered,2025-04-22 23:08:22,2025-04-23 06:41:09.889786,2025-04-27 16:56:24.254078,2025-05-08 15:24:06.709139,2025-05-06 23:08:22
order_00003748,cust_00001158,delivered,2025-08-04 20:09:05,2025-08-05 00:25:38.456759,2025-08-07 17:09:42.616327,2025-08-10 22:34:57.260825,2025-08-25 20:09:05
order_00003749,cust_00001821,delivered,2025-12-13 23:53:59,2025-12-14 01:33:22.268676,2025-12-14 15:13:06.640620,2026-01-01 08:46:20.142836,2026-01-06 23:53:59
order_00003750,cust_00002327,delivered,2025-09-12 14:40:25,2025-09-12 23:20:31.144768,2025-09-14 11:16:59.155635,2025-09-17 06:12:46.855801,2025-10-07 14:40:25
order_00003751,cust_00000854,delivered,2025-01-18 07:49:32,2025-01-18 09:38:23.725354,2025-01-23 03:54:13.282596,2025-01-28 12:56:22.857931,2025-02-09 07:49:32
order_00003752,cust_00000293,delivered,2024-09-22 00:58:03,2024-09-22 01:56:12.602895,2024-09-23 17:10:26.490199,2024-09-29 16:43:03.137547,2024-10-10 00:58:03
order_00003753,cust_00002886,delivered,2025-08-03 05:15:51,2025-08-03 11:54:31.826545,2025-08-06 10:06:27.050081,2025-08-11 00:58:34.098031,2025-08-22 05:15:51
order_00003754,cust_00002000,delivered,2025-10-27 07:42:01,2025-10-27 19:57:27.964901,2025-10-28 09:34:14.428501,2025-11-06 11:54:49.944046,2025-11-11 07:42:01
order_00003755,cust_00002287,delivered,2025-01-17 18:54:06,2025-01-17 21:11:44.003407,2025-01-24 02:16:12.104018,2025-01-27 18:33:44.832430,2025-02-09 18:54:06
order_00003756,cust_00002528,delivered,2024-06-19 03:55:46,2024-06-19 08:24:59.456912,2024-06-20 00:38:01.548591,2024-07-01 03:38:17.354561,2024-07-06 03:55:46
order_00003757,cust_00001398,delivered,2024-12-12 18:27:26,2024-12-12 19:39:31.925570,2024-12-14 19:01:42.861309,2024-12-15 22:47:21.568780,2024-12-31 18:27:26
order_00003758,cust_00002691,delivered,2024-03-05 00:46:11,2024-03-05 03:44:42.982961,2024-03-07 19:33:36.333264,2024-03-12 15:56:47.256834,2024-03-23 00:46:11
order_00003759,cust_00001869,delivered,2025-12-08 03:50:55,2025-12-08 04:59:25.332584,2025-12-10 10:49:13.160440,2025-12-12 17:43:54.491571,2025-12-29 03:50:55
order_00003760,cust_00002200,delivered,2024-05-10 15:14:54,2024-05-10 22:15:24.159525,2024-05-11 11:25:45.983571,2024-05-14 06:56:07.997810,2024-05-29 15:14:54
order_00003761,cust_00001668,delivered,2025-04-17 17:25:12,2025-04-17 19:12:46.879899,2025-04-18 20:19:06.446802,2025-05-04 09:00:26.925006,2025-05-06 17:25:12
order_00003762,cust_00000593,delivered,2025-11-20 17:57:40,2025-11-21 00:07:23.683799,2025-11-21 20:40:38.609428,2025-11-24 10:55:14.427692,2025-12-03 17:57:40
order_00003763,cust_00001395,delivered,2025-08-21 02:52:35,2025-08-21 07:51:21.562480,2025-08-25 04:13:57.776630,2025-08-29 13:31:03.803282,2025-09-11 02:52:35
order_00003764,cust_00002775,delivered,2025-11-09 02:13:00,2025-11-09 11:58:52.883069,2025-11-10 19:23:01.459319,2025-11-17 15:51:26.655485,2025-12-04 02:13:00
order_00003765,cust_00000381,delivered,2025-07-23 08:28:50,2025-07-23 12:54:43.382432,2025-07-26 02:06:46.856224,2025-07-28 23:19:02.469779,2025-08-14 08:28:50
order_00003766,cust_00001705,delivered,2025-09-30 13:33:52,2025-09-30 23:06:32.050801,2025-10-03 01:42:57.992461,2025-10-13 07:39:55.482124,2025-10-15 13:33:52
order_00003767,cust_00000089,delivered,2024-07-08 13:10:33,2024-07-08 16:50:22.368112,2024-07-09 10:00:03.416770,2024-07-10 17:23:21.481301,2024-07-29 13:10:33
order_00003768,cust_00001150,unavailable,2024-04-03 12:51:07,2024-04-03 15:37:34.402810,,,2024-04-25 12:51:07
order_00003769,cust_00002731,delivered,2025-03-15 08:29:07,2025-03-15 13:17:55.914225,2025-03-16 08:01:40.493258,2025-03-29 06:04:23.230601,2025-04-03 08:29:07
order_00003770,cust_00001639,delivered,2024-10-31 04:21:08,2024-10-31 06:49:11.718048,2024-11-07 12:39:11.732318,2024-11-16 02:14:49.513815,2024-11-22 04:21:08
order_00003771,cust_00000141,delivered,2024-11-25 19:49:05,2024-11-26 05:41:32.040868,2024-11-28 00:18:18.726134,2024-12-07 04:05:47.775594,2024-12-17 19:49:05
order_00003772,cust_00000341,delivered,2025-01-15 00:23:54,2025-01-15 08:41:08.076109,2025-01-16 04:57:03.160609,2025-01-23 01:43:18.517930,2025-02-05 00:23:54
order_00003773,cust_00000676,delivered,2024-04-09 13:37:18,2024-04-09 15:56:48.866551,2024-04-11 18:15:47.060279,2024-04-12 20:08:50.585505,2024-04-22 13:37:18
order_00003774,cust_00002627,delivered,2025-06-06 00:21:10,2025-06-06 05:08:49.064079,2025-06-07 19:20:56.449229,2025-06-10 05:56:50.552039,2025-06-25 00:21:10
order_00003775,cust_00000078,canceled,2024-09-04 04:59:31,,,,2024-09-19 04:59:31
order_00003776,cust_00002679,delivered,2024-07-09 06:02:59,2024-07-09 22:57:35.158933,2024-07-12 04:56:48.321340,2024-07-18 04:10:04.896066,2024-07-29 06:02:59
order_00003777,cust_00000373,delivered,2024-09-01 01:23:39,2024-09-01 07:13:06.817201,2024-09-02 09:28:49.673481,2024-09-08 09:26:28.976259,2024-09-21 01:23:39
order_00003778,cust_00000664,delivered,2025-05-07 09:16:01,2025-05-07 13:10:57.917731,2025-05-13 01:13:35.043852,2025-05-15 12:14:27.061028,2025-05-29 09:16:01
order_00003779,cust_00001638,delivered,2024-12-11 07:13:40,2024-12-11 08:27:15.064947,2024-12-11 22:35:54.801992,2024-12-17 22:48:38.437814,2024-12-30 07:13:40
order_00003780,cust_00001750,processing,2025-10-21 23:11:22,2025-10-22 01:02:55.672037,,,2025-11-06 23:11:22
order_00003781,cust_00002166,delivered,2025-09-10 20:31:34,2025-09-11 02:11:32.882628,2025-09-11 17:37:14.386270,2025-09-16 17:20:08.607901,2025-09-30 20:31:34
order_00003782,cust_00002163,delivered,2025-01-09 05:35:37,2025-01-09 07:18:19.276600,2025-01-10 00:00:10.372090,2025-01-14 04:40:57.674858,2025-01-25 05:35:37
order_00003783,cust_00001798,delivered,2025-07-29 14:18:43,2025-07-29 17:13:11.484196,2025-07-31 14:39:56.749003,2025-08-12 01:23:00.989415,2025-08-12 14:18:43
order_00003784,cust_00002846,delivered,2025-04-06 09:07:02,2025-04-06 13:36:43.824980,2025-04-07 09:09:51.386252,2025-04-11 19:43:04.024532,2025-04-20 09:07:02
order_00003785,cust_00001179,delivered,2025-07-01 03:46:18,2025-07-01 05:20:38.993885,2025-07-02 09:21:42.148401,2025-07-09 15:07:22.342335,2025-07-21 03:46:18
order_00003786,cust_00000538,delivered,2024-11-13 20:38:32,2024-11-14 03:25:47.615148,2024-11-19 22:26:54.789725,2024-11-22 18:31:15.431780,2024-12-05 20:38:32
order_00003787,cust_00000979,delivered,2025-10-26 08:40:55,2025-10-26 10:29:39.700865,2025-10-27 05:37:07.452349,2025-10-30 01:19:43.391174,2025-11-17 08:40:55
order_00003788,cust_00001704,delivered,2025-08-10 16:08:46,2025-08-11 02:17:15.200879,2025-08-11 23:25:24.285580,2025-08-15 08:17:30.641982,2025-08-30 16:08:46
order_00003789,cust_00000222,delivered,2025-05-17 07:50:17,2025-05-17 13:42:50.902498,2025-05-19 12:09:46.362872,2025-05-21 15:34:13.351817,2025-06-05 07:50:17
order_00003790,cust_00000632,delivered,2025-12-20 12:16:01,2025-12-20 23:51:56.231754,2025-12-21 13:09:07.710042,2025-12-22 15:46:44.837257,2026-01-11 12:16:01
order_00003791,cust_00002639,delivered,2025-04-05 00:43:41,2025-04-05 03:21:10.653115,2025-04-06 01:53:00.699272,2025-04-08 01:13:05.315154,2025-04-29 00:43:41
order_00003792,cust_00001836,delivered,2025-06-06 14:37:53,2025-06-06 21:16:45.249177,2025-06-07 17:01:36.729320,2025-06-12 05:58:44.882013,2025-07-05 14:37:53
order_00003793,cust_00000003,delivered,2024-08-15 23:46:01,2024-08-16 09:49:34.588671,2024-08-17 02:33:53.559394,2024-08-29 20:25:09.954062,2024-09-03 23:46:01
order_00003794,cust_00000444,delivered,2024-11-11 19:11:31,2024-11-11 22:43:02.836214,2024-11-13 04:08:16.849823,2024-11-16 15:02:10.939775,2024-12-01 19:11:31
order_00003795,cust_00002169,delivered,2025-07-22 20:10:16,2025-07-23 05:47:34.238783,2025-07-24 08:10:31.633709,2025-07-31 19:53:40.572238,2025-08-10 20:10:16
order_00003796,cust_00001856,delivered,2024-07-19 09:52:13,2024-07-19 16:16:41.442575,2024-07-23 10:13:54.386762,2024-07-27 00:55:35.463100,2024-08-04 09:52:13
order_00003797,cust_00002541,delivered,2025-06-05 00:41:22,2025-06-05 17:26:13.252110,2025-06-07 00:45:24.815582,2025-06-08 06:55:51.117140,2025-06-22 00:41:22
order_00003798,cust_00000195,delivered,2024-12-02 21:00:39,2024-12-03 01:20:03.446022,2024-12-07 15:26:28.656775,2024-12-17 04:59:43.023024,2024-12-23 21:00:39
order_00003799,cust_00002667,delivered,2024-10-17 10:30:52,2024-10-17 11:13:04.471943,2024-10-18 08:14:30.835085,2024-10-21 14:44:19.026870,2024-11-08 10:30:52
order_00003800,cust_00002352,delivered,2025-06-08 13:14:15,2025-06-10 10:03:09.014616,2025-06-13 02:53:07.761710,2025-06-14 09:31:24.001345,2025-06-25 13:14:15
order_00003801,cust_00000593,delivered,2024-02-14 05:05:44,2024-02-14 07:38:33.529363,2024-02-19 11:04:26.740206,2024-02-23 06:23:37.179502,2024-03-05 05:05:44
order_00003802,cust_00000040,delivered,2025-09-07 09:36:09,2025-09-07 10:16:16.899840,2025-09-08 15:42:38.488694,2025-09-14 16:30:50.903554,2025-10-01 09:36:09
order_00003803,cust_00002462,canceled,2024-06-16 02:21:43,,,,2024-06-30 02:21:43
order_00003804,cust_00001044,delivered,2024-01-18 05:38:51,2024-01-18 12:23:04.479296,2024-01-21 16:08:42.893560,2024-02-08 01:06:35.257995,2024-02-02 05:38:51
order_00003805,cust_00000006,delivered,2024-04-23 22:30:47,2024-04-24 00:03:55.751039,2024-04-26 06:59:01.701958,2024-04-28 00:32:17.763804,2024-05-13 22:30:47
order_00003806,cust_00002269,delivered,2024-02-03 00:05:51,2024-02-03 15:38:04.106209,2024-02-04 16:18:37.895158,2024-02-08 01:54:39.172846,2024-02-18 00:05:51
order_00003807,cust_00001237,delivered,2025-05-06 12:46:11,2025-05-06 13:32:01.160481,2025-05-07 14:34:28.722480,2025-05-10 14:15:29.244204,2025-05-24 12:46:11
order_00003808,cust_00001215,delivered,2025-02-15 02:21:31,2025-02-15 08:27:41.073439,2025-02-16 05:48:33.179032,2025-02-22 08:15:03.769606,2025-03-12 02:21:31
order_00003809,cust_00000042,delivered,2024-09-15 12:38:12,2024-09-15 15:53:05.471490,2024-09-19 03:18:34.848652,2024-09-21 01:14:41.267516,2024-10-03 12:38:12
order_00003810,cust_00001077,delivered,2024-06-20 03:33:47,2024-06-20 05:41:23.679926,2024-06-21 08:24:19.732154,2024-06-24 02:17:29.694736,2024-07-08 03:33:47
order_00003811,cust_00001473,shipped,2024-09-03 20:56:07,2024-09-03 22:07:45.703149,2024-09-05 00:43:27.199748,,2024-09-25 20:56:07
order_00003812,cust_00002152,delivered,2025-12-18 13:41:32,2025-12-18 16:38:17.261024,2025-12-19 07:44:06.035102,2025-12-25 08:37:46.613486,2026-01-09 13:41:32
order_00003813,cust_00000504,delivered,2025-06-13 01:50:49,2025-06-13 05:55:25.452980,2025-06-14 14:28:15.806946,2025-06-26 18:14:31.431815,2025-07-03 01:50:49
order_00003814,cust_00001712,shipped,2024-03-21 18:47:04,2024-03-21 23:54:06.281079,2024-03-23 18:51:15.029279,,2024-04-10 18:47:04
order_00003815,cust_00002480,processing,2024-08-09 20:49:52,2024-08-10 05:05:50.850952,,,2024-09-03 20:49:52
order_00003816,cust_00002014,delivered,2024-11-09 10:06:19,2024-11-09 13:42:23.867515,2024-11-10 02:42:10.798489,2024-11-16 07:42:07.397037,2024-11-30 10:06:19
order_00003817,cust_00001542,delivered,2025-05-08 12:53:13,2025-05-08 16:32:22.434690,2025-05-09 20:07:55.476809,2025-05-14 21:09:16.232091,2025-05-24 12:53:13
order_00003818,cust_00001674,delivered,2024-12-15 05:45:34,2024-12-15 15:53:11.667654,2024-12-16 21:23:27.786596,2024-12-22 04:38:21.877044,2025-01-09 05:45:34
order_00003819,cust_00002727,processing,2024-09-22 17:14:07,2024-09-23 00:44:06.169371,,,2024-10-11 17:14:07
order_00003820,cust_00000641,delivered,2025-10-06 10:55:04,2025-10-06 14:36:14.587773,2025-10-09 20:22:01.268492,2025-10-15 11:45:17.792044,2025-11-02 10:55:04
order_00003821,cust_00002657,canceled,2025-11-02 19:19:00,,,,2025-11-26 19:19:00
order_00003822,cust_00002497,delivered,2025-09-30 00:56:58,2025-09-30 02:00:16.418209,2025-09-30 15:49:03.051671,2025-10-02 17:23:06.805439,2025-10-21 00:56:58
order_00003823,cust_00000336,delivered,2024-08-01 19:47:53,2024-08-01 21:21:58.524794,2024-08-02 23:14:01.987995,2024-08-07 16:57:14.227150,2024-08-22 19:47:53
order_00003824,cust_00001353,delivered,2025-08-25 19:23:13,2025-08-25 22:56:54.369508,2025-08-27 09:37:43.982933,2025-08-29 08:45:32.492386,2025-09-16 19:23:13
order_00003825,cust_00002576,delivered,2024-11-06 01:17:52,2024-11-06 02:19:48.033502,2024-11-07 15:02:32.763481,2024-11-19 21:21:23.693767,2024-11-30 01:17:52
order_00003826,cust_00001918,delivered,2025-02-01 12:38:25,2025-02-02 01:52:04.111750,2025-02-03 07:27:16.473874,2025-02-07 17:17:16.203332,2025-02-24 12:38:25
order_00003827,cust_00001566,delivered,2024-03-31 02:51:47,2024-03-31 06:26:08.630937,2024-04-06 00:29:06.758042,2024-04-17 03:38:47.673962,2024-04-19 02:51:47
order_00003828,cust_00001674,delivered,2024-04-26 00:08:36,2024-04-26 01:51:20.218403,2024-04-27 04:19:03.425050,2024-04-30 15:05:58.323697,2024-05-10 00:08:36
order_00003829,cust_00002927,delivered,2024-10-19 11:27:52,2024-10-19 13:58:13.969588,2024-10-20 10:59:49.445338,2024-10-25 01:49:59.844851,2024-11-03 11:27:52
order_00003830,cust_00001154,delivered,2025-01-11 08:23:08,2025-01-11 20:31:40.772460,2025-01-12 18:22:01.170291,2025-01-22 10:52:17.249765,2025-02-05 08:23:08
order_00003831,cust_00000640,delivered,2025-04-08 02:27:50,2025-04-08 05:01:24.044385,2025-04-12 11:29:14.652552,2025-04-18 23:52:17.905467,2025-04-27 02:27:50
order_00003832,cust_00001259,delivered,2024-08-17 04:43:54,2024-08-17 06:08:42.315396,2024-08-17 21:29:12.014705,2024-08-22 11:41:19.043257,2024-09-07 04:43:54
order_00003833,cust_00002461,unavailable,2024-03-06 05:49:29,2024-03-06 07:56:58.961753,,,2024-03-27 05:49:29
order_00003834,cust_00000252,delivered,2024-07-25 09:23:13,2024-07-25 15:15:06.358391,2024-07-27 02:03:19.544501,2024-07-28 02:38:01.589998,2024-08-15 09:23:13
order_00003835,cust_00002477,delivered,2025-05-16 21:10:04,2025-05-17 00:47:11.751757,2025-05-19 18:42:27.329226,2025-05-21 08:53:17.203875,2025-05-28 21:10:04
order_00003836,cust_00002777,delivered,2024-01-22 20:54:42,2024-01-23 01:19:48.291195,2024-01-23 15:40:51.325281,2024-01-29 20:59:42.077188,2024-02-07 20:54:42
order_00003837,cust_00001821,delivered,2025-06-27 18:52:46,2025-06-27 21:51:41.502526,2025-07-03 11:31:36.680532,2025-07-07 09:17:25.695191,2025-07-19 18:52:46
order_00003838,cust_00002057,delivered,2025-09-14 09:20:04,2025-09-14 10:40:59.197926,2025-09-15 09:27:51.493089,2025-09-18 23:37:27.811974,2025-10-01 09:20:04
order_00003839,cust_00001250,delivered,2025-11-22 12:53:22,2025-11-23 00:41:30.167084,2025-11-27 03:04:04.506998,2025-11-30 10:02:09.395047,2025-12-13 12:53:22
order_00003840,cust_00002550,delivered,2024-02-12 14:01:35,2024-02-13 00:14:45.495731,2024-02-13 21:20:05.365524,2024-02-16 04:12:16.157955,2024-03-03 14:01:35
order_00003841,cust_00000592,delivered,2025-05-24 00:58:41,2025-05-24 01:36:02.847914,2025-05-25 07:31:24.091050,2025-05-30 13:40:11.985531,2025-06-13 00:58:41
order_00003842,cust_00000704,delivered,2025-06-13 00:13:18,2025-06-13 01:16:20.631985,2025-06-18 03:56:55.802408,2025-06-27 19:29:56.249959,2025-07-02 00:13:18
order_00003843,cust_00000817,delivered,2025-08-04 07:11:12,2025-08-04 13:53:59.570910,2025-08-07 21:35:01.656346,2025-08-13 00:31:33.666185,2025-08-20 07:11:12
order_00003844,cust_00001096,delivered,2024-11-25 07:14:55,2024-11-25 08:35:59.314334,2024-11-26 19:26:24.273016,2024-12-03 03:44:55.900892,2024-12-23 07:14:55
order_00003845,cust_00000261,delivered,2024-07-24 04:41:37,2024-07-24 14:18:25.488550,2024-07-25 06:35:03.367473,2024-07-27 18:34:28.722088,2024-08-14 04:41:37
order_00003846,cust_00000977,delivered,2024-08-22 04:51:44,2024-08-22 06:27:30.679061,2024-08-24 12:39:18.581555,2024-08-26 23:31:50.074030,2024-09-09 04:51:44
order_00003847,cust_00000077,delivered,2024-04-19 22:36:49,2024-04-20 02:22:34.658494,2024-04-23 17:27:19.771514,2024-05-01 07:10:34.251046,2024-05-11 22:36:49
order_00003848,cust_00001263,delivered,2024-01-14 20:46:21,2024-01-15 04:39:56.283008,2024-01-16 03:02:08.498897,2024-01-21 03:34:26.528184,2024-02-06 20:46:21
order_00003849,cust_00000401,delivered,2025-01-05 07:02:04,2025-01-05 15:02:53.444861,2025-01-06 22:26:27.588669,2025-01-08 05:06:56.640021,2025-01-22 07:02:04
order_00003850,cust_00001842,delivered,2024-05-20 23:51:14,2024-05-21 00:22:31.525554,2024-05-25 13:11:53.513907,2024-06-05 02:06:12.285110,2024-06-10 23:51:14
order_00003851,cust_00000608,delivered,2025-06-14 00:47:27,2025-06-14 05:59:50.478099,2025-06-16 02:18:11.228357,2025-07-22 23:57:23.177845,2025-07-06 00:47:27
order_00003852,cust_00001676,delivered,2025-10-29 18:27:54,2025-10-29 23:30:39.037667,2025-10-31 11:14:50.436832,2025-11-17 22:37:51.098409,2025-11-19 18:27:54
order_00003853,cust_00000806,delivered,2025-06-15 17:04:30,2025-06-16 04:23:11.979941,2025-06-18 14:52:15.697888,2025-06-25 09:07:14.763714,2025-07-05 17:04:30
order_00003854,cust_00001809,delivered,2024-02-22 10:53:29,2024-02-22 19:12:15.491395,2024-02-24 01:57:33.201300,2024-02-25 13:44:40.155115,2024-03-09 10:53:29
order_00003855,cust_00000561,delivered,2024-06-23 22:57:40,2024-06-24 06:47:29.790450,2024-06-26 11:53:41.021089,2024-07-11 13:30:49.323858,2024-07-09 22:57:40
order_00003856,cust_00001911,delivered,2025-08-28 20:36:29,2025-08-29 03:36:47.264190,2025-08-31 05:31:57.731445,2025-09-05 03:01:00.985591,2025-09-18 20:36:29
order_00003857,cust_00000408,delivered,2024-09-12 04:47:40,2024-09-12 07:54:16.226903,2024-09-13 03:39:20.263075,2024-09-14 13:36:42.408217,2024-10-10 04:47:40
order_00003858,cust_00002594,delivered,2024-04-04 11:08:46,2024-04-04 20:05:52.790278,2024-04-06 04:37:48.445334,2024-04-10 16:53:26.567273,2024-05-01 11:08:46
order_00003859,cust_00002441,delivered,2024-05-23 08:48:56,2024-05-23 17:50:50.805258,2024-05-25 09:33:53.441558,2024-05-27 19:41:29.582060,2024-06-15 08:48:56
order_00003860,cust_00002503,delivered,2024-11-17 23:05:30,2024-11-18 13:06:28.033394,2024-11-19 02:01:19.120355,2024-11-23 00:40:17.659275,2024-12-10 23:05:30
order_00003861,cust_00000138,delivered,2024-06-08 02:12:10,2024-06-08 15:36:12.266826,2024-06-10 04:35:31.288171,2024-06-12 07:14:17.520723,2024-07-01 02:12:10
order_00003862,cust_00000871,delivered,2025-03-21 11:12:59,2025-03-21 21:58:51.681880,2025-03-23 08:37:32.526575,2025-04-03 10:53:19.247322,2025-04-16 11:12:59
order_00003863,cust_00000549,canceled,2024-03-06 13:58:19,,,,2024-03-24 13:58:19
order_00003864,cust_00002188,delivered,2024-02-18 15:42:00,2024-02-19 01:15:28.362515,2024-02-20 06:53:29.387887,2024-02-22 08:37:06.727850,2024-03-12 15:42:00
order_00003865,cust_00002243,delivered,2024-12-20 17:48:53,2024-12-20 19:02:46.365847,2024-12-21 09:21:21.213944,2024-12-23 18:08:41.577309,2025-01-06 17:48:53
order_00003866,cust_00000603,delivered,2025-07-11 07:13:23,2025-07-11 11:35:02.615246,2025-07-15 22:31:16.471028,2025-07-22 04:48:50.003935,2025-07-27 07:13:23
order_00003867,cust_00001322,delivered,2024-07-15 08:57:35,2024-07-15 12:36:15.884928,2024-07-16 21:35:49.630616,2024-07-21 17:50:04.365227,2024-07-29 08:57:35
order_00003868,cust_00002728,delivered,2024-10-27 05:34:42,2024-10-27 11:07:30.274991,2024-10-28 09:30:47.945420,2024-11-01 08:30:32.343742,2024-11-14 05:34:42
order_00003869,cust_00000383,delivered,2024-11-27 23:55:44,2024-11-28 06:59:15.978184,2024-12-01 07:48:37.740532,2024-12-02 09:27:45.795790,2024-12-24 23:55:44
order_00003870,cust_00002547,delivered,2025-06-26 09:05:48,2025-06-26 10:03:38.000984,2025-07-02 06:56:05.490816,2025-07-07 21:58:01.893606,2025-07-17 09:05:48
order_00003871,cust_00001116,processing,2025-07-22 00:24:17,2025-07-22 05:43:01.176685,,,2025-08-07 00:24:17
order_00003872,cust_00002556,delivered,2025-02-20 00:31:45,2025-02-20 09:57:32.657218,2025-02-20 23:21:11.245445,2025-03-04 15:36:35.874438,2025-03-05 00:31:45
order_00003873,cust_00002166,delivered,2025-09-24 10:56:31,2025-09-24 12:10:49.970314,2025-09-25 00:53:44.933500,2025-09-27 13:41:29.427166,2025-10-20 10:56:31
order_00003874,cust_00001893,shipped,2024-07-02 16:48:04,2024-07-02 21:33:10.035627,2024-07-04 08:49:13.051088,,2024-07-21 16:48:04
order_00003875,cust_00000656,delivered,2025-01-16 18:43:14,2025-01-16 20:59:16.858689,2025-01-18 06:26:27.856910,2025-01-31 03:55:59.159828,2025-02-02 18:43:14
order_00003876,cust_00002883,delivered,2024-05-08 10:46:56,2024-05-08 12:40:08.009141,2024-05-09 02:56:12.064692,2024-05-11 08:22:50.597791,2024-05-30 10:46:56
order_00003877,cust_00002443,canceled,2024-10-07 05:24:14,,,,2024-10-22 05:24:14
order_00003878,cust_00000705,delivered,2025-03-26 17:51:20,2025-03-26 19:42:37.073885,2025-03-29 22:34:02.405051,2025-04-06 02:01:42.427316,2025-04-15 17:51:20
order_00003879,cust_00000576,delivered,2024-08-14 19:07:04,2024-08-14 23:53:18.031358,2024-08-19 01:43:07.811407,2024-08-21 15:17:00.995236,2024-08-31 19:07:04
order_00003880,cust_00001134,delivered,2025-03-04 14:15:39,2025-03-04 18:32:59.516371,2025-03-08 04:04:02.182735,2025-03-09 17:55:12.906068,2025-03-22 14:15:39
order_00003881,cust_00000775,delivered,2024-09-07 10:56:16,2024-09-08 03:52:33.638233,2024-09-08 17:44:53.715775,2024-09-09 19:49:01.802192,2024-10-01 10:56:16
order_00003882,cust_00002157,delivered,2025-06-08 14:26:17,2025-06-08 18:01:33.144674,2025-06-09 08:52:24.059412,2025-06-15 05:56:43.972384,2025-07-07 14:26:17
order_00003883,cust_00002434,delivered,2025-06-22 06:46:42,2025-06-22 11:16:22.322186,2025-06-23 16:29:22.849457,2025-07-07 11:48:45.769159,2025-07-13 06:46:42
order_00003884,cust_00000108,delivered,2025-02-16 09:19:20,2025-02-16 15:01:21.356766,2025-02-18 12:02:55.011402,2025-02-25 18:45:00.069617,2025-03-03 09:19:20
order_00003885,cust_00000125,delivered,2024-01-08 19:11:53,2024-01-09 06:07:18.890632,2024-01-12 07:13:43.944683,2024-01-30 02:47:32.638672,2024-01-31 19:11:53
order_00003886,cust_00000689,delivered,2024-05-23 17:43:29,2024-05-24 12:08:14.297616,2024-05-25 01:14:56.667449,2024-06-01 23:35:13.703634,2024-06-06 17:43:29
order_00003887,cust_00001339,processing,2025-08-03 20:25:00,2025-08-04 01:01:48.820201,,,2025-08-23 20:25:00
order_00003888,cust_00002354,delivered,2024-08-20 19:26:41,2024-08-21 00:04:18.662313,2024-08-21 20:53:35.219343,2024-08-25 17:42:07.849573,2024-09-10 19:26:41
order_00003889,cust_00001404,delivered,2024-11-16 03:23:06,2024-11-16 08:06:33.937994,2024-11-19 13:53:08.517206,2024-11-24 04:22:07.963773,2024-12-08 03:23:06
order_00003890,cust_00002546,delivered,2025-10-10 00:24:21,2025-10-10 02:55:22.865983,2025-10-12 04:24:08.224261,2025-10-13 22:23:40.145371,2025-10-31 00:24:21
order_00003891,cust_00002193,delivered,2024-11-10 07:59:31,2024-11-10 11:18:05.371114,2024-11-11 05:16:07.557085,2024-11-21 02:20:44.323080,2024-12-02 07:59:31
order_00003892,cust_00001270,delivered,2025-03-11 16:17:22,2025-03-12 02:17:42.814182,2025-03-18 16:56:49.339300,2025-03-22 15:34:44.947265,2025-03-26 16:17:22
order_00003893,cust_00002008,delivered,2025-09-17 20:48:45,2025-09-18 04:02:08.890503,2025-09-19 10:19:03.557349,2025-09-23 15:03:43.553391,2025-10-12 20:48:45
order_00003894,cust_00002795,delivered,2025-12-07 00:40:48,2025-12-07 03:50:20.644112,2025-12-09 02:03:17.386669,2025-12-12 09:26:30.913646,2025-12-30 00:40:48
order_00003895,cust_00000045,canceled,2024-12-15 16:40:26,,,,2025-01-02 16:40:26
order_00003896,cust_00000972,delivered,2024-09-28 11:56:35,2024-09-28 16:39:50.605891,2024-09-30 21:38:04.498537,2024-10-18 20:51:45.067876,2024-10-14 11:56:35
order_00003897,cust_00002598,delivered,2024-09-06 07:35:20,2024-09-07 01:46:17.340866,2024-09-09 22:12:14.433344,2024-09-12 03:32:38.729820,2024-09-25 07:35:20
order_00003898,cust_00000553,delivered,2024-12-05 04:00:46,2024-12-05 07:17:04.755066,2024-12-09 13:30:24.637228,2024-12-17 06:33:03.537234,2024-12-29 04:00:46
order_00003899,cust_00000746,delivered,2024-07-12 22:29:11,2024-07-13 00:23:57.413021,2024-07-14 01:04:32.028000,2024-07-20 03:28:10.438849,2024-08-07 22:29:11
order_00003900,cust_00000689,delivered,2024-07-29 17:35:37,2024-07-29 18:17:07.232223,2024-07-30 17:30:40.290608,2024-08-05 03:45:06.743052,2024-08-11 17:35:37
order_00003901,cust_00001385,delivered,2024-01-07 16:56:59,2024-01-07 18:27:44.377263,2024-01-10 20:24:30.386129,2024-01-17 21:53:06.554332,2024-01-25 16:56:59
order_00003902,cust_00000267,delivered,2024-07-01 19:24:31,2024-07-01 19:56:14.579764,2024-07-03 16:19:40.122644,2024-07-09 14:27:51.332515,2024-07-21 19:24:31
order_00003903,cust_00001904,delivered,2024-04-20 21:31:30,2024-04-21 01:41:28.952591,2024-04-23 13:27:04.410835,2024-04-26 08:51:56.012311,2024-05-10 21:31:30
order_00003904,cust_00001328,delivered,2025-06-22 03:01:45,2025-06-22 08:16:48.882030,2025-06-24 03:33:42.999046,2025-07-06 11:12:27.686165,2025-07-06 03:01:45
order_00003905,cust_00000186,delivered,2025-09-06 23:09:53,2025-09-07 03:06:54.776694,2025-09-08 06:49:43.382702,2025-09-12 20:52:51.373814,2025-09-25 23:09:53
order_00003906,cust_00001782,delivered,2025-01-09 12:35:01,2025-01-09 14:59:12.275794,2025-01-12 23:52:27.542119,2025-01-14 07:38:45.739768,2025-02-02 12:35:01
order_00003907,cust_00001304,delivered,2025-05-25 13:05:48,2025-05-25 16:39:15.306701,2025-05-27 03:28:10.221479,2025-06-08 20:22:21.425772,2025-06-14 13:05:48
order_00003908,cust_00000340,delivered,2025-01-27 02:31:21,2025-01-27 06:01:52.267587,2025-01-29 11:46:56.787594,2025-01-31 08:26:45.845185,2025-02-13 02:31:21
order_00003909,cust_00002011,delivered,2025-01-26 19:11:41,2025-01-26 21:12:49.259507,2025-01-28 17:15:32.156475,2025-01-30 09:23:44.609913,2025-02-10 19:11:41
order_00003910,cust_00000156,delivered,2024-01-03 08:32:36,2024-01-03 12:01:44.792877,2024-01-04 02:33:23.958128,2024-01-07 12:59:51.223518,2024-01-29 08:32:36
order_00003911,cust_00000276,canceled,2024-07-31 15:14:27,,,,2024-08-17 15:14:27
order_00003912,cust_00002727,delivered,2024-05-18 14:49:52,2024-05-18 21:42:14.086705,2024-05-21 00:30:30.463229,2024-05-23 14:19:19.590233,2024-06-12 14:49:52
order_00003913,cust_00001889,delivered,2025-02-04 17:12:59,2025-02-04 20:15:17.020134,2025-02-07 08:17:18.250895,2025-02-09 22:00:01.688518,2025-02-18 17:12:59
order_00003914,cust_00002518,delivered,2024-03-22 17:39:31,2024-03-22 19:45:46.587162,2024-03-24 21:25:38.487252,2024-03-29 23:12:55.012464,2024-04-06 17:39:31
order_00003915,cust_00002493,delivered,2025-10-08 02:43:43,2025-10-08 04:59:52.035067,2025-10-08 22:11:15.027989,2025-10-11 07:33:02.275756,2025-10-26 02:43:43
order_00003916,cust_00002290,delivered,2024-12-05 12:05:19,2024-12-05 20:02:03.420297,2024-12-06 18:42:19.439696,2024-12-11 08:14:32.450187,2024-12-16 12:05:19
order_00003917,cust_00002913,delivered,2024-07-22 15:24:34,2024-07-22 19:58:57.117295,2024-07-25 04:44:20.939212,2024-07-26 13:31:22.694741,2024-08-12 15:24:34
order_00003918,cust_00002242,delivered,2024-10-24 00:31:57,2024-10-24 03:55:42.135373,2024-10-25 03:47:30.784124,2024-10-31 02:48:30.898712,2024-11-13 00:31:57
order_00003919,cust_00002742,delivered,2024-07-09 18:45:27,2024-07-10 14:25:26.295123,2024-07-14 12:17:51.377570,2024-07-17 03:22:20.362092,2024-07-17 18:45:27
order_00003920,cust_00001355,delivered,2025-11-22 12:08:21,2025-11-22 13:38:30.025533,2025-11-25 02:18:54.930174,2025-12-12 03:19:46.706075,2025-12-17 12:08:21
order_00003921,cust_00002053,delivered,2024-09-28 02:12:49,2024-09-28 03:14:06.063656,2024-09-30 03:10:26.925678,2024-10-02 02:51:30.727476,2024-10-10 02:12:49
order_00003922,cust_00002700,delivered,2024-01-19 00:50:49,2024-01-19 12:02:56.413624,2024-01-22 05:24:17.906175,2024-02-06 19:39:15.123295,2024-02-06 00:50:49
order_00003923,cust_00001508,delivered,2025-02-18 17:40:12,2025-02-18 22:14:49.365244,2025-02-20 20:05:42.558028,2025-02-25 13:53:54.128827,2025-03-15 17:40:12
order_00003924,cust_00000265,delivered,2024-05-24 12:05:46,2024-05-24 12:41:14.232019,2024-05-25 10:10:13.255809,2024-05-28 16:18:44.609500,2024-06-10 12:05:46
order_00003925,cust_00002206,delivered,2025-10-28 11:18:55,2025-10-28 14:14:20.772347,2025-10-31 22:23:26.520630,2025-11-07 19:53:18.396813,2025-11-19 11:18:55
order_00003926,cust_00000270,shipped,2025-07-27 18:55:53,2025-07-27 20:39:50.163192,2025-07-29 06:06:31.695812,,2025-08-14 18:55:53
order_00003927,cust_00002026,delivered,2025-05-19 04:57:59,2025-05-19 05:50:06.099493,2025-05-20 18:39:43.503932,2025-06-01 06:54:15.388568,2025-06-11 04:57:59
order_00003928,cust_00002382,delivered,2024-05-27 19:55:01,2024-05-27 23:25:38.011796,2024-06-02 14:01:05.985550,2024-06-05 02:19:45.145532,2024-06-12 19:55:01
order_00003929,cust_00002286,processing,2025-03-29 03:31:48,2025-03-29 04:15:54.861043,,,2025-04-16 03:31:48
order_00003930,cust_00000339,delivered,2024-04-07 16:17:14,2024-04-07 21:10:55.220762,2024-04-10 23:00:32.306696,2024-04-20 13:20:16.273535,2024-04-25 16:17:14
order_00003931,cust_00001962,shipped,2024-10-08 21:17:39,2024-10-08 23:49:23.828234,2024-10-10 02:44:02.208618,,2024-10-27 21:17:39
order_00003932,cust_00000082,delivered,2024-05-25 16:07:23,2024-05-25 16:41:25.022209,2024-05-26 12:50:24.312484,2024-06-03 04:27:02.049792,2024-06-14 16:07:23
order_00003933,cust_00002666,delivered,2024-04-21 01:34:46,2024-04-21 03:22:34.087495,2024-04-24 08:07:01.909037,2024-04-26 11:18:31.058803,2024-05-08 01:34:46
order_00003934,cust_00002035,delivered,2025-12-03 08:40:29,2025-12-04 03:20:32.711077,2025-12-06 23:46:39.794944,2025-12-18 18:01:02.054395,2025-12-29 08:40:29
order_00003935,cust_00002261,delivered,2025-01-08 16:41:59,2025-01-08 18:06:23.515752,2025-01-09 14:09:07.279692,2025-01-13 02:32:21.529292,2025-01-21 16:41:59
order_00003936,cust_00000475,delivered,2025-05-02 00:37:52,2025-05-02 07:16:47.499960,2025-05-03 03:36:30.154052,2025-05-05 23:50:42.384116,2025-05-21 00:37:52
order_00003937,cust_00002500,delivered,2024-07-30 18:38:32,2024-07-30 23:56:56.687963,2024-07-31 18:08:47.720617,2024-08-06 04:38:35.022243,2024-08-16 18:38:32
order_00003938,cust_00001227,delivered,2024-12-20 08:00:02,2024-12-20 16:59:19.489354,2024-12-21 19:59:21.081337,2024-12-24 06:36:02.831972,2025-01-17 08:00:02
order_00003939,cust_00001115,delivered,2025-10-29 01:14:03,2025-10-29 04:26:43.056363,2025-10-29 20:48:07.161826,2025-11-02 07:30:07.220359,2025-11-15 01:14:03
order_00003940,cust_00002974,delivered,2025-10-04 03:28:52,2025-10-04 06:46:38.643015,2025-10-04 22:55:44.886144,2025-10-09 00:50:14.526110,2025-10-24 03:28:52
order_00003941,cust_00001523,delivered,2024-09-29 09:12:13,2024-09-29 15:32:10.964237,2024-10-01 00:24:53.424161,2024-10-13 01:45:22.473091,2024-10-14 09:12:13
order_00003942,cust_00000077,delivered,2025-05-13 15:59:05,2025-05-14 05:10:54.289299,2025-05-15 05:01:13.763804,2025-05-17 12:04:20.737201,2025-05-30 15:59:05
order_00003943,cust_00000066,delivered,2025-11-27 01:26:38,2025-11-27 07:33:49.308876,2025-12-03 15:00:25.447429,2025-12-21 03:55:10.537988,2025-12-11 01:26:38
order_00003944,cust_00000623,delivered,2025-07-31 12:31:19,2025-07-31 16:39:14.993883,2025-08-02 23:27:05.229692,2025-08-09 22:59:41.746300,2025-08-24 12:31:19
order_00003945,cust_00001072,delivered,2025-10-03 14:46:07,2025-10-03 17:19:24.897137,2025-10-05 00:10:35.160036,2025-10-09 12:02:52.512807,2025-10-17 14:46:07
order_00003946,cust_00000252,delivered,2025-08-30 14:47:55,2025-08-30 15:38:28.189002,2025-08-31 06:37:18.480257,2025-09-07 12:32:07.383104,2025-09-19 14:47:55
order_00003947,cust_00001821,delivered,2024-01-10 13:36:59,2024-01-10 17:26:24.979479,2024-01-14 12:13:22.549222,2024-01-22 02:12:40.754584,2024-02-02 13:36:59
order_00003948,cust_00001719,delivered,2024-10-20 22:24:57,2024-10-21 03:20:25.524890,2024-10-29 07:17:55.371255,2024-10-31 11:59:34.812855,2024-11-11 22:24:57
order_00003949,cust_00002056,shipped,2025-11-20 13:21:01,2025-11-20 17:55:57.281506,2025-11-22 02:38:07.455482,,2025-12-13 13:21:01
order_00003950,cust_00000819,delivered,2025-12-27 04:58:22,2025-12-27 06:44:20.999830,2025-12-27 19:56:09.817983,2026-01-03 17:36:48.885090,2026-01-18 04:58:22
order_00003951,cust_00001661,delivered,2025-06-12 00:49:27,2025-06-12 05:04:40.817024,2025-06-16 17:57:56.478643,2025-06-19 13:29:14.707406,2025-06-27 00:49:27
order_00003952,cust_00000468,delivered,2024-05-18 21:06:12,2024-05-19 17:39:15.309846,2024-05-20 11:49:32.388438,2024-05-30 06:23:08.043946,2024-06-07 21:06:12
order_00003953,cust_00002117,delivered,2024-12-16 16:57:35,2024-12-16 19:17:28.614931,2024-12-17 22:05:17.224609,2024-12-20 06:09:41.713045,2024-12-31 16:57:35
order_00003954,cust_00002905,delivered,2024-02-24 06:32:48,2024-02-24 07:41:35.471118,2024-02-25 00:10:26.597743,2024-03-04 05:44:12.633207,2024-03-20 06:32:48
order_00003955,cust_00000156,delivered,2025-10-07 08:20:17,2025-10-07 13:41:34.522689,2025-10-10 03:38:30.097074,2025-11-05 08:27:53.514549,2025-10-19 08:20:17
order_00003956,cust_00000787,delivered,2024-07-30 19:21:52,2024-07-31 01:37:35.007175,2024-08-02 15:52:41.547226,2024-08-07 09:54:06.222411,2024-08-21 19:21:52
order_00003957,cust_00000414,delivered,2025-03-05 19:26:29,2025-03-05 21:05:05.411927,2025-03-06 11:19:41.098674,2025-03-23 18:45:32.218000,2025-03-29 19:26:29
order_00003958,cust_00002478,delivered,2024-06-25 01:42:09,2024-06-25 06:36:40.722326,2024-06-26 16:53:24.570350,2024-07-02 15:25:59.236839,2024-07-16 01:42:09
order_00003959,cust_00002996,unavailable,2024-06-23 18:17:21,2024-06-24 01:12:09.029277,,,2024-07-13 18:17:21
order_00003960,cust_00000198,delivered,2024-06-22 09:02:19,2024-06-22 17:18:16.845768,2024-06-27 04:03:38.756574,2024-07-01 20:39:15.842407,2024-07-05 09:02:19
order_00003961,cust_00002477,shipped,2024-02-27 17:48:41,2024-02-28 08:30:38.555616,2024-02-29 22:24:50.904400,,2024-03-16 17:48:41
order_00003962,cust_00002452,delivered,2025-08-21 03:51:06,2025-08-21 04:44:54.808941,2025-08-23 01:21:08.020399,2025-08-25 05:20:05.648419,2025-09-14 03:51:06
order_00003963,cust_00001861,delivered,2025-12-28 00:05:01,2025-12-28 03:43:21.770108,2025-12-28 21:25:37.941764,2026-01-02 04:35:19.664158,2026-01-17 00:05:01
order_00003964,cust_00002581,delivered,2024-02-06 17:18:45,2024-02-06 18:48:58.526398,2024-02-08 18:18:11.678293,2024-02-14 20:15:38.338280,2024-02-24 17:18:45
order_00003965,cust_00000491,delivered,2025-08-25 14:41:37,2025-08-26 03:00:45.744201,2025-08-27 11:13:13.011427,2025-09-09 22:54:21.407157,2025-09-09 14:41:37
order_00003966,cust_00000520,delivered,2024-03-02 04:17:09,2024-03-02 16:08:25.871757,2024-03-07 13:34:24.675697,2024-03-12 07:03:22.094218,2024-03-17 04:17:09
order_00003967,cust_00002380,delivered,2025-05-14 12:03:23,2025-05-14 13:40:42.169348,2025-05-16 08:10:16.006900,2025-05-19 01:43:18.584076,2025-06-08 12:03:23
order_00003968,cust_00001305,delivered,2024-08-31 05:25:17,2024-08-31 09:31:08.395901,2024-09-01 02:59:06.251909,2024-09-03 13:14:07.258581,2024-09-17 05:25:17
order_00003969,cust_00000270,delivered,2025-06-02 14:29:06,2025-06-03 02:56:40.038714,2025-06-05 12:23:49.296547,2025-06-14 21:53:25.114444,2025-06-23 14:29:06
order_00003970,cust_00002166,delivered,2025-01-16 23:33:54,2025-01-17 02:30:17.293059,2025-01-18 05:10:50.629028,2025-01-19 11:22:48.319700,2025-02-05 23:33:54
order_00003971,cust_00001384,unavailable,2025-05-13 07:23:16,2025-05-13 11:35:30.903739,,,2025-06-04 07:23:16
order_00003972,cust_00002703,delivered,2025-11-30 09:38:47,2025-12-01 02:01:29.162075,2025-12-03 06:59:57.765594,2025-12-04 07:47:15.437812,2025-12-25 09:38:47
order_00003973,cust_00002625,delivered,2025-04-13 23:54:17,2025-04-14 03:02:03.943392,2025-04-16 13:45:01.885658,2025-04-17 17:18:39.857214,2025-05-01 23:54:17
order_00003974,cust_00001431,delivered,2025-08-26 08:27:53,2025-08-26 09:54:51.156941,2025-08-27 17:04:16.438960,2025-09-04 19:43:52.318895,2025-09-10 08:27:53
order_00003975,cust_00002165,delivered,2025-03-21 06:17:28,2025-03-21 07:39:05.521028,2025-03-24 03:05:41.920401,2025-03-26 06:41:56.774808,2025-04-05 06:17:28
order_00003976,cust_00001853,delivered,2025-10-05 11:34:12,2025-10-05 16:45:46.894656,2025-10-06 20:03:39.173951,2025-10-10 13:08:06.714003,2025-11-02 11:34:12
order_00003977,cust_00000647,delivered,2024-05-02 00:14:31,2024-05-02 22:26:36.371456,2024-05-03 11:13:08.249513,2024-05-04 21:34:19.678533,2024-05-23 00:14:31
order_00003978,cust_00000429,delivered,2024-07-25 10:13:35,2024-07-25 12:47:36.516881,2024-07-26 02:37:50.757013,2024-07-27 14:07:05.222363,2024-08-08 10:13:35
order_00003979,cust_00000972,delivered,2025-12-18 07:13:16,2025-12-18 11:08:58.235981,2025-12-19 09:28:29.837520,2025-12-23 05:43:22.648782,2026-01-10 07:13:16
order_00003980,cust_00001693,delivered,2025-03-27 21:27:12,2025-03-27 22:48:58.622208,2025-03-30 16:33:40.906402,2025-04-01 00:27:59.442696,2025-04-15 21:27:12
order_00003981,cust_00002322,unavailable,2024-04-06 09:06:25,2024-04-06 16:16:37.419556,,,2024-04-27 09:06:25
order_00003982,cust_00001442,delivered,2025-05-18 23:04:58,2025-05-19 00:20:30.839309,2025-05-20 09:26:39.551024,2025-05-22 01:48:24.443844,2025-05-31 23:04:58
order_00003983,cust_00000801,delivered,2025-06-13 04:02:54,2025-06-13 11:52:01.036515,2025-06-15 10:50:04.087154,2025-06-23 15:03:35.163554,2025-06-30 04:02:54
order_00003984,cust_00000478,delivered,2025-01-05 10:53:15,2025-01-05 15:34:51.690266,2025-01-06 04:51:22.977313,2025-01-11 18:54:29.469464,2025-01-21 10:53:15
order_00003985,cust_00001315,delivered,2025-12-06 04:56:03,2025-12-06 09:09:30.832942,2025-12-07 04:55:19.179279,2025-12-11 03:06:47.241965,2025-12-23 04:56:03
order_00003986,cust_00000352,delivered,2024-10-12 02:51:52,2024-10-12 12:43:04.485418,2024-10-13 01:16:24.621092,2024-10-23 23:20:08.808346,2024-11-03 02:51:52
order_00003987,cust_00000517,delivered,2025-02-05 06:18:49,2025-02-05 08:40:49.788747,2025-02-08 11:39:30.952028,2025-02-15 03:43:04.444417,2025-03-02 06:18:49
order_00003988,cust_00000822,delivered,2024-04-11 17:12:21,2024-04-12 06:34:04.483184,2024-04-14 23:08:58.655351,2024-04-18 03:56:45.216940,2024-04-22 17:12:21
order_00003989,cust_00002085,delivered,2024-11-19 21:05:16,2024-11-19 23:36:47.030066,2024-11-20 18:28:13.974822,2024-11-27 17:37:31.471146,2024-12-05 21:05:16
order_00003990,cust_00001613,invoiced,2025-01-16 19:18:50,2025-01-16 21:51:37.692533,,,2025-02-05 19:18:50
order_00003991,cust_00001140,delivered,2025-05-29 00:02:23,2025-05-29 07:18:24.592576,2025-05-30 11:10:57.458318,2025-06-03 07:18:21.503000,2025-06-20 00:02:23
order_00003992,cust_00002219,delivered,2025-07-25 19:04:13,2025-07-26 09:07:10.738842,2025-07-27 06:34:38.332601,2025-07-30 12:44:16.951207,2025-08-18 19:04:13
order_00003993,cust_00001680,unavailable,2024-07-18 20:42:15,2024-07-19 10:49:25.796375,,,2024-08-04 20:42:15
order_00003994,cust_00000287,delivered,2024-08-19 15:44:22,2024-08-19 17:12:20.068010,2024-08-20 06:55:49.688393,2024-08-25 01:10:12.989029,2024-09-07 15:44:22
order_00003995,cust_00000106,delivered,2024-04-08 03:07:19,2024-04-08 07:39:11.095954,2024-04-08 21:15:41.571638,2024-04-25 15:05:58.679823,2024-05-01 03:07:19
order_00003996,cust_00001352,processing,2024-04-07 20:17:05,2024-04-08 00:36:09.907431,,,2024-04-28 20:17:05
order_00003997,cust_00001320,delivered,2025-10-26 05:09:47,2025-10-26 06:54:25.387412,2025-10-27 01:14:06.348692,2025-10-30 22:25:01.663383,2025-11-17 05:09:47
order_00003998,cust_00000069,delivered,2024-03-02 02:49:59,2024-03-02 03:47:42.130955,2024-03-03 01:33:53.809420,2024-03-04 01:44:43.964623,2024-03-23 02:49:59
order_00003999,cust_00002293,delivered,2024-04-12 11:20:07,2024-04-12 11:56:26.695898,2024-04-13 01:38:47.624172,2024-04-14 06:32:59.087758,2024-04-30 11:20:07
order_00004000,cust_00001506,delivered,2025-11-21 12:42:18,2025-11-21 14:48:12.124399,2025-11-22 04:15:04.581757,2025-11-23 09:07:41.548434,2025-12-08 12:42:18
order_00004001,cust_00000499,delivered,2025-08-30 06:34:11,2025-08-30 08:02:02.459074,2025-09-06 21:52:43.279359,2025-09-09 00:06:08.294871,2025-09-09 06:34:11
order_00004002,cust_00000433,delivered,2024-07-27 20:47:13,2024-07-28 06:58:38.615003,2024-07-30 21:36:53.239990,2024-08-05 15:39:08.110571,2024-08-10 20:47:13
order_00004003,cust_00002579,delivered,2025-04-17 17:21:06,2025-04-17 18:51:18.714422,2025-04-20 04:01:04.666594,2025-04-21 12:15:19.418601,2025-05-02 17:21:06
order_00004004,cust_00002274,delivered,2024-12-19 05:13:06,2024-12-19 15:55:40.458472,2024-12-24 03:31:11.551577,2025-01-10 08:36:51.183360,2025-01-04 05:13:06
order_00004005,cust_00001421,delivered,2025-12-13 10:58:23,2025-12-13 23:47:36.137575,2025-12-14 20:57:58.511615,2025-12-21 03:31:31.987426,2025-12-29 10:58:23
order_00004006,cust_00000985,delivered,2025-07-20 02:25:14,2025-07-20 04:40:38.574007,2025-07-20 23:31:44.186271,2025-07-27 02:31:25.851025,2025-08-06 02:25:14
order_00004007,cust_00001423,delivered,2025-07-10 10:50:07,2025-07-10 21:58:10.561388,2025-07-12 15:39:23.423866,2025-07-15 04:33:05.944039,2025-08-01 10:50:07
order_00004008,cust_00001650,delivered,2024-01-19 11:00:25,2024-01-19 16:15:58.796351,2024-01-21 00:14:39.657556,2024-01-25 23:11:40.088279,2024-02-10 11:00:25
order_00004009,cust_00001634,delivered,2025-02-17 10:03:27,2025-02-17 16:07:53.408485,2025-02-21 04:40:34.662023,2025-02-28 01:58:58.689909,2025-03-02 10:03:27
order_00004010,cust_00001114,processing,2024-01-16 14:29:45,2024-01-17 02:24:24.973312,,,2024-02-05 14:29:45
order_00004011,cust_00002276,delivered,2025-06-17 05:55:35,2025-06-17 15:56:44.356425,2025-06-18 11:06:41.579793,2025-06-23 13:53:12.547044,2025-07-02 05:55:35
order_00004012,cust_00001343,delivered,2024-08-09 20:10:52,2024-08-10 03:50:50.810759,2024-08-10 18:25:12.099914,2024-08-12 16:50:32.435131,2024-08-30 20:10:52
order_00004013,cust_00001340,delivered,2024-07-28 18:46:49,2024-07-28 22:22:45.098704,2024-08-01 03:07:58.062801,2024-08-02 06:54:38.811456,2024-08-23 18:46:49
order_00004014,cust_00002100,delivered,2024-05-10 15:41:32,2024-05-11 06:08:59.752973,2024-05-12 06:16:46.124444,2024-05-28 00:46:04.189860,2024-05-25 15:41:32
order_00004015,cust_00000505,delivered,2024-08-13 09:44:25,2024-08-13 18:56:02.243380,2024-08-15 08:50:28.112428,2024-08-26 20:32:24.461872,2024-08-31 09:44:25
order_00004016,cust_00001498,delivered,2024-05-05 04:28:42,2024-05-05 16:13:35.722761,2024-05-06 17:15:21.677673,2024-05-11 23:41:36.072933,2024-05-21 04:28:42
order_00004017,cust_00000709,delivered,2025-01-17 22:46:37,2025-01-18 01:15:07.140943,2025-01-19 11:35:56.973989,2025-01-25 23:36:56.962624,2025-02-09 22:46:37
order_00004018,cust_00002586,delivered,2024-01-23 01:26:55,2024-01-23 05:04:14.279972,2024-01-24 09:03:39.138042,2024-02-04 15:24:07.309611,2024-02-09 01:26:55
order_00004019,cust_00002525,delivered,2025-03-27 12:24:07,2025-03-27 21:08:34.717558,2025-03-28 09:14:46.368979,2025-03-29 10:40:44.717106,2025-04-14 12:24:07
order_00004020,cust_00002509,delivered,2025-05-25 18:29:13,2025-05-25 19:59:35.143554,2025-05-29 16:46:17.447950,2025-06-03 20:00:26.113060,2025-06-16 18:29:13
order_00004021,cust_00000805,delivered,2024-10-17 08:46:46,2024-10-17 13:41:57.960467,2024-10-19 21:49:53.002511,2024-10-23 01:40:57.177653,2024-11-05 08:46:46
order_00004022,cust_00000826,canceled,2024-07-09 16:31:54,,,,2024-08-04 16:31:54
order_00004023,cust_00001935,delivered,2025-05-19 12:31:54,2025-05-19 20:37:25.060402,2025-05-21 15:57:42.782577,2025-05-25 13:38:51.263253,2025-06-05 12:31:54
order_00004024,cust_00000588,delivered,2024-02-27 04:00:43,2024-02-27 16:56:57.278382,2024-03-01 01:43:23.761505,2024-03-09 23:27:52.865614,2024-03-23 04:00:43
order_00004025,cust_00000121,delivered,2025-03-02 14:54:22,2025-03-02 15:55:17.326899,2025-03-03 21:30:21.876962,2025-03-06 02:43:31.187142,2025-03-31 14:54:22
order_00004026,cust_00002864,delivered,2024-07-15 12:26:33,2024-07-16 01:10:06.972528,2024-07-17 13:24:48.122544,2024-08-02 08:58:37.811219,2024-07-27 12:26:33
order_00004027,cust_00001868,delivered,2025-01-27 15:24:36,2025-01-28 00:43:33.820298,2025-01-30 10:57:25.493631,2025-02-01 12:51:03.298772,2025-02-18 15:24:36
order_00004028,cust_00000418,delivered,2024-06-25 13:06:27,2024-06-25 13:55:06.280959,2024-06-26 05:28:16.360135,2024-06-29 14:26:44.257651,2024-07-13 13:06:27
order_00004029,cust_00000501,delivered,2025-07-31 16:49:49,2025-07-31 18:28:20.986557,2025-08-02 08:21:07.742375,2025-08-09 19:00:28.415776,2025-08-19 16:49:49
order_00004030,cust_00001842,delivered,2025-01-28 14:23:00,2025-01-28 18:37:38.280648,2025-02-01 02:08:53.174292,2025-02-09 06:33:29.460843,2025-02-18 14:23:00
order_00004031,cust_00001770,delivered,2025-05-30 15:31:00,2025-05-30 17:05:24.589988,2025-06-01 08:59:46.807914,2025-06-06 11:09:21.599276,2025-06-11 15:31:00
order_00004032,cust_00001610,delivered,2024-04-05 15:35:17,2024-04-05 17:39:20.140611,2024-04-06 09:54:25.971414,2024-04-11 02:29:15.375090,2024-04-21 15:35:17
order_00004033,cust_00002911,delivered,2024-05-31 06:53:01,2024-05-31 23:43:43.138467,2024-06-01 19:18:12.279737,2024-06-03 19:41:57.902622,2024-06-26 06:53:01
order_00004034,cust_00002915,delivered,2025-03-10 14:29:47,2025-03-10 19:53:23.782013,2025-03-13 22:24:01.212402,2025-03-20 21:26:23.756895,2025-03-27 14:29:47
order_00004035,cust_00001245,delivered,2025-12-25 10:22:12,2025-12-25 11:13:40.545032,2025-12-28 22:00:45.645959,2026-01-01 02:59:51.777562,2026-01-15 10:22:12
order_00004036,cust_00002311,delivered,2025-03-08 03:41:59,2025-03-08 04:55:20.312120,2025-03-10 23:56:02.235075,2025-03-16 02:06:35.737599,2025-03-25 03:41:59
order_00004037,cust_00002022,delivered,2025-01-06 11:02:38,2025-01-06 18:50:42.260753,2025-01-08 15:29:34.212840,2025-01-31 20:49:30.928858,2025-01-29 11:02:38
order_00004038,cust_00000359,delivered,2024-11-05 10:43:36,2024-11-05 14:23:16.483922,2024-11-07 12:22:46.673128,2024-11-11 02:08:00.590369,2024-11-29 10:43:36
order_00004039,cust_00002869,delivered,2024-09-16 01:25:59,2024-09-16 03:20:53.784491,2024-09-17 21:43:57.123308,2024-09-28 18:01:09.407156,2024-10-04 01:25:59
order_00004040,cust_00001282,delivered,2024-01-19 20:42:37,2024-01-19 21:59:24.354829,2024-01-20 21:23:43.407959,2024-01-30 22:15:27.006093,2024-02-04 20:42:37
order_00004041,cust_00002780,delivered,2024-02-08 10:06:37,2024-02-08 13:15:13.969203,2024-02-09 21:44:26.992595,2024-02-18 18:51:23.598908,2024-02-25 10:06:37
order_00004042,cust_00001077,delivered,2024-10-21 08:07:04,2024-10-21 15:34:40.271676,2024-10-23 12:10:03.345471,2024-10-26 16:23:01.348225,2024-11-09 08:07:04
order_00004043,cust_00002022,delivered,2025-05-13 20:10:18,2025-05-13 23:33:12.768428,2025-05-15 12:56:55.251935,2025-05-19 05:27:36.948427,2025-06-07 20:10:18
order_00004044,cust_00002337,delivered,2024-11-17 13:50:02,2024-11-17 17:19:44.614983,2024-11-19 07:28:09.734678,2024-11-22 04:42:28.980556,2024-12-05 13:50:02
order_00004045,cust_00000344,delivered,2025-05-12 00:29:07,2025-05-12 09:33:40.413245,2025-05-13 14:46:31.467708,2025-05-18 01:43:31.968125,2025-06-03 00:29:07
order_00004046,cust_00001537,delivered,2025-06-12 03:19:04,2025-06-12 06:10:44.449338,2025-06-14 21:24:25.572127,2025-06-16 05:37:11.443768,2025-07-04 03:19:04
order_00004047,cust_00000427,delivered,2024-04-21 02:39:02,2024-04-21 05:35:08.039115,2024-04-21 18:58:47.200818,2024-04-30 18:39:57.113413,2024-05-11 02:39:02
order_00004048,cust_00001220,delivered,2024-01-13 10:59:58,2024-01-13 16:13:54.345108,2024-01-14 11:54:51.709786,2024-01-25 21:56:56.761335,2024-01-27 10:59:58
order_00004049,cust_00001746,delivered,2024-06-17 10:35:49,2024-06-17 12:41:23.755335,2024-06-19 05:24:36.842666,2024-06-28 17:10:26.293221,2024-07-02 10:35:49
order_00004050,cust_00002371,delivered,2025-12-11 05:53:37,2025-12-11 06:59:37.532998,2025-12-12 20:09:37.014191,2025-12-21 12:47:31.044283,2025-12-31 05:53:37
order_00004051,cust_00001771,delivered,2025-05-25 06:09:04,2025-05-25 20:58:29.461390,2025-05-28 05:28:30.552592,2025-05-30 04:46:47.279595,2025-06-17 06:09:04
order_00004052,cust_00001070,delivered,2024-01-22 22:54:58,2024-01-22 23:44:50.558805,2024-01-26 14:01:29.095100,2024-01-28 16:36:30.969050,2024-02-14 22:54:58
order_00004053,cust_00002664,delivered,2024-01-31 02:35:57,2024-01-31 04:00:54.724912,2024-01-31 17:35:13.129036,2024-02-14 14:05:40.723206,2024-02-15 02:35:57
order_00004054,cust_00001757,delivered,2024-09-12 03:56:14,2024-09-12 05:32:44.745764,2024-09-16 05:36:03.865824,2024-09-23 04:35:40.872703,2024-10-01 03:56:14
order_00004055,cust_00000122,shipped,2024-08-30 05:11:17,2024-08-30 09:57:24.091164,2024-08-31 10:02:55.803008,,2024-09-16 05:11:17
order_00004056,cust_00001869,delivered,2024-12-09 19:51:55,2024-12-09 21:06:40.686193,2024-12-10 13:42:25.229858,2024-12-22 15:20:45.330710,2024-12-23 19:51:55
order_00004057,cust_00002605,invoiced,2024-09-16 20:29:48,2024-09-17 02:21:10.316896,,,2024-10-03 20:29:48
order_00004058,cust_00000988,delivered,2024-07-08 00:52:36,2024-07-08 04:49:33.546243,2024-07-08 22:30:23.084347,2024-07-16 11:47:42.359778,2024-07-29 00:52:36
order_00004059,cust_00000115,delivered,2025-01-01 02:49:26,2025-01-01 03:58:31.680025,2025-01-02 00:53:12.699528,2025-01-09 23:46:00.215929,2025-01-16 02:49:26
order_00004060,cust_00002300,delivered,2025-07-26 13:37:26,2025-07-27 00:36:15.737185,2025-07-28 12:45:56.321268,2025-07-31 10:51:43.112182,2025-08-11 13:37:26
order_00004061,cust_00002098,delivered,2025-10-27 09:24:58,2025-10-27 18:09:57.157768,2025-10-29 00:48:55.305544,2025-11-04 02:46:18.170679,2025-11-14 09:24:58
order_00004062,cust_00002255,delivered,2024-09-08 17:41:16,2024-09-08 22:25:37.639255,2024-09-10 01:12:18.888516,2024-09-24 13:51:01.594822,2024-09-29 17:41:16
order_00004063,cust_00000543,processing,2024-04-11 14:12:35,2024-04-12 00:00:01.830471,,,2024-05-02 14:12:35
order_00004064,cust_00001338,delivered,2024-02-02 09:05:10,2024-02-02 11:46:32.577838,2024-02-05 00:58:18.100410,2024-02-07 01:22:30.514132,2024-02-16 09:05:10
order_00004065,cust_00002494,shipped,2024-06-22 23:54:03,2024-06-23 03:16:11.639863,2024-06-26 14:04:32.513131,,2024-07-14 23:54:03
order_00004066,cust_00002374,delivered,2025-05-07 00:08:48,2025-05-07 11:55:44.209249,2025-05-08 16:31:57.366633,2025-05-10 16:44:08.678544,2025-05-29 00:08:48
order_00004067,cust_00000631,delivered,2025-12-06 14:09:45,2025-12-06 15:52:52.366839,2025-12-07 11:18:06.165916,2025-12-14 03:31:18.527944,2025-12-30 14:09:45
order_00004068,cust_00000133,delivered,2024-04-13 06:22:58,2024-04-13 10:10:54.876143,2024-04-19 11:02:01.943103,2024-04-29 06:11:27.279402,2024-05-01 06:22:58
order_00004069,cust_00002149,delivered,2024-04-01 05:27:20,2024-04-01 11:55:05.432590,2024-04-02 02:11:41.550860,2024-04-05 03:38:22.937179,2024-04-25 05:27:20
order_00004070,cust_00002854,processing,2025-09-12 10:37:18,2025-09-12 17:23:11.048551,,,2025-09-30 10:37:18
order_00004071,cust_00002010,unavailable,2025-10-30 22:44:03,2025-10-31 08:34:01.093493,,,2025-11-20 22:44:03
order_00004072,cust_00002719,canceled,2025-05-11 19:01:12,,,,2025-05-26 19:01:12
order_00004073,cust_00000883,delivered,2025-12-22 15:45:22,2025-12-23 00:15:41.932647,2025-12-27 01:11:16.264779,2025-12-28 18:11:38.251263,2026-01-20 15:45:22
order_00004074,cust_00001802,delivered,2025-06-10 21:34:05,2025-06-11 01:39:54.173833,2025-06-12 08:08:29.737587,2025-07-10 05:37:36.468991,2025-06-25 21:34:05
order_00004075,cust_00002879,delivered,2025-11-29 21:50:48,2025-11-30 01:13:00.627475,2025-11-30 14:22:13.652068,2025-12-07 13:20:59.543615,2025-12-18 21:50:48
order_00004076,cust_00001553,delivered,2025-07-13 16:56:39,2025-07-13 18:05:52.212429,2025-07-14 10:22:55.477917,2025-07-25 04:04:29.380313,2025-08-02 16:56:39
order_00004077,cust_00002813,delivered,2025-09-01 08:50:43,2025-09-01 10:18:33.331218,2025-09-02 13:42:54.301079,2025-09-06 08:48:55.548957,2025-09-30 08:50:43
order_00004078,cust_00001636,delivered,2024-07-04 09:19:23,2024-07-04 10:37:14.364973,2024-07-05 20:09:41.464919,2024-07-14 00:13:39.376930,2024-07-27 09:19:23
order_00004079,cust_00000209,shipped,2025-11-27 00:19:43,2025-11-27 03:29:36.340772,2025-11-28 00:30:03.466934,,2025-12-17 00:19:43
order_00004080,cust_00002576,delivered,2025-12-01 19:43:41,2025-12-01 20:48:54.903873,2025-12-02 21:33:05.241278,2025-12-08 14:50:14.611417,2025-12-21 19:43:41
order_00004081,cust_00000281,delivered,2025-09-02 03:34:39,2025-09-02 04:40:36.723976,2025-09-03 22:39:49.623202,2025-09-11 04:25:00.621344,2025-09-22 03:34:39
order_00004082,cust_00001106,delivered,2024-08-25 18:34:41,2024-08-25 21:45:40.937060,2024-08-26 11:14:31.503535,2024-08-28 19:11:43.632295,2024-09-17 18:34:41
order_00004083,cust_00001365,delivered,2025-03-09 05:11:49,2025-03-09 06:35:13.110710,2025-03-11 07:10:57.417515,2025-03-23 20:20:02.420968,2025-04-03 05:11:49
order_00004084,cust_00001169,delivered,2025-03-03 13:37:03,2025-03-03 18:49:26.440984,2025-03-06 19:10:58.387247,2025-03-13 04:19:15.882023,2025-03-20 13:37:03
order_00004085,cust_00001126,delivered,2025-08-13 17:10:27,2025-08-13 20:53:45.278903,2025-08-14 14:34:31.580122,2025-08-29 22:21:34.342132,2025-09-01 17:10:27
order_00004086,cust_00002388,delivered,2024-09-30 14:24:43,2024-09-30 19:13:00.635015,2024-10-01 11:06:22.708659,2024-10-04 01:41:13.001139,2024-10-22 14:24:43
order_00004087,cust_00000721,delivered,2024-02-29 22:13:29,2024-03-01 06:12:25.185849,2024-03-02 22:54:06.528743,2024-03-09 14:44:38.569286,2024-03-23 22:13:29
order_00004088,cust_00001231,delivered,2024-04-10 09:17:56,2024-04-10 13:27:44.706357,2024-04-11 23:05:58.794340,2024-04-14 07:33:29.853848,2024-04-27 09:17:56
order_00004089,cust_00000488,delivered,2025-05-18 23:30:40,2025-05-19 03:48:10.947547,2025-05-21 01:36:27.164191,2025-05-22 20:05:20.243662,2025-06-10 23:30:40
order_00004090,cust_00002798,delivered,2024-09-24 00:43:17,2024-09-24 05:45:28.658705,2024-09-25 11:01:43.262396,2024-09-29 21:44:55.208690,2024-10-07 00:43:17
order_00004091,cust_00000988,delivered,2024-05-12 19:28:31,2024-05-12 21:57:28.063151,2024-05-13 23:25:29.091169,2024-06-03 19:47:58.079939,2024-06-08 19:28:31
order_00004092,cust_00001561,delivered,2024-10-05 03:08:53,2024-10-05 06:33:27.538185,2024-10-06 22:40:32.811990,2024-10-14 07:58:21.368381,2024-10-24 03:08:53
order_00004093,cust_00002966,delivered,2024-07-30 05:58:32,2024-07-30 10:54:11.978045,2024-07-30 23:58:10.406263,2024-08-04 06:18:20.261005,2024-08-21 05:58:32
order_00004094,cust_00002463,delivered,2024-11-12 03:42:39,2024-11-12 06:14:28.941829,2024-11-13 01:17:12.482846,2024-11-23 06:22:10.969880,2024-12-05 03:42:39
order_00004095,cust_00001605,delivered,2025-01-24 07:53:15,2025-01-24 09:39:45.833870,2025-01-26 04:24:37.035400,2025-01-29 15:03:44.756743,2025-02-14 07:53:15
order_00004096,cust_00002740,shipped,2025-01-26 02:17:54,2025-01-26 03:19:26.366875,2025-01-27 04:27:01.276448,,2025-02-21 02:17:54
order_00004097,cust_00000526,delivered,2025-02-18 11:59:12,2025-02-19 00:27:34.452683,2025-02-20 12:58:14.808015,2025-02-22 15:51:03.827033,2025-03-08 11:59:12
order_00004098,cust_00001729,delivered,2024-06-09 17:52:30,2024-06-09 21:50:09.108648,2024-06-11 10:53:05.942047,2024-06-14 03:26:58.966458,2024-07-02 17:52:30
order_00004099,cust_00000990,shipped,2025-08-16 18:34:04,2025-08-17 06:37:51.715808,2025-08-19 02:59:13.637894,,2025-09-01 18:34:04
order_00004100,cust_00000013,delivered,2025-04-06 14:57:44,2025-04-07 01:38:53.904348,2025-04-08 00:05:24.920846,2025-04-20 05:51:12.948629,2025-04-21 14:57:44
order_00004101,cust_00001505,delivered,2025-10-20 17:53:35,2025-10-21 07:02:04.748957,2025-10-22 01:41:38.342740,2025-10-28 08:16:26.412654,2025-11-09 17:53:35
order_00004102,cust_00001058,shipped,2025-11-15 02:11:37,2025-11-15 07:21:55.831302,2025-11-16 22:15:05.905298,,2025-12-12 02:11:37
order_00004103,cust_00000307,delivered,2025-02-25 14:20:49,2025-02-25 19:35:20.306214,2025-02-26 19:29:14.748806,2025-03-03 04:11:38.745080,2025-03-15 14:20:49
order_00004104,cust_00002709,delivered,2024-01-17 23:52:10,2024-01-18 03:26:10.185597,2024-01-20 03:59:54.529057,2024-01-21 05:54:09.570263,2024-02-06 23:52:10
order_00004105,cust_00002606,delivered,2024-12-25 07:17:43,2024-12-25 09:03:54.481419,2024-12-26 10:38:01.142266,2024-12-28 19:53:05.549025,2025-01-09 07:17:43
order_00004106,cust_00002066,delivered,2025-05-19 17:37:06,2025-05-19 22:25:12.805409,2025-05-20 15:21:00.131870,2025-05-28 04:11:31.118663,2025-06-09 17:37:06
order_00004107,cust_00001356,delivered,2025-02-11 14:29:48,2025-02-11 20:08:25.809822,2025-02-14 11:46:50.649733,2025-02-22 00:34:02.726455,2025-02-27 14:29:48
order_00004108,cust_00002332,delivered,2025-05-17 07:53:33,2025-05-17 21:25:33.407186,2025-05-22 04:17:27.821290,2025-05-25 01:09:08.315771,2025-06-09 07:53:33
order_00004109,cust_00001009,delivered,2024-02-11 00:56:14,2024-02-11 03:24:50.058651,2024-02-12 10:56:05.701861,2024-02-22 09:18:46.514735,2024-03-02 00:56:14
order_00004110,cust_00000018,delivered,2025-04-03 20:25:20,2025-04-04 00:48:30.380060,2025-04-06 18:28:31.532735,2025-04-09 17:09:26.490113,2025-04-21 20:25:20
order_00004111,cust_00002896,delivered,2024-05-12 13:28:29,2024-05-12 18:47:32.937092,2024-05-14 07:03:36.434509,2024-05-19 08:50:02.427505,2024-05-30 13:28:29
order_00004112,cust_00002070,delivered,2025-02-09 07:06:00,2025-02-09 10:48:31.662901,2025-02-12 06:58:41.318702,2025-02-17 23:47:16.376543,2025-02-27 07:06:00
order_00004113,cust_00002309,delivered,2025-06-16 20:36:46,2025-06-16 22:17:09.238678,2025-06-19 15:43:25.360541,2025-06-25 12:13:25.605556,2025-07-02 20:36:46
order_00004114,cust_00002770,delivered,2025-08-15 19:16:13,2025-08-15 21:59:07.430327,2025-08-16 19:56:44.838724,2025-09-05 10:27:08.539387,2025-09-01 19:16:13
order_00004115,cust_00000536,delivered,2025-08-28 02:11:39,2025-08-28 04:12:53.619607,2025-08-29 20:10:21.011868,2025-08-31 00:18:45.293947,2025-09-19 02:11:39
order_00004116,cust_00002459,delivered,2025-04-26 12:07:54,2025-04-26 16:23:04.532159,2025-04-28 19:08:10.214560,2025-05-01 04:25:36.652861,2025-05-12 12:07:54
order_00004117,cust_00000199,delivered,2025-09-24 10:50:44,2025-09-24 16:32:27.575391,2025-09-25 07:43:42.104975,2025-09-29 07:08:43.242730,2025-10-10 10:50:44
order_00004118,cust_00000829,delivered,2024-06-17 19:36:07,2024-06-18 16:40:09.959844,2024-06-21 19:00:02.793418,2024-06-26 11:14:19.011146,2024-07-04 19:36:07
order_00004119,cust_00000148,delivered,2024-05-26 11:22:58,2024-05-26 15:18:25.953722,2024-05-27 09:47:28.102365,2024-05-29 04:15:33.903983,2024-06-16 11:22:58
order_00004120,cust_00001148,delivered,2024-04-04 03:48:59,2024-04-04 09:43:11.346359,2024-04-07 08:46:19.160534,2024-04-13 13:37:35.656481,2024-04-30 03:48:59
order_00004121,cust_00002874,delivered,2025-02-25 15:12:33,2025-02-25 15:43:30.273776,2025-02-28 13:05:37.004411,2025-03-03 12:29:01.906010,2025-03-16 15:12:33
order_00004122,cust_00000322,delivered,2024-12-02 17:03:21,2024-12-02 20:09:29.246757,2024-12-03 12:24:48.157394,2024-12-05 00:33:21.139060,2024-12-27 17:03:21
order_00004123,cust_00000047,delivered,2025-12-26 18:17:45,2025-12-26 23:11:49.462379,2025-12-28 20:56:20.135081,2026-01-01 19:36:41.810822,2026-01-16 18:17:45
order_00004124,cust_00002075,delivered,2024-09-15 18:41:54,2024-09-16 02:06:28.294644,2024-09-16 16:15:06.261346,2024-09-23 05:13:58.226065,2024-10-05 18:41:54
order_00004125,cust_00002642,delivered,2024-07-18 21:26:48,2024-07-19 03:22:41.078276,2024-07-19 19:43:20.557196,2024-08-03 13:24:39.650433,2024-08-05 21:26:48
order_00004126,cust_00000100,delivered,2024-02-15 15:13:10,2024-02-15 19:55:28.136778,2024-02-16 15:49:44.370808,2024-02-24 17:16:33.208220,2024-03-05 15:13:10
order_00004127,cust_00000276,delivered,2024-04-27 12:40:32,2024-04-27 13:35:23.796505,2024-04-30 01:53:14.797431,2024-05-01 14:26:26.782909,2024-05-18 12:40:32
order_00004128,cust_00000076,delivered,2025-06-19 01:19:37,2025-06-19 06:56:44.466180,2025-06-23 17:38:32.527379,2025-06-27 11:04:06.474422,2025-07-14 01:19:37
order_00004129,cust_00000335,canceled,2024-12-05 01:08:13,,,,2024-12-19 01:08:13
order_00004130,cust_00000141,delivered,2025-11-13 06:01:28,2025-11-13 07:00:56.945251,2025-11-14 01:42:50.045853,2025-11-21 06:07:04.803702,2025-12-02 06:01:28
order_00004131,cust_00000674,delivered,2024-05-22 02:11:14,2024-05-22 07:44:10.610685,2024-05-22 20:05:22.060958,2024-05-30 01:23:18.929867,2024-06-12 02:11:14
order_00004132,cust_00001804,delivered,2025-05-14 06:11:05,2025-05-14 11:05:19.228535,2025-05-15 07:16:16.664032,2025-05-19 07:30:14.005466,2025-05-30 06:11:05
order_00004133,cust_00001227,delivered,2024-06-16 02:31:14,2024-06-17 10:49:20.721649,2024-06-18 12:27:51.780167,2024-06-23 20:01:13.776119,2024-07-08 02:31:14
order_00004134,cust_00002949,unavailable,2025-03-27 05:08:09,2025-03-27 07:31:51.089487,,,2025-04-21 05:08:09
order_00004135,cust_00000141,delivered,2024-12-29 02:12:23,2024-12-29 09:58:24.710418,2024-12-30 10:59:18.902598,2025-01-03 05:07:49.804239,2025-01-22 02:12:23
order_00004136,cust_00000088,delivered,2024-04-16 01:48:54,2024-04-16 09:43:44.268267,2024-04-22 11:23:49.788857,2024-04-26 03:51:50.581614,2024-05-03 01:48:54
order_00004137,cust_00001485,delivered,2025-05-06 19:12:05,2025-05-06 20:19:54.859932,2025-05-07 16:18:35.379034,2025-05-11 12:24:13.826678,2025-05-31 19:12:05
order_00004138,cust_00001506,delivered,2024-06-02 10:12:14,2024-06-02 20:49:35.144087,2024-06-04 04:47:33.993699,2024-06-06 14:07:23.719079,2024-06-26 10:12:14
order_00004139,cust_00000723,delivered,2025-09-16 12:58:24,2025-09-16 14:21:36.688917,2025-09-17 03:18:39.066606,2025-09-30 11:33:58.370868,2025-10-01 12:58:24
order_00004140,cust_00002702,delivered,2024-06-16 10:34:51,2024-06-16 14:51:18.852054,2024-06-21 12:49:11.039441,2024-06-24 13:57:29.181901,2024-07-07 10:34:51
order_00004141,cust_00000082,delivered,2024-02-26 09:55:16,2024-02-26 12:17:41.903714,2024-03-02 02:01:10.771244,2024-03-09 23:59:02.026591,2024-03-21 09:55:16
order_00004142,cust_00000956,delivered,2025-11-06 15:40:50,2025-11-06 22:42:34.104378,2025-11-09 07:00:34.700810,2025-11-16 11:06:31.344825,2025-11-30 15:40:50
order_00004143,cust_00001272,delivered,2025-05-28 13:29:57,2025-05-28 16:20:12.763026,2025-05-29 23:19:41.322000,2025-05-31 07:17:38.786242,2025-06-16 13:29:57
order_00004144,cust_00002617,delivered,2025-05-14 15:23:51,2025-05-14 20:54:18.845048,2025-05-15 16:40:39.472410,2025-05-17 19:57:00.903842,2025-05-30 15:23:51
order_00004145,cust_00001298,delivered,2024-07-14 04:28:48,2024-07-14 06:54:10.184820,2024-07-16 05:03:20.502209,2024-07-27 02:11:46.420444,2024-08-11 04:28:48
order_00004146,cust_00002616,delivered,2025-05-19 22:22:21,2025-05-20 07:02:29.183983,2025-05-21 14:51:05.756402,2025-05-29 00:49:02.494503,2025-06-09 22:22:21
order_00004147,cust_00000544,delivered,2024-06-11 15:54:20,2024-06-11 19:37:38.027830,2024-06-13 17:10:01.676663,2024-06-15 14:14:31.207716,2024-06-25 15:54:20
order_00004148,cust_00000423,delivered,2024-02-02 16:12:56,2024-02-03 07:18:55.465067,2024-02-05 15:03:21.041880,2024-02-09 23:12:55.009061,2024-02-22 16:12:56
order_00004149,cust_00000895,delivered,2025-02-17 02:05:45,2025-02-17 02:54:43.664574,2025-02-20 07:33:00.430751,2025-02-24 00:24:36.132095,2025-03-14 02:05:45
order_00004150,cust_00001748,delivered,2024-02-05 04:18:04,2024-02-05 11:05:08.306468,2024-02-06 03:59:49.253494,2024-02-08 03:40:43.493430,2024-03-02 04:18:04
order_00004151,cust_00001554,shipped,2024-10-13 05:45:34,2024-10-14 00:28:47.446260,2024-10-17 00:57:10.641031,,2024-11-06 05:45:34
order_00004152,cust_00000204,delivered,2025-07-01 03:19:29,2025-07-01 05:17:16.997403,2025-07-03 09:23:08.178918,2025-07-10 17:45:58.993907,2025-07-17 03:19:29
order_00004153,cust_00000806,delivered,2024-12-26 21:24:58,2024-12-27 06:09:15.463435,2024-12-29 21:01:23.718753,2025-01-03 21:59:14.649064,2025-01-19 21:24:58
order_00004154,cust_00002913,delivered,2024-03-05 14:31:04,2024-03-05 15:56:39.627644,2024-03-07 15:46:00.530168,2024-03-13 17:16:15.452420,2024-03-24 14:31:04
order_00004155,cust_00000590,delivered,2025-09-09 10:54:42,2025-09-09 13:15:32.109974,2025-09-12 10:44:21.960562,2025-09-21 02:05:44.636159,2025-09-28 10:54:42
order_00004156,cust_00002783,delivered,2024-08-24 02:26:57,2024-08-24 05:53:05.522071,2024-08-26 11:01:09.279380,2024-09-01 12:08:27.520384,2024-09-09 02:26:57
order_00004157,cust_00000665,delivered,2025-05-22 00:42:49,2025-05-22 04:50:01.129616,2025-05-23 05:33:35.916405,2025-06-05 10:25:41.739629,2025-06-13 00:42:49
order_00004158,cust_00001491,delivered,2025-06-19 03:35:00,2025-06-19 07:35:29.397741,2025-06-20 10:41:48.576216,2025-06-21 11:08:48.756363,2025-06-30 03:35:00
order_00004159,cust_00001147,delivered,2025-05-14 12:44:01,2025-05-14 16:47:21.992916,2025-05-18 05:33:12.226066,2025-05-20 09:47:13.721295,2025-05-29 12:44:01
order_00004160,cust_00002232,delivered,2025-02-26 04:32:25,2025-02-26 05:51:20.049191,2025-02-28 01:08:01.380400,2025-03-08 10:22:07.660473,2025-03-12 04:32:25
order_00004161,cust_00000615,delivered,2024-04-03 21:33:45,2024-04-04 11:13:15.977594,2024-04-05 13:07:09.460968,2024-04-22 05:05:42.516606,2024-04-25 21:33:45
order_00004162,cust_00001350,delivered,2025-08-20 11:57:01,2025-08-20 16:29:49.712097,2025-08-21 12:19:48.033163,2025-08-26 03:22:23.685727,2025-09-07 11:57:01
order_00004163,cust_00002041,delivered,2024-01-04 18:56:05,2024-01-05 21:02:40.507517,2024-01-07 06:29:15.580889,2024-01-12 23:10:40.221014,2024-01-22 18:56:05
order_00004164,cust_00001075,delivered,2024-06-25 16:00:49,2024-06-25 22:20:40.500449,2024-06-26 14:50:55.028966,2024-06-30 15:03:09.938583,2024-07-14 16:00:49
order_00004165,cust_00001422,delivered,2025-05-20 19:13:53,2025-05-20 23:54:06.073995,2025-05-28 11:03:30.846364,2025-06-02 14:23:47.088406,2025-06-10 19:13:53
order_00004166,cust_00000154,delivered,2024-05-03 14:28:47,2024-05-04 00:13:49.069653,2024-05-04 21:41:30.185271,2024-05-11 12:11:03.705148,2024-05-19 14:28:47
order_00004167,cust_00001833,delivered,2024-05-27 02:32:34,2024-05-27 06:20:41.648471,2024-05-29 03:07:16.296509,2024-06-11 13:31:17.978038,2024-06-11 02:32:34
order_00004168,cust_00002606,delivered,2024-05-12 02:15:29,2024-05-12 06:29:26.976597,2024-05-13 08:54:22.660040,2024-05-15 13:31:04.725761,2024-06-03 02:15:29
order_00004169,cust_00000906,delivered,2024-07-02 00:32:24,2024-07-02 06:41:11.157334,2024-07-03 12:02:36.474676,2024-07-13 22:29:47.092460,2024-07-21 00:32:24
order_00004170,cust_00001456,delivered,2024-09-04 02:34:08,2024-09-04 03:42:03.482361,2024-09-08 21:10:38.704385,2024-09-11 23:58:23.551929,2024-09-28 02:34:08
order_00004171,cust_00000620,delivered,2024-01-29 03:13:03,2024-01-29 04:02:58.407669,2024-01-30 20:25:30.073681,2024-02-04 07:15:45.645877,2024-02-26 03:13:03
order_00004172,cust_00001249,delivered,2025-04-06 20:36:21,2025-04-07 06:39:12.008127,2025-04-08 13:31:45.302409,2025-04-09 22:10:20.468317,2025-04-25 20:36:21
order_00004173,cust_00002515,delivered,2024-03-06 18:14:42,2024-03-06 21:04:28.020737,2024-03-09 11:22:23.502575,2024-03-20 03:55:25.558624,2024-03-23 18:14:42
order_00004174,cust_00002971,delivered,2024-09-15 11:17:37,2024-09-16 01:29:59.294541,2024-09-16 18:18:27.498353,2024-09-22 02:59:34.631230,2024-10-01 11:17:37
order_00004175,cust_00000612,delivered,2025-01-15 04:06:07,2025-01-15 06:12:51.803020,2025-01-18 15:33:30.421347,2025-01-21 20:19:10.469388,2025-02-01 04:06:07
order_00004176,cust_00001494,canceled,2024-05-02 23:49:02,,,,2024-05-21 23:49:02
order_00004177,cust_00001832,invoiced,2024-11-27 21:56:37,2024-11-28 01:20:32.608052,,,2024-12-12 21:56:37
order_00004178,cust_00000495,delivered,2025-02-20 18:37:22,2025-02-21 01:03:48.079403,2025-02-22 11:07:48.238392,2025-03-06 08:07:39.834590,2025-03-13 18:37:22
order_00004179,cust_00002839,delivered,2024-11-11 00:02:05,2024-11-11 10:41:05.404416,2024-11-14 04:33:50.533412,2024-11-18 04:12:00.887087,2024-11-25 00:02:05
order_00004180,cust_00000335,unavailable,2024-03-31 01:07:06,2024-03-31 02:58:47.618696,,,2024-04-18 01:07:06
order_00004181,cust_00000665,delivered,2024-11-23 06:53:13,2024-11-23 16:41:13.831345,2024-11-25 19:07:18.823161,2024-11-30 22:21:54.098535,2024-12-18 06:53:13
order_00004182,cust_00002914,unavailable,2024-02-22 10:10:34,2024-02-23 04:38:12.572614,,,2024-03-10 10:10:34
order_00004183,cust_00002232,delivered,2024-05-23 09:59:36,2024-05-23 10:40:58.667168,2024-05-24 23:18:14.136464,2024-05-26 15:33:27.724544,2024-06-07 09:59:36
order_00004184,cust_00000010,delivered,2025-11-02 06:47:04,2025-11-02 09:42:24.772985,2025-11-03 04:53:29.978631,2025-11-05 08:17:48.657606,2025-11-26 06:47:04
order_00004185,cust_00000484,delivered,2024-11-16 14:33:35,2024-11-17 00:09:24.992657,2024-11-19 19:04:48.072287,2024-11-22 10:49:54.831079,2024-12-04 14:33:35
order_00004186,cust_00002938,delivered,2025-09-11 04:41:05,2025-09-11 09:24:28.910971,2025-09-12 06:55:12.847656,2025-09-15 10:23:21.159829,2025-10-10 04:41:05
order_00004187,cust_00001609,delivered,2024-02-11 10:19:29,2024-02-11 12:41:57.910534,2024-02-13 04:13:53.495957,2024-02-15 03:39:51.845205,2024-03-03 10:19:29
order_00004188,cust_00001776,delivered,2025-08-09 08:22:24,2025-08-09 14:33:25.400622,2025-08-10 04:30:12.689567,2025-08-11 05:32:55.589740,2025-08-25 08:22:24
order_00004189,cust_00001465,delivered,2024-02-20 15:07:10,2024-02-20 16:34:16.360638,2024-02-22 10:20:09.111879,2024-02-24 22:39:03.666745,2024-03-07 15:07:10
order_00004190,cust_00001917,delivered,2025-05-22 11:01:18,2025-05-22 11:52:12.309683,2025-05-23 00:36:54.487718,2025-06-04 08:53:04.640494,2025-06-11 11:01:18
order_00004191,cust_00002951,delivered,2024-01-16 00:03:38,2024-01-16 20:54:43.438728,2024-01-18 22:34:02.998228,2024-01-22 20:02:26.337702,2024-02-02 00:03:38
order_00004192,cust_00000768,delivered,2024-03-26 17:26:59,2024-03-27 09:14:33.067815,2024-03-27 21:27:35.305675,2024-04-03 16:34:48.955787,2024-04-21 17:26:59
order_00004193,cust_00000543,delivered,2024-04-16 08:52:44,2024-04-16 18:18:45.421223,2024-04-18 15:47:17.581860,2024-04-19 19:52:33.690503,2024-05-07 08:52:44
order_00004194,cust_00001091,delivered,2024-12-24 03:30:51,2024-12-24 04:04:25.923498,2024-12-26 18:34:53.696393,2025-01-11 13:57:36.632469,2025-01-15 03:30:51
order_00004195,cust_00001921,unavailable,2025-09-09 15:13:55,2025-09-09 15:57:04.466699,,,2025-09-20 15:13:55
order_00004196,cust_00001630,delivered,2024-05-25 17:24:56,2024-05-25 20:12:14.558114,2024-05-27 10:47:38.783838,2024-05-30 11:54:15.693593,2024-06-08 17:24:56
order_00004197,cust_00001123,delivered,2025-09-08 15:26:40,2025-09-08 18:19:29.221591,2025-09-10 04:55:02.215742,2025-09-11 17:30:33.650490,2025-09-29 15:26:40
order_00004198,cust_00001089,delivered,2024-02-17 23:24:09,2024-02-18 00:40:49.041581,2024-02-19 13:25:50.174562,2024-02-22 04:25:45.723720,2024-03-11 23:24:09
order_00004199,cust_00000599,delivered,2024-03-31 06:07:28,2024-03-31 11:13:10.775251,2024-04-01 22:58:01.246382,2024-04-04 13:04:00.506057,2024-04-17 06:07:28
order_00004200,cust_00001602,processing,2025-07-09 09:48:04,2025-07-09 10:46:01.784152,,,2025-08-01 09:48:04
order_00004201,cust_00000010,delivered,2025-03-01 18:26:45,2025-03-02 02:09:58.553932,2025-03-03 23:36:35.929175,2025-03-06 20:51:11.839342,2025-03-22 18:26:45
order_00004202,cust_00001671,delivered,2025-09-02 23:13:39,2025-09-03 00:28:35.545803,2025-09-04 03:24:48.053764,2025-09-14 02:32:20.594475,2025-09-30 23:13:39
order_00004203,cust_00002547,delivered,2025-08-23 01:35:58,2025-08-23 09:19:31.284573,2025-08-24 03:29:23.401160,2025-08-26 03:31:06.098651,2025-09-16 01:35:58
order_00004204,cust_00001805,delivered,2025-07-18 01:08:37,2025-07-18 01:53:08.705505,2025-07-18 17:11:56.387208,2025-08-02 20:55:01.558114,2025-08-11 01:08:37
order_00004205,cust_00000800,delivered,2024-06-08 18:08:20,2024-06-08 20:22:26.400515,2024-06-11 02:26:17.638080,2024-06-20 07:13:54.911021,2024-07-01 18:08:20
order_00004206,cust_00000179,invoiced,2025-02-03 20:19:11,2025-02-04 00:52:46.236296,,,2025-02-28 20:19:11
order_00004207,cust_00002763,processing,2024-03-17 17:11:23,2024-03-17 21:37:21.764426,,,2024-04-07 17:11:23
order_00004208,cust_00001624,delivered,2025-01-26 01:36:45,2025-01-26 12:58:04.602053,2025-01-30 02:01:18.497809,2025-01-31 04:44:37.995362,2025-02-18 01:36:45
order_00004209,cust_00000718,delivered,2024-05-25 02:47:52,2024-05-25 04:17:36.342147,2024-05-25 17:17:37.373093,2024-06-02 09:04:35.800815,2024-06-18 02:47:52
order_00004210,cust_00000856,delivered,2024-09-29 20:48:52,2024-09-30 12:29:34.709022,2024-10-01 20:50:54.906067,2024-10-10 23:16:47.562133,2024-10-16 20:48:52
order_00004211,cust_00001576,delivered,2024-03-02 03:48:10,2024-03-02 06:37:56.355457,2024-03-03 04:11:47.377967,2024-03-11 06:21:57.416871,2024-03-22 03:48:10
order_00004212,cust_00001181,delivered,2024-08-27 22:26:21,2024-08-28 06:44:29.462383,2024-08-29 06:22:31.582783,2024-09-07 12:52:25.148024,2024-09-19 22:26:21
order_00004213,cust_00000326,delivered,2025-11-18 03:18:30,2025-11-18 05:00:25.790778,2025-11-19 05:45:00.625225,2025-11-21 02:39:00.071599,2025-11-30 03:18:30
order_00004214,cust_00001065,delivered,2025-11-20 19:31:23,2025-11-20 22:10:20.333677,2025-11-23 04:53:35.116336,2025-11-29 15:46:34.873012,2025-12-07 19:31:23
order_00004215,cust_00002248,delivered,2025-11-08 21:12:54,2025-11-09 16:15:18.996685,2025-11-11 00:07:06.929463,2025-12-06 14:12:11.870292,2025-11-30 21:12:54
order_00004216,cust_00002537,delivered,2024-11-21 11:22:48,2024-11-21 16:26:02.987964,2024-11-22 15:49:51.458720,2024-12-03 00:01:40.858155,2024-12-16 11:22:48
order_00004217,cust_00002635,delivered,2025-03-11 10:00:18,2025-03-12 05:53:08.033245,2025-03-15 01:40:16.169683,2025-03-26 10:52:51.701797,2025-03-25 10:00:18
order_00004218,cust_00000171,delivered,2024-12-19 06:02:55,2024-12-19 08:43:04.418448,2024-12-20 08:13:57.335327,2024-12-23 22:41:14.327788,2025-01-14 06:02:55
order_00004219,cust_00000822,delivered,2025-10-20 22:10:40,2025-10-21 01:38:13.912925,2025-10-23 09:39:12.173976,2025-10-24 11:18:07.585059,2025-11-04 22:10:40
order_00004220,cust_00000059,delivered,2024-03-25 07:28:11,2024-03-25 20:22:06.519295,2024-03-26 19:11:18.384261,2024-04-03 07:38:41.231639,2024-04-19 07:28:11
order_00004221,cust_00001941,delivered,2024-12-19 10:36:56,2024-12-19 12:46:15.094238,2024-12-21 03:16:42.270297,2024-12-25 01:40:14.753860,2025-01-09 10:36:56
order_00004222,cust_00002943,delivered,2025-12-28 10:33:29,2025-12-28 13:34:40.183087,2025-12-29 21:40:28.609030,2025-12-30 21:51:45.368442,2026-01-16 10:33:29
order_00004223,cust_00002400,delivered,2024-07-27 22:42:37,2024-07-28 00:15:14.113675,2024-07-28 18:00:36.003528,2024-08-01 08:20:20.250222,2024-08-11 22:42:37
order_00004224,cust_00001792,canceled,2025-04-23 10:55:57,,,,2025-05-10 10:55:57
order_00004225,cust_00002112,delivered,2025-06-26 10:30:39,2025-06-26 11:19:46.682171,2025-06-27 11:14:10.790862,2025-06-29 00:52:33.090713,2025-07-14 10:30:39
order_00004226,cust_00002961,delivered,2025-06-01 20:52:23,2025-06-02 03:47:16.257469,2025-06-02 20:14:34.814268,2025-06-11 18:50:01.307681,2025-06-25 20:52:23
order_00004227,cust_00001688,delivered,2025-07-29 23:18:04,2025-07-30 11:35:18.916722,2025-08-01 14:55:36.961672,2025-08-03 19:36:13.095306,2025-08-20 23:18:04
order_00004228,cust_00002955,delivered,2024-02-05 20:35:53,2024-02-06 06:26:19.676815,2024-02-09 07:49:42.833102,2024-02-15 03:44:40.201434,2024-02-27 20:35:53
order_00004229,cust_00000595,canceled,2025-02-14 15:07:36,,,,2025-03-08 15:07:36
order_00004230,cust_00000196,unavailable,2024-12-29 11:44:13,2024-12-29 17:45:11.421683,,,2025-01-25 11:44:13
order_00004231,cust_00000550,delivered,2024-03-13 17:21:29,2024-03-14 01:15:47.256160,2024-03-16 17:43:14.976918,2024-03-20 00:58:44.687317,2024-04-02 17:21:29
order_00004232,cust_00000193,delivered,2024-02-22 05:42:55,2024-02-22 08:02:11.150080,2024-02-22 22:44:33.686089,2024-03-02 17:37:30.453640,2024-03-13 05:42:55
order_00004233,cust_00001124,delivered,2024-03-12 17:51:20,2024-03-13 00:08:33.562635,2024-03-13 20:22:15.763035,2024-03-15 08:00:55.276060,2024-04-05 17:51:20
order_00004234,cust_00000582,delivered,2025-01-21 13:20:55,2025-01-21 14:17:20.855357,2025-01-22 02:30:19.297089,2025-01-27 21:21:54.874076,2025-02-06 13:20:55
order_00004235,cust_00001152,processing,2024-03-02 20:46:13,2024-03-03 01:11:21.718614,,,2024-03-19 20:46:13
order_00004236,cust_00001283,delivered,2024-12-25 03:49:10,2024-12-25 06:42:52.932766,2024-12-26 08:44:52.811059,2025-01-02 22:43:39.592399,2025-01-10 03:49:10
order_00004237,cust_00002159,delivered,2024-07-26 22:19:00,2024-07-27 06:30:31.061464,2024-07-28 08:48:21.371282,2024-08-10 08:53:25.703113,2024-08-04 22:19:00
order_00004238,cust_00001781,delivered,2024-10-03 01:40:01,2024-10-03 02:42:34.914026,2024-10-03 20:04:56.588816,2024-10-07 11:01:29.149374,2024-10-19 01:40:01
order_00004239,cust_00002304,processing,2025-10-07 16:40:37,2025-10-07 20:39:11.956527,,,2025-10-27 16:40:37
order_00004240,cust_00001450,delivered,2025-10-28 00:49:40,2025-10-28 07:24:12.800225,2025-10-29 09:19:06.845776,2025-10-31 15:40:48.990774,2025-11-18 00:49:40
order_00004241,cust_00002222,delivered,2024-08-29 21:09:01,2024-08-30 03:27:11.228834,2024-09-01 11:32:02.459447,2024-09-02 19:21:17.986529,2024-09-17 21:09:01
order_00004242,cust_00002536,delivered,2025-03-23 04:17:39,2025-03-23 05:26:47.506665,2025-03-25 07:39:30.418493,2025-04-01 09:07:08.821422,2025-04-15 04:17:39
order_00004243,cust_00001156,delivered,2025-10-04 22:02:49,2025-10-05 01:19:46.423874,2025-10-05 17:04:54.883292,2025-10-19 04:33:50.963743,2025-10-28 22:02:49
order_00004244,cust_00002791,delivered,2025-04-23 06:47:39,2025-04-23 11:35:18.677946,2025-04-27 08:33:17.546509,2025-05-09 22:02:41.276590,2025-05-13 06:47:39
order_00004245,cust_00001352,delivered,2025-08-09 04:57:21,2025-08-09 08:53:22.056173,2025-08-10 03:49:57.419325,2025-08-22 14:32:00.482498,2025-09-02 04:57:21
order_00004246,cust_00000913,delivered,2024-09-16 17:39:54,2024-09-16 19:06:49.362709,2024-09-20 11:10:46.580469,2024-10-17 20:25:25.304287,2024-10-06 17:39:54
order_00004247,cust_00001026,delivered,2024-09-18 07:47:46,2024-09-18 17:06:39.997692,2024-09-20 10:17:35.067619,2024-09-25 18:22:35.104059,2024-10-02 07:47:46
order_00004248,cust_00000760,canceled,2024-11-29 17:30:31,,,,2024-12-14 17:30:31
order_00004249,cust_00002649,delivered,2024-04-20 23:00:51,2024-04-20 23:58:53.832325,2024-04-24 01:15:14.016277,2024-04-26 17:44:15.329282,2024-05-14 23:00:51
order_00004250,cust_00001778,delivered,2024-10-20 22:39:09,2024-10-21 00:10:45.132015,2024-10-21 19:44:55.090279,2024-11-04 15:07:54.304085,2024-11-10 22:39:09
order_00004251,cust_00002742,delivered,2024-04-14 02:39:47,2024-04-14 04:33:03.237394,2024-04-16 16:47:12.998031,2024-04-27 23:08:32.564317,2024-05-03 02:39:47
order_00004252,cust_00002038,delivered,2024-06-01 07:17:57,2024-06-01 08:35:22.321670,2024-06-03 21:19:00.583847,2024-06-11 05:17:04.749772,2024-06-26 07:17:57
order_00004253,cust_00002017,delivered,2024-10-07 16:14:50,2024-10-08 00:26:48.719933,2024-10-10 10:57:54.380816,2024-10-14 16:54:53.924306,2024-10-29 16:14:50
order_00004254,cust_00000494,canceled,2024-09-01 02:18:31,,,,2024-09-22 02:18:31
order_00004255,cust_00000695,canceled,2024-05-29 06:30:43,,,,2024-06-18 06:30:43
order_00004256,cust_00001281,delivered,2024-02-20 05:52:33,2024-02-20 09:34:37.955817,2024-02-23 06:19:48.980328,2024-02-24 20:28:14.791724,2024-03-11 05:52:33
order_00004257,cust_00000152,invoiced,2024-01-25 22:54:58,2024-01-26 06:29:37.211553,,,2024-02-11 22:54:58
order_00004258,cust_00001269,delivered,2025-05-06 16:53:47,2025-05-07 02:53:29.749260,2025-05-08 19:15:30.862082,2025-05-16 08:06:02.333958,2025-05-28 16:53:47
order_00004259,cust_00002202,shipped,2025-12-17 20:58:23,2025-12-18 10:45:43.740385,2025-12-19 11:20:20.691444,,2026-01-11 20:58:23
order_00004260,cust_00002055,delivered,2025-10-25 11:11:54,2025-10-25 19:18:00.400073,2025-10-26 09:14:14.178916,2025-10-28 23:54:43.373559,2025-11-11 11:11:54
order_00004261,cust_00001111,delivered,2025-12-27 11:37:43,2025-12-27 15:08:59.539071,2025-12-28 19:17:23.040496,2026-01-02 22:22:20.260633,2026-01-15 11:37:43
order_00004262,cust_00002269,delivered,2024-11-18 09:21:37,2024-11-18 11:40:23.950285,2024-11-19 02:19:16.626598,2024-12-09 00:21:23.789666,2024-12-07 09:21:37
order_00004263,cust_00002419,delivered,2024-11-09 09:55:41,2024-11-09 13:44:57.200010,2024-11-12 06:19:56.887127,2024-11-19 12:55:43.149346,2024-11-26 09:55:41
order_00004264,cust_00002007,delivered,2025-06-01 07:32:42,2025-06-01 08:24:47.892242,2025-06-02 09:38:18.875321,2025-06-07 06:51:32.898087,2025-06-14 07:32:42
order_00004265,cust_00001161,delivered,2025-01-22 10:14:48,2025-01-22 11:15:11.826674,2025-01-23 00:43:35.025504,2025-01-30 07:53:16.067507,2025-02-10 10:14:48
order_00004266,cust_00001094,delivered,2025-11-02 00:00:42,2025-11-02 04:40:20.068565,2025-11-04 21:01:40.706245,2025-11-07 00:35:47.449073,2025-11-25 00:00:42
order_00004267,cust_00001019,delivered,2025-10-05 23:08:02,2025-10-06 18:12:32.828757,2025-10-08 19:15:43.884542,2025-10-11 17:14:03.223965,2025-10-21 23:08:02
order_00004268,cust_00001139,delivered,2024-03-11 09:31:52,2024-03-11 10:31:54.360409,2024-03-12 03:37:26.136291,2024-03-14 14:47:01.868612,2024-03-27 09:31:52
order_00004269,cust_00002626,unavailable,2024-12-12 11:16:45,2024-12-12 12:14:29.342223,,,2025-01-01 11:16:45
order_00004270,cust_00000236,delivered,2024-12-08 01:07:33,2024-12-08 11:53:03.192650,2024-12-09 01:06:20.754268,2024-12-12 17:48:59.658251,2024-12-24 01:07:33
order_00004271,cust_00001526,canceled,2025-04-13 13:41:56,,,,2025-05-09 13:41:56
order_00004272,cust_00002114,delivered,2025-06-03 01:35:25,2025-06-03 02:20:19.507173,2025-06-04 18:09:33.063877,2025-06-13 06:02:33.525819,2025-06-26 01:35:25
order_00004273,cust_00000780,delivered,2025-07-31 23:46:44,2025-08-01 02:50:17.798379,2025-08-11 01:19:44.146682,2025-08-16 12:19:41.505596,2025-08-18 23:46:44
order_00004274,cust_00001427,delivered,2024-07-10 17:29:12,2024-07-11 08:09:49.860968,2024-07-12 05:58:11.453319,2024-07-19 10:25:51.746472,2024-07-26 17:29:12
order_00004275,cust_00002066,delivered,2025-06-14 04:15:14,2025-06-14 21:13:24.426411,2025-06-16 13:40:57.689708,2025-07-08 06:56:25.465536,2025-07-08 04:15:14
order_00004276,cust_00001381,delivered,2024-03-09 08:42:25,2024-03-09 12:10:50.734880,2024-03-11 05:41:57.118593,2024-03-18 22:05:02.516625,2024-03-31 08:42:25
order_00004277,cust_00000817,delivered,2025-03-09 07:02:42,2025-03-09 20:51:05.332582,2025-03-11 02:51:46.085260,2025-03-25 02:41:58.095443,2025-03-30 07:02:42
order_00004278,cust_00002431,processing,2024-02-24 01:51:39,2024-02-24 16:18:50.453378,,,2024-03-14 01:51:39
order_00004279,cust_00000037,delivered,2024-12-16 08:38:10,2024-12-16 16:12:39.721959,2024-12-20 13:58:45.276231,2024-12-26 02:02:40.239963,2025-01-07 08:38:10
order_00004280,cust_00001795,delivered,2025-08-04 07:34:19,2025-08-04 09:00:09.473500,2025-08-04 22:20:20.112368,2025-08-06 16:26:04.772920,2025-08-22 07:34:19
order_00004281,cust_00001104,shipped,2024-06-25 16:13:27,2024-06-25 20:38:30.333506,2024-06-28 04:45:39.582953,,2024-07-16 16:13:27
order_00004282,cust_00000835,delivered,2024-07-09 16:54:16,2024-07-10 02:41:11.803086,2024-07-11 06:21:08.774246,2024-07-16 08:27:25.814532,2024-07-17 16:54:16
order_00004283,cust_00002454,processing,2025-08-05 10:17:14,2025-08-05 15:58:57.222021,,,2025-08-21 10:17:14
order_00004284,cust_00001523,shipped,2025-10-02 07:47:39,2025-10-02 08:58:35.298077,2025-10-03 15:41:31.680731,,2025-10-22 07:47:39
order_00004285,cust_00002978,canceled,2025-11-26 21:16:03,,,,2025-12-09 21:16:03
order_00004286,cust_00001948,delivered,2025-03-23 06:09:22,2025-03-23 10:24:16.590109,2025-03-24 06:48:28.233531,2025-04-04 03:42:32.431393,2025-04-11 06:09:22
order_00004287,cust_00000933,delivered,2024-06-03 13:56:46,2024-06-03 15:41:50.361726,2024-06-05 19:02:19.777942,2024-06-14 07:07:58.378700,2024-06-26 13:56:46
order_00004288,cust_00001228,delivered,2024-10-06 00:50:08,2024-10-06 02:47:39.259319,2024-10-06 23:04:44.115815,2024-10-09 08:44:13.216443,2024-10-26 00:50:08
order_00004289,cust_00000400,delivered,2025-07-04 19:23:28,2025-07-05 08:27:42.884848,2025-07-08 11:24:36.947469,2025-07-11 15:44:41.399046,2025-07-24 19:23:28
order_00004290,cust_00001351,delivered,2025-10-10 17:30:07,2025-10-11 09:58:39.335942,2025-10-14 23:55:51.900497,2025-10-20 00:39:27.711470,2025-10-28 17:30:07
order_00004291,cust_00002439,delivered,2024-02-08 13:08:38,2024-02-08 14:25:32.090701,2024-02-12 05:28:26.578673,2024-03-02 10:31:29.819775,2024-03-01 13:08:38
order_00004292,cust_00000376,delivered,2025-04-21 09:00:01,2025-04-21 15:18:25.998988,2025-04-23 21:51:43.359581,2025-05-02 11:04:45.411403,2025-05-06 09:00:01
order_00004293,cust_00002910,shipped,2024-05-28 05:29:15,2024-05-28 11:07:45.825098,2024-06-02 05:32:51.571414,,2024-06-18 05:29:15
order_00004294,cust_00002063,delivered,2025-06-11 18:31:38,2025-06-11 19:05:58.123846,2025-06-12 19:59:02.721308,2025-06-15 05:21:30.529202,2025-06-24 18:31:38
order_00004295,cust_00002501,delivered,2025-08-04 18:27:20,2025-08-05 02:08:16.656932,2025-08-06 02:47:44.324983,2025-08-11 13:11:07.621943,2025-08-22 18:27:20
order_00004296,cust_00000305,delivered,2024-04-19 07:46:01,2024-04-19 12:57:30.511279,2024-04-23 18:35:44.859371,2024-05-02 11:34:01.422484,2024-05-09 07:46:01
order_00004297,cust_00000991,delivered,2025-07-03 10:18:50,2025-07-03 13:04:39.887082,2025-07-04 22:16:31.634932,2025-07-09 19:09:50.496430,2025-07-13 10:18:50
order_00004298,cust_00001803,delivered,2024-01-03 01:30:57,2024-01-03 05:13:42.549367,2024-01-03 19:14:20.040187,2024-01-05 17:15:37.917477,2024-01-20 01:30:57
order_00004299,cust_00000673,delivered,2024-01-30 23:55:08,2024-01-31 10:09:49.879255,2024-02-01 18:10:40.204139,2024-02-14 04:15:03.896323,2024-02-12 23:55:08
order_00004300,cust_00002904,delivered,2024-05-15 19:07:05,2024-05-15 19:51:51.906312,2024-05-16 23:51:01.255304,2024-05-18 04:21:41.275612,2024-05-28 19:07:05
order_00004301,cust_00001331,delivered,2024-08-08 05:33:58,2024-08-08 07:44:57.199995,2024-08-10 17:13:49.811632,2024-08-16 19:02:50.747542,2024-09-01 05:33:58
order_00004302,cust_00002647,delivered,2024-12-12 08:42:11,2024-12-12 09:52:55.680588,2024-12-13 01:03:03.223776,2024-12-19 10:30:43.319413,2025-01-03 08:42:11
order_00004303,cust_00000447,delivered,2024-10-17 12:37:43,2024-10-17 13:45:14.434131,2024-10-18 18:32:47.481995,2024-10-25 04:13:43.725700,2024-11-05 12:37:43
order_00004304,cust_00001645,delivered,2024-02-03 00:56:24,2024-02-03 12:23:23.908224,2024-02-05 11:05:03.118249,2024-02-10 16:16:37.473624,2024-02-23 00:56:24
order_00004305,cust_00002012,delivered,2024-05-25 08:38:15,2024-05-25 17:13:44.144530,2024-05-27 14:51:36.070728,2024-05-31 10:43:13.870150,2024-06-13 08:38:15
order_00004306,cust_00000215,delivered,2025-01-25 14:06:40,2025-01-25 18:28:19.037540,2025-01-27 03:24:50.481693,2025-01-31 03:51:50.852957,2025-02-19 14:06:40
order_00004307,cust_00000760,canceled,2024-06-21 12:19:43,,,,2024-07-07 12:19:43
order_00004308,cust_00001162,delivered,2024-03-27 07:44:12,2024-03-27 08:33:19.651804,2024-03-27 23:50:20.002290,2024-04-08 05:51:33.324461,2024-04-14 07:44:12
order_00004309,cust_00002042,delivered,2024-12-28 12:02:45,2024-12-28 21:46:22.217288,2024-12-29 15:30:35.356630,2025-01-04 06:09:15.638882,2025-01-06 12:02:45
order_00004310,cust_00000129,delivered,2024-09-17 20:51:47,2024-09-18 03:43:09.771134,2024-09-18 16:35:06.984395,2024-09-26 04:49:09.390070,2024-10-06 20:51:47
order_00004311,cust_00000091,delivered,2024-08-16 02:28:46,2024-08-16 08:28:44.335780,2024-08-17 04:28:32.765641,2024-08-20 09:25:23.743485,2024-08-31 02:28:46
order_00004312,cust_00002347,delivered,2024-11-02 17:49:59,2024-11-02 18:50:21.713551,2024-11-04 14:49:35.762015,2024-11-06 12:11:55.735989,2024-11-21 17:49:59
order_00004313,cust_00001300,delivered,2025-01-21 10:45:22,2025-01-21 20:18:35.808794,2025-01-22 11:16:43.062199,2025-01-26 20:12:58.330018,2025-02-11 10:45:22
order_00004314,cust_00001667,delivered,2025-02-16 20:10:44,2025-02-17 03:42:00.277007,2025-02-20 15:06:21.824335,2025-02-22 17:35:41.214001,2025-03-11 20:10:44
order_00004315,cust_00002551,delivered,2024-01-31 23:35:18,2024-02-01 02:38:32.464674,2024-02-02 10:07:49.528437,2024-02-09 19:13:40.777244,2024-02-22 23:35:18
order_00004316,cust_00001430,delivered,2024-06-05 16:52:26,2024-06-05 18:56:44.512852,2024-06-07 17:52:24.524547,2024-06-11 11:30:54.659023,2024-06-27 16:52:26
order_00004317,cust_00000076,delivered,2025-03-20 06:20:53,2025-03-20 08:17:28.716196,2025-03-22 11:21:59.641139,2025-03-25 23:15:56.060329,2025-04-07 06:20:53
order_00004318,cust_00002480,canceled,2024-05-10 20:49:38,,,,2024-05-28 20:49:38
order_00004319,cust_00000024,delivered,2025-12-18 23:08:40,2025-12-19 09:54:51.629137,2025-12-20 10:48:07.935512,2025-12-26 23:23:47.751493,2026-01-06 23:08:40
order_00004320,cust_00001764,delivered,2024-06-05 15:18:43,2024-06-06 01:38:58.732875,2024-06-07 18:38:09.619143,2024-06-11 04:00:05.371236,2024-06-25 15:18:43
order_00004321,cust_00000931,delivered,2025-10-23 09:43:46,2025-10-24 08:58:59.936267,2025-10-27 08:28:01.418865,2025-10-31 01:01:36.855253,2025-10-31 09:43:46
order_00004322,cust_00001294,delivered,2025-04-10 12:11:56,2025-04-10 15:39:43.053347,2025-04-12 11:42:11.257564,2025-04-17 04:48:30.536625,2025-04-27 12:11:56
order_00004323,cust_00000898,delivered,2024-05-07 23:00:13,2024-05-08 06:11:19.936453,2024-05-09 07:48:07.948898,2024-05-25 05:57:54.304946,2024-05-29 23:00:13
order_00004324,cust_00000366,shipped,2024-06-02 20:59:29,2024-06-03 09:31:17.978946,2024-06-04 01:13:22.816505,,2024-06-23 20:59:29
order_00004325,cust_00000287,delivered,2025-10-29 04:01:25,2025-10-29 06:10:24.009637,2025-10-31 20:12:05.693031,2025-11-03 15:31:50.261642,2025-11-17 04:01:25
order_00004326,cust_00002430,delivered,2025-12-12 15:00:43,2025-12-12 18:36:27.272198,2025-12-15 14:15:26.533210,2025-12-22 14:55:46.875631,2026-01-03 15:00:43
order_00004327,cust_00000626,delivered,2024-07-13 23:40:32,2024-07-14 00:22:39.899523,2024-07-16 04:41:03.475111,2024-07-18 16:04:58.260630,2024-08-02 23:40:32
order_00004328,cust_00001012,delivered,2024-02-18 22:28:56,2024-02-19 06:49:02.205200,2024-02-22 11:31:49.791846,2024-02-24 14:46:11.073833,2024-02-28 22:28:56
order_00004329,cust_00002725,delivered,2024-03-13 11:38:29,2024-03-13 14:48:51.298196,2024-03-14 14:25:57.904865,2024-03-16 02:14:39.890808,2024-04-06 11:38:29
order_00004330,cust_00002517,delivered,2025-05-03 13:36:06,2025-05-03 23:40:48.426460,2025-05-05 04:19:46.998821,2025-05-10 00:13:50.863516,2025-05-20 13:36:06
order_00004331,cust_00000377,delivered,2025-02-08 06:38:51,2025-02-08 10:47:08.119816,2025-02-10 11:35:21.462042,2025-02-11 21:57:33.189643,2025-02-23 06:38:51
order_00004332,cust_00001607,delivered,2024-07-19 06:39:38,2024-07-19 09:40:56.026652,2024-07-19 23:55:36.885204,2024-07-28 06:56:49.663805,2024-08-04 06:39:38
order_00004333,cust_00002514,delivered,2024-08-28 02:06:11,2024-08-28 09:59:59.188114,2024-08-29 04:11:42.831745,2024-09-09 20:50:45.973704,2024-09-15 02:06:11
order_00004334,cust_00001076,delivered,2025-03-26 09:04:50,2025-03-26 15:40:06.517572,2025-03-28 01:41:34.750277,2025-04-02 19:38:33.922846,2025-04-20 09:04:50
order_00004335,cust_00001374,delivered,2025-08-23 08:30:27,2025-08-23 11:10:41.375897,2025-08-24 07:10:12.780257,2025-08-27 18:20:17.534087,2025-09-05 08:30:27
order_00004336,cust_00000459,delivered,2024-06-09 16:09:39,2024-06-09 22:30:55.376147,2024-06-10 11:47:22.173900,2024-06-15 22:17:52.527664,2024-06-29 16:09:39
order_00004337,cust_00002438,processing,2024-01-12 08:44:57,2024-01-12 16:18:00.257835,,,2024-01-28 08:44:57
order_00004338,cust_00001586,delivered,2024-03-27 18:48:10,2024-03-28 01:24:51.994294,2024-03-30 23:10:47.187910,2024-04-05 01:38:39.545948,2024-04-12 18:48:10
order_00004339,cust_00000580,delivered,2024-06-02 19:40:33,2024-06-03 00:44:38.381187,2024-06-05 14:09:36.686202,2024-06-07 05:31:25.753379,2024-06-18 19:40:33
order_00004340,cust_00000555,delivered,2025-02-18 04:42:24,2025-02-18 09:01:47.115449,2025-02-20 12:28:35.946350,2025-02-27 15:40:10.860475,2025-03-10 04:42:24
order_00004341,cust_00001357,delivered,2025-10-25 18:46:14,2025-10-26 07:05:44.136402,2025-10-29 07:41:24.351759,2025-10-31 04:39:50.356747,2025-11-11 18:46:14
order_00004342,cust_00001742,delivered,2025-01-13 07:31:37,2025-01-13 17:39:51.624433,2025-01-15 19:29:36.671114,2025-01-17 06:30:49.902235,2025-02-01 07:31:37
order_00004343,cust_00000853,delivered,2025-11-20 06:43:53,2025-11-20 08:00:00.597725,2025-11-21 08:53:42.088250,2025-11-27 05:53:07.898785,2025-12-07 06:43:53
order_00004344,cust_00000648,delivered,2025-06-04 07:10:32,2025-06-04 20:04:43.975335,2025-06-07 21:04:00.637676,2025-06-11 15:35:09.046394,2025-06-10 07:10:32
order_00004345,cust_00000805,delivered,2025-06-09 15:29:38,2025-06-09 16:42:48.987586,2025-06-11 02:20:46.760309,2025-06-12 08:44:17.111189,2025-07-02 15:29:38
order_00004346,cust_00002268,delivered,2024-04-21 19:06:31,2024-04-22 08:10:23.455615,2024-04-23 13:31:39.827921,2024-04-30 03:54:54.196774,2024-05-10 19:06:31
order_00004347,cust_00001006,delivered,2024-01-30 03:18:58,2024-01-30 15:29:06.525843,2024-01-31 22:58:19.212559,2024-02-04 07:06:07.785514,2024-02-09 03:18:58
order_00004348,cust_00000923,delivered,2024-06-13 20:59:34,2024-06-14 06:47:58.053783,2024-06-14 22:12:47.748293,2024-06-23 17:19:46.364030,2024-07-03 20:59:34
order_00004349,cust_00000007,delivered,2025-07-14 11:54:47,2025-07-14 12:30:15.036160,2025-07-16 06:21:37.677307,2025-07-26 11:54:44.637241,2025-08-04 11:54:47
order_00004350,cust_00002459,delivered,2025-05-18 17:55:07,2025-05-18 19:25:49.600434,2025-05-24 17:05:15.585676,2025-05-26 09:29:46.385503,2025-06-10 17:55:07
order_00004351,cust_00000599,delivered,2025-09-30 02:06:14,2025-09-30 03:43:43.542652,2025-10-01 13:43:51.551227,2025-10-06 22:02:03.009049,2025-10-22 02:06:14
order_00004352,cust_00000435,delivered,2024-01-08 02:51:05,2024-01-08 13:49:17.193985,2024-01-10 03:33:48.943220,2024-01-11 05:40:40.043630,2024-01-25 02:51:05
order_00004353,cust_00001794,delivered,2025-07-16 14:21:44,2025-07-16 15:56:55.821300,2025-07-20 01:22:18.870791,2025-07-24 05:26:52.918478,2025-08-11 14:21:44
order_00004354,cust_00000382,delivered,2024-02-11 04:43:08,2024-02-11 10:47:10.964313,2024-02-13 16:33:01.118062,2024-02-15 07:23:34.608685,2024-03-08 04:43:08
order_00004355,cust_00000459,delivered,2024-02-29 21:42:10,2024-02-29 22:53:29.674399,2024-03-01 21:23:45.033858,2024-03-08 22:06:34.383538,2024-03-15 21:42:10
order_00004356,cust_00000781,delivered,2024-10-09 14:44:22,2024-10-10 09:42:08.322822,2024-10-11 13:14:34.944936,2024-10-14 12:24:04.846898,2024-10-27 14:44:22
order_00004357,cust_00000225,delivered,2024-10-11 15:16:38,2024-10-11 16:26:16.001849,2024-10-13 01:44:51.695598,2024-10-14 20:19:59.161326,2024-10-26 15:16:38
order_00004358,cust_00002233,unavailable,2025-06-25 02:19:56,2025-06-25 02:56:53.139455,,,2025-07-22 02:19:56
order_00004359,cust_00001186,delivered,2024-09-11 02:23:11,2024-09-11 05:10:37.781298,2024-09-12 11:05:04.636126,2024-09-28 11:48:30.568312,2024-09-30 02:23:11
order_00004360,cust_00002852,delivered,2024-10-06 15:58:09,2024-10-06 17:11:53.000196,2024-10-07 09:06:02.776078,2024-10-09 07:00:20.692748,2024-10-29 15:58:09
order_00004361,cust_00002376,delivered,2024-12-08 07:35:11,2024-12-08 15:13:07.564513,2024-12-11 00:05:16.133970,2024-12-17 09:05:02.875933,2024-12-22 07:35:11
order_00004362,cust_00001809,delivered,2025-07-10 18:17:57,2025-07-11 01:10:40.407229,2025-07-12 02:53:05.274295,2025-07-19 08:13:54.547406,2025-07-24 18:17:57
order_00004363,cust_00001983,processing,2024-08-29 05:50:16,2024-08-29 20:33:58.876626,,,2024-09-21 05:50:16
order_00004364,cust_00002876,delivered,2024-04-21 02:45:55,2024-04-21 07:08:49.274782,2024-04-22 14:18:13.762984,2024-04-24 16:29:36.586463,2024-05-11 02:45:55
order_00004365,cust_00001738,delivered,2025-06-20 07:44:36,2025-06-20 16:28:09.233459,2025-06-21 08:17:36.043297,2025-06-23 15:43:24.388346,2025-07-10 07:44:36
order_00004366,cust_00001746,delivered,2024-07-15 04:24:07,2024-07-15 08:06:26.598914,2024-07-15 22:20:06.711458,2024-07-22 12:28:38.472788,2024-08-03 04:24:07
order_00004367,cust_00001925,canceled,2024-07-06 12:06:34,,,,2024-07-28 12:06:34
order_00004368,cust_00000807,delivered,2025-05-01 07:49:30,2025-05-01 15:27:35.977404,2025-05-03 13:25:08.580176,2025-05-07 15:27:50.784789,2025-05-27 07:49:30
order_00004369,cust_00000097,unavailable,2024-02-26 07:29:03,2024-02-26 11:04:21.500303,,,2024-03-22 07:29:03
order_00004370,cust_00001574,delivered,2025-04-18 16:18:24,2025-04-18 18:06:32.098466,2025-04-19 15:15:28.012923,2025-04-21 14:34:14.814713,2025-05-08 16:18:24
order_00004371,cust_00000923,canceled,2025-09-10 09:40:06,,,,2025-09-21 09:40:06
order_00004372,cust_00000793,delivered,2024-06-28 04:39:23,2024-06-28 05:36:42.944521,2024-06-30 19:02:44.589900,2024-07-03 09:47:35.198489,2024-07-17 04:39:23
order_00004373,cust_00000180,delivered,2024-01-27 02:38:18,2024-01-27 03:27:42.876909,2024-01-27 19:46:44.514738,2024-02-08 05:51:18.920531,2024-02-17 02:38:18
order_00004374,cust_00002330,delivered,2025-02-05 01:01:37,2025-02-05 14:01:14.576052,2025-02-08 08:51:06.162119,2025-02-09 21:49:49.271971,2025-03-04 01:01:37
order_00004375,cust_00001883,delivered,2024-01-07 21:55:31,2024-01-08 04:44:42.741147,2024-01-11 05:42:30.495897,2024-01-25 23:53:46.665325,2024-01-27 21:55:31
order_00004376,cust_00002603,delivered,2025-03-21 01:23:29,2025-03-21 02:14:17.015195,2025-03-21 18:37:41.431666,2025-03-26 16:12:49.484418,2025-04-11 01:23:29
order_00004377,cust_00000128,delivered,2025-12-16 13:48:24,2025-12-16 19:21:39.823876,2025-12-17 10:24:03.329959,2025-12-19 21:25:31.820674,2026-01-06 13:48:24
order_00004378,cust_00002739,delivered,2024-10-22 21:24:50,2024-10-23 02:06:49.756709,2024-10-24 05:20:30.559314,2024-10-29 19:51:58.915448,2024-11-08 21:24:50
order_00004379,cust_00001070,delivered,2025-12-11 08:09:11,2025-12-11 08:59:12.798694,2025-12-11 21:59:29.898070,2025-12-12 23:00:15.842319,2026-01-01 08:09:11
order_00004380,cust_00001297,delivered,2025-04-11 15:19:45,2025-04-11 15:54:21.881655,2025-04-15 23:29:28.994770,2025-04-27 04:49:32.072036,2025-04-25 15:19:45
order_00004381,cust_00002970,delivered,2025-02-15 17:04:32,2025-02-16 02:13:14.631430,2025-02-16 15:40:05.582450,2025-02-21 00:03:32.923635,2025-03-06 17:04:32
order_00004382,cust_00000696,delivered,2025-05-18 05:27:18,2025-05-18 14:39:12.254059,2025-05-22 05:24:23.820980,2025-05-26 06:32:22.044553,2025-06-01 05:27:18
order_00004383,cust_00001153,delivered,2024-09-13 11:27:41,2024-09-14 05:35:16.357509,2024-09-15 02:28:07.064801,2024-09-25 21:49:16.484854,2024-09-30 11:27:41
order_00004384,cust_00000310,delivered,2024-12-24 12:56:13,2024-12-24 20:44:16.187653,2025-01-01 04:06:13.277459,2025-01-11 00:12:04.976828,2025-01-05 12:56:13
order_00004385,cust_00001167,delivered,2024-05-05 21:22:58,2024-05-06 02:46:58.542172,2024-05-08 04:15:30.373509,2024-05-09 23:52:46.762040,2024-05-30 21:22:58
order_00004386,cust_00000443,delivered,2025-09-09 07:04:32,2025-09-09 07:57:39.775943,2025-09-10 13:06:41.876987,2025-09-19 11:23:16.615642,2025-09-28 07:04:32
order_00004387,cust_00002559,delivered,2024-05-17 17:43:28,2024-05-18 02:58:10.016319,2024-05-19 15:43:16.241257,2024-05-25 10:16:51.063751,2024-06-11 17:43:28
order_00004388,cust_00002357,delivered,2025-07-25 09:14:25,2025-07-25 12:04:48.404790,2025-08-02 00:33:03.650735,2025-08-04 19:36:22.097149,2025-08-17 09:14:25
order_00004389,cust_00000081,delivered,2025-05-29 06:28:14,2025-05-29 14:12:47.317786,2025-06-01 02:40:46.758028,2025-06-02 19:33:51.383539,2025-06-20 06:28:14
order_00004390,cust_00002840,delivered,2024-06-01 19:41:42,2024-06-01 23:48:54.025256,2024-06-03 20:10:00.465460,2024-06-06 03:57:47.842238,2024-06-22 19:41:42
order_00004391,cust_00001098,delivered,2024-11-02 17:40:18,2024-11-03 00:40:28.759230,2024-11-04 16:27:30.612674,2024-11-09 08:51:56.823267,2024-11-30 17:40:18
order_00004392,cust_00000762,delivered,2025-05-25 23:06:42,2025-05-26 07:24:15.619155,2025-05-29 07:34:11.690038,2025-06-04 12:56:32.678915,2025-06-15 23:06:42
order_00004393,cust_00000210,delivered,2024-12-03 14:52:58,2024-12-03 21:29:20.262468,2024-12-05 18:39:33.086732,2024-12-07 08:45:21.101271,2024-12-27 14:52:58
order_00004394,cust_00000311,delivered,2024-01-27 04:58:31,2024-01-27 09:55:05.406304,2024-01-28 06:22:30.202942,2024-01-30 14:56:23.534726,2024-02-14 04:58:31
order_00004395,cust_00000722,delivered,2025-07-01 00:01:48,2025-07-01 04:50:41.318217,2025-07-04 08:45:50.218226,2025-07-12 01:56:13.839731,2025-07-23 00:01:48
order_00004396,cust_00001747,delivered,2025-05-14 12:00:06,2025-05-14 14:34:35.920257,2025-05-18 12:32:33.685531,2025-05-19 15:41:06.980550,2025-06-04 12:00:06
order_00004397,cust_00002366,delivered,2025-08-24 19:11:12,2025-08-25 02:13:45.386596,2025-08-26 08:08:36.689970,2025-09-01 06:17:20.328302,2025-09-03 19:11:12
order_00004398,cust_00002153,delivered,2024-06-04 09:37:18,2024-06-04 16:28:22.149975,2024-06-06 03:26:29.151571,2024-06-11 23:33:51.473507,2024-06-19 09:37:18
order_00004399,cust_00002195,canceled,2024-03-01 09:10:00,,,,2024-03-22 09:10:00
order_00004400,cust_00000756,delivered,2024-06-04 21:30:03,2024-06-04 23:23:05.464076,2024-06-05 17:25:04.340740,2024-06-11 01:48:28.683544,2024-06-20 21:30:03
order_00004401,cust_00001425,delivered,2024-05-09 18:13:30,2024-05-09 23:16:19.851607,2024-05-10 17:56:54.876711,2024-05-21 01:11:27.898031,2024-05-27 18:13:30
order_00004402,cust_00000046,delivered,2024-08-23 01:46:59,2024-08-23 03:00:20.245227,2024-08-24 00:59:18.498050,2024-09-02 22:27:17.821543,2024-09-11 01:46:59
order_00004403,cust_00002513,delivered,2025-12-09 12:20:49,2025-12-09 14:19:18.767087,2025-12-10 04:23:19.535242,2025-12-19 06:49:57.771297,2025-12-28 12:20:49
order_00004404,cust_00001597,delivered,2025-12-06 07:11:36,2025-12-06 10:17:17.158461,2025-12-10 07:49:51.945543,2025-12-20 15:39:13.745411,2025-12-27 07:11:36
order_00004405,cust_00001903,canceled,2025-02-03 08:37:22,,,,2025-02-17 08:37:22
order_00004406,cust_00002653,delivered,2024-06-11 19:48:42,2024-06-12 04:31:11.439391,2024-06-12 19:55:55.927919,2024-06-15 18:36:55.262043,2024-06-27 19:48:42
order_00004407,cust_00001745,delivered,2025-06-25 04:07:33,2025-06-25 08:03:25.991882,2025-06-27 09:25:52.304792,2025-06-30 13:40:08.767818,2025-07-06 04:07:33
order_00004408,cust_00000626,delivered,2025-08-23 05:19:51,2025-08-23 21:27:58.680665,2025-08-25 00:51:21.151384,2025-08-30 08:02:39.183178,2025-09-12 05:19:51
order_00004409,cust_00002708,delivered,2024-01-26 14:52:54,2024-01-26 17:57:04.451392,2024-01-27 23:29:57.080566,2024-02-04 20:23:37.204052,2024-02-16 14:52:54
order_00004410,cust_00001285,delivered,2025-03-29 04:04:15,2025-03-29 08:52:05.912179,2025-03-30 20:10:57.219952,2025-04-16 16:29:37.559781,2025-04-20 04:04:15
order_00004411,cust_00002792,delivered,2025-11-07 02:08:56,2025-11-07 11:43:52.878290,2025-11-11 14:50:50.138639,2025-11-12 21:03:08.137751,2025-11-18 02:08:56
order_00004412,cust_00001439,delivered,2024-10-22 12:08:15,2024-10-22 15:42:44.807824,2024-10-25 02:35:10.158112,2024-10-31 00:01:25.846613,2024-11-11 12:08:15
order_00004413,cust_00001205,delivered,2024-12-13 04:47:20,2024-12-13 08:22:05.399121,2024-12-14 17:11:05.830378,2024-12-21 04:59:14.115008,2024-12-27 04:47:20
order_00004414,cust_00002261,delivered,2025-02-14 13:01:04,2025-02-15 04:19:26.262707,2025-02-18 09:39:44.949037,2025-02-23 10:41:49.606591,2025-03-10 13:01:04
order_00004415,cust_00002465,delivered,2024-12-08 09:55:26,2024-12-08 20:53:30.867081,2024-12-09 18:20:25.483338,2024-12-13 11:30:31.347979,2025-01-03 09:55:26
order_00004416,cust_00001363,delivered,2024-05-10 12:02:15,2024-05-10 12:38:41.795997,2024-05-11 11:11:01.768777,2024-06-06 01:25:48.584615,2024-05-24 12:02:15
order_00004417,cust_00000555,delivered,2025-07-15 17:49:54,2025-07-15 18:33:07.460729,2025-07-16 11:54:32.184919,2025-07-18 21:50:59.929350,2025-08-01 17:49:54
order_00004418,cust_00000732,processing,2025-01-20 01:48:39,2025-01-20 17:55:43.546066,,,2025-02-04 01:48:39
order_00004419,cust_00002753,canceled,2024-12-10 03:58:47,,,,2025-01-02 03:58:47
order_00004420,cust_00000856,delivered,2025-03-25 10:10:30,2025-03-25 10:56:21.601021,2025-03-26 22:57:56.395594,2025-04-05 12:40:17.868522,2025-04-08 10:10:30
order_00004421,cust_00002998,delivered,2024-07-21 05:24:07,2024-07-21 07:41:41.465426,2024-07-23 21:53:46.366061,2024-07-27 22:32:15.765876,2024-08-15 05:24:07
order_00004422,cust_00002115,delivered,2025-06-28 17:01:54,2025-06-29 04:30:19.625175,2025-07-06 20:55:28.827295,2025-07-13 22:46:27.869789,2025-07-24 17:01:54
order_00004423,cust_00001517,delivered,2025-12-06 13:02:33,2025-12-06 16:45:09.963706,2025-12-10 18:22:41.582387,2025-12-17 15:17:06.806668,2025-12-25 13:02:33
order_00004424,cust_00002758,delivered,2025-02-01 15:34:13,2025-02-01 16:38:22.810565,2025-02-04 10:30:32.132969,2025-02-10 05:56:55.464234,2025-03-03 15:34:13
order_00004425,cust_00001124,delivered,2025-03-12 18:00:00,2025-03-13 07:48:02.986675,2025-03-15 21:34:32.730625,2025-03-18 08:11:27.238831,2025-03-28 18:00:00
order_00004426,cust_00000830,delivered,2025-08-10 21:31:58,2025-08-10 23:26:32.887327,2025-08-12 00:46:16.321425,2025-08-14 11:14:34.840803,2025-08-27 21:31:58
order_00004427,cust_00000480,delivered,2024-02-08 15:05:02,2024-02-08 17:13:54.252173,2024-02-11 09:18:05.035593,2024-02-12 18:04:48.329168,2024-02-23 15:05:02
order_00004428,cust_00001921,delivered,2025-06-05 00:36:20,2025-06-05 10:53:56.925989,2025-06-07 17:34:37.006508,2025-06-08 22:27:32.763080,2025-06-19 00:36:20
order_00004429,cust_00002681,delivered,2024-10-15 05:11:37,2024-10-15 08:45:39.605655,2024-10-16 14:28:50.851003,2024-10-20 03:56:06.277622,2024-11-02 05:11:37
order_00004430,cust_00000366,delivered,2025-10-08 23:54:01,2025-10-09 02:46:46.591581,2025-10-10 06:17:41.679782,2025-10-26 14:42:42.096796,2025-10-30 23:54:01
order_00004431,cust_00002958,delivered,2024-08-18 21:04:53,2024-08-19 06:01:10.273582,2024-08-20 03:25:06.718321,2024-09-06 20:23:45.871360,2024-09-07 21:04:53
order_00004432,cust_00002486,delivered,2024-12-24 07:54:38,2024-12-24 08:27:59.479066,2024-12-25 22:19:07.577390,2025-01-01 07:53:20.345178,2025-01-13 07:54:38
order_00004433,cust_00001608,delivered,2024-12-28 06:19:27,2024-12-28 08:56:26.030912,2024-12-30 12:12:02.386077,2025-01-03 11:17:34.373513,2025-01-18 06:19:27
order_00004434,cust_00002610,delivered,2025-05-02 04:12:36,2025-05-02 05:31:25.577388,2025-05-03 08:47:48.771651,2025-05-06 09:44:00.985498,2025-05-08 04:12:36
order_00004435,cust_00000335,delivered,2025-02-23 10:04:32,2025-02-23 10:37:31.749847,2025-02-27 10:35:23.712959,2025-03-09 18:46:04.295523,2025-03-10 10:04:32
order_00004436,cust_00000478,delivered,2025-02-22 04:10:33,2025-02-22 11:19:34.090754,2025-02-27 12:00:44.340771,2025-03-05 06:42:38.648120,2025-03-17 04:10:33
order_00004437,cust_00002944,delivered,2024-06-30 23:59:26,2024-07-01 04:41:29.952038,2024-07-02 12:58:22.256148,2024-07-07 16:52:39.001511,2024-07-17 23:59:26
order_00004438,cust_00002081,delivered,2024-06-09 09:33:13,2024-06-09 16:11:05.238197,2024-06-10 21:07:56.823670,2024-06-13 04:26:14.805418,2024-06-21 09:33:13
order_00004439,cust_00001286,delivered,2025-05-17 07:35:54,2025-05-17 12:39:28.234267,2025-05-18 11:18:56.707889,2025-05-19 13:39:35.347322,2025-06-07 07:35:54
order_00004440,cust_00002242,delivered,2024-12-12 10:27:26,2024-12-12 11:13:50.699443,2024-12-14 09:46:47.990099,2024-12-17 17:36:51.658742,2024-12-30 10:27:26
order_00004441,cust_00002951,delivered,2025-07-03 05:12:42,2025-07-03 06:16:33.379816,2025-07-05 00:56:26.222291,2025-07-08 20:23:26.059375,2025-07-23 05:12:42
order_00004442,cust_00000986,unavailable,2024-12-30 22:17:38,2024-12-31 02:13:40.205676,,,2025-01-21 22:17:38
order_00004443,cust_00001281,shipped,2025-04-04 11:16:31,2025-04-04 19:09:02.717155,2025-04-07 04:07:42.850315,,2025-04-20 11:16:31
order_00004444,cust_00001456,delivered,2025-08-24 20:09:57,2025-08-26 03:40:07.495325,2025-08-28 07:24:09.424514,2025-08-31 18:45:44.522566,2025-09-18 20:09:57
order_00004445,cust_00001231,delivered,2025-05-12 10:48:09,2025-05-12 12:59:45.925114,2025-05-14 04:01:24.091772,2025-05-18 17:17:24.572978,2025-05-22 10:48:09
order_00004446,cust_00000247,delivered,2025-01-20 11:20:47,2025-01-20 12:43:25.885642,2025-01-30 11:54:31.906268,2025-02-07 01:33:39.205677,2025-02-06 11:20:47
order_00004447,cust_00002156,canceled,2024-12-16 00:44:09,,,,2024-12-31 00:44:09
order_00004448,cust_00002200,delivered,2025-07-31 04:51:06,2025-07-31 06:42:00.679051,2025-08-01 17:11:00.086349,2025-08-02 20:14:26.439180,2025-08-23 04:51:06
order_00004449,cust_00002979,shipped,2025-10-25 15:24:44,2025-10-25 17:13:01.420796,2025-10-26 17:25:46.604728,,2025-11-04 15:24:44
order_00004450,cust_00001058,delivered,2024-06-27 02:23:38,2024-06-27 10:34:49.208228,2024-06-30 10:14:05.121423,2024-07-04 01:04:57.122985,2024-07-16 02:23:38
order_00004451,cust_00002498,delivered,2025-12-11 01:05:24,2025-12-11 09:26:58.672299,2025-12-13 23:16:35.301071,2025-12-24 03:21:47.406950,2025-12-24 01:05:24
order_00004452,cust_00000539,delivered,2025-11-20 02:13:53,2025-11-20 04:25:23.058369,2025-11-21 03:51:01.866290,2025-11-23 04:26:31.232762,2025-12-07 02:13:53
order_00004453,cust_00002581,processing,2025-05-06 08:05:22,2025-05-06 23:41:55.959411,,,2025-05-21 08:05:22
order_00004454,cust_00001233,delivered,2025-12-22 15:41:14,2025-12-22 19:39:25.796602,2025-12-23 15:42:42.864759,2025-12-24 23:20:05.914092,2026-01-15 15:41:14
order_00004455,cust_00000339,delivered,2025-05-01 12:26:16,2025-05-01 15:19:54.930063,2025-05-03 01:05:23.941815,2025-05-13 23:05:04.501778,2025-05-17 12:26:16
order_00004456,cust_00000750,delivered,2025-01-21 18:02:29,2025-01-22 03:58:08.723634,2025-01-23 07:59:41.969452,2025-01-24 21:00:39.417961,2025-02-06 18:02:29
order_00004457,cust_00002437,canceled,2025-08-28 16:06:30,,,,2025-09-16 16:06:30
order_00004458,cust_00001887,unavailable,2024-05-01 13:06:45,2024-05-01 15:21:47.094282,,,2024-05-15 13:06:45
order_00004459,cust_00002650,delivered,2025-02-20 09:55:09,2025-02-20 12:00:18.928562,2025-02-21 09:40:30.154444,2025-02-28 17:52:41.465764,2025-03-14 09:55:09
order_00004460,cust_00002583,delivered,2024-09-06 02:17:09,2024-09-06 08:30:30.965417,2024-09-07 19:29:03.434256,2024-09-16 08:51:38.526214,2024-09-23 02:17:09
order_00004461,cust_00002553,delivered,2025-01-31 20:08:19,2025-01-31 22:11:14.510145,2025-02-01 22:02:26.441408,2025-02-08 14:14:30.524366,2025-02-20 20:08:19
order_00004462,cust_00000830,delivered,2025-05-31 23:32:31,2025-06-01 00:08:29.149224,2025-06-01 16:53:59.709647,2025-06-08 12:50:16.860946,2025-06-13 23:32:31
order_00004463,cust_00002749,delivered,2025-03-20 05:34:45,2025-03-20 20:46:01.695365,2025-03-21 16:02:27.978531,2025-04-05 18:49:12.580472,2025-04-11 05:34:45
order_00004464,cust_00002735,delivered,2024-07-17 19:39:02,2024-07-18 01:17:38.558766,2024-07-19 22:37:15.421555,2024-07-21 04:46:16.578940,2024-08-06 19:39:02
order_00004465,cust_00002868,delivered,2025-06-17 22:22:52,2025-06-17 23:10:24.876389,2025-06-18 20:12:57.160056,2025-06-22 12:38:55.287934,2025-07-11 22:22:52
order_00004466,cust_00002442,delivered,2024-07-01 13:02:46,2024-07-01 17:43:21.477126,2024-07-03 16:21:11.226113,2024-07-12 19:32:47.547257,2024-07-13 13:02:46
order_00004467,cust_00001883,delivered,2025-02-18 04:00:19,2025-02-18 10:50:34.056368,2025-02-19 00:04:20.595236,2025-02-21 04:00:02.243252,2025-03-03 04:00:19
order_00004468,cust_00000738,delivered,2024-03-07 06:44:26,2024-03-07 14:23:15.744799,2024-03-10 22:46:21.821700,2024-03-14 02:47:25.027809,2024-03-28 06:44:26
order_00004469,cust_00002852,delivered,2024-09-25 01:17:59,2024-09-25 01:59:35.150089,2024-09-27 02:33:34.391589,2024-09-28 19:33:41.841877,2024-10-19 01:17:59
order_00004470,cust_00002929,delivered,2024-04-08 21:26:00,2024-04-09 07:42:32.213448,2024-04-09 21:25:00.618059,2024-04-11 18:22:33.116499,2024-04-20 21:26:00
order_00004471,cust_00001341,delivered,2024-03-09 09:19:31,2024-03-09 16:16:02.742043,2024-03-11 11:37:25.325118,2024-04-05 21:28:28.082234,2024-03-28 09:19:31
order_00004472,cust_00000098,delivered,2025-12-30 17:15:36,2025-12-30 20:21:05.384468,2025-12-31 21:36:58.414100,2026-01-05 12:53:31.248211,2026-01-04 17:15:36
order_00004473,cust_00001860,delivered,2024-03-13 16:41:49,2024-03-14 00:15:13.913097,2024-03-15 10:52:04.901574,2024-03-19 10:55:28.815453,2024-04-03 16:41:49
order_00004474,cust_00000890,delivered,2024-02-23 05:48:52,2024-02-23 08:57:17.237233,2024-02-23 22:56:43.811611,2024-03-01 07:53:04.455391,2024-03-04 05:48:52
order_00004475,cust_00002887,processing,2024-12-25 14:08:46,2024-12-26 13:22:38.296547,,,2025-01-20 14:08:46
order_00004476,cust_00002401,delivered,2024-12-01 16:49:57,2024-12-01 19:16:49.381805,2024-12-03 12:06:29.380862,2024-12-12 00:03:26.267957,2024-12-20 16:49:57
order_00004477,cust_00002979,delivered,2025-11-28 20:54:12,2025-11-28 23:58:00.084532,2025-11-30 04:43:05.872673,2025-12-04 03:51:07.696116,2025-12-13 20:54:12
order_00004478,cust_00001572,delivered,2024-03-24 12:55:28,2024-03-24 20:29:06.392165,2024-03-27 21:14:39.569444,2024-03-31 06:35:01.147193,2024-04-11 12:55:28
order_00004479,cust_00002967,processing,2024-10-20 13:03:42,2024-10-20 15:19:49.507470,,,2024-11-05 13:03:42
order_00004480,cust_00001381,delivered,2025-04-03 16:25:28,2025-04-04 00:39:46.452125,2025-04-08 00:22:05.317393,2025-04-11 05:32:23.318988,2025-04-25 16:25:28
order_00004481,cust_00002422,delivered,2025-01-17 02:06:48,2025-01-17 03:26:14.066400,2025-01-18 03:21:53.622569,2025-01-22 03:47:17.250290,2025-02-02 02:06:48
order_00004482,cust_00001330,delivered,2024-09-25 15:11:13,2024-09-25 18:13:41.849833,2024-09-27 16:38:19.705470,2024-10-01 12:48:14.129041,2024-10-18 15:11:13
order_00004483,cust_00002846,delivered,2025-07-02 09:25:41,2025-07-02 12:26:58.665277,2025-07-06 01:08:33.440009,2025-07-13 17:16:51.842832,2025-07-18 09:25:41
order_00004484,cust_00001754,delivered,2025-12-13 20:33:40,2025-12-13 22:11:11.594317,2025-12-15 14:38:29.727737,2025-12-20 13:15:12.604100,2026-01-03 20:33:40
order_00004485,cust_00001348,delivered,2025-02-15 03:54:13,2025-02-15 11:42:57.441926,2025-02-17 13:21:39.888870,2025-02-22 08:14:22.380494,2025-03-08 03:54:13
order_00004486,cust_00002956,delivered,2024-09-08 02:07:27,2024-09-08 02:45:46.694648,2024-09-10 05:06:23.174577,2024-09-26 01:58:11.472139,2024-09-24 02:07:27
order_00004487,cust_00001706,delivered,2024-03-04 05:33:14,2024-03-04 08:46:42.402396,2024-03-08 01:30:42.723215,2024-03-10 19:14:48.240609,2024-03-23 05:33:14
order_00004488,cust_00000587,delivered,2025-04-23 02:41:51,2025-04-23 23:39:55.855906,2025-04-25 22:14:56.461019,2025-04-29 13:19:59.701838,2025-05-18 02:41:51
order_00004489,cust_00001368,delivered,2025-01-11 22:24:23,2025-01-12 09:29:54.190120,2025-01-13 02:48:52.697075,2025-01-18 15:17:18.278704,2025-01-31 22:24:23
order_00004490,cust_00001766,delivered,2024-01-26 07:06:58,2024-01-26 08:18:22.525912,2024-01-28 10:58:42.066257,2024-01-31 17:48:02.236955,2024-02-16 07:06:58
order_00004491,cust_00000580,delivered,2024-06-17 20:41:17,2024-06-17 22:43:39.654063,2024-06-20 10:21:49.221226,2024-06-23 00:14:20.617826,2024-07-04 20:41:17
order_00004492,cust_00002496,delivered,2024-03-19 20:56:52,2024-03-19 22:43:18.707174,2024-03-20 11:43:55.762153,2024-03-27 04:01:19.473604,2024-04-10 20:56:52
order_00004493,cust_00000784,delivered,2024-06-09 19:27:23,2024-06-10 08:57:11.482170,2024-06-11 07:01:12.245982,2024-06-13 12:39:46.006436,2024-06-23 19:27:23
order_00004494,cust_00000541,delivered,2025-08-28 19:34:47,2025-08-28 21:18:05.906425,2025-08-29 16:34:25.482782,2025-09-04 17:43:02.910793,2025-09-19 19:34:47
order_00004495,cust_00000351,delivered,2025-06-07 06:24:06,2025-06-07 10:30:14.851372,2025-06-08 12:22:11.986492,2025-06-13 02:05:41.167668,2025-06-26 06:24:06
order_00004496,cust_00000739,delivered,2025-10-25 11:56:15,2025-10-25 21:52:41.736312,2025-10-28 14:45:23.656332,2025-11-08 01:24:44.983654,2025-11-13 11:56:15
order_00004497,cust_00001757,delivered,2024-07-02 06:36:25,2024-07-02 10:47:59.014602,2024-07-03 12:47:20.785310,2024-07-15 18:58:16.336696,2024-07-19 06:36:25
order_00004498,cust_00001291,delivered,2024-08-11 14:09:56,2024-08-11 23:37:41.398989,2024-08-15 17:48:02.558080,2024-08-31 06:02:57.530573,2024-08-31 14:09:56
order_00004499,cust_00001376,canceled,2024-12-10 13:44:47,,,,2025-01-02 13:44:47
order_00004500,cust_00001006,delivered,2024-05-29 18:24:17,2024-05-30 11:47:25.234084,2024-05-31 16:58:12.659175,2024-06-03 05:04:13.783739,2024-06-19 18:24:17
order_00004501,cust_00001955,delivered,2024-02-01 22:03:56,2024-02-02 00:41:12.198703,2024-02-02 16:56:30.289280,2024-02-09 04:55:49.201128,2024-02-16 22:03:56
order_00004502,cust_00002710,delivered,2024-02-06 01:54:16,2024-02-06 10:57:13.279049,2024-02-09 08:45:14.159928,2024-02-12 08:55:37.797736,2024-03-01 01:54:16
order_00004503,cust_00001414,delivered,2025-10-10 00:31:06,2025-10-10 08:48:26.680080,2025-10-11 01:21:49.268010,2025-10-15 06:01:08.559593,2025-11-02 00:31:06
order_00004504,cust_00001872,delivered,2024-06-25 09:39:12,2024-06-25 10:18:17.472334,2024-06-27 10:22:42.056473,2024-06-30 12:12:32.061333,2024-07-10 09:39:12
order_00004505,cust_00001114,delivered,2025-02-27 16:43:13,2025-02-28 13:29:08.873550,2025-03-01 10:23:38.264749,2025-03-07 19:45:02.819908,2025-03-17 16:43:13
order_00004506,cust_00000096,delivered,2024-08-17 23:41:03,2024-08-18 01:38:46.371317,2024-08-18 18:29:57.478185,2024-08-22 12:52:22.227835,2024-09-02 23:41:03
order_00004507,cust_00001645,delivered,2024-04-30 08:17:59,2024-04-30 09:20:03.082829,2024-05-01 17:42:43.258178,2024-05-17 19:07:12.612327,2024-05-16 08:17:59
order_00004508,cust_00000962,delivered,2024-04-30 21:48:50,2024-04-30 22:52:37.676657,2024-05-01 11:16:59.357875,2024-05-10 19:13:05.169269,2024-05-15 21:48:50
order_00004509,cust_00000339,delivered,2024-08-08 15:02:32,2024-08-09 04:46:05.523120,2024-08-09 18:04:52.160070,2024-08-24 14:01:37.748678,2024-08-25 15:02:32
order_00004510,cust_00001653,delivered,2025-10-03 16:35:48,2025-10-03 19:16:57.750521,2025-10-06 19:09:57.928822,2025-10-12 09:51:52.329483,2025-10-21 16:35:48
order_00004511,cust_00002496,delivered,2025-12-11 23:50:21,2025-12-12 09:17:41.035499,2025-12-13 13:28:06.883157,2025-12-20 04:44:06.705865,2026-01-01 23:50:21
order_00004512,cust_00001984,delivered,2024-08-13 09:17:57,2024-08-13 16:10:36.188095,2024-08-14 17:16:40.380604,2024-08-16 01:15:59.385659,2024-09-01 09:17:57
order_00004513,cust_00000428,shipped,2025-10-18 16:48:00,2025-10-19 01:54:54.869336,2025-10-20 07:51:27.402727,,2025-11-04 16:48:00
order_00004514,cust_00002792,delivered,2025-06-05 01:25:12,2025-06-05 07:01:19.952363,2025-06-12 02:52:03.837823,2025-06-14 14:17:00.596986,2025-06-25 01:25:12
order_00004515,cust_00001632,delivered,2024-03-23 23:47:33,2024-03-24 03:11:39.973214,2024-03-25 23:42:20.813369,2024-03-27 06:39:57.107121,2024-04-12 23:47:33
order_00004516,cust_00000404,delivered,2025-09-17 20:10:31,2025-09-17 23:04:11.118162,2025-09-18 17:28:51.794704,2025-09-27 11:00:58.726675,2025-10-08 20:10:31
order_00004517,cust_00000785,delivered,2024-09-08 03:18:32,2024-09-08 17:02:23.657264,2024-09-10 16:29:16.801223,2024-09-12 02:47:41.409975,2024-09-30 03:18:32
order_00004518,cust_00001761,delivered,2024-04-14 16:08:06,2024-04-14 21:45:27.748528,2024-04-17 07:37:40.763971,2024-04-21 23:25:38.092701,2024-05-05 16:08:06
order_00004519,cust_00000707,delivered,2024-09-28 10:18:56,2024-09-28 16:06:50.478789,2024-09-29 04:23:35.533100,2024-10-06 01:20:40.199642,2024-10-14 10:18:56
order_00004520,cust_00001972,delivered,2024-09-12 13:47:47,2024-09-12 16:18:19.503038,2024-09-13 19:46:28.692264,2024-09-18 20:20:01.580459,2024-10-03 13:47:47
order_00004521,cust_00001225,canceled,2024-09-18 08:41:31,,,,2024-10-06 08:41:31
order_00004522,cust_00001520,delivered,2025-11-19 14:04:35,2025-11-19 16:32:55.723714,2025-11-20 04:54:08.866286,2025-11-21 12:26:43.246960,2025-12-07 14:04:35
order_00004523,cust_00002608,delivered,2024-07-04 20:40:49,2024-07-04 22:29:42.589761,2024-07-08 14:53:32.199862,2024-07-18 22:08:26.566995,2024-07-22 20:40:49
order_00004524,cust_00002257,delivered,2024-05-19 02:51:55,2024-05-19 05:40:26.290855,2024-05-20 14:13:46.651773,2024-05-26 13:16:24.896345,2024-06-10 02:51:55
order_00004525,cust_00001861,delivered,2025-12-08 18:29:39,2025-12-08 21:23:23.423560,2025-12-11 16:13:41.872526,2025-12-17 22:33:46.725474,2025-12-28 18:29:39
order_00004526,cust_00002466,canceled,2024-08-05 07:34:37,,,,2024-08-22 07:34:37
order_00004527,cust_00000057,delivered,2024-12-22 08:05:31,2024-12-22 09:50:32.484485,2024-12-24 13:29:45.303846,2024-12-26 05:53:23.797996,2025-01-08 08:05:31
order_00004528,cust_00001923,delivered,2025-10-04 04:12:33,2025-10-04 07:07:05.689804,2025-10-05 16:50:20.631984,2025-10-16 14:32:11.040715,2025-10-25 04:12:33
order_00004529,cust_00002300,delivered,2025-11-19 17:56:22,2025-11-19 18:58:21.054798,2025-11-21 15:12:11.851965,2025-11-25 04:01:35.259274,2025-12-16 17:56:22
order_00004530,cust_00002046,delivered,2024-07-26 02:57:08,2024-07-26 17:38:00.861322,2024-07-28 08:08:59.554762,2024-07-30 19:02:09.433178,2024-08-10 02:57:08
order_00004531,cust_00002007,delivered,2024-10-09 06:57:56,2024-10-09 12:32:24.907940,2024-10-14 22:08:31.142311,2024-10-17 10:58:24.339431,2024-10-27 06:57:56
order_00004532,cust_00001321,delivered,2025-01-12 08:12:08,2025-01-12 15:04:22.424083,2025-01-14 09:26:56.215960,2025-02-05 10:41:05.560705,2025-02-06 08:12:08
order_00004533,cust_00001428,delivered,2024-06-14 11:14:19,2024-06-14 18:38:03.714999,2024-06-17 05:47:12.324373,2024-07-02 17:05:16.804809,2024-07-01 11:14:19
order_00004534,cust_00000199,delivered,2025-10-01 14:01:12,2025-10-02 02:05:26.015644,2025-10-05 04:17:57.456920,2025-10-08 10:29:38.895673,2025-10-19 14:01:12
order_00004535,cust_00002105,delivered,2024-10-07 09:16:33,2024-10-07 10:00:24.261606,2024-10-10 07:14:40.849098,2024-10-11 08:13:45.601327,2024-10-27 09:16:33
order_00004536,cust_00001318,delivered,2024-08-01 03:28:47,2024-08-01 05:33:11.631111,2024-08-02 20:45:23.660226,2024-08-07 18:48:50.394119,2024-08-22 03:28:47
order_00004537,cust_00001614,delivered,2025-10-22 09:39:32,2025-10-23 10:46:03.011748,2025-10-24 21:34:40.459547,2025-11-04 09:20:17.510714,2025-11-12 09:39:32
order_00004538,cust_00001877,delivered,2025-11-05 14:52:51,2025-11-05 15:52:36.708508,2025-11-10 05:37:07.086926,2025-11-12 21:24:53.918935,2025-11-23 14:52:51
order_00004539,cust_00002075,delivered,2025-11-01 20:56:34,2025-11-02 02:53:38.525033,2025-11-03 04:11:39.264733,2025-11-06 22:23:24.061592,2025-11-20 20:56:34
order_00004540,cust_00002766,canceled,2024-08-30 21:23:39,,,,2024-09-19 21:23:39
order_00004541,cust_00002257,delivered,2024-01-10 10:32:48,2024-01-10 15:36:01.009625,2024-01-11 17:16:30.195258,2024-01-15 00:09:00.118412,2024-01-31 10:32:48
order_00004542,cust_00002890,delivered,2024-06-20 08:19:45,2024-06-20 17:31:09.801728,2024-06-22 16:16:45.779087,2024-06-27 07:38:32.241930,2024-07-12 08:19:45
order_00004543,cust_00001367,delivered,2024-10-14 21:01:41,2024-10-15 05:24:04.343760,2024-10-16 02:17:46.434795,2024-10-24 09:09:33.581568,2024-11-06 21:01:41
order_00004544,cust_00002098,delivered,2024-11-22 11:27:01,2024-11-23 02:28:09.926988,2024-11-24 01:36:22.121591,2024-11-28 18:39:32.726798,2024-12-06 11:27:01
order_00004545,cust_00001197,processing,2024-12-22 01:59:52,2024-12-22 05:01:20.294313,,,2024-12-31 01:59:52
order_00004546,cust_00002604,delivered,2024-05-18 11:14:44,2024-05-18 13:06:04.248709,2024-05-19 05:16:58.301760,2024-05-21 01:46:52.362406,2024-06-04 11:14:44
order_00004547,cust_00001002,delivered,2024-03-10 16:30:15,2024-03-10 21:27:16.197956,2024-03-11 13:54:55.283540,2024-03-18 14:09:50.727747,2024-03-26 16:30:15
order_00004548,cust_00002315,delivered,2025-03-06 16:50:10,2025-03-06 19:26:37.314211,2025-03-12 03:29:27.093314,2025-03-22 07:56:30.638000,2025-03-21 16:50:10
order_00004549,cust_00001098,delivered,2025-06-21 00:59:20,2025-06-21 10:05:37.307920,2025-06-23 01:12:46.949238,2025-07-03 04:07:46.170308,2025-07-11 00:59:20
order_00004550,cust_00000444,delivered,2025-08-13 10:40:52,2025-08-13 21:51:17.261125,2025-08-15 12:39:53.435043,2025-08-21 23:20:01.047716,2025-09-05 10:40:52
order_00004551,cust_00001390,delivered,2024-03-13 17:16:10,2024-03-14 04:03:14.787127,2024-03-15 04:55:23.774906,2024-03-19 12:40:37.389748,2024-04-02 17:16:10
order_00004552,cust_00000181,delivered,2025-10-16 10:53:03,2025-10-16 13:20:13.773670,2025-10-17 21:17:05.286285,2025-10-20 23:19:59.423825,2025-11-08 10:53:03
order_00004553,cust_00002934,delivered,2024-01-13 17:11:14,2024-01-13 17:48:02.145746,2024-01-18 23:37:48.035317,2024-01-20 13:29:46.928222,2024-01-30 17:11:14
order_00004554,cust_00002696,delivered,2024-02-24 15:37:57,2024-02-24 19:04:56.595966,2024-02-25 18:00:17.096502,2024-02-29 21:24:35.557865,2024-03-13 15:37:57
order_00004555,cust_00001312,delivered,2024-08-10 10:07:28,2024-08-10 13:08:18.840602,2024-08-14 23:04:05.405843,2024-08-16 10:30:20.852707,2024-08-29 10:07:28
order_00004556,cust_00000217,delivered,2024-11-26 18:42:40,2024-11-26 22:05:35.864888,2024-11-28 08:40:15.613933,2024-11-30 10:18:32.507252,2024-12-15 18:42:40
order_00004557,cust_00002285,canceled,2024-10-05 02:56:19,,,,2024-10-24 02:56:19
order_00004558,cust_00001354,delivered,2024-03-05 15:25:06,2024-03-05 21:10:38.005780,2024-03-07 03:44:46.520682,2024-03-08 04:17:44.454022,2024-03-26 15:25:06
order_00004559,cust_00001167,delivered,2025-08-01 20:11:30,2025-08-02 07:35:35.525588,2025-08-03 13:52:56.195833,2025-08-04 16:36:50.266570,2025-08-24 20:11:30
order_00004560,cust_00001590,delivered,2025-08-10 07:22:47,2025-08-10 09:54:17.962793,2025-08-13 20:39:35.482701,2025-08-27 17:20:00.612863,2025-08-31 07:22:47
order_00004561,cust_00000587,delivered,2024-07-06 15:18:13,2024-07-06 17:16:25.688790,2024-07-07 23:04:19.673511,2024-07-14 07:33:06.592718,2024-07-23 15:18:13
order_00004562,cust_00001741,delivered,2025-01-19 05:27:55,2025-01-19 07:37:46.284608,2025-01-22 18:43:56.028783,2025-01-23 19:48:51.248124,2025-02-10 05:27:55
order_00004563,cust_00002721,shipped,2025-08-18 09:16:17,2025-08-18 17:58:15.342017,2025-08-21 08:54:50.294554,,2025-09-07 09:16:17
order_00004564,cust_00002847,delivered,2024-02-17 20:12:28,2024-02-17 21:23:59.592481,2024-02-19 11:35:22.244529,2024-02-26 04:30:30.751102,2024-03-06 20:12:28
order_00004565,cust_00001326,delivered,2024-01-01 23:24:13,2024-01-02 01:44:20.755948,2024-01-02 14:52:50.980413,2024-01-06 11:08:24.755077,2024-01-19 23:24:13
order_00004566,cust_00000798,delivered,2024-11-02 15:15:08,2024-11-02 22:27:23.512106,2024-11-04 23:14:32.224238,2024-11-12 14:02:19.348371,2024-11-20 15:15:08
order_00004567,cust_00000050,delivered,2025-05-02 08:42:18,2025-05-02 10:04:38.569027,2025-05-06 12:51:00.547094,2025-05-07 14:57:58.634599,2025-05-17 08:42:18
order_00004568,cust_00001989,delivered,2025-11-15 04:10:03,2025-11-15 14:54:08.986939,2025-11-17 01:46:54.940379,2025-11-18 22:41:11.364960,2025-12-02 04:10:03
order_00004569,cust_00002311,delivered,2024-06-12 14:07:15,2024-06-12 21:55:09.059779,2024-06-18 23:29:58.389195,2024-06-22 16:15:27.982886,2024-06-27 14:07:15
order_00004570,cust_00002494,delivered,2025-10-20 05:22:42,2025-10-20 11:08:22.538566,2025-10-23 12:30:25.596887,2025-10-24 13:19:13.301458,2025-11-06 05:22:42
order_00004571,cust_00001637,shipped,2024-10-06 05:00:59,2024-10-06 07:08:22.402420,2024-10-08 01:14:17.847051,,2024-10-18 05:00:59
order_00004572,cust_00001327,delivered,2025-07-05 08:52:17,2025-07-05 09:29:16.116087,2025-07-07 15:45:29.568586,2025-07-10 19:21:52.747503,2025-07-29 08:52:17
order_00004573,cust_00002718,delivered,2024-04-03 17:18:49,2024-04-03 21:15:19.944849,2024-04-06 17:01:57.031431,2024-04-29 15:31:42.012567,2024-04-17 17:18:49
order_00004574,cust_00002901,processing,2024-09-09 23:07:51,2024-09-10 04:00:36.508209,,,2024-09-24 23:07:51
order_00004575,cust_00001586,canceled,2025-10-21 16:41:52,,,,2025-11-10 16:41:52
order_00004576,cust_00000048,delivered,2025-03-23 03:30:54,2025-03-23 04:11:53.130997,2025-03-23 17:09:27.301643,2025-04-05 11:19:41.963861,2025-04-11 03:30:54
order_00004577,cust_00000981,delivered,2024-05-02 16:02:30,2024-05-02 20:32:03.552268,2024-05-04 11:57:31.520983,2024-05-17 15:26:43.790590,2024-05-14 16:02:30
order_00004578,cust_00000054,delivered,2025-09-02 03:03:35,2025-09-02 08:40:30.432841,2025-09-06 00:40:26.209521,2025-09-09 04:24:40.291515,2025-09-24 03:03:35
order_00004579,cust_00002054,delivered,2024-09-09 23:04:21,2024-09-10 00:28:29.773098,2024-09-12 01:48:12.498775,2024-09-14 04:03:13.587374,2024-09-21 23:04:21
order_00004580,cust_00002458,delivered,2024-03-09 04:47:44,2024-03-09 06:59:52.516951,2024-03-09 20:11:06.262842,2024-03-10 20:34:22.865729,2024-04-05 04:47:44
order_00004581,cust_00002027,delivered,2024-01-08 05:38:20,2024-01-08 15:06:17.546639,2024-01-10 12:58:43.651305,2024-01-12 23:52:16.950594,2024-01-28 05:38:20
order_00004582,cust_00002443,shipped,2025-07-25 17:01:10,2025-07-25 20:27:22.440215,2025-07-28 01:54:27.097701,,2025-08-13 17:01:10
order_00004583,cust_00001574,delivered,2025-07-26 18:51:09,2025-07-26 19:40:27.429517,2025-07-28 03:15:46.603209,2025-08-06 18:37:55.293178,2025-08-21 18:51:09
order_00004584,cust_00000363,delivered,2024-10-08 17:00:00,2024-10-09 04:49:53.027555,2024-10-14 00:07:40.479818,2024-10-25 05:11:41.577344,2024-10-27 17:00:00
order_00004585,cust_00001960,delivered,2025-12-16 08:13:44,2025-12-17 01:22:56.490390,2025-12-17 19:49:00.258228,2026-01-06 09:14:31.864222,2026-01-05 08:13:44
order_00004586,cust_00000878,delivered,2025-06-24 18:20:45,2025-06-25 00:26:23.101823,2025-06-26 01:22:08.661803,2025-07-08 11:03:56.861638,2025-07-12 18:20:45
order_00004587,cust_00001810,delivered,2025-09-23 16:52:08,2025-09-23 17:29:12.834558,2025-10-01 10:08:36.290654,2025-10-10 16:34:51.445731,2025-10-12 16:52:08
order_00004588,cust_00000287,shipped,2024-04-20 01:22:55,2024-04-20 01:55:52.788059,2024-04-21 02:06:04.804396,,2024-05-05 01:22:55
order_00004589,cust_00002340,delivered,2025-10-04 20:45:16,2025-10-04 21:32:27.373876,2025-10-07 12:08:12.603153,2025-10-09 18:48:55.026042,2025-10-20 20:45:16
order_00004590,cust_00001423,delivered,2024-11-19 10:12:55,2024-11-19 11:55:11.106761,2024-11-22 12:14:58.289219,2024-11-26 19:44:14.834087,2024-12-07 10:12:55
order_00004591,cust_00001725,delivered,2025-01-20 11:53:58,2025-01-20 23:17:03.835841,2025-01-23 10:43:50.518062,2025-01-28 16:14:25.737092,2025-02-12 11:53:58
order_00004592,cust_00001635,delivered,2025-11-29 12:54:27,2025-11-29 15:58:54.228641,2025-12-02 14:32:47.552958,2025-12-05 17:52:12.865918,2025-12-31 12:54:27
order_00004593,cust_00002441,delivered,2025-05-16 12:52:17,2025-05-16 15:48:42.153404,2025-05-17 10:51:23.671652,2025-05-24 11:39:05.439843,2025-06-01 12:52:17
order_00004594,cust_00000658,delivered,2025-06-09 10:19:07,2025-06-09 20:11:55.381436,2025-06-10 16:29:25.894367,2025-06-22 03:53:45.574220,2025-07-05 10:19:07
order_00004595,cust_00001010,delivered,2024-01-08 10:40:50,2024-01-08 17:47:07.929556,2024-01-09 21:36:11.463229,2024-01-11 01:20:35.648024,2024-01-31 10:40:50
order_00004596,cust_00002634,delivered,2024-11-22 10:17:23,2024-11-22 12:04:17.840200,2024-11-23 12:49:38.540137,2024-11-27 11:37:30.065468,2024-12-14 10:17:23
order_00004597,cust_00000680,delivered,2025-05-07 09:49:32,2025-05-07 15:28:55.211459,2025-05-09 21:15:04.919884,2025-05-12 05:47:29.256677,2025-05-26 09:49:32
order_00004598,cust_00002577,delivered,2025-10-01 20:44:07,2025-10-01 21:33:44.880351,2025-10-02 22:53:50.294582,2025-10-11 23:43:01.747605,2025-10-17 20:44:07
order_00004599,cust_00000111,delivered,2025-04-08 00:12:24,2025-04-08 01:44:14.880463,2025-04-10 09:12:50.756241,2025-04-11 16:05:23.722584,2025-04-28 00:12:24
order_00004600,cust_00000757,shipped,2025-02-23 20:22:23,2025-02-24 03:35:36.528813,2025-02-25 15:09:39.996425,,2025-03-20 20:22:23
order_00004601,cust_00002059,delivered,2025-07-13 07:21:42,2025-07-13 09:11:23.685293,2025-07-18 04:45:47.406068,2025-07-25 01:02:34.912784,2025-08-01 07:21:42
order_00004602,cust_00002091,unavailable,2024-12-27 07:43:54,2024-12-27 09:51:31.801058,,,2025-01-13 07:43:54
order_00004603,cust_00002175,delivered,2025-12-03 12:38:29,2025-12-03 15:16:12.915565,2025-12-04 08:57:47.699640,2025-12-09 14:29:58.639457,2025-12-17 12:38:29
order_00004604,cust_00001500,delivered,2025-03-17 17:09:10,2025-03-18 00:03:12.307923,2025-03-18 19:11:40.675651,2025-03-21 21:36:53.772594,2025-04-01 17:09:10
order_00004605,cust_00002658,delivered,2024-07-09 01:02:42,2024-07-09 04:37:45.893605,2024-07-10 19:47:53.185501,2024-07-12 00:55:53.192291,2024-07-28 01:02:42
order_00004606,cust_00001132,delivered,2024-11-30 19:41:45,2024-12-01 01:10:58.180514,2024-12-02 17:37:35.460044,2024-12-10 10:32:27.275670,2024-12-24 19:41:45
order_00004607,cust_00000234,delivered,2024-08-02 08:25:29,2024-08-02 11:31:26.516766,2024-08-03 01:49:40.627874,2024-08-04 10:34:32.365836,2024-08-20 08:25:29
order_00004608,cust_00001048,invoiced,2024-09-15 19:51:01,2024-09-15 20:31:13.223437,,,2024-10-01 19:51:01
order_00004609,cust_00001726,delivered,2025-10-05 13:51:20,2025-10-06 04:45:41.413161,2025-10-06 19:52:32.233813,2025-10-07 23:15:06.935133,2025-10-21 13:51:20
order_00004610,cust_00000546,delivered,2025-04-06 01:35:03,2025-04-06 04:16:13.669796,2025-04-06 21:04:21.981372,2025-04-15 21:14:27.586410,2025-04-30 01:35:03
order_00004611,cust_00000437,delivered,2025-05-29 12:02:42,2025-05-29 15:24:48.776254,2025-05-31 12:44:12.808400,2025-06-03 14:58:25.515800,2025-06-17 12:02:42
order_00004612,cust_00000472,delivered,2025-06-09 15:56:06,2025-06-09 18:59:10.168085,2025-06-14 10:58:56.744868,2025-06-18 09:03:13.339851,2025-06-27 15:56:06
order_00004613,cust_00000598,delivered,2025-04-14 01:29:26,2025-04-14 02:55:31.219029,2025-04-14 19:42:14.494076,2025-04-15 20:13:44.459910,2025-05-04 01:29:26
order_00004614,cust_00000343,delivered,2024-06-29 19:12:53,2024-06-29 20:33:03.930693,2024-07-01 14:03:39.458767,2024-07-06 22:07:11.978142,2024-07-21 19:12:53
order_00004615,cust_00001826,canceled,2024-07-06 21:03:12,,,,2024-07-24 21:03:12
order_00004616,cust_00001229,delivered,2025-02-21 17:13:58,2025-02-21 21:46:45.727945,2025-02-22 15:21:23.619202,2025-02-28 18:02:09.090217,2025-03-10 17:13:58
order_00004617,cust_00000701,delivered,2024-12-24 08:41:17,2024-12-24 15:50:20.308615,2024-12-26 10:10:18.431520,2024-12-27 16:55:52.091576,2025-01-10 08:41:17
order_00004618,cust_00000489,delivered,2024-02-16 18:20:24,2024-02-16 19:14:41.953604,2024-02-17 12:02:01.048959,2024-02-19 17:31:54.278515,2024-03-07 18:20:24
order_00004619,cust_00001722,delivered,2025-06-28 21:02:57,2025-06-29 02:28:44.357760,2025-07-01 23:19:42.035109,2025-07-03 23:27:53.016955,2025-07-18 21:02:57
order_00004620,cust_00002183,delivered,2025-01-29 04:12:42,2025-01-29 09:18:31.179047,2025-01-31 13:38:52.714984,2025-02-06 04:35:16.108671,2025-02-20 04:12:42
order_00004621,cust_00002291,delivered,2024-05-07 03:23:48,2024-05-07 12:42:18.274562,2024-05-08 00:45:44.061334,2024-05-24 16:12:11.574777,2024-05-28 03:23:48
order_00004622,cust_00000668,delivered,2025-09-25 00:48:21,2025-09-25 05:39:06.686561,2025-09-29 22:48:53.793359,2025-10-02 21:20:30.750840,2025-10-19 00:48:21
order_00004623,cust_00000348,processing,2024-07-12 07:24:58,2024-07-12 13:43:49.739477,,,2024-08-04 07:24:58
order_00004624,cust_00000354,delivered,2024-06-11 14:54:24,2024-06-11 22:35:17.005066,2024-06-14 02:00:30.463850,2024-06-19 08:20:00.107396,2024-07-02 14:54:24
order_00004625,cust_00000808,processing,2025-06-01 16:24:23,2025-06-01 17:04:26.568963,,,2025-06-20 16:24:23
order_00004626,cust_00001234,delivered,2024-06-15 21:36:28,2024-06-17 01:44:01.585987,2024-06-19 06:43:34.520141,2024-06-26 05:19:11.205804,2024-07-03 21:36:28
order_00004627,cust_00001954,delivered,2025-08-02 02:42:09,2025-08-02 05:10:27.310699,2025-08-04 20:47:58.110984,2025-08-10 15:44:28.603191,2025-09-01 02:42:09
order_00004628,cust_00001678,delivered,2025-08-09 02:11:51,2025-08-09 07:40:33.789299,2025-08-16 01:03:52.484210,2025-08-19 02:47:40.439406,2025-09-02 02:11:51
order_00004629,cust_00001361,delivered,2025-12-01 09:11:56,2025-12-01 21:50:31.654696,2025-12-02 10:34:48.709989,2025-12-03 16:35:34.814021,2025-12-20 09:11:56
order_00004630,cust_00000677,delivered,2024-01-09 19:56:55,2024-01-09 22:41:39.956179,2024-01-13 09:42:29.439082,2024-01-20 04:19:09.704929,2024-01-29 19:56:55
order_00004631,cust_00000992,delivered,2025-06-12 22:28:16,2025-06-13 00:52:08.629572,2025-06-14 01:44:54.520450,2025-06-20 03:09:24.914678,2025-07-01 22:28:16
order_00004632,cust_00002753,delivered,2024-06-03 02:50:03,2024-06-03 12:36:56.482634,2024-06-06 02:34:38.105033,2024-06-07 22:36:11.904771,2024-06-22 02:50:03
order_00004633,cust_00000424,delivered,2024-12-19 23:00:39,2024-12-19 23:46:05.796016,2024-12-21 14:38:35.569097,2025-01-02 06:10:42.846851,2025-01-05 23:00:39
order_00004634,cust_00000033,delivered,2025-07-28 11:53:56,2025-07-28 19:13:09.558417,2025-07-29 12:42:16.612477,2025-08-03 13:30:29.070726,2025-08-12 11:53:56
order_00004635,cust_00001697,canceled,2025-10-14 12:42:01,,,,2025-11-03 12:42:01
order_00004636,cust_00002723,delivered,2025-11-16 21:53:03,2025-11-16 23:18:12.206800,2025-11-18 07:55:29.078205,2025-11-24 12:22:04.561738,2025-12-06 21:53:03
order_00004637,cust_00001959,delivered,2025-10-08 02:14:09,2025-10-08 10:36:14.695695,2025-10-08 23:22:01.350284,2025-10-15 16:08:06.977525,2025-10-26 02:14:09
order_00004638,cust_00001609,delivered,2025-08-05 19:13:42,2025-08-06 03:13:39.458748,2025-08-08 22:30:24.123107,2025-08-13 11:20:29.024391,2025-08-25 19:13:42
order_00004639,cust_00000947,unavailable,2025-06-28 16:06:51,2025-06-28 20:14:25.070989,,,2025-07-16 16:06:51
order_00004640,cust_00001068,delivered,2024-07-16 13:37:05,2024-07-16 18:14:01.620044,2024-07-20 21:15:30.162900,2024-07-23 10:11:15.376915,2024-07-27 13:37:05
order_00004641,cust_00001030,shipped,2025-09-26 05:11:08,2025-09-26 11:40:53.530191,2025-09-28 23:26:35.783206,,2025-10-15 05:11:08
order_00004642,cust_00001321,delivered,2024-07-04 17:15:10,2024-07-04 23:47:54.570985,2024-07-05 18:10:17.504363,2024-07-09 00:44:57.307224,2024-07-21 17:15:10
order_00004643,cust_00001688,delivered,2024-02-10 20:04:42,2024-02-11 05:15:57.151580,2024-02-15 14:20:12.100863,2024-02-18 00:46:31.481450,2024-03-01 20:04:42
order_00004644,cust_00001204,unavailable,2025-08-26 11:31:57,2025-08-26 15:00:57.479612,,,2025-09-14 11:31:57
order_00004645,cust_00000665,delivered,2024-03-17 20:00:33,2024-03-17 21:42:50.920033,2024-03-23 07:55:15.340493,2024-04-10 16:12:45.415246,2024-04-06 20:00:33
order_00004646,cust_00002476,delivered,2024-10-15 18:00:38,2024-10-15 18:52:35.629173,2024-10-16 18:54:52.624466,2024-10-24 02:15:11.493912,2024-11-06 18:00:38
order_00004647,cust_00001530,delivered,2024-07-07 19:02:18,2024-07-08 07:59:03.489671,2024-07-10 15:45:36.779673,2024-07-21 00:09:49.045952,2024-08-01 19:02:18
order_00004648,cust_00002845,delivered,2024-05-27 19:27:05,2024-05-28 07:15:28.053514,2024-05-29 04:22:51.373716,2024-06-12 09:23:41.446911,2024-06-11 19:27:05
order_00004649,cust_00002193,delivered,2024-10-17 09:07:40,2024-10-17 14:46:13.119248,2024-10-18 14:06:47.692585,2024-10-23 07:15:14.066473,2024-11-01 09:07:40
order_00004650,cust_00000629,delivered,2025-04-25 06:07:28,2025-04-25 11:58:25.022333,2025-04-26 14:46:35.378800,2025-04-29 11:30:13.397472,2025-05-16 06:07:28
order_00004651,cust_00000530,delivered,2024-10-01 12:06:59,2024-10-01 15:15:23.398655,2024-10-11 10:47:40.326977,2024-10-12 22:18:03.179620,2024-10-19 12:06:59
order_00004652,cust_00000424,delivered,2025-02-17 08:00:53,2025-02-17 08:53:41.972804,2025-02-18 01:22:00.246160,2025-02-25 23:32:27.286945,2025-03-08 08:00:53
order_00004653,cust_00001266,delivered,2025-10-02 01:22:13,2025-10-02 07:10:24.927635,2025-10-04 04:32:00.256059,2025-10-12 17:15:13.357230,2025-10-19 01:22:13
order_00004654,cust_00000503,delivered,2025-04-04 04:53:14,2025-04-04 07:51:34.475252,2025-04-05 19:33:03.584717,2025-04-16 13:41:07.158765,2025-04-29 04:53:14
order_00004655,cust_00001853,delivered,2025-02-01 21:50:23,2025-02-01 23:05:32.552590,2025-02-02 15:17:33.803163,2025-02-08 17:01:31.989191,2025-02-17 21:50:23
order_00004656,cust_00001323,shipped,2024-05-17 02:59:17,2024-05-17 11:16:54.353499,2024-05-18 15:27:07.406862,,2024-06-04 02:59:17
order_00004657,cust_00000885,delivered,2024-09-17 17:25:14,2024-09-17 23:38:13.584346,2024-09-20 03:23:36.599830,2024-09-22 09:25:03.121339,2024-09-30 17:25:14
order_00004658,cust_00001411,delivered,2025-04-15 23:38:27,2025-04-16 01:13:55.401309,2025-04-18 15:30:06.324756,2025-04-23 16:22:12.028179,2025-05-09 23:38:27
order_00004659,cust_00002059,shipped,2024-12-23 18:44:27,2024-12-23 22:19:41.742517,2024-12-25 04:54:43.105870,,2025-01-14 18:44:27
order_00004660,cust_00002428,delivered,2025-03-17 02:27:46,2025-03-17 06:48:38.289857,2025-03-18 11:14:21.864575,2025-03-23 04:55:35.280030,2025-04-03 02:27:46
order_00004661,cust_00001582,delivered,2024-12-09 11:43:03,2024-12-09 17:18:20.162960,2024-12-14 10:04:33.712187,2024-12-17 16:21:41.935225,2024-12-29 11:43:03
order_00004662,cust_00001869,delivered,2025-11-08 03:34:26,2025-11-08 14:13:14.724978,2025-11-10 00:34:49.669459,2025-11-11 16:18:28.866098,2025-11-26 03:34:26
order_00004663,cust_00000926,canceled,2025-05-13 21:27:53,,,,2025-06-04 21:27:53
order_00004664,cust_00001251,delivered,2024-07-28 14:07:12,2024-07-28 16:10:40.121276,2024-07-29 08:03:29.663990,2024-08-02 21:18:22.978042,2024-08-21 14:07:12
order_00004665,cust_00002837,delivered,2025-09-17 21:46:12,2025-09-18 02:14:37.685506,2025-09-25 10:20:01.064471,2025-10-13 02:41:55.335797,2025-10-08 21:46:12
order_00004666,cust_00002039,delivered,2025-07-13 10:12:30,2025-07-13 14:29:27.964876,2025-07-16 15:42:08.952956,2025-07-19 00:11:50.911437,2025-07-30 10:12:30
order_00004667,cust_00002076,delivered,2024-05-27 03:31:08,2024-05-27 20:49:50.370259,2024-05-28 11:17:13.219695,2024-06-06 01:45:44.448895,2024-06-15 03:31:08
order_00004668,cust_00000281,delivered,2024-08-28 20:29:39,2024-08-29 00:25:41.830668,2024-08-31 04:57:37.430105,2024-09-09 07:36:20.414701,2024-09-16 20:29:39
order_00004669,cust_00001094,delivered,2024-10-19 00:38:06,2024-10-19 03:46:43.452810,2024-10-21 17:02:41.942384,2024-10-25 11:12:06.196775,2024-11-05 00:38:06
order_00004670,cust_00001029,delivered,2024-06-06 07:36:18,2024-06-06 10:09:39.279245,2024-06-07 04:46:42.081172,2024-06-16 07:29:25.629538,2024-06-22 07:36:18
order_00004671,cust_00001049,shipped,2025-05-09 09:17:18,2025-05-09 11:32:41.500772,2025-05-13 20:25:09.977858,,2025-05-18 09:17:18
order_00004672,cust_00000060,delivered,2025-05-31 17:57:31,2025-05-31 19:17:33.321729,2025-06-03 11:35:57.642113,2025-06-08 01:30:28.566328,2025-06-21 17:57:31
order_00004673,cust_00002192,delivered,2025-03-06 12:51:17,2025-03-06 17:13:50.552974,2025-03-07 23:39:49.290137,2025-03-10 12:57:11.638446,2025-03-26 12:51:17
order_00004674,cust_00000243,delivered,2024-12-04 00:19:49,2024-12-04 04:56:25.281673,2024-12-04 21:58:43.819896,2024-12-09 07:45:13.546381,2024-12-20 00:19:49
order_00004675,cust_00002908,delivered,2025-12-26 16:56:59,2025-12-27 04:13:53.023627,2025-12-30 01:33:30.799176,2026-01-01 21:30:28.986981,2026-01-12 16:56:59
order_00004676,cust_00001671,delivered,2025-06-28 23:21:55,2025-06-29 00:35:07.197934,2025-06-29 15:30:56.448362,2025-07-08 15:06:55.105488,2025-07-20 23:21:55
order_00004677,cust_00001636,delivered,2025-02-16 04:23:41,2025-02-16 10:39:28.394168,2025-02-17 12:23:16.976313,2025-02-27 14:20:37.701052,2025-03-17 04:23:41
order_00004678,cust_00002869,delivered,2024-08-10 13:33:42,2024-08-10 16:46:51.863049,2024-08-13 07:29:34.902785,2024-08-15 23:54:43.726201,2024-09-02 13:33:42
order_00004679,cust_00000484,delivered,2024-07-23 05:36:53,2024-07-23 18:00:49.098964,2024-07-25 19:44:21.523432,2024-07-29 09:56:45.299798,2024-08-13 05:36:53
order_00004680,cust_00000205,delivered,2025-07-05 16:20:36,2025-07-05 18:07:31.884643,2025-07-07 03:13:44.860153,2025-07-08 12:39:16.697057,2025-07-21 16:20:36
order_00004681,cust_00000450,delivered,2024-02-03 13:15:11,2024-02-03 22:34:41.644328,2024-02-05 08:23:01.897786,2024-03-06 20:51:32.702492,2024-02-20 13:15:11
order_00004682,cust_00001880,delivered,2024-04-06 06:00:57,2024-04-06 08:30:38.169198,2024-04-07 01:17:17.499958,2024-04-14 00:45:39.633235,2024-04-26 06:00:57
order_00004683,cust_00001522,delivered,2024-03-22 20:43:44,2024-03-23 03:48:13.680551,2024-03-23 23:54:27.991330,2024-04-02 10:21:44.761189,2024-04-09 20:43:44
order_00004684,cust_00002420,delivered,2024-02-18 14:35:05,2024-02-18 15:44:39.186537,2024-02-20 01:52:13.438317,2024-02-23 22:59:54.897136,2024-03-14 14:35:05
order_00004685,cust_00002315,delivered,2025-12-27 11:23:59,2025-12-27 13:53:33.818487,2025-12-29 18:03:21.207895,2026-01-03 10:43:01.734849,2026-01-24 11:23:59
order_00004686,cust_00002310,delivered,2024-07-03 23:44:05,2024-07-04 02:18:51.596447,2024-07-05 12:14:52.471287,2024-07-06 13:40:19.369606,2024-07-17 23:44:05
order_00004687,cust_00000526,delivered,2024-12-20 22:47:30,2024-12-21 05:54:04.855445,2024-12-21 23:09:15.575618,2025-01-03 14:13:15.563367,2025-01-08 22:47:30
order_00004688,cust_00001494,delivered,2025-03-16 05:21:31,2025-03-16 06:26:34.266794,2025-03-19 17:46:38.938153,2025-03-25 05:39:11.073309,2025-04-03 05:21:31
order_00004689,cust_00000478,delivered,2025-10-13 21:02:39,2025-10-14 01:59:21.879273,2025-10-14 23:31:08.965967,2025-10-21 19:17:13.916011,2025-10-31 21:02:39
order_00004690,cust_00001763,delivered,2024-02-25 20:57:02,2024-02-25 23:23:15.725498,2024-02-26 18:34:39.931973,2024-03-12 07:25:29.467206,2024-03-14 20:57:02
order_00004691,cust_00002257,shipped,2024-01-08 12:35:09,2024-01-08 17:19:32.467354,2024-01-14 16:05:57.946454,,2024-01-25 12:35:09
order_00004692,cust_00000156,delivered,2024-01-31 20:10:50,2024-01-31 23:37:27.895347,2024-02-04 22:02:12.042248,2024-02-07 19:21:47.414001,2024-02-21 20:10:50
order_00004693,cust_00000767,delivered,2024-01-06 04:23:02,2024-01-06 06:11:27.009385,2024-01-07 19:37:15.641764,2024-01-09 00:47:34.674848,2024-01-22 04:23:02
order_00004694,cust_00000953,delivered,2024-02-23 22:42:49,2024-02-24 01:36:21.548978,2024-02-27 23:02:58.432237,2024-03-06 09:45:49.721205,2024-03-19 22:42:49
order_00004695,cust_00002226,delivered,2024-12-31 07:20:10,2024-12-31 08:00:42.691521,2025-01-04 13:41:12.137171,2025-01-08 17:52:43.599337,2025-01-22 07:20:10
order_00004696,cust_00000576,shipped,2024-04-09 15:13:42,2024-04-09 22:36:32.899493,2024-04-11 11:40:09.270231,,2024-05-07 15:13:42
order_00004697,cust_00000070,delivered,2025-11-27 02:47:08,2025-11-27 03:17:12.836070,2025-11-29 22:30:12.028342,2025-12-02 06:30:03.278437,2025-12-14 02:47:08
order_00004698,cust_00002485,delivered,2024-04-20 23:00:25,2024-04-21 05:26:46.742066,2024-04-23 14:01:25.444449,2024-04-25 16:46:39.584247,2024-05-10 23:00:25
order_00004699,cust_00002795,delivered,2024-07-08 10:05:15,2024-07-08 13:49:17.537980,2024-07-09 12:48:53.255195,2024-07-14 14:30:34.622639,2024-07-29 10:05:15
order_00004700,cust_00001305,delivered,2024-05-03 04:26:26,2024-05-03 05:14:12.424419,2024-05-05 18:50:50.741539,2024-05-24 10:18:02.865837,2024-05-18 04:26:26
order_00004701,cust_00000628,delivered,2024-02-21 07:21:28,2024-02-21 09:08:37.208718,2024-02-22 16:08:38.097820,2024-02-25 09:11:31.435725,2024-03-14 07:21:28
order_00004702,cust_00001955,delivered,2025-06-26 09:29:18,2025-06-26 11:07:50.498921,2025-06-29 03:51:51.643363,2025-07-05 02:31:00.103129,2025-07-21 09:29:18
order_00004703,cust_00002045,delivered,2025-03-31 18:30:37,2025-03-31 21:04:29.958399,2025-04-04 19:04:30.918289,2025-04-08 06:39:50.697408,2025-04-13 18:30:37
order_00004704,cust_00001941,delivered,2025-08-22 14:30:18,2025-08-22 21:50:15.927076,2025-08-23 15:41:42.590033,2025-08-29 04:30:55.759324,2025-09-11 14:30:18
order_00004705,cust_00000138,delivered,2024-03-12 09:29:16,2024-03-12 10:04:47.392562,2024-03-13 21:41:39.978610,2024-03-16 01:42:52.908192,2024-04-01 09:29:16
order_00004706,cust_00000835,delivered,2025-12-23 01:55:47,2025-12-23 11:46:22.408939,2025-12-25 05:05:30.887647,2025-12-27 17:20:20.426195,2026-01-08 01:55:47
order_00004707,cust_00000591,delivered,2024-06-02 22:50:06,2024-06-03 03:28:45.342285,2024-06-04 21:11:28.458368,2024-06-11 09:59:59.187821,2024-06-20 22:50:06
order_00004708,cust_00000248,delivered,2024-03-16 07:05:29,2024-03-16 15:16:30.490349,2024-03-18 14:48:43.786741,2024-03-23 12:34:56.553041,2024-03-29 07:05:29
order_00004709,cust_00000949,delivered,2025-11-03 10:35:53,2025-11-03 15:04:25.820376,2025-11-05 06:14:59.123785,2025-11-13 01:32:44.170639,2025-11-22 10:35:53
order_00004710,cust_00001663,delivered,2024-02-16 14:45:51,2024-02-16 17:55:21.380780,2024-02-19 13:15:52.686011,2024-02-26 00:04:24.122741,2024-02-28 14:45:51
order_00004711,cust_00000926,delivered,2025-07-22 23:10:59,2025-07-24 03:02:34.597142,2025-07-25 06:13:19.002552,2025-07-26 20:01:33.074121,2025-08-12 23:10:59
order_00004712,cust_00000858,delivered,2025-05-29 09:33:47,2025-05-29 14:45:14.629366,2025-05-30 21:56:40.207823,2025-06-01 02:54:11.220158,2025-06-19 09:33:47
order_00004713,cust_00002657,delivered,2025-07-12 20:47:56,2025-07-13 02:17:19.963033,2025-07-15 18:02:42.881274,2025-07-29 05:22:14.048412,2025-08-04 20:47:56
order_00004714,cust_00002504,delivered,2025-05-14 14:38:35,2025-05-14 15:35:10.178919,2025-05-17 02:15:23.923574,2025-05-21 16:08:11.436182,2025-06-05 14:38:35
order_00004715,cust_00000662,delivered,2024-01-04 22:56:10,2024-01-05 01:15:53.820645,2024-01-06 22:47:22.661889,2024-01-11 20:14:49.891816,2024-01-21 22:56:10
order_00004716,cust_00001225,delivered,2024-09-22 18:24:32,2024-09-22 19:24:10.810386,2024-09-26 11:15:36.656466,2024-09-30 14:12:49.036268,2024-10-18 18:24:32
order_00004717,cust_00000624,delivered,2024-11-08 23:07:34,2024-11-09 01:06:30.943952,2024-11-10 20:56:04.157695,2024-11-22 03:09:41.936961,2024-11-23 23:07:34
order_00004718,cust_00000283,delivered,2024-07-21 16:20:28,2024-07-21 18:53:43.579758,2024-07-22 08:13:37.934188,2024-07-27 22:33:17.550860,2024-08-06 16:20:28
order_00004719,cust_00000053,delivered,2025-06-20 02:41:20,2025-06-20 07:36:35.440183,2025-06-22 15:02:58.980689,2025-06-27 07:53:27.555149,2025-07-09 02:41:20
order_00004720,cust_00001593,delivered,2025-05-01 07:04:25,2025-05-01 15:43:04.254530,2025-05-03 17:56:46.215626,2025-05-05 13:03:34.614450,2025-05-21 07:04:25
order_00004721,cust_00001493,processing,2024-07-29 12:19:49,2024-07-29 15:17:23.759441,,,2024-08-25 12:19:49
order_00004722,cust_00001028,delivered,2025-07-17 08:25:57,2025-07-17 18:57:27.322301,2025-07-18 16:15:10.717682,2025-07-22 15:57:37.082656,2025-08-12 08:25:57
order_00004723,cust_00000244,delivered,2024-02-18 20:46:32,2024-02-19 02:04:34.396501,2024-02-22 00:52:18.404710,2024-02-27 14:13:43.495498,2024-03-12 20:46:32
order_00004724,cust_00002817,delivered,2025-01-11 09:05:37,2025-01-11 12:05:31.772516,2025-01-12 08:40:04.293207,2025-01-17 19:03:59.612974,2025-01-31 09:05:37
order_00004725,cust_00000725,shipped,2025-12-02 21:54:53,2025-12-03 02:44:53.089063,2025-12-05 08:32:00.743317,,2025-12-18 21:54:53
order_00004726,cust_00000632,delivered,2025-06-16 01:09:53,2025-06-16 20:40:39.722229,2025-06-25 02:07:02.484246,2025-07-06 20:57:48.285392,2025-07-07 01:09:53
order_00004727,cust_00002745,delivered,2025-02-07 22:20:22,2025-02-08 04:39:28.884485,2025-02-09 05:33:00.202321,2025-02-24 20:11:04.753131,2025-02-22 22:20:22
order_00004728,cust_00000268,delivered,2024-09-03 00:12:05,2024-09-03 01:19:59.062681,2024-09-03 22:50:42.576936,2024-09-21 10:49:11.703317,2024-09-19 00:12:05
order_00004729,cust_00002449,delivered,2024-09-28 20:31:37,2024-09-28 22:28:06.667210,2024-10-01 14:59:11.060799,2024-10-06 07:03:58.831268,2024-10-22 20:31:37
order_00004730,cust_00002524,delivered,2024-09-01 11:53:20,2024-09-01 18:24:56.493562,2024-09-04 08:22:01.003961,2024-09-08 23:13:25.868903,2024-09-21 11:53:20
order_00004731,cust_00002571,delivered,2025-10-30 17:36:20,2025-10-30 21:03:08.823286,2025-10-31 19:13:50.387599,2025-11-02 16:43:16.137795,2025-11-20 17:36:20
order_00004732,cust_00001032,delivered,2025-09-08 23:36:20,2025-09-09 00:36:11.440565,2025-09-09 18:25:31.680884,2025-09-13 09:44:25.068387,2025-09-23 23:36:20
order_00004733,cust_00000703,delivered,2024-07-21 12:40:49,2024-07-21 14:24:33.858497,2024-07-30 18:37:55.284643,2024-08-02 11:07:04.064499,2024-08-15 12:40:49
order_00004734,cust_00000933,unavailable,2025-08-30 21:48:41,2025-08-31 01:22:56.368930,,,2025-09-16 21:48:41
order_00004735,cust_00002630,delivered,2025-09-03 13:02:03,2025-09-03 15:01:24.984864,2025-09-06 06:23:14.032574,2025-09-21 06:11:41.317737,2025-09-25 13:02:03
order_00004736,cust_00002630,invoiced,2025-05-20 14:20:10,2025-05-20 15:22:15.098649,,,2025-06-03 14:20:10
order_00004737,cust_00000102,delivered,2025-10-15 06:30:58,2025-10-15 08:28:18.949715,2025-10-15 20:28:47.221611,2025-10-20 03:08:09.896819,2025-10-29 06:30:58
order_00004738,cust_00001972,delivered,2024-07-06 00:52:40,2024-07-06 17:07:11.150537,2024-07-08 15:39:38.178293,2024-07-10 07:36:30.807773,2024-07-22 00:52:40
order_00004739,cust_00000652,delivered,2024-12-29 09:07:42,2024-12-29 19:57:05.150743,2025-01-01 04:49:22.750104,2025-01-03 16:43:39.844157,2025-01-19 09:07:42
order_00004740,cust_00002866,delivered,2025-03-27 11:03:49,2025-03-27 17:47:45.916896,2025-03-29 08:16:33.262318,2025-03-30 22:22:34.331621,2025-04-21 11:03:49
order_00004741,cust_00002452,delivered,2025-12-02 09:38:00,2025-12-02 16:55:25.124125,2025-12-05 00:38:15.370346,2025-12-06 03:22:53.091809,2025-12-22 09:38:00
order_00004742,cust_00002450,processing,2024-11-25 22:15:31,2024-11-25 23:06:58.600713,,,2024-12-10 22:15:31
order_00004743,cust_00001554,delivered,2024-10-24 11:59:08,2024-10-24 13:32:40.163665,2024-10-29 23:54:50.751236,2024-11-02 07:15:14.998984,2024-11-13 11:59:08
order_00004744,cust_00000838,delivered,2024-05-28 09:08:02,2024-05-28 12:25:38.907283,2024-05-29 01:48:33.747930,2024-06-06 04:42:00.766241,2024-06-18 09:08:02
order_00004745,cust_00000061,canceled,2024-06-16 17:25:48,,,,2024-07-13 17:25:48
order_00004746,cust_00002458,delivered,2024-12-15 07:20:07,2024-12-15 20:33:42.581071,2024-12-16 10:39:35.688452,2024-12-26 04:43:47.686852,2025-01-05 07:20:07
order_00004747,cust_00000893,delivered,2025-03-16 05:10:24,2025-03-16 07:48:31.562869,2025-03-18 09:51:21.657358,2025-03-31 00:22:05.674547,2025-03-29 05:10:24
order_00004748,cust_00000718,delivered,2024-01-29 03:21:13,2024-01-29 07:15:10.684009,2024-01-30 07:39:06.086225,2024-02-05 18:58:21.960189,2024-02-19 03:21:13
order_00004749,cust_00002478,delivered,2025-04-19 17:57:26,2025-04-19 21:44:40.630625,2025-04-21 10:48:43.421956,2025-04-24 21:50:08.729452,2025-05-10 17:57:26
order_00004750,cust_00001975,delivered,2024-02-27 12:07:56,2024-02-27 20:28:42.706211,2024-02-29 20:07:12.491322,2024-03-02 04:23:24.789759,2024-03-21 12:07:56
order_00004751,cust_00000981,shipped,2024-09-21 07:46:03,2024-09-21 08:55:03.544440,2024-09-22 03:15:44.332569,,2024-10-09 07:46:03
order_00004752,cust_00001560,delivered,2025-12-15 13:41:28,2025-12-16 06:21:02.445954,2025-12-17 22:25:27.020932,2025-12-19 13:18:31.448684,2026-01-08 13:41:28
order_00004753,cust_00002757,delivered,2024-01-30 11:00:17,2024-01-30 17:11:00.866663,2024-01-31 10:18:51.901610,2024-02-02 03:51:14.764638,2024-02-20 11:00:17
order_00004754,cust_00001601,delivered,2025-07-08 11:29:04,2025-07-08 12:24:14.967306,2025-07-11 17:26:50.945953,2025-07-14 13:54:03.983927,2025-07-24 11:29:04
order_00004755,cust_00000014,delivered,2024-04-03 07:16:14,2024-04-03 10:04:34.436724,2024-04-08 00:10:45.754501,2024-04-09 11:44:42.680495,2024-04-23 07:16:14
order_00004756,cust_00002441,delivered,2024-04-18 22:53:52,2024-04-19 01:10:46.055588,2024-04-21 02:32:24.492790,2024-04-26 04:19:36.932275,2024-04-29 22:53:52
order_00004757,cust_00002642,delivered,2025-09-09 06:53:59,2025-09-09 13:58:00.886005,2025-09-11 11:58:44.286466,2025-09-12 20:48:09.262268,2025-09-28 06:53:59
order_00004758,cust_00001857,delivered,2025-11-18 14:39:43,2025-11-18 19:37:50.901560,2025-11-21 13:11:17.274961,2025-11-26 19:48:36.373469,2025-12-08 14:39:43
order_00004759,cust_00000531,delivered,2025-05-01 10:03:21,2025-05-01 16:24:30.167123,2025-05-02 20:25:51.909063,2025-05-09 17:21:57.595786,2025-05-12 10:03:21
order_00004760,cust_00001609,delivered,2025-05-24 04:31:11,2025-05-24 14:51:52.642467,2025-05-25 17:08:46.034051,2025-06-05 03:48:21.231496,2025-06-18 04:31:11
order_00004761,cust_00002818,delivered,2025-06-16 22:12:30,2025-06-17 02:01:40.108296,2025-06-17 18:30:45.925829,2025-06-20 15:36:02.798736,2025-06-30 22:12:30
order_00004762,cust_00001857,delivered,2024-03-10 17:11:11,2024-03-10 18:17:03.875538,2024-03-12 20:26:59.790962,2024-03-20 16:20:44.918307,2024-03-31 17:11:11
order_00004763,cust_00002527,unavailable,2025-08-08 20:53:13,2025-08-09 01:19:50.485757,,,2025-09-02 20:53:13
order_00004764,cust_00000123,delivered,2024-04-23 06:58:38,2024-04-23 09:06:18.677577,2024-05-02 10:12:15.798987,2024-05-13 10:15:51.439380,2024-05-15 06:58:38
order_00004765,cust_00000316,delivered,2025-05-06 01:41:57,2025-05-06 06:33:41.817186,2025-05-07 11:40:59.409611,2025-05-18 02:21:12.545114,2025-05-27 01:41:57
order_00004766,cust_00001647,delivered,2025-04-09 22:45:18,2025-04-10 02:10:28.926916,2025-04-10 17:32:42.517040,2025-04-12 19:56:22.716851,2025-04-28 22:45:18
order_00004767,cust_00000944,delivered,2025-06-07 18:13:57,2025-06-07 20:11:47.805770,2025-06-14 16:44:38.079167,2025-06-17 08:18:37.394150,2025-06-27 18:13:57
order_00004768,cust_00001798,delivered,2025-09-28 16:05:27,2025-09-28 19:40:17.848409,2025-09-30 23:12:36.371251,2025-10-04 21:26:26.746123,2025-10-19 16:05:27
order_00004769,cust_00001384,delivered,2025-09-09 10:32:12,2025-09-09 16:07:28.208910,2025-09-10 13:27:54.866052,2025-09-12 21:30:16.685673,2025-09-23 10:32:12
order_00004770,cust_00000931,delivered,2024-03-01 23:13:16,2024-03-01 23:50:41.894124,2024-03-03 10:27:59.679059,2024-03-13 15:37:08.844471,2024-03-21 23:13:16
order_00004771,cust_00000695,delivered,2024-11-02 04:30:43,2024-11-02 20:21:58.425035,2024-11-04 05:33:48.842239,2024-11-17 23:13:54.432200,2024-11-17 04:30:43
order_00004772,cust_00000931,delivered,2024-02-16 17:03:41,2024-02-16 18:37:44.998602,2024-02-17 14:30:09.412207,2024-03-01 04:00:47.173181,2024-03-03 17:03:41
order_00004773,cust_00002543,delivered,2025-02-16 13:24:52,2025-02-16 22:19:43.062720,2025-02-17 16:11:36.204993,2025-02-22 15:15:14.185336,2025-03-13 13:24:52
order_00004774,cust_00002119,delivered,2024-05-15 19:58:15,2024-05-15 21:01:52.236162,2024-05-16 09:57:19.345185,2024-05-19 14:27:23.448217,2024-05-27 19:58:15
order_00004775,cust_00002069,delivered,2024-07-22 03:10:37,2024-07-22 05:56:49.897519,2024-07-23 23:56:22.657543,2024-07-25 00:07:54.856230,2024-08-16 03:10:37
order_00004776,cust_00000118,delivered,2024-10-02 23:39:21,2024-10-03 03:24:19.771281,2024-10-07 13:00:15.352228,2024-10-09 16:11:44.490517,2024-10-20 23:39:21
order_00004777,cust_00001719,delivered,2025-06-16 19:43:17,2025-06-17 00:57:15.146097,2025-06-21 23:40:47.016625,2025-06-23 05:19:43.174038,2025-07-06 19:43:17
order_00004778,cust_00002809,delivered,2024-03-26 05:52:17,2024-03-26 07:35:58.119712,2024-03-28 20:57:42.996741,2024-03-31 02:26:03.735226,2024-04-17 05:52:17
order_00004779,cust_00002349,delivered,2024-09-15 19:03:55,2024-09-16 01:37:28.469355,2024-09-17 00:55:25.893673,2024-09-21 14:02:04.220878,2024-10-07 19:03:55
order_00004780,cust_00001148,delivered,2024-04-04 00:05:43,2024-04-04 11:23:52.622293,2024-04-05 12:19:56.269009,2024-04-07 15:58:58.816493,2024-04-21 00:05:43
order_00004781,cust_00001529,delivered,2025-05-25 12:45:40,2025-05-25 16:19:54.062080,2025-06-02 02:59:56.006439,2025-06-04 13:43:41.285750,2025-06-15 12:45:40
order_00004782,cust_00002045,delivered,2024-02-20 19:59:43,2024-02-20 22:37:44.158986,2024-02-25 06:13:09.256287,2024-03-01 01:34:02.473611,2024-03-15 19:59:43
order_00004783,cust_00001838,shipped,2025-05-02 11:23:56,2025-05-02 16:12:25.748667,2025-05-06 10:33:17.224615,,2025-05-22 11:23:56
order_00004784,cust_00001342,delivered,2025-02-04 17:30:12,2025-02-04 18:59:37.608801,2025-02-05 20:49:00.908178,2025-02-11 01:49:28.537305,2025-02-27 17:30:12
order_00004785,cust_00001170,delivered,2025-02-04 19:46:19,2025-02-05 01:03:32.206837,2025-02-09 04:14:52.180325,2025-02-22 08:42:58.985997,2025-02-24 19:46:19
order_00004786,cust_00002512,delivered,2024-12-26 16:59:53,2024-12-26 18:07:32.969911,2024-12-29 22:33:08.812813,2025-01-01 06:25:11.743343,2025-01-08 16:59:53
order_00004787,cust_00000850,delivered,2025-10-19 17:35:59,2025-10-19 21:33:53.698288,2025-10-25 20:57:33.899880,2025-10-27 10:19:30.220060,2025-11-08 17:35:59
order_00004788,cust_00002191,delivered,2025-10-22 12:01:05,2025-10-23 06:12:50.957704,2025-10-24 01:07:48.505498,2025-10-30 22:42:55.776816,2025-11-03 12:01:05
order_00004789,cust_00002175,delivered,2025-09-10 04:15:53,2025-09-10 08:29:43.480109,2025-09-11 01:57:44.346897,2025-09-22 23:12:56.827450,2025-09-30 04:15:53
order_00004790,cust_00002301,delivered,2024-11-01 12:19:49,2024-11-01 14:56:08.404105,2024-11-02 23:57:00.012646,2024-11-05 09:55:15.533846,2024-11-17 12:19:49
order_00004791,cust_00000061,delivered,2025-01-24 11:00:48,2025-01-24 11:42:45.422303,2025-01-26 03:22:57.161517,2025-01-27 04:20:55.279060,2025-02-13 11:00:48
order_00004792,cust_00000243,delivered,2024-03-18 20:17:38,2024-03-19 09:23:23.675608,2024-03-22 19:52:25.116933,2024-03-27 06:34:24.820802,2024-04-02 20:17:38
order_00004793,cust_00001080,delivered,2025-04-12 02:37:51,2025-04-12 06:14:52.087009,2025-04-13 09:51:02.308176,2025-04-15 19:21:46.657143,2025-05-01 02:37:51
order_00004794,cust_00001395,delivered,2024-02-24 08:38:38,2024-02-24 10:54:47.928400,2024-02-26 01:49:17.157249,2024-02-28 12:28:21.676304,2024-03-17 08:38:38
order_00004795,cust_00000122,delivered,2025-07-04 11:15:02,2025-07-04 16:19:12.181738,2025-07-07 07:19:23.070313,2025-07-14 15:45:18.573999,2025-07-16 11:15:02
order_00004796,cust_00002668,delivered,2025-10-07 20:05:35,2025-10-07 21:01:19.239164,2025-10-10 14:26:28.732496,2025-10-14 04:12:21.448663,2025-10-28 20:05:35
order_00004797,cust_00000072,delivered,2024-05-19 00:59:18,2024-05-19 02:19:40.259589,2024-05-20 10:30:32.338322,2024-05-31 15:06:28.466821,2024-06-12 00:59:18
order_00004798,cust_00002229,delivered,2025-05-14 01:01:47,2025-05-15 00:01:31.852881,2025-05-17 15:26:54.882427,2025-05-19 08:39:32.635479,2025-06-07 01:01:47
order_00004799,cust_00000921,delivered,2025-03-31 07:59:02,2025-03-31 09:10:26.369904,2025-03-31 22:38:40.044037,2025-04-10 17:15:08.080577,2025-04-19 07:59:02
order_00004800,cust_00000514,delivered,2025-08-02 14:12:05,2025-08-03 03:38:59.949168,2025-08-04 19:01:37.158766,2025-08-06 05:50:09.147007,2025-08-18 14:12:05
order_00004801,cust_00002294,delivered,2024-12-06 15:51:52,2024-12-06 21:39:29.418527,2024-12-10 10:04:40.471911,2024-12-11 11:10:14.242623,2024-12-15 15:51:52
order_00004802,cust_00001538,delivered,2025-09-10 19:07:48,2025-09-11 02:45:13.927734,2025-09-13 00:49:48.241640,2025-10-01 11:59:33.098391,2025-09-23 19:07:48
order_00004803,cust_00001661,delivered,2024-07-23 21:48:18,2024-07-24 00:53:04.010420,2024-07-25 07:16:26.370932,2024-08-02 23:40:27.871732,2024-08-15 21:48:18
order_00004804,cust_00001528,delivered,2024-05-29 02:25:29,2024-05-29 05:00:33.570937,2024-05-29 23:46:22.573424,2024-06-05 21:31:29.740521,2024-06-14 02:25:29
order_00004805,cust_00001139,delivered,2025-03-08 06:32:22,2025-03-08 11:32:03.541235,2025-03-09 12:56:41.785909,2025-03-20 20:38:30.035100,2025-03-25 06:32:22
order_00004806,cust_00000087,shipped,2025-02-28 20:57:19,2025-03-01 21:36:22.283241,2025-03-03 01:11:34.742713,,2025-03-15 20:57:19
order_00004807,cust_00000173,delivered,2024-09-10 12:59:26,2024-09-10 14:04:10.307952,2024-09-15 00:55:21.664939,2024-09-19 15:00:38.132872,2024-09-21 12:59:26
order_00004808,cust_00001642,delivered,2024-04-09 03:54:41,2024-04-09 14:34:18.125536,2024-04-11 08:45:43.185202,2024-04-13 07:50:23.984778,2024-04-26 03:54:41
order_00004809,cust_00001118,delivered,2024-04-09 19:02:52,2024-04-10 01:52:00.213344,2024-04-11 03:29:48.447346,2024-04-15 16:33:08.325883,2024-05-08 19:02:52
order_00004810,cust_00001259,delivered,2024-12-26 03:08:16,2024-12-26 05:26:31.450204,2024-12-30 14:28:17.635594,2025-01-01 22:41:23.220642,2025-01-17 03:08:16
order_00004811,cust_00000819,delivered,2025-01-02 12:47:46,2025-01-02 22:17:47.989826,2025-01-05 02:42:53.298602,2025-01-17 05:02:23.691913,2025-01-18 12:47:46
order_00004812,cust_00001045,shipped,2024-08-05 14:04:17,2024-08-05 16:51:09.319656,2024-08-09 04:27:00.215155,,2024-08-24 14:04:17
order_00004813,cust_00000824,delivered,2024-03-31 19:12:14,2024-03-31 21:48:24.919485,2024-04-02 12:48:15.385320,2024-04-04 12:14:29.516636,2024-04-20 19:12:14
order_00004814,cust_00002418,unavailable,2025-08-27 09:29:57,2025-08-27 20:07:57.184149,,,2025-09-11 09:29:57
order_00004815,cust_00000846,delivered,2025-03-05 04:48:50,2025-03-05 08:31:51.122791,2025-03-06 15:45:20.852839,2025-03-09 13:19:14.527988,2025-03-21 04:48:50
order_00004816,cust_00001651,delivered,2024-04-10 09:13:18,2024-04-10 14:47:16.643959,2024-04-12 02:50:28.647367,2024-04-13 05:20:00.882937,2024-05-04 09:13:18
order_00004817,cust_00000213,delivered,2024-10-17 13:27:22,2024-10-17 22:57:19.552872,2024-10-20 08:21:10.335281,2024-10-22 05:37:42.334523,2024-11-02 13:27:22
order_00004818,cust_00000530,processing,2025-11-21 01:33:46,2025-11-21 10:52:25.402297,,,2025-12-05 01:33:46
order_00004819,cust_00002189,delivered,2025-09-23 13:53:48,2025-09-23 20:30:44.501589,2025-09-24 12:29:37.949024,2025-09-29 08:26:43.496005,2025-10-23 13:53:48
order_00004820,cust_00000591,delivered,2024-03-09 17:56:49,2024-03-09 18:39:26.230785,2024-03-15 10:36:39.864764,2024-03-19 11:59:36.002028,2024-03-31 17:56:49
order_00004821,cust_00001402,delivered,2025-04-12 14:56:23,2025-04-12 17:53:49.247294,2025-04-13 19:22:24.165823,2025-04-16 19:11:34.349371,2025-05-06 14:56:23
order_00004822,cust_00000980,delivered,2024-02-12 21:52:50,2024-02-13 05:12:03.530872,2024-02-13 18:49:25.975502,2024-02-27 07:26:54.036071,2024-02-25 21:52:50
order_00004823,cust_00002432,delivered,2024-08-18 01:40:00,2024-08-18 03:29:29.792857,2024-08-18 21:26:33.625607,2024-09-05 15:17:14.720121,2024-09-04 01:40:00
order_00004824,cust_00002878,delivered,2025-12-07 21:27:33,2025-12-08 04:22:38.860910,2025-12-09 00:46:58.403695,2025-12-17 11:42:11.739961,2025-12-26 21:27:33
order_00004825,cust_00001520,delivered,2025-05-20 17:26:54,2025-05-21 03:26:50.450238,2025-05-23 08:42:29.222192,2025-05-25 20:02:33.240943,2025-06-06 17:26:54
order_00004826,cust_00000530,delivered,2024-11-01 16:28:05,2024-11-01 22:08:19.676677,2024-11-02 11:56:57.997060,2024-11-03 20:02:53.579662,2024-11-17 16:28:05
order_00004827,cust_00002527,delivered,2024-09-14 10:59:19,2024-09-14 14:18:11.290947,2024-09-16 22:07:11.764583,2024-09-24 19:35:06.274004,2024-10-02 10:59:19
order_00004828,cust_00000179,delivered,2024-01-22 03:45:25,2024-01-22 14:14:32.733954,2024-01-24 00:12:33.649902,2024-01-29 05:54:20.751833,2024-02-10 03:45:25
order_00004829,cust_00000316,delivered,2025-03-17 20:04:29,2025-03-18 07:18:48.243520,2025-03-21 21:48:36.605934,2025-03-27 07:17:45.870578,2025-04-06 20:04:29
order_00004830,cust_00000125,delivered,2024-01-03 13:40:59,2024-01-03 14:53:52.875408,2024-01-04 23:17:26.004489,2024-01-07 04:35:07.399357,2024-01-21 13:40:59
order_00004831,cust_00002641,delivered,2024-12-29 09:07:38,2024-12-29 11:07:05.739335,2024-12-30 04:02:38.012558,2025-01-15 19:25:37.874879,2025-01-22 09:07:38
order_00004832,cust_00002897,delivered,2025-08-10 03:30:41,2025-08-10 07:32:18.178223,2025-08-12 02:43:34.616216,2025-08-13 16:08:17.203453,2025-08-29 03:30:41
order_00004833,cust_00002589,delivered,2024-04-03 23:26:18,2024-04-04 13:31:48.534776,2024-04-05 15:28:02.157378,2024-04-25 01:59:09.363915,2024-04-20 23:26:18
order_00004834,cust_00001113,delivered,2024-04-08 11:07:18,2024-04-08 15:10:04.228839,2024-04-10 07:53:16.988695,2024-04-16 19:03:23.599207,2024-04-28 11:07:18
order_00004835,cust_00001482,delivered,2024-06-23 04:45:47,2024-06-23 05:26:50.433114,2024-06-29 15:34:29.158139,2024-07-06 12:23:15.827808,2024-07-09 04:45:47
order_00004836,cust_00001959,delivered,2024-12-12 07:48:21,2024-12-12 09:11:26.105024,2024-12-13 22:46:53.325591,2024-12-23 20:32:24.628004,2024-12-31 07:48:21
order_00004837,cust_00000242,delivered,2024-02-19 22:51:17,2024-02-20 02:54:53.958603,2024-02-22 19:07:38.028626,2024-02-24 13:09:39.450313,2024-03-05 22:51:17
order_00004838,cust_00002363,delivered,2024-06-11 06:57:09,2024-06-11 10:44:19.440897,2024-06-13 10:20:43.318959,2024-06-23 15:41:15.566371,2024-06-23 06:57:09
order_00004839,cust_00001783,delivered,2025-09-01 20:26:18,2025-09-01 22:19:59.408803,2025-09-05 03:34:03.435049,2025-09-12 00:24:14.361276,2025-09-24 20:26:18
order_00004840,cust_00000896,delivered,2024-05-30 14:42:56,2024-05-30 19:46:38.353767,2024-06-01 02:41:58.978429,2024-06-04 18:52:10.025495,2024-06-18 14:42:56
order_00004841,cust_00001909,delivered,2025-12-18 15:27:01,2025-12-18 18:32:52.909125,2025-12-21 22:03:07.648435,2025-12-26 04:21:32.089786,2026-01-12 15:27:01
order_00004842,cust_00000076,delivered,2024-08-06 05:22:20,2024-08-06 09:40:02.892882,2024-08-12 05:13:07.596719,2024-08-15 08:09:49.837846,2024-08-21 05:22:20
order_00004843,cust_00001068,canceled,2024-05-12 10:20:50,,,,2024-05-30 10:20:50
order_00004844,cust_00000442,delivered,2024-08-15 19:54:07,2024-08-16 01:54:00.838419,2024-08-17 14:25:14.034896,2024-08-18 23:37:17.957417,2024-09-02 19:54:07
order_00004845,cust_00002117,delivered,2025-11-18 15:29:57,2025-11-18 17:30:00.104362,2025-11-19 20:49:03.777625,2025-11-30 04:13:04.434869,2025-12-12 15:29:57
order_00004846,cust_00002961,delivered,2025-10-02 16:56:46,2025-10-02 22:32:15.656501,2025-10-04 09:48:18.138326,2025-10-10 03:27:38.311649,2025-10-20 16:56:46
order_00004847,cust_00001974,delivered,2025-02-28 03:56:06,2025-02-28 10:52:35.153687,2025-03-01 21:53:09.436470,2025-03-05 13:02:33.274481,2025-03-28 03:56:06
order_00004848,cust_00001429,delivered,2024-05-20 16:39:44,2024-05-20 17:32:18.971720,2024-05-25 06:38:55.890504,2024-05-31 13:46:01.517810,2024-06-11 16:39:44
order_00004849,cust_00000912,delivered,2024-07-29 02:48:43,2024-07-29 06:20:12.168883,2024-07-30 10:23:12.487078,2024-08-01 00:32:28.251671,2024-08-16 02:48:43
order_00004850,cust_00000713,delivered,2025-06-12 04:48:19,2025-06-12 12:55:27.970129,2025-06-13 12:00:18.720330,2025-06-16 07:13:24.317871,2025-07-02 04:48:19
order_00004851,cust_00000983,shipped,2024-02-07 16:57:27,2024-02-07 17:47:17.035934,2024-02-11 22:30:17.345490,,2024-02-28 16:57:27
order_00004852,cust_00000765,delivered,2025-08-22 19:50:56,2025-08-23 04:48:30.129418,2025-08-25 07:27:44.708328,2025-08-28 17:07:06.799250,2025-09-08 19:50:56
order_00004853,cust_00000390,delivered,2025-02-06 16:55:28,2025-02-06 21:08:16.295241,2025-02-08 15:00:24.785546,2025-02-24 17:37:20.191200,2025-02-17 16:55:28
order_00004854,cust_00002697,delivered,2024-05-20 19:09:32,2024-05-21 00:13:36.922814,2024-05-21 14:09:39.612086,2024-05-24 14:35:12.108121,2024-06-05 19:09:32
order_00004855,cust_00000094,delivered,2025-06-10 10:03:47,2025-06-10 11:47:28.602782,2025-06-12 21:40:56.089695,2025-06-16 18:25:01.018649,2025-06-26 10:03:47
order_00004856,cust_00000426,delivered,2024-06-17 12:11:46,2024-06-17 21:11:41.682232,2024-06-18 14:02:13.444222,2024-07-10 01:42:31.278770,2024-07-06 12:11:46
order_00004857,cust_00001050,delivered,2025-06-10 18:12:26,2025-06-11 01:07:39.519999,2025-06-13 04:38:39.425999,2025-06-17 06:13:56.960905,2025-07-07 18:12:26
order_00004858,cust_00002198,delivered,2025-03-23 06:53:46,2025-03-23 12:45:54.246348,2025-03-25 06:45:09.225863,2025-03-26 13:34:51.026860,2025-04-16 06:53:46
order_00004859,cust_00002332,delivered,2025-06-26 02:01:14,2025-06-26 11:50:12.726458,2025-06-27 02:22:53.211636,2025-07-14 17:59:04.622809,2025-07-13 02:01:14
order_00004860,cust_00000120,delivered,2024-03-23 20:01:00,2024-03-23 23:07:41.829472,2024-03-25 02:39:34.520307,2024-03-30 07:50:59.168240,2024-04-09 20:01:00
order_00004861,cust_00001768,delivered,2024-12-05 17:51:42,2024-12-05 22:46:13.646051,2024-12-12 05:31:20.607188,2024-12-28 23:40:41.457449,2024-12-18 17:51:42
order_00004862,cust_00001295,delivered,2024-04-05 08:26:17,2024-04-05 09:23:23.439656,2024-04-06 06:22:52.978267,2024-04-10 03:46:39.755788,2024-04-21 08:26:17
order_00004863,cust_00000479,delivered,2025-11-04 17:37:51,2025-11-05 00:14:14.433890,2025-11-07 08:31:48.078336,2025-11-20 03:20:19.739904,2025-11-17 17:37:51
order_00004864,cust_00000874,delivered,2024-12-23 08:33:17,2024-12-23 11:41:06.872894,2024-12-25 21:49:04.379309,2024-12-30 05:22:32.591651,2025-01-12 08:33:17
order_00004865,cust_00000559,delivered,2024-10-11 01:58:35,2024-10-11 05:41:45.089310,2024-10-12 13:08:58.329009,2024-10-19 06:06:51.840707,2024-10-26 01:58:35
order_00004866,cust_00000655,delivered,2025-02-14 06:30:19,2025-02-14 15:07:34.750564,2025-02-15 08:32:04.803239,2025-02-19 08:25:26.583636,2025-03-07 06:30:19
order_00004867,cust_00000286,shipped,2024-08-01 17:14:08,2024-08-02 02:40:50.749607,2024-08-02 17:45:57.388739,,2024-08-22 17:14:08
order_00004868,cust_00002900,delivered,2024-06-15 13:44:40,2024-06-15 17:57:49.489374,2024-06-17 19:22:33.350083,2024-06-27 11:58:10.562579,2024-06-29 13:44:40
order_00004869,cust_00002108,delivered,2024-04-12 21:25:03,2024-04-12 23:56:28.889492,2024-04-13 21:14:10.111076,2024-04-21 16:32:06.442109,2024-04-27 21:25:03
order_00004870,cust_00001319,delivered,2025-08-22 20:16:14,2025-08-23 00:28:11.990486,2025-08-23 13:19:48.533903,2025-09-07 09:35:12.567841,2025-09-14 20:16:14
order_00004871,cust_00000709,shipped,2024-09-29 03:22:04,2024-09-29 12:47:36.208096,2024-09-30 13:11:17.331227,,2024-10-15 03:22:04
order_00004872,cust_00002063,delivered,2024-09-09 19:26:04,2024-09-10 02:07:41.658437,2024-09-11 08:03:06.920897,2024-09-18 21:41:45.257445,2024-09-25 19:26:04
order_00004873,cust_00000742,delivered,2025-05-29 04:35:16,2025-05-29 16:34:45.998147,2025-05-30 15:40:53.462823,2025-06-08 02:09:13.057982,2025-06-18 04:35:16
order_00004874,cust_00002792,delivered,2025-11-16 16:51:16,2025-11-17 03:36:26.703548,2025-11-18 10:42:17.864319,2025-11-24 18:04:27.183832,2025-12-10 16:51:16
order_00004875,cust_00001181,delivered,2024-05-18 06:00:50,2024-05-18 18:33:03.521192,2024-05-22 09:39:01.895994,2024-05-24 03:21:15.777304,2024-06-05 06:00:50
order_00004876,cust_00001526,delivered,2024-03-24 21:49:59,2024-03-24 23:26:23.418679,2024-03-29 07:27:24.125177,2024-03-31 02:45:03.365951,2024-04-16 21:49:59
order_00004877,cust_00002095,shipped,2024-08-18 05:34:11,2024-08-18 06:37:57.110781,2024-08-19 23:03:39.463692,,2024-09-06 05:34:11
order_00004878,cust_00000702,delivered,2025-10-17 15:16:41,2025-10-18 00:33:14.119441,2025-10-19 12:56:50.572944,2025-10-23 08:31:13.322632,2025-11-09 15:16:41
order_00004879,cust_00002209,processing,2024-05-16 12:45:29,2024-05-16 20:11:58.694234,,,2024-06-07 12:45:29
order_00004880,cust_00002841,delivered,2025-06-02 02:26:20,2025-06-02 07:38:50.331062,2025-06-04 03:44:30.990069,2025-06-12 15:13:01.380149,2025-06-21 02:26:20
order_00004881,cust_00000448,shipped,2025-01-10 01:32:50,2025-01-10 04:17:08.555607,2025-01-12 18:12:03.392579,,2025-02-02 01:32:50
order_00004882,cust_00001043,delivered,2025-12-14 16:17:51,2025-12-14 20:57:42.067224,2025-12-15 15:38:30.378083,2025-12-18 06:32:18.559429,2025-12-31 16:17:51
order_00004883,cust_00001401,delivered,2024-02-10 03:55:39,2024-02-10 06:45:10.302858,2024-02-11 02:52:52.699926,2024-02-17 17:35:01.443080,2024-02-29 03:55:39
order_00004884,cust_00000371,delivered,2025-11-03 06:49:38,2025-11-03 08:30:43.078375,2025-11-04 16:19:58.940417,2025-11-06 10:47:20.494396,2025-11-26 06:49:38
order_00004885,cust_00001606,delivered,2025-05-25 05:58:29,2025-05-25 07:08:10.740129,2025-05-26 09:42:36.412173,2025-05-29 18:15:57.432273,2025-06-10 05:58:29
order_00004886,cust_00001024,delivered,2024-12-27 21:31:53,2024-12-28 04:54:51.245153,2024-12-31 09:27:05.358265,2025-01-06 14:54:58.225824,2025-01-17 21:31:53
order_00004887,cust_00000837,delivered,2024-06-24 20:31:14,2024-06-25 14:57:34.757655,2024-06-29 14:02:59.752538,2024-07-09 22:55:17.616529,2024-07-11 20:31:14
order_00004888,cust_00001643,delivered,2024-07-08 08:43:37,2024-07-08 10:18:05.564947,2024-07-09 03:19:05.591004,2024-07-20 19:06:23.825051,2024-08-05 08:43:37
order_00004889,cust_00001693,shipped,2024-05-11 19:05:38,2024-05-12 02:13:25.565536,2024-05-12 14:22:33.898294,,2024-06-06 19:05:38
order_00004890,cust_00001382,delivered,2024-06-15 01:31:00,2024-06-15 03:09:21.975966,2024-06-16 06:33:24.529867,2024-06-20 23:24:15.119632,2024-07-03 01:31:00
order_00004891,cust_00000789,delivered,2025-09-21 17:33:02,2025-09-21 18:41:18.673122,2025-09-23 15:55:18.231647,2025-09-25 22:01:39.062964,2025-10-06 17:33:02
order_00004892,cust_00000096,delivered,2025-06-10 02:01:37,2025-06-10 03:15:44.332713,2025-06-10 16:26:00.926731,2025-06-16 03:35:17.494911,2025-06-25 02:01:37
order_00004893,cust_00002654,delivered,2025-07-05 17:55:18,2025-07-05 18:57:10.144138,2025-07-08 21:05:06.464075,2025-07-10 07:16:03.134104,2025-07-27 17:55:18
order_00004894,cust_00002496,delivered,2024-12-25 10:34:20,2024-12-25 12:41:19.878773,2024-12-28 07:17:01.911484,2024-12-30 19:27:29.323948,2025-01-13 10:34:20
order_00004895,cust_00000714,delivered,2024-03-26 02:40:53,2024-03-26 08:44:52.301046,2024-03-28 00:15:11.611810,2024-04-02 10:13:28.142435,2024-04-18 02:40:53
order_00004896,cust_00001537,delivered,2024-06-22 11:31:05,2024-06-22 12:55:14.984145,2024-06-23 11:11:18.026930,2024-07-04 19:09:47.645298,2024-07-17 11:31:05
order_00004897,cust_00002173,delivered,2025-12-27 18:58:10,2025-12-28 14:00:47.498430,2025-12-30 09:02:29.955766,2026-01-07 18:43:38.793685,2026-01-12 18:58:10
order_00004898,cust_00002589,delivered,2025-05-10 21:51:12,2025-05-11 00:33:30.187342,2025-05-13 05:25:15.190177,2025-05-23 07:38:49.711007,2025-06-02 21:51:12
order_00004899,cust_00001339,delivered,2025-08-02 12:15:11,2025-08-02 16:21:32.938797,2025-08-05 01:08:43.764014,2025-08-07 04:21:56.872663,2025-08-26 12:15:11
order_00004900,cust_00002825,delivered,2024-02-14 17:57:30,2024-02-14 19:21:12.872611,2024-02-15 22:46:59.350640,2024-02-17 12:12:47.640545,2024-03-07 17:57:30
order_00004901,cust_00001798,delivered,2025-09-09 11:13:30,2025-09-09 23:27:09.019386,2025-09-11 20:12:09.259389,2025-09-15 11:26:49.523716,2025-09-24 11:13:30
order_00004902,cust_00000835,delivered,2024-01-24 18:53:58,2024-01-24 22:42:11.583459,2024-01-26 06:33:03.922735,2024-01-27 09:30:41.128375,2024-02-10 18:53:58
order_00004903,cust_00000657,delivered,2025-07-17 08:49:07,2025-07-17 12:51:07.218280,2025-07-19 12:21:21.781093,2025-07-25 14:57:49.667046,2025-08-07 08:49:07
order_00004904,cust_00001159,shipped,2024-10-30 07:44:06,2024-10-30 18:35:58.829572,2024-10-31 10:36:31.466145,,2024-11-24 07:44:06
order_00004905,cust_00000433,delivered,2025-08-27 09:46:47,2025-08-27 10:26:18.648383,2025-08-28 04:13:24.794884,2025-09-03 17:36:25.800896,2025-09-11 09:46:47
order_00004906,cust_00000736,delivered,2024-06-30 10:49:18,2024-06-30 12:35:19.790204,2024-07-01 01:12:04.727212,2024-07-13 05:38:13.886021,2024-07-18 10:49:18
order_00004907,cust_00000787,delivered,2024-06-25 14:41:47,2024-06-26 06:25:03.946976,2024-06-27 00:50:46.793688,2024-07-07 01:17:12.949734,2024-07-19 14:41:47
order_00004908,cust_00000817,delivered,2025-08-14 00:28:14,2025-08-14 01:14:39.577345,2025-08-15 02:16:50.201854,2025-08-18 04:13:28.962193,2025-09-03 00:28:14
order_00004909,cust_00002887,delivered,2024-07-08 15:55:57,2024-07-08 20:26:51.251265,2024-07-10 05:46:36.626145,2024-07-11 17:30:34.970484,2024-07-30 15:55:57
order_00004910,cust_00001942,delivered,2025-06-03 12:20:56,2025-06-03 14:48:52.475636,2025-06-04 20:40:45.187094,2025-06-06 16:44:52.637823,2025-06-27 12:20:56
order_00004911,cust_00000343,processing,2025-12-30 12:51:41,2025-12-30 18:01:38.112139,,,2026-01-14 12:51:41
order_00004912,cust_00002699,processing,2024-04-11 01:19:31,2024-04-11 03:54:37.450943,,,2024-05-05 01:19:31
order_00004913,cust_00000880,canceled,2024-06-04 14:31:48,,,,2024-06-23 14:31:48
order_00004914,cust_00000121,delivered,2025-05-19 17:28:17,2025-05-19 20:50:32.024267,2025-05-22 08:34:49.668179,2025-05-24 01:42:53.159584,2025-06-01 17:28:17
order_00004915,cust_00002883,delivered,2024-02-26 14:33:25,2024-02-26 17:10:12.261363,2024-02-27 19:35:29.360813,2024-02-29 04:23:20.599398,2024-03-15 14:33:25
order_00004916,cust_00000315,delivered,2025-10-14 21:23:03,2025-10-14 23:19:19.224104,2025-10-16 02:11:07.100567,2025-10-23 06:30:00.177676,2025-11-01 21:23:03
order_00004917,cust_00000799,delivered,2024-04-21 15:25:46,2024-04-22 01:20:48.139084,2024-04-23 20:16:04.342034,2024-05-08 17:09:30.879039,2024-05-11 15:25:46
order_00004918,cust_00002177,delivered,2025-11-23 07:21:29,2025-11-23 08:58:42.304469,2025-11-24 19:02:59.959449,2025-11-28 16:34:20.786218,2025-12-12 07:21:29
order_00004919,cust_00001567,delivered,2024-01-02 08:50:36,2024-01-03 04:04:20.661912,2024-01-04 06:48:11.884374,2024-02-05 21:35:19.731946,2024-01-28 08:50:36
order_00004920,cust_00002909,delivered,2024-08-24 07:14:32,2024-08-24 07:58:45.187501,2024-08-24 20:51:33.239195,2024-09-01 08:32:16.316906,2024-09-15 07:14:32
order_00004921,cust_00000719,delivered,2024-03-01 23:21:23,2024-03-01 23:54:32.799986,2024-03-04 17:45:27.815331,2024-03-09 18:29:46.240818,2024-03-27 23:21:23
order_00004922,cust_00002099,delivered,2024-07-07 23:46:00,2024-07-08 09:09:41.747199,2024-07-09 14:38:27.712562,2024-07-13 04:53:18.328693,2024-07-31 23:46:00
order_00004923,cust_00002983,delivered,2025-12-21 13:08:14,2025-12-21 14:17:43.957427,2025-12-23 10:36:23.575680,2025-12-25 00:15:37.145196,2026-01-05 13:08:14
order_00004924,cust_00001090,delivered,2024-10-11 17:42:32,2024-10-12 01:51:27.121911,2024-10-13 01:18:12.269820,2024-10-16 09:14:06.336394,2024-11-03 17:42:32
order_00004925,cust_00002321,delivered,2024-07-27 11:50:42,2024-07-27 14:07:11.240891,2024-07-28 15:12:43.414481,2024-08-08 17:13:39.271776,2024-08-14 11:50:42
order_00004926,cust_00000643,canceled,2024-04-11 09:54:31,,,,2024-05-05 09:54:31
order_00004927,cust_00002268,delivered,2024-07-30 15:17:39,2024-07-30 16:19:59.596024,2024-07-31 07:45:43.135745,2024-08-02 14:28:35.960804,2024-08-22 15:17:39
order_00004928,cust_00002992,delivered,2024-09-28 09:43:51,2024-09-28 11:56:10.944244,2024-09-29 22:22:09.371875,2024-10-14 10:12:49.363698,2024-10-13 09:43:51
order_00004929,cust_00001715,delivered,2025-08-30 10:47:15,2025-08-30 14:45:59.874043,2025-09-01 09:12:43.842460,2025-09-03 10:15:48.554925,2025-09-22 10:47:15
order_00004930,cust_00000390,delivered,2024-02-25 14:21:46,2024-02-25 19:48:17.962770,2024-02-26 18:54:54.537895,2024-03-02 18:30:07.120901,2024-03-20 14:21:46
order_00004931,cust_00001900,delivered,2024-10-07 16:51:32,2024-10-07 18:35:54.700828,2024-10-10 09:36:59.885843,2024-10-21 05:18:00.282404,2024-10-23 16:51:32
order_00004932,cust_00000669,delivered,2025-08-31 06:39:26,2025-08-31 11:24:37.458375,2025-09-01 18:00:18.385667,2025-09-07 01:31:38.281429,2025-09-25 06:39:26
order_00004933,cust_00001814,delivered,2025-06-01 02:41:51,2025-06-01 08:02:08.377858,2025-06-02 07:07:35.503494,2025-06-15 12:51:27.496520,2025-06-24 02:41:51
order_00004934,cust_00001031,delivered,2024-03-04 04:10:45,2024-03-04 05:14:34.334308,2024-03-11 02:57:47.922047,2024-04-07 08:36:03.146333,2024-03-23 04:10:45
order_00004935,cust_00002773,delivered,2024-07-26 12:28:28,2024-07-26 13:46:27.543786,2024-07-28 21:33:36.130137,2024-08-02 08:44:13.638402,2024-08-12 12:28:28
order_00004936,cust_00002829,delivered,2024-07-20 17:58:45,2024-07-21 04:02:20.280108,2024-07-22 05:58:56.441735,2024-07-27 14:52:08.837330,2024-08-11 17:58:45
order_00004937,cust_00001124,canceled,2024-10-10 13:37:21,,,,2024-11-04 13:37:21
order_00004938,cust_00001721,canceled,2024-09-11 01:16:28,,,,2024-09-25 01:16:28
order_00004939,cust_00002330,delivered,2024-06-16 20:19:37,2024-06-16 21:09:36.149338,2024-06-17 14:28:38.801508,2024-06-22 17:13:35.226130,2024-06-30 20:19:37
order_00004940,cust_00000167,delivered,2025-09-01 12:22:11,2025-09-01 14:30:00.808319,2025-09-03 19:01:30.256329,2025-09-13 14:58:14.141084,2025-09-19 12:22:11
order_00004941,cust_00001914,delivered,2025-01-31 02:04:12,2025-01-31 10:12:00.999520,2025-02-02 04:59:57.859838,2025-02-03 07:05:39.205342,2025-02-20 02:04:12
order_00004942,cust_00000208,delivered,2024-02-21 12:35:48,2024-02-21 17:33:48.313615,2024-02-22 18:14:19.686558,2024-02-25 08:07:29.375301,2024-03-11 12:35:48
order_00004943,cust_00001831,delivered,2024-04-09 13:39:45,2024-04-09 15:16:06.551645,2024-04-16 02:37:21.700810,2024-04-20 13:58:31.881728,2024-05-07 13:39:45
order_00004944,cust_00002672,delivered,2024-07-02 13:49:10,2024-07-03 15:57:42.379831,2024-07-06 14:12:24.636473,2024-07-19 06:53:53.694246,2024-07-22 13:49:10
order_00004945,cust_00000807,processing,2024-12-20 21:08:49,2024-12-21 06:59:19.910757,,,2025-01-04 21:08:49
order_00004946,cust_00001487,delivered,2025-04-18 20:46:30,2025-04-18 22:55:17.039477,2025-04-19 18:44:00.189835,2025-04-26 05:45:40.962738,2025-05-06 20:46:30
order_00004947,cust_00001404,processing,2024-01-19 10:39:39,2024-01-20 01:34:24.656240,,,2024-02-08 10:39:39
order_00004948,cust_00000395,delivered,2024-10-18 01:23:57,2024-10-18 02:05:18.277573,2024-10-23 02:58:07.098992,2024-10-26 23:36:09.003154,2024-11-12 01:23:57
order_00004949,cust_00000145,delivered,2024-11-13 18:02:08,2024-11-13 19:26:07.418514,2024-11-15 11:57:52.686722,2024-11-18 19:16:37.691764,2024-12-03 18:02:08
order_00004950,cust_00001437,delivered,2025-01-25 12:35:46,2025-01-26 00:28:59.929714,2025-01-27 03:09:00.246764,2025-02-08 14:42:52.750011,2025-02-06 12:35:46
order_00004951,cust_00000149,delivered,2024-09-26 11:49:33,2024-09-26 12:49:02.500602,2024-09-27 20:31:35.905868,2024-10-03 00:53:30.595304,2024-10-18 11:49:33
order_00004952,cust_00000909,delivered,2024-07-16 22:27:02,2024-07-17 01:13:10.599721,2024-07-18 15:51:34.292912,2024-07-27 17:11:40.819189,2024-08-03 22:27:02
order_00004953,cust_00001390,delivered,2025-08-14 18:26:24,2025-08-14 23:45:34.057779,2025-08-19 01:03:56.755496,2025-09-14 03:28:02.638057,2025-09-03 18:26:24
order_00004954,cust_00000547,delivered,2024-09-28 04:11:42,2024-09-28 13:44:33.944182,2024-10-01 22:47:14.683805,2024-10-07 22:14:04.904478,2024-10-20 04:11:42
order_00004955,cust_00000772,delivered,2025-12-07 09:29:33,2025-12-07 23:26:55.404337,2025-12-08 18:58:26.953095,2025-12-09 19:07:52.104528,2025-12-29 09:29:33
order_00004956,cust_00001945,delivered,2025-12-19 20:14:50,2025-12-19 23:18:24.707906,2025-12-21 07:15:41.135679,2026-01-03 11:36:13.550664,2026-01-04 20:14:50
order_00004957,cust_00000007,delivered,2024-10-14 01:10:14,2024-10-14 05:45:27.369598,2024-10-15 21:07:44.594937,2024-10-17 23:33:34.096513,2024-11-06 01:10:14
order_00004958,cust_00002504,delivered,2024-10-30 17:48:22,2024-10-30 19:48:44.156950,2024-11-06 20:22:50.496346,2024-11-20 15:09:09.894603,2024-11-16 17:48:22
order_00004959,cust_00002101,delivered,2025-11-30 20:04:34,2025-12-01 05:19:58.095306,2025-12-03 19:54:56.310524,2025-12-07 04:26:34.244345,2025-12-22 20:04:34
order_00004960,cust_00002577,delivered,2024-06-06 19:48:50,2024-06-07 10:39:31.523982,2024-06-10 02:08:40.664926,2024-06-18 01:18:08.980186,2024-06-22 19:48:50
order_00004961,cust_00000405,delivered,2024-08-09 15:35:46,2024-08-09 21:44:07.814538,2024-08-11 22:00:34.561169,2024-08-13 09:36:15.721834,2024-08-30 15:35:46
order_00004962,cust_00000230,delivered,2024-07-29 01:11:59,2024-07-29 03:01:48.940842,2024-07-29 16:08:45.312698,2024-08-07 16:56:10.139998,2024-08-19 01:11:59
order_00004963,cust_00001174,delivered,2025-02-13 20:11:44,2025-02-14 06:24:17.893048,2025-02-15 00:08:07.971681,2025-02-19 19:59:45.782806,2025-03-15 20:11:44
order_00004964,cust_00001717,delivered,2025-02-07 11:13:36,2025-02-07 11:47:51.203318,2025-02-08 07:01:03.412530,2025-02-17 08:17:26.154455,2025-02-25 11:13:36
order_00004965,cust_00002836,delivered,2024-03-09 13:55:55,2024-03-09 14:59:24.326216,2024-03-10 06:20:51.636353,2024-03-16 18:16:27.058994,2024-04-03 13:55:55
order_00004966,cust_00000727,delivered,2025-08-22 22:22:15,2025-08-22 22:56:50.173901,2025-08-24 07:01:35.479192,2025-08-25 19:43:25.906543,2025-09-05 22:22:15
order_00004967,cust_00000396,delivered,2025-01-18 21:29:03,2025-01-19 22:23:31.168960,2025-01-22 19:08:54.341158,2025-01-28 09:34:00.187696,2025-02-05 21:29:03
order_00004968,cust_00002281,delivered,2024-07-07 07:01:28,2024-07-07 14:19:34.183870,2024-07-09 11:19:59.601388,2024-07-10 21:01:54.591065,2024-08-01 07:01:28
order_00004969,cust_00000523,delivered,2025-04-11 00:55:16,2025-04-11 04:02:23.966107,2025-04-12 15:18:47.997686,2025-04-17 01:33:34.508084,2025-05-01 00:55:16
order_00004970,cust_00002716,delivered,2025-01-22 01:19:18,2025-01-22 02:30:55.394440,2025-01-24 20:48:56.986661,2025-02-05 12:28:38.482124,2025-02-07 01:19:18
order_00004971,cust_00002410,delivered,2024-05-26 09:04:27,2024-05-26 10:44:46.397419,2024-05-26 23:06:22.151619,2024-05-29 01:00:53.280632,2024-06-16 09:04:27
order_00004972,cust_00001915,delivered,2025-12-19 13:05:39,2025-12-20 00:27:05.442767,2025-12-23 00:42:02.175531,2025-12-29 22:07:12.813034,2026-01-10 13:05:39
order_00004973,cust_00002795,delivered,2025-09-28 08:47:12,2025-09-28 21:21:29.779361,2025-10-03 19:20:25.632977,2025-10-09 16:19:02.584923,2025-10-18 08:47:12
order_00004974,cust_00000342,delivered,2024-05-27 22:54:53,2024-05-28 06:47:59.549128,2024-05-28 21:26:56.490098,2024-06-01 00:09:24.929647,2024-06-17 22:54:53
order_00004975,cust_00002502,delivered,2024-01-04 10:01:10,2024-01-04 19:58:34.506915,2024-01-05 12:25:37.052364,2024-01-08 18:45:17.409252,2024-01-21 10:01:10
order_00004976,cust_00001335,delivered,2024-12-25 09:35:38,2024-12-25 11:12:32.876226,2024-12-26 18:32:45.440637,2025-01-01 13:28:01.715809,2025-01-16 09:35:38
order_00004977,cust_00002423,delivered,2024-10-29 12:57:01,2024-10-29 20:38:47.534797,2024-11-04 07:52:20.529468,2024-11-18 02:32:27.547145,2024-11-11 12:57:01
order_00004978,cust_00002731,delivered,2024-02-21 14:04:44,2024-02-21 18:39:51.054818,2024-02-22 06:53:14.427688,2024-03-01 14:51:14.589158,2024-03-13 14:04:44
order_00004979,cust_00000246,delivered,2024-11-05 22:06:55,2024-11-06 03:35:20.743117,2024-11-07 19:14:19.438428,2024-11-20 01:11:49.497098,2024-11-25 22:06:55
order_00004980,cust_00002501,delivered,2024-02-29 14:35:40,2024-02-29 15:41:34.857372,2024-03-06 16:29:15.005525,2024-03-14 23:15:19.489454,2024-03-21 14:35:40
order_00004981,cust_00001824,delivered,2024-08-28 04:01:01,2024-08-28 06:02:59.028822,2024-08-31 23:01:13.860068,2024-09-08 14:39:31.372618,2024-09-06 04:01:01
order_00004982,cust_00002977,delivered,2024-03-17 20:59:06,2024-03-17 23:11:10.312691,2024-03-19 12:19:33.900910,2024-03-25 05:16:39.235298,2024-04-05 20:59:06
order_00004983,cust_00001657,delivered,2025-06-08 09:13:05,2025-06-09 02:27:10.579655,2025-06-09 17:07:31.391068,2025-06-15 08:03:28.645083,2025-06-27 09:13:05
order_00004984,cust_00001490,shipped,2025-07-31 20:10:45,2025-08-01 02:18:20.727127,2025-08-04 22:11:04.714386,,2025-08-17 20:10:45
order_00004985,cust_00000130,delivered,2024-04-07 05:10:16,2024-04-07 17:14:43.574169,2024-04-11 02:55:22.803942,2024-04-13 13:36:17.572713,2024-05-03 05:10:16
order_00004986,cust_00001112,delivered,2025-04-22 18:44:11,2025-04-22 21:55:18.347315,2025-04-25 03:37:50.288779,2025-04-26 22:43:14.379459,2025-05-12 18:44:11
order_00004987,cust_00001370,delivered,2025-04-01 05:33:06,2025-04-01 12:30:15.709994,2025-04-02 17:46:36.163130,2025-04-14 16:07:11.528335,2025-04-20 05:33:06
order_00004988,cust_00002952,processing,2025-09-20 02:32:43,2025-09-20 09:31:06.252393,,,2025-10-12 02:32:43
order_00004989,cust_00000098,delivered,2025-02-21 13:31:21,2025-02-21 18:30:27.224058,2025-02-26 09:55:27.350262,2025-02-27 17:18:02.003352,2025-03-09 13:31:21
order_00004990,cust_00001876,delivered,2024-07-15 08:56:21,2024-07-15 11:25:53.657593,2024-07-18 04:07:34.192364,2024-07-22 23:47:00.829099,2024-08-01 08:56:21
order_00004991,cust_00002976,delivered,2025-01-19 18:10:51,2025-01-19 19:12:35.152676,2025-01-20 20:09:18.496476,2025-01-24 20:41:23.862450,2025-02-15 18:10:51
order_00004992,cust_00002882,delivered,2024-05-10 06:50:18,2024-05-10 20:28:26.903518,2024-05-12 10:04:07.438712,2024-05-15 07:05:08.505246,2024-05-31 06:50:18
order_00004993,cust_00000031,delivered,2025-12-04 06:13:39,2025-12-04 07:48:30.522882,2025-12-05 06:07:22.476606,2025-12-08 04:58:25.873156,2025-12-22 06:13:39
order_00004994,cust_00002699,delivered,2025-07-01 02:22:37,2025-07-01 04:46:07.425394,2025-07-04 09:42:27.645875,2025-07-07 13:44:17.002595,2025-07-23 02:22:37
order_00004995,cust_00002569,invoiced,2025-08-27 23:35:03,2025-08-28 00:46:35.948269,,,2025-09-14 23:35:03
order_00004996,cust_00002902,delivered,2025-03-03 19:23:46,2025-03-03 21:51:07.721848,2025-03-06 12:50:19.428943,2025-03-09 14:08:43.478121,2025-03-29 19:23:46
order_00004997,cust_00000819,delivered,2024-04-15 03:11:16,2024-04-15 06:41:21.864213,2024-04-16 23:19:25.301186,2024-04-25 22:32:50.658756,2024-04-30 03:11:16
order_00004998,cust_00001779,delivered,2025-09-23 21:17:52,2025-09-23 22:25:47.002659,2025-09-27 20:01:31.814841,2025-09-29 13:56:54.312788,2025-10-13 21:17:52
order_00004999,cust_00002666,delivered,2024-01-31 09:36:28,2024-01-31 10:15:04.734082,2024-02-01 15:00:15.823093,2024-02-04 20:33:17.356384,2024-02-19 09:36:28
