order_id,payment_sequential,payment_type,payment_installments,payment_value
order_00000000,1,credit_card,5,47.75
order_00000001,1,credit_card,5,360.56
order_00000002,1,credit_card,2,127.6
order_00000003,1,credit_card,1,70.45
order_00000004,1,boleto,1,83.11
order_00000005,1,debit_card,1,213.76
order_00000006,1,boleto,1,61.11
order_00000007,1,credit_card,5,60.42
order_00000008,1,credit_card,1,195.88
order_00000009,1,boleto,1,18.89
order_00000010,1,credit_card,3,86.0
order_00000011,1,boleto,1,56.98
order_00000012,1,credit_card,5,260.92
order_00000013,1,credit_card,2,67.16
order_00000014,1,credit_card,4,31.53
order_00000015,1,credit_card,1,92.15
order_00000016,1,credit_card,1,60.48
order_00000017,1,credit_card,2,84.0
order_00000018,1,credit_card,6,77.41
order_00000019,1,credit_card,1,51.43
order_00000019,2,credit_card,1,23.86
order_00000020,1,credit_card,1,51.83
order_00000021,1,credit_card,1,72.24
order_00000022,1,credit_card,2,45.98
order_00000022,2,credit_card,3,38.88
order_00000023,1,boleto,1,26.88
order_00000024,1,credit_card,2,79.28
order_00000025,1,credit_card,4,59.45
order_00000025,2,boleto,1,96.26
order_00000026,1,credit_card,6,185.75
order_00000027,1,credit_card,3,135.97
order_00000028,1,credit_card,2,16.05
order_00000029,1,credit_card,1,132.78
order_00000030,1,credit_card,3,11.44
order_00000031,1,boleto,1,28.55
order_00000032,1,credit_card,10,42.6
order_00000033,1,boleto,1,282.54
order_00000034,1,debit_card,1,51.05
order_00000035,1,credit_card,1,53.78
order_00000036,1,credit_card,3,20.96
order_00000037,1,voucher,1,173.89
order_00000038,1,credit_card,2,87.82
order_00000039,1,boleto,1,56.23
order_00000040,1,boleto,1,62.17
order_00000041,1,credit_card,10,258.85
order_00000042,1,credit_card,1,207.84
order_00000043,1,credit_card,5,70.31
order_00000044,1,boleto,1,210.05
order_00000045,1,credit_card,1,19.58
order_00000046,1,credit_card,4,129.41
order_00000047,1,credit_card,5,157.45
order_00000048,1,credit_card,3,27.41
order_00000049,1,credit_card,6,67.57
order_00000050,1,credit_card,1,72.01
order_00000051,1,credit_card,8,172.24
order_00000052,1,credit_card,1,47.95
order_00000052,2,credit_card,6,73.46
order_00000053,1,credit_card,3,59.65
order_00000054,1,credit_card,10,113.96
order_00000055,1,boleto,1,17.78
order_00000056,1,voucher,1,29.73
order_00000057,1,credit_card,8,16.92
order_00000058,1,credit_card,1,31.8
order_00000058,2,boleto,1,49.68
order_00000059,1,credit_card,1,711.32
order_00000060,1,credit_card,1,79.93
order_00000061,1,credit_card,5,78.68
order_00000062,1,voucher,1,135.17
order_00000063,1,boleto,1,114.06
order_00000064,1,credit_card,2,73.9
order_00000065,1,credit_card,1,135.92
order_00000066,1,voucher,1,111.86
order_00000067,1,credit_card,4,61.34
order_00000068,1,credit_card,4,206.12
order_00000069,1,credit_card,1,52.98
order_00000070,1,debit_card,1,157.23
order_00000071,1,credit_card,1,17.56
order_00000072,1,boleto,1,90.48
order_00000073,1,credit_card,10,37.9
order_00000074,1,voucher,1,74.16
order_00000075,1,credit_card,1,763.91
order_00000076,1,credit_card,3,167.84
order_00000077,1,credit_card,5,64.83
order_00000078,1,credit_card,5,112.76
order_00000079,1,boleto,1,68.13
order_00000080,1,credit_card,1,64.29
order_00000081,1,boleto,1,172.25
order_00000082,1,credit_card,2,156.59
order_00000083,1,credit_card,3,328.81
order_00000084,1,credit_card,8,39.11
order_00000084,2,credit_card,1,53.73
order_00000085,1,credit_card,4,56.57
order_00000086,1,debit_card,1,18.31
order_00000087,1,credit_card,2,169.61
order_00000088,1,credit_card,1,392.72
order_00000089,1,credit_card,1,32.87
order_00000090,1,debit_card,1,293.1
order_00000091,1,boleto,1,120.14
order_00000092,1,credit_card,3,22.75
order_00000093,1,credit_card,3,89.87
order_00000094,1,credit_card,2,55.58
order_00000094,2,credit_card,10,44.23
order_00000095,1,credit_card,1,125.94
order_00000096,1,credit_card,3,53.7
order_00000097,1,voucher,1,282.53
order_00000098,1,boleto,1,94.88
order_00000099,1,credit_card,1,33.82
order_00000100,1,credit_card,8,66.55
order_00000101,1,credit_card,6,194.06
order_00000102,1,credit_card,2,134.2
order_00000103,1,boleto,1,105.21
order_00000104,1,credit_card,4,22.79
order_00000105,1,boleto,1,146.33
order_00000106,1,boleto,1,73.63
order_00000107,1,credit_card,10,113.6
order_00000108,1,credit_card,2,240.14
order_00000109,1,boleto,1,263.49
order_00000110,1,credit_card,5,28.37
order_00000111,1,credit_card,1,34.81
order_00000112,1,boleto,1,128.69
order_00000113,1,credit_card,4,299.26
order_00000114,1,credit_card,1,183.73
order_00000115,1,credit_card,4,81.08
order_00000116,1,credit_card,6,156.45
order_00000117,1,boleto,1,35.97
order_00000118,1,credit_card,3,38.56
order_00000119,1,credit_card,4,39.79
order_00000120,1,credit_card,2,79.07
order_00000121,1,debit_card,1,273.63
order_00000121,2,boleto,1,180.3
order_00000122,1,boleto,1,68.28
order_00000123,1,credit_card,3,146.09
order_00000124,1,boleto,1,69.01
order_00000125,1,credit_card,6,86.44
order_00000126,1,boleto,1,117.23
order_00000127,1,credit_card,4,141.69
order_00000128,1,credit_card,8,188.88
order_00000129,1,credit_card,1,31.81
order_00000130,1,credit_card,6,31.59
order_00000131,1,credit_card,4,85.69
order_00000132,1,credit_card,2,14.85
order_00000133,1,credit_card,10,74.51
order_00000134,1,credit_card,1,61.44
order_00000135,1,credit_card,10,101.23
order_00000136,1,credit_card,8,98.93
order_00000137,1,credit_card,4,82.91
order_00000138,1,credit_card,1,140.43
order_00000139,1,credit_card,1,109.98
order_00000140,1,boleto,1,65.19
order_00000141,1,credit_card,2,455.92
order_00000142,1,boleto,1,111.73
order_00000143,1,credit_card,1,26.21
order_00000144,1,credit_card,5,42.04
order_00000145,1,voucher,1,106.78
order_00000146,1,debit_card,1,97.86
order_00000147,1,credit_card,3,303.13
order_00000148,1,credit_card,1,26.4
order_00000149,1,credit_card,1,141.84
order_00000150,1,credit_card,6,101.32
order_00000151,1,credit_card,4,68.77
order_00000152,1,credit_card,1,35.42
order_00000153,1,credit_card,3,37.36
order_00000154,1,credit_card,1,92.15
order_00000155,1,credit_card,2,36.73
order_00000156,1,credit_card,2,610.27
order_00000157,1,credit_card,2,91.28
order_00000158,1,credit_card,1,177.15
order_00000159,1,credit_card,10,111.97
order_00000160,1,credit_card,3,502.1
order_00000161,1,debit_card,1,88.97
order_00000162,1,boleto,1,138.03
order_00000163,1,credit_card,4,156.94
order_00000164,1,credit_card,1,22.41
order_00000165,1,boleto,1,181.26
order_00000166,1,credit_card,1,388.82
order_00000167,1,credit_card,4,41.79
order_00000168,1,boleto,1,104.11
order_00000169,1,boleto,1,131.12
order_00000170,1,boleto,1,191.55
order_00000171,1,boleto,1,72.83
order_00000172,1,credit_card,6,24.47
order_00000173,1,credit_card,4,358.68
order_00000174,1,credit_card,4,37.54
order_00000175,1,credit_card,1,73.34
order_00000176,1,boleto,1,28.12
order_00000177,1,boleto,1,115.08
order_00000178,1,credit_card,5,263.95
order_00000179,1,credit_card,8,19.7
order_00000180,1,credit_card,3,46.76
order_00000181,1,boleto,1,21.36
order_00000182,1,credit_card,2,51.96
order_00000183,1,credit_card,8,246.05
order_00000184,1,boleto,1,328.99
order_00000185,1,debit_card,1,367.67
order_00000186,1,credit_card,1,85.9
order_00000187,1,credit_card,10,67.45
order_00000188,1,credit_card,1,171.94
order_00000189,1,credit_card,4,49.9
order_00000190,1,credit_card,4,18.91
order_00000191,1,credit_card,6,14.69
order_00000192,1,credit_card,4,117.25
order_00000193,1,credit_card,1,38.73
order_00000194,1,credit_card,10,70.86
order_00000195,1,credit_card,1,28.13
order_00000196,1,credit_card,4,77.23
order_00000197,1,credit_card,4,22.95
order_00000198,1,credit_card,6,72.89
order_00000199,1,credit_card,1,90.48
order_00000200,1,boleto,1,33.22
order_00000201,1,credit_card,4,29.58
order_00000202,1,credit_card,5,51.29
order_00000203,1,credit_card,3,54.79
order_00000204,1,credit_card,2,36.57
order_00000205,1,credit_card,1,53.89
order_00000206,1,credit_card,6,122.59
order_00000207,1,credit_card,1,106.26
order_00000208,1,boleto,1,83.13
order_00000209,1,credit_card,1,92.83
order_00000210,1,boleto,1,29.96
order_00000211,1,credit_card,6,109.77
order_00000212,1,credit_card,1,105.34
order_00000213,1,debit_card,1,30.95
order_00000214,1,credit_card,2,243.61
order_00000215,1,boleto,1,76.61
order_00000216,1,credit_card,6,34.74
order_00000217,1,credit_card,4,44.48
order_00000218,1,boleto,1,427.08
order_00000219,1,credit_card,4,67.22
order_00000220,1,credit_card,4,156.41
order_00000221,1,credit_card,10,126.34
order_00000222,1,boleto,1,41.07
order_00000223,1,credit_card,1,305.39
order_00000224,1,voucher,1,47.44
order_00000225,1,boleto,1,97.47
order_00000226,1,credit_card,2,75.98
order_00000227,1,credit_card,4,15.85
order_00000228,1,credit_card,2,20.47
order_00000229,1,credit_card,2,10.31
order_00000230,1,credit_card,5,48.87
order_00000231,1,credit_card,3,40.4
order_00000232,1,boleto,1,25.82
order_00000233,1,credit_card,1,17.28
order_00000234,1,credit_card,1,90.11
order_00000235,1,credit_card,8,35.2
order_00000236,1,credit_card,1,29.34
order_00000237,1,credit_card,5,646.43
order_00000238,1,boleto,1,214.3
order_00000239,1,credit_card,10,47.42
order_00000240,1,debit_card,1,96.96
order_00000241,1,credit_card,3,215.52
order_00000242,1,boleto,1,17.47
order_00000243,1,credit_card,1,15.95
order_00000243,2,credit_card,1,8.15
order_00000244,1,credit_card,1,22.27
order_00000245,1,boleto,1,22.15
order_00000246,1,credit_card,4,64.0
order_00000247,1,boleto,1,225.99
order_00000248,1,boleto,1,19.5
order_00000249,1,credit_card,10,34.57
order_00000250,1,voucher,1,138.41
order_00000251,1,credit_card,10,55.28
order_00000252,1,credit_card,3,52.34
order_00000253,1,credit_card,1,14.73
order_00000254,1,credit_card,3,151.48
order_00000255,1,voucher,1,321.78
order_00000256,1,debit_card,1,32.33
order_00000257,1,credit_card,2,167.21
order_00000258,1,credit_card,1,226.23
order_00000259,1,boleto,1,67.76
order_00000260,1,credit_card,1,42.28
order_00000261,1,credit_card,6,517.33
order_00000262,1,credit_card,1,107.42
order_00000263,1,boleto,1,74.07
order_00000264,1,credit_card,10,82.41
order_00000265,1,credit_card,6,92.81
order_00000266,1,credit_card,10,64.26
order_00000267,1,credit_card,6,134.87
order_00000268,1,credit_card,4,39.49
order_00000269,1,credit_card,4,151.33
order_00000270,1,credit_card,1,378.34
order_00000271,1,boleto,1,133.36
order_00000272,1,credit_card,3,159.21
order_00000273,1,credit_card,1,51.65
order_00000274,1,credit_card,4,352.88
order_00000275,1,credit_card,1,17.55
order_00000276,1,credit_card,3,21.25
order_00000277,1,boleto,1,70.91
order_00000278,1,voucher,1,37.7
order_00000279,1,credit_card,1,120.66
order_00000280,1,credit_card,3,24.71
order_00000281,1,boleto,1,394.97
order_00000282,1,credit_card,5,45.95
order_00000282,2,credit_card,6,53.37
order_00000283,1,boleto,1,48.25
order_00000284,1,credit_card,6,33.35
order_00000285,1,voucher,1,252.85
order_00000286,1,credit_card,4,368.61
order_00000287,1,boleto,1,65.02
order_00000288,1,credit_card,2,62.02
order_00000289,1,credit_card,2,281.08
order_00000290,1,boleto,1,323.76
order_00000291,1,credit_card,1,40.49
order_00000292,1,credit_card,4,207.7
order_00000293,1,credit_card,1,413.39
order_00000294,1,credit_card,1,25.45
order_00000295,1,credit_card,1,455.25
order_00000296,1,boleto,1,144.98
order_00000297,1,credit_card,2,124.23
order_00000297,2,voucher,1,96.72
order_00000298,1,credit_card,1,44.14
order_00000298,2,credit_card,1,90.06
order_00000299,1,credit_card,1,19.92
order_00000300,1,credit_card,4,34.75
order_00000301,1,credit_card,1,28.36
order_00000301,2,credit_card,3,65.77
order_00000302,1,credit_card,6,25.56
order_00000303,1,credit_card,2,372.77
order_00000304,1,credit_card,1,59.75
order_00000305,1,boleto,1,114.69
order_00000306,1,credit_card,3,76.28
order_00000307,1,credit_card,3,20.85
order_00000308,1,boleto,1,35.14
order_00000309,1,credit_card,1,50.72
order_00000310,1,credit_card,10,20.91
order_00000311,1,boleto,1,117.24
order_00000312,1,credit_card,3,270.09
order_00000313,1,boleto,1,163.98
order_00000314,1,credit_card,2,45.25
order_00000315,1,boleto,1,95.6
order_00000316,1,boleto,1,187.92
order_00000317,1,credit_card,1,53.46
order_00000318,1,credit_card,1,122.77
order_00000319,1,credit_card,8,99.37
order_00000320,1,boleto,1,104.11
order_00000321,1,boleto,1,67.0
order_00000322,1,credit_card,10,119.07
order_00000323,1,credit_card,3,92.27
order_00000324,1,credit_card,3,40.73
order_00000325,1,credit_card,1,238.97
order_00000326,1,credit_card,2,147.72
order_00000327,1,credit_card,2,69.0
order_00000328,1,credit_card,2,43.64
order_00000329,1,credit_card,2,224.97
order_00000330,1,credit_card,3,328.48
order_00000331,1,boleto,1,267.92
order_00000332,1,credit_card,4,21.25
order_00000333,1,credit_card,3,40.29
order_00000334,1,credit_card,8,577.79
order_00000335,1,voucher,1,74.82
order_00000336,1,credit_card,5,15.95
order_00000337,1,credit_card,8,38.99
order_00000338,1,credit_card,6,132.93
order_00000339,1,credit_card,1,42.66
order_00000340,1,credit_card,3,115.89
order_00000341,1,credit_card,1,148.68
order_00000342,1,voucher,1,34.07
order_00000343,1,voucher,1,54.58
order_00000343,2,credit_card,4,74.22
order_00000344,1,boleto,1,234.88
order_00000345,1,debit_card,1,51.34
order_00000346,1,boleto,1,334.94
order_00000347,1,credit_card,8,57.57
order_00000347,2,boleto,1,53.25
order_00000348,1,boleto,1,249.36
order_00000349,1,credit_card,4,145.28
order_00000350,1,credit_card,1,132.02
order_00000351,1,credit_card,1,300.93
order_00000352,1,boleto,1,50.83
order_00000353,1,credit_card,6,22.98
order_00000354,1,credit_card,1,10.0
order_00000355,1,boleto,1,53.01
order_00000356,1,boleto,1,371.65
order_00000357,1,credit_card,5,181.47
order_00000358,1,boleto,1,33.83
order_00000359,1,credit_card,1,20.06
order_00000360,1,credit_card,4,40.41
order_00000361,1,credit_card,5,45.18
order_00000362,1,credit_card,1,22.22
order_00000362,2,boleto,1,14.62
order_00000363,1,credit_card,1,51.46
order_00000364,1,credit_card,3,145.85
order_00000365,1,credit_card,5,80.18
order_00000366,1,credit_card,2,145.95
order_00000367,1,credit_card,4,182.92
order_00000368,1,credit_card,1,51.72
order_00000369,1,credit_card,3,399.14
order_00000370,1,boleto,1,89.48
order_00000371,1,boleto,1,45.25
order_00000372,1,credit_card,5,44.49
order_00000373,1,credit_card,4,16.62
order_00000374,1,boleto,1,86.28
order_00000375,1,credit_card,8,74.48
order_00000376,1,boleto,1,88.24
order_00000377,1,boleto,1,163.41
order_00000378,1,credit_card,1,159.32
order_00000379,1,credit_card,10,64.99
order_00000380,1,credit_card,2,89.02
order_00000381,1,credit_card,4,167.84
order_00000382,1,credit_card,2,99.01
order_00000383,1,debit_card,1,100.9
order_00000384,1,boleto,1,66.65
order_00000385,1,credit_card,4,82.53
order_00000386,1,boleto,1,252.45
order_00000387,1,credit_card,2,86.11
order_00000388,1,credit_card,1,104.98
order_00000389,1,credit_card,1,124.09
order_00000390,1,credit_card,2,268.09
order_00000391,1,credit_card,1,332.21
order_00000392,1,credit_card,1,234.03
order_00000393,1,voucher,1,303.6
order_00000394,1,credit_card,1,171.23
order_00000395,1,credit_card,10,33.24
order_00000396,1,credit_card,1,410.82
order_00000397,1,credit_card,3,57.12
order_00000398,1,credit_card,2,218.71
order_00000399,1,credit_card,2,329.09
order_00000400,1,credit_card,8,68.64
order_00000401,1,boleto,1,84.61
order_00000402,1,credit_card,1,22.83
order_00000403,1,credit_card,2,36.02
order_00000404,1,credit_card,8,359.24
order_00000405,1,boleto,1,277.37
order_00000406,1,boleto,1,87.33
order_00000407,1,boleto,1,63.62
order_00000408,1,boleto,1,109.24
order_00000409,1,voucher,1,273.28
order_00000410,1,credit_card,4,256.42
order_00000411,1,credit_card,1,234.83
order_00000412,1,credit_card,1,49.23
order_00000413,1,credit_card,3,80.94
order_00000414,1,credit_card,5,20.91
order_00000415,1,boleto,1,153.01
order_00000416,1,boleto,1,402.94
order_00000417,1,voucher,1,71.67
order_00000418,1,credit_card,1,191.54
order_00000419,1,credit_card,1,41.6
order_00000420,1,credit_card,10,22.25
order_00000421,1,credit_card,2,146.33
order_00000422,1,credit_card,5,92.34
order_00000423,1,credit_card,2,25.75
order_00000424,1,boleto,1,108.3
order_00000425,1,credit_card,1,262.94
order_00000426,1,credit_card,8,145.74
order_00000427,1,credit_card,1,153.49
order_00000428,1,credit_card,4,230.09
order_00000429,1,credit_card,1,95.37
order_00000430,1,credit_card,4,240.21
order_00000431,1,credit_card,4,17.65
order_00000432,1,credit_card,6,112.8
order_00000433,1,credit_card,4,34.3
order_00000434,1,credit_card,6,24.77
order_00000435,1,voucher,1,71.57
order_00000436,1,credit_card,10,180.38
order_00000437,1,credit_card,6,98.73
order_00000438,1,debit_card,1,89.91
order_00000439,1,credit_card,5,122.28
order_00000440,1,credit_card,5,215.28
order_00000441,1,credit_card,1,64.67
order_00000442,1,credit_card,3,186.48
order_00000443,1,credit_card,4,33.66
order_00000443,2,credit_card,3,35.91
order_00000444,1,boleto,1,49.19
order_00000445,1,credit_card,1,287.21
order_00000445,2,credit_card,3,194.05
order_00000446,1,credit_card,1,436.32
order_00000447,1,credit_card,4,217.91
order_00000448,1,credit_card,1,31.66
order_00000449,1,credit_card,1,51.44
order_00000450,1,credit_card,1,38.62
order_00000451,1,credit_card,1,275.32
order_00000452,1,credit_card,8,33.21
order_00000453,1,credit_card,5,123.54
order_00000454,1,credit_card,5,307.15
order_00000455,1,credit_card,2,26.99
order_00000456,1,credit_card,2,23.61
order_00000457,1,credit_card,10,19.15
order_00000457,2,credit_card,2,15.29
order_00000458,1,credit_card,10,53.55
order_00000459,1,credit_card,2,145.15
order_00000460,1,credit_card,6,77.9
order_00000461,1,credit_card,6,83.17
order_00000462,1,credit_card,3,43.64
order_00000463,1,boleto,1,84.89
order_00000464,1,boleto,1,68.95
order_00000465,1,credit_card,1,33.63
order_00000466,1,boleto,1,39.78
order_00000467,1,credit_card,1,67.9
order_00000468,1,credit_card,8,82.55
order_00000469,1,credit_card,2,374.35
order_00000470,1,credit_card,10,139.1
order_00000471,1,credit_card,4,23.37
order_00000472,1,boleto,1,37.83
order_00000473,1,credit_card,4,344.45
order_00000474,1,credit_card,1,285.48
order_00000475,1,credit_card,6,160.5
order_00000476,1,credit_card,5,81.51
order_00000477,1,credit_card,1,63.25
order_00000478,1,boleto,1,64.83
order_00000479,1,credit_card,5,86.74
order_00000480,1,boleto,1,342.8
order_00000481,1,boleto,1,51.1
order_00000482,1,credit_card,1,22.73
order_00000482,2,credit_card,1,28.83
order_00000483,1,boleto,1,268.28
order_00000484,1,credit_card,1,12.48
order_00000485,1,voucher,1,88.9
order_00000486,1,credit_card,1,100.12
order_00000487,1,credit_card,2,16.79
order_00000488,1,boleto,1,80.03
order_00000489,1,credit_card,5,89.23
order_00000490,1,voucher,1,136.1
order_00000491,1,credit_card,1,129.85
order_00000492,1,credit_card,6,49.91
order_00000492,2,credit_card,1,37.33
order_00000493,1,credit_card,4,47.92
order_00000494,1,credit_card,2,78.77
order_00000495,1,credit_card,4,44.77
order_00000496,1,credit_card,1,108.99
order_00000497,1,credit_card,1,208.75
order_00000498,1,debit_card,1,100.11
order_00000499,1,credit_card,2,160.36
order_00000500,1,voucher,1,62.78
order_00000500,2,boleto,1,54.44
order_00000501,1,credit_card,1,55.89
order_00000502,1,credit_card,3,119.91
order_00000503,1,voucher,1,52.84
order_00000504,1,boleto,1,148.07
order_00000505,1,credit_card,8,71.27
order_00000506,1,boleto,1,77.57
order_00000507,1,credit_card,1,215.87
order_00000508,1,credit_card,2,116.02
order_00000509,1,credit_card,5,104.41
order_00000510,1,credit_card,6,281.6
order_00000511,1,credit_card,2,229.96
order_00000512,1,credit_card,6,62.44
order_00000513,1,voucher,1,55.43
order_00000514,1,credit_card,4,148.26
order_00000515,1,credit_card,3,43.33
order_00000516,1,boleto,1,71.71
order_00000517,1,credit_card,1,59.49
order_00000518,1,credit_card,3,57.13
order_00000519,1,credit_card,3,29.91
order_00000520,1,credit_card,2,30.85
order_00000521,1,boleto,1,118.91
order_00000522,1,credit_card,5,41.41
order_00000523,1,credit_card,8,39.18
order_00000523,2,boleto,1,88.17
order_00000524,1,credit_card,3,224.14
order_00000524,2,credit_card,4,102.93
order_00000525,1,credit_card,2,72.85
order_00000525,2,credit_card,2,117.08
order_00000526,1,credit_card,1,119.25
order_00000527,1,credit_card,2,119.05
order_00000528,1,boleto,1,126.1
order_00000529,1,credit_card,10,59.95
order_00000530,1,credit_card,6,13.06
order_00000531,1,credit_card,1,28.12
order_00000532,1,credit_card,4,62.85
order_00000533,1,credit_card,10,76.13
order_00000534,1,credit_card,1,131.54
order_00000535,1,credit_card,2,106.12
order_00000536,1,credit_card,2,49.0
order_00000537,1,boleto,1,250.38
order_00000538,1,credit_card,1,155.96
order_00000539,1,credit_card,1,53.04
order_00000540,1,boleto,1,182.51
order_00000541,1,debit_card,1,22.8
order_00000542,1,credit_card,1,216.64
order_00000543,1,voucher,1,53.85
order_00000544,1,credit_card,5,27.58
order_00000545,1,credit_card,1,32.31
order_00000546,1,credit_card,1,298.83
order_00000547,1,credit_card,2,91.28
order_00000548,1,credit_card,10,49.13
order_00000549,1,boleto,1,89.17
order_00000550,1,credit_card,2,314.34
order_00000551,1,boleto,1,9.42
order_00000552,1,boleto,1,26.45
order_00000553,1,credit_card,8,117.58
order_00000554,1,credit_card,6,25.15
order_00000555,1,credit_card,6,107.07
order_00000556,1,boleto,1,114.6
order_00000557,1,boleto,1,94.6
order_00000558,1,credit_card,1,86.24
order_00000559,1,credit_card,6,102.04
order_00000560,1,credit_card,1,27.04
order_00000561,1,credit_card,1,839.91
order_00000562,1,boleto,1,216.89
order_00000563,1,credit_card,1,155.05
order_00000564,1,credit_card,1,259.22
order_00000565,1,voucher,1,78.4
order_00000566,1,voucher,1,66.79
order_00000567,1,credit_card,10,116.21
order_00000568,1,boleto,1,65.11
order_00000569,1,boleto,1,48.93
order_00000569,2,boleto,1,46.04
order_00000570,1,boleto,1,174.89
order_00000571,1,credit_card,5,63.53
order_00000572,1,credit_card,1,159.5
order_00000573,1,credit_card,2,201.23
order_00000574,1,credit_card,6,31.04
order_00000574,2,credit_card,2,29.87
order_00000575,1,credit_card,4,202.96
order_00000576,1,credit_card,1,461.35
order_00000577,1,boleto,1,296.93
order_00000578,1,boleto,1,155.82
order_00000579,1,credit_card,10,596.27
order_00000580,1,credit_card,1,89.88
order_00000581,1,credit_card,4,78.27
order_00000582,1,debit_card,1,84.35
order_00000583,1,credit_card,1,39.62
order_00000584,1,credit_card,1,94.16
order_00000585,1,credit_card,1,150.73
order_00000586,1,credit_card,8,53.85
order_00000587,1,boleto,1,39.05
order_00000588,1,credit_card,2,182.38
order_00000589,1,credit_card,3,20.25
order_00000589,2,credit_card,5,43.57
order_00000590,1,credit_card,1,135.25
order_00000591,1,credit_card,6,325.25
order_00000592,1,credit_card,2,34.28
order_00000593,1,credit_card,2,109.09
order_00000594,1,credit_card,4,171.2
order_00000595,1,boleto,1,94.4
order_00000596,1,credit_card,3,127.49
order_00000597,1,voucher,1,45.86
order_00000598,1,boleto,1,28.7
order_00000599,1,credit_card,5,62.22
order_00000600,1,credit_card,8,93.47
order_00000601,1,credit_card,1,12.06
order_00000602,1,credit_card,3,25.88
order_00000603,1,voucher,1,70.13
order_00000604,1,boleto,1,424.56
order_00000605,1,credit_card,4,98.19
order_00000606,1,credit_card,6,381.6
order_00000607,1,credit_card,1,34.62
order_00000607,2,credit_card,10,21.24
order_00000608,1,credit_card,4,64.76
order_00000609,1,credit_card,5,6.31
order_00000610,1,boleto,1,186.34
order_00000611,1,credit_card,5,138.63
order_00000612,1,credit_card,3,39.2
order_00000613,1,boleto,1,44.64
order_00000614,1,credit_card,5,106.76
order_00000615,1,credit_card,5,39.63
order_00000616,1,credit_card,3,159.73
order_00000617,1,voucher,1,195.24
order_00000618,1,credit_card,1,77.0
order_00000619,1,credit_card,2,148.91
order_00000620,1,credit_card,1,23.46
order_00000621,1,boleto,1,31.61
order_00000622,1,credit_card,2,149.76
order_00000623,1,boleto,1,143.19
order_00000624,1,credit_card,3,201.85
order_00000624,2,credit_card,1,136.85
order_00000625,1,voucher,1,50.63
order_00000626,1,credit_card,2,51.96
order_00000627,1,boleto,1,69.48
order_00000628,1,voucher,1,68.88
order_00000629,1,credit_card,2,134.24
order_00000630,1,boleto,1,375.08
order_00000631,1,credit_card,3,55.09
order_00000632,1,voucher,1,46.8
order_00000633,1,boleto,1,80.99
order_00000634,1,credit_card,1,72.33
order_00000635,1,credit_card,6,111.28
order_00000636,1,boleto,1,202.71
order_00000637,1,credit_card,1,185.7
order_00000638,1,credit_card,1,338.56
order_00000639,1,credit_card,10,30.24
order_00000640,1,credit_card,3,179.02
order_00000641,1,credit_card,6,22.33
order_00000642,1,credit_card,2,31.93
order_00000643,1,boleto,1,144.99
order_00000644,1,credit_card,6,194.63
order_00000645,1,credit_card,4,58.61
order_00000646,1,credit_card,5,79.48
order_00000647,1,credit_card,10,220.64
order_00000648,1,credit_card,1,146.91
order_00000649,1,credit_card,1,187.62
order_00000650,1,credit_card,5,36.6
order_00000651,1,credit_card,6,298.25
order_00000652,1,debit_card,1,3.73
order_00000653,1,debit_card,1,172.31
order_00000654,1,credit_card,1,123.4
order_00000655,1,boleto,1,61.43
order_00000656,1,boleto,1,84.41
order_00000657,1,credit_card,1,117.94
order_00000658,1,credit_card,1,72.1
order_00000659,1,credit_card,6,79.93
order_00000660,1,credit_card,6,59.21
order_00000661,1,boleto,1,45.36
order_00000661,2,boleto,1,35.42
order_00000662,1,credit_card,1,452.07
order_00000663,1,credit_card,1,381.34
order_00000664,1,credit_card,3,96.71
order_00000665,1,credit_card,2,177.16
order_00000666,1,credit_card,10,118.49
order_00000667,1,voucher,1,140.74
order_00000668,1,boleto,1,22.69
order_00000669,1,debit_card,1,384.13
order_00000670,1,credit_card,3,127.97
order_00000671,1,credit_card,3,47.13
order_00000672,1,boleto,1,66.4
order_00000673,1,credit_card,6,47.63
order_00000674,1,credit_card,4,40.73
order_00000675,1,credit_card,2,213.05
order_00000676,1,debit_card,1,207.93
order_00000677,1,credit_card,1,27.67
order_00000678,1,credit_card,1,63.98
order_00000679,1,credit_card,6,133.7
order_00000680,1,credit_card,8,63.68
order_00000681,1,credit_card,2,126.94
order_00000682,1,boleto,1,44.77
order_00000683,1,credit_card,4,139.63
order_00000683,2,credit_card,1,65.25
order_00000684,1,boleto,1,74.23
order_00000685,1,credit_card,4,56.01
order_00000685,2,voucher,1,45.59
order_00000686,1,credit_card,1,40.96
order_00000687,1,credit_card,2,61.75
order_00000688,1,credit_card,4,267.7
order_00000689,1,credit_card,1,56.17
order_00000690,1,credit_card,1,48.37
order_00000691,1,credit_card,5,58.37
order_00000692,1,credit_card,3,127.59
order_00000693,1,debit_card,1,49.97
order_00000694,1,boleto,1,97.48
order_00000695,1,credit_card,2,147.24
order_00000696,1,credit_card,8,14.11
order_00000697,1,credit_card,5,33.48
order_00000698,1,credit_card,1,428.75
order_00000699,1,credit_card,2,52.93
order_00000700,1,debit_card,1,64.13
order_00000701,1,boleto,1,97.9
order_00000702,1,credit_card,1,321.26
order_00000703,1,credit_card,10,56.57
order_00000704,1,boleto,1,189.79
order_00000705,1,credit_card,10,131.18
order_00000706,1,credit_card,3,170.95
order_00000707,1,boleto,1,51.41
order_00000708,1,credit_card,1,831.84
order_00000709,1,voucher,1,20.93
order_00000710,1,credit_card,1,28.85
order_00000710,2,credit_card,5,30.12
order_00000711,1,credit_card,3,148.66
order_00000712,1,boleto,1,218.31
order_00000713,1,boleto,1,69.4
order_00000714,1,credit_card,5,345.08
order_00000715,1,credit_card,6,109.78
order_00000716,1,boleto,1,63.62
order_00000717,1,boleto,1,36.97
order_00000718,1,boleto,1,34.12
order_00000719,1,boleto,1,80.8
order_00000720,1,debit_card,1,23.89
order_00000721,1,credit_card,3,124.77
order_00000721,2,credit_card,1,131.45
order_00000722,1,credit_card,2,122.38
order_00000723,1,credit_card,3,271.15
order_00000724,1,voucher,1,330.97
order_00000725,1,credit_card,4,107.85
order_00000726,1,credit_card,6,164.69
order_00000727,1,credit_card,8,355.38
order_00000728,1,credit_card,1,139.84
order_00000729,1,credit_card,2,95.18
order_00000730,1,credit_card,5,79.41
order_00000731,1,boleto,1,646.59
order_00000732,1,credit_card,1,257.06
order_00000733,1,credit_card,6,59.94
order_00000734,1,credit_card,8,21.76
order_00000735,1,debit_card,1,300.19
order_00000736,1,voucher,1,51.25
order_00000737,1,credit_card,2,144.47
order_00000738,1,voucher,1,114.79
order_00000739,1,credit_card,10,101.33
order_00000740,1,boleto,1,28.95
order_00000741,1,credit_card,2,78.75
order_00000742,1,credit_card,4,191.8
order_00000743,1,boleto,1,163.04
order_00000744,1,credit_card,1,42.51
order_00000745,1,boleto,1,254.27
order_00000746,1,credit_card,1,133.34
order_00000747,1,credit_card,6,50.88
order_00000748,1,voucher,1,172.64
order_00000749,1,credit_card,1,32.41
order_00000750,1,boleto,1,46.09
order_00000751,1,credit_card,2,303.33
order_00000752,1,credit_card,2,140.1
order_00000753,1,credit_card,1,134.72
order_00000754,1,boleto,1,267.45
order_00000755,1,boleto,1,44.51
order_00000756,1,credit_card,3,159.23
order_00000757,1,credit_card,6,237.99
order_00000758,1,voucher,1,226.34
order_00000759,1,credit_card,10,99.3
order_00000760,1,credit_card,4,83.69
order_00000761,1,credit_card,2,230.89
order_00000762,1,credit_card,1,81.57
order_00000763,1,credit_card,1,15.29
order_00000763,2,credit_card,5,22.69
order_00000764,1,credit_card,1,181.32
order_00000765,1,credit_card,6,22.28
order_00000766,1,credit_card,1,166.37
order_00000767,1,credit_card,1,124.06
order_00000768,1,credit_card,2,102.86
order_00000769,1,credit_card,1,154.03
order_00000770,1,boleto,1,217.82
order_00000771,1,credit_card,1,174.15
order_00000772,1,credit_card,10,25.77
order_00000772,2,credit_card,4,15.34
order_00000773,1,credit_card,10,58.41
order_00000774,1,boleto,1,50.07
order_00000774,2,credit_card,2,41.57
order_00000775,1,credit_card,1,261.61
order_00000776,1,boleto,1,54.77
order_00000777,1,voucher,1,89.76
order_00000778,1,credit_card,1,50.48
order_00000778,2,credit_card,8,25.21
order_00000779,1,credit_card,3,175.72
order_00000780,1,boleto,1,21.43
order_00000781,1,credit_card,1,144.95
order_00000782,1,credit_card,2,72.66
order_00000783,1,credit_card,3,71.01
order_00000784,1,credit_card,1,117.4
order_00000785,1,credit_card,2,90.72
order_00000786,1,voucher,1,37.95
order_00000787,1,credit_card,1,161.7
order_00000788,1,credit_card,1,346.61
order_00000789,1,credit_card,10,387.74
order_00000790,1,credit_card,4,424.23
order_00000791,1,boleto,1,206.8
order_00000792,1,credit_card,1,37.72
order_00000793,1,credit_card,2,162.25
order_00000794,1,credit_card,10,7.08
order_00000795,1,credit_card,2,126.5
order_00000796,1,credit_card,3,44.34
order_00000797,1,credit_card,2,146.16
order_00000798,1,credit_card,4,133.34
order_00000799,1,credit_card,1,59.26
order_00000800,1,credit_card,5,158.78
order_00000801,1,credit_card,8,24.4
order_00000802,1,voucher,1,377.87
order_00000803,1,credit_card,2,66.07
order_00000804,1,credit_card,5,71.44
order_00000805,1,credit_card,1,31.2
order_00000806,1,credit_card,10,110.19
order_00000807,1,boleto,1,45.37
order_00000808,1,credit_card,1,6.59
order_00000809,1,credit_card,1,186.5
order_00000810,1,credit_card,5,242.89
order_00000811,1,boleto,1,41.63
order_00000812,1,debit_card,1,28.36
order_00000813,1,credit_card,3,171.14
order_00000814,1,credit_card,2,31.96
order_00000815,1,credit_card,4,22.28
order_00000816,1,credit_card,1,141.59
order_00000816,2,credit_card,1,89.64
order_00000817,1,credit_card,1,88.45
order_00000818,1,boleto,1,28.21
order_00000819,1,boleto,1,294.18
order_00000820,1,credit_card,4,126.01
order_00000821,1,credit_card,1,23.27
order_00000822,1,credit_card,2,808.11
order_00000823,1,boleto,1,200.21
order_00000824,1,voucher,1,266.07
order_00000825,1,boleto,1,33.94
order_00000826,1,credit_card,2,46.54
order_00000827,1,credit_card,1,133.9
order_00000828,1,boleto,1,53.48
order_00000828,2,debit_card,1,26.84
order_00000829,1,credit_card,4,70.09
order_00000830,1,boleto,1,107.55
order_00000831,1,boleto,1,250.8
order_00000832,1,credit_card,10,77.69
order_00000833,1,boleto,1,31.07
order_00000834,1,boleto,1,90.06
order_00000835,1,credit_card,5,30.26
order_00000836,1,credit_card,8,209.05
order_00000837,1,voucher,1,37.54
order_00000838,1,credit_card,1,92.1
order_00000839,1,credit_card,6,70.54
order_00000840,1,credit_card,1,157.73
order_00000841,1,credit_card,1,88.75
order_00000842,1,credit_card,1,46.23
order_00000843,1,boleto,1,54.44
order_00000844,1,credit_card,2,47.76
order_00000845,1,credit_card,5,248.63
order_00000846,1,credit_card,8,180.65
order_00000847,1,boleto,1,163.41
order_00000848,1,credit_card,5,284.12
order_00000849,1,credit_card,1,40.76
order_00000850,1,credit_card,1,49.82
order_00000851,1,credit_card,4,244.46
order_00000852,1,credit_card,4,474.1
order_00000853,1,credit_card,8,53.12
order_00000854,1,credit_card,5,157.13
order_00000855,1,credit_card,1,36.09
order_00000856,1,credit_card,8,45.91
order_00000857,1,credit_card,1,164.57
order_00000858,1,debit_card,1,271.74
order_00000859,1,credit_card,4,81.82
order_00000860,1,credit_card,10,175.84
order_00000861,1,credit_card,1,30.66
order_00000862,1,boleto,1,51.01
order_00000863,1,credit_card,1,28.18
order_00000864,1,boleto,1,52.73
order_00000865,1,credit_card,4,27.42
order_00000866,1,credit_card,5,61.32
order_00000867,1,credit_card,1,15.44
order_00000868,1,credit_card,8,115.43
order_00000869,1,credit_card,6,11.23
order_00000870,1,credit_card,2,44.84
order_00000871,1,credit_card,5,137.07
order_00000872,1,boleto,1,35.45
order_00000873,1,credit_card,1,47.11
order_00000874,1,credit_card,1,54.59
order_00000875,1,credit_card,8,16.66
order_00000876,1,credit_card,4,213.85
order_00000877,1,credit_card,1,479.15
order_00000878,1,credit_card,1,231.67
order_00000879,1,credit_card,1,49.33
order_00000880,1,credit_card,10,127.06
order_00000881,1,credit_card,1,52.28
order_00000882,1,credit_card,5,122.97
order_00000883,1,credit_card,1,153.92
order_00000884,1,boleto,1,19.78
order_00000885,1,credit_card,1,15.67
order_00000886,1,debit_card,1,37.67
order_00000887,1,boleto,1,61.23
order_00000888,1,credit_card,1,44.43
order_00000889,1,credit_card,6,78.85
order_00000890,1,credit_card,1,113.38
order_00000891,1,credit_card,1,42.63
order_00000892,1,credit_card,3,83.66
order_00000893,1,credit_card,1,252.44
order_00000894,1,credit_card,3,16.0
order_00000895,1,credit_card,1,138.74
order_00000896,1,credit_card,3,277.39
order_00000897,1,credit_card,10,328.99
order_00000898,1,boleto,1,192.55
order_00000899,1,boleto,1,19.42
order_00000900,1,credit_card,2,541.04
order_00000901,1,credit_card,2,71.81
order_00000902,1,boleto,1,202.68
order_00000903,1,boleto,1,172.36
order_00000904,1,credit_card,3,60.24
order_00000905,1,credit_card,6,16.74
order_00000906,1,credit_card,3,295.73
order_00000907,1,credit_card,4,66.5
order_00000908,1,voucher,1,423.82
order_00000909,1,credit_card,5,24.94
order_00000910,1,credit_card,2,36.88
order_00000911,1,credit_card,5,256.64
order_00000912,1,credit_card,5,27.13
order_00000913,1,voucher,1,168.51
order_00000914,1,credit_card,8,133.65
order_00000915,1,credit_card,2,153.03
order_00000916,1,credit_card,2,20.45
order_00000917,1,boleto,1,86.33
order_00000918,1,boleto,1,37.72
order_00000919,1,voucher,1,79.25
order_00000920,1,credit_card,1,170.94
order_00000921,1,credit_card,6,323.21
order_00000922,1,credit_card,2,22.11
order_00000923,1,credit_card,1,284.97
order_00000924,1,boleto,1,302.12
order_00000925,1,credit_card,8,42.22
order_00000926,1,credit_card,1,80.87
order_00000927,1,credit_card,1,61.37
order_00000928,1,credit_card,3,49.88
order_00000929,1,credit_card,2,46.68
order_00000930,1,credit_card,1,5.67
order_00000930,2,credit_card,1,8.69
order_00000931,1,boleto,1,90.16
order_00000932,1,credit_card,6,126.1
order_00000933,1,credit_card,1,14.69
order_00000934,1,credit_card,6,29.77
order_00000935,1,boleto,1,152.48
order_00000936,1,credit_card,10,7.93
order_00000937,1,boleto,1,15.84
order_00000938,1,boleto,1,20.5
order_00000939,1,credit_card,3,30.8
order_00000939,2,credit_card,6,16.03
order_00000940,1,credit_card,1,14.54
order_00000941,1,credit_card,2,20.14
order_00000942,1,boleto,1,76.61
order_00000943,1,credit_card,2,54.22
order_00000944,1,credit_card,3,35.57
order_00000945,1,credit_card,1,13.41
order_00000946,1,credit_card,5,153.45
order_00000947,1,credit_card,6,40.62
order_00000948,1,credit_card,2,208.74
order_00000949,1,boleto,1,134.67
order_00000950,1,credit_card,6,599.65
order_00000951,1,boleto,1,28.33
order_00000951,2,boleto,1,50.97
order_00000952,1,boleto,1,64.44
order_00000953,1,credit_card,3,29.35
order_00000954,1,credit_card,1,31.46
order_00000955,1,credit_card,1,200.21
order_00000956,1,boleto,1,75.86
order_00000957,1,boleto,1,29.29
order_00000958,1,credit_card,4,41.63
order_00000959,1,boleto,1,127.8
order_00000960,1,credit_card,6,39.93
order_00000961,1,credit_card,1,71.33
order_00000962,1,credit_card,8,53.09
order_00000963,1,credit_card,1,50.19
order_00000964,1,boleto,1,48.98
order_00000965,1,credit_card,8,137.13
order_00000966,1,boleto,1,105.53
order_00000967,1,credit_card,5,43.12
order_00000968,1,credit_card,1,33.95
order_00000969,1,credit_card,1,21.09
order_00000970,1,credit_card,1,109.49
order_00000971,1,credit_card,4,104.77
order_00000972,1,credit_card,4,178.94
order_00000973,1,voucher,1,52.78
order_00000974,1,credit_card,4,41.51
order_00000975,1,credit_card,1,54.18
order_00000976,1,boleto,1,82.61
order_00000977,1,boleto,1,19.17
order_00000978,1,boleto,1,188.22
order_00000979,1,credit_card,1,401.22
order_00000980,1,credit_card,3,64.87
order_00000981,1,boleto,1,102.53
order_00000982,1,credit_card,1,204.41
order_00000983,1,credit_card,6,8.6
order_00000983,2,credit_card,10,6.07
order_00000984,1,credit_card,4,42.74
order_00000985,1,credit_card,1,101.53
order_00000986,1,credit_card,1,64.11
order_00000987,1,credit_card,6,39.03
order_00000988,1,credit_card,4,261.83
order_00000989,1,credit_card,4,27.37
order_00000990,1,credit_card,4,124.41
order_00000991,1,credit_card,1,137.77
order_00000992,1,credit_card,1,48.52
order_00000992,2,credit_card,8,45.54
order_00000993,1,credit_card,1,35.97
order_00000994,1,credit_card,5,69.49
order_00000995,1,credit_card,1,61.28
order_00000996,1,credit_card,4,90.5
order_00000997,1,credit_card,1,337.18
order_00000998,1,credit_card,1,63.49
order_00000999,1,credit_card,4,161.37
order_00001000,1,credit_card,1,64.43
order_00001001,1,boleto,1,67.92
order_00001002,1,credit_card,10,181.11
order_00001003,1,credit_card,2,35.08
order_00001004,1,credit_card,1,152.38
order_00001005,1,boleto,1,105.11
order_00001006,1,credit_card,2,43.13
order_00001007,1,credit_card,4,41.62
order_00001008,1,credit_card,3,52.16
order_00001009,1,credit_card,4,242.45
order_00001010,1,credit_card,1,82.23
order_00001011,1,credit_card,1,60.41
order_00001012,1,boleto,1,17.12
order_00001013,1,credit_card,2,34.79
order_00001014,1,credit_card,1,75.03
order_00001014,2,boleto,1,89.69
order_00001015,1,boleto,1,226.28
order_00001016,1,credit_card,3,344.7
order_00001017,1,credit_card,1,127.48
order_00001018,1,credit_card,1,31.58
order_00001019,1,credit_card,10,312.29
order_00001020,1,credit_card,8,47.28
order_00001021,1,credit_card,2,28.26
order_00001022,1,boleto,1,375.84
order_00001023,1,credit_card,1,114.27
order_00001024,1,credit_card,1,292.67
order_00001025,1,credit_card,2,97.74
order_00001026,1,credit_card,5,76.38
order_00001027,1,credit_card,1,69.56
order_00001028,1,credit_card,10,12.27
order_00001029,1,voucher,1,296.98
order_00001030,1,credit_card,4,57.48
order_00001030,2,boleto,1,36.23
order_00001031,1,boleto,1,40.63
order_00001032,1,credit_card,1,92.07
order_00001033,1,credit_card,4,336.19
order_00001034,1,boleto,1,224.72
order_00001035,1,credit_card,1,42.55
order_00001036,1,boleto,1,418.55
order_00001037,1,credit_card,3,86.39
order_00001038,1,credit_card,6,80.8
order_00001039,1,boleto,1,203.15
order_00001040,1,credit_card,2,280.69
order_00001041,1,credit_card,4,67.71
order_00001042,1,boleto,1,40.04
order_00001043,1,boleto,1,146.91
order_00001044,1,boleto,1,203.81
order_00001045,1,boleto,1,86.07
order_00001046,1,credit_card,10,116.07
order_00001047,1,credit_card,2,98.27
order_00001048,1,voucher,1,31.54
order_00001049,1,credit_card,6,85.83
order_00001050,1,credit_card,3,89.78
order_00001051,1,credit_card,2,174.29
order_00001052,1,credit_card,3,23.9
order_00001053,1,boleto,1,153.67
order_00001054,1,credit_card,1,282.66
order_00001055,1,voucher,1,36.94
order_00001056,1,credit_card,3,60.89
order_00001057,1,credit_card,2,21.11
order_00001058,1,credit_card,1,132.14
order_00001059,1,credit_card,1,170.11
order_00001060,1,boleto,1,140.78
order_00001061,1,credit_card,4,66.86
order_00001062,1,credit_card,2,52.65
order_00001063,1,boleto,1,65.67
order_00001064,1,boleto,1,676.13
order_00001065,1,credit_card,5,24.82
order_00001066,1,credit_card,3,323.51
order_00001067,1,credit_card,8,37.38
order_00001068,1,credit_card,8,20.98
order_00001069,1,credit_card,1,23.0
order_00001070,1,credit_card,10,26.59
order_00001071,1,credit_card,10,94.17
order_00001072,1,boleto,1,22.26
order_00001072,2,credit_card,1,9.94
order_00001073,1,boleto,1,462.84
order_00001074,1,boleto,1,127.71
order_00001075,1,credit_card,6,90.12
order_00001076,1,credit_card,1,131.81
order_00001077,1,boleto,1,80.79
order_00001078,1,credit_card,2,265.98
order_00001079,1,credit_card,4,108.1
order_00001080,1,credit_card,2,8.58
order_00001080,2,credit_card,3,4.6
order_00001081,1,credit_card,1,96.27
order_00001082,1,boleto,1,213.39
order_00001083,1,boleto,1,36.46
order_00001084,1,credit_card,1,36.48
order_00001085,1,credit_card,1,86.47
order_00001086,1,credit_card,4,16.87
order_00001087,1,debit_card,1,48.73
order_00001088,1,voucher,1,101.58
order_00001089,1,credit_card,3,72.27
order_00001090,1,credit_card,3,146.65
order_00001091,1,credit_card,1,32.03
order_00001092,1,credit_card,4,41.39
order_00001093,1,credit_card,5,250.74
order_00001094,1,credit_card,6,108.74
order_00001095,1,credit_card,1,71.36
order_00001096,1,credit_card,3,138.33
order_00001097,1,boleto,1,85.7
order_00001098,1,credit_card,4,158.5
order_00001099,1,credit_card,1,100.51
order_00001100,1,credit_card,3,209.96
order_00001101,1,credit_card,1,200.6
order_00001102,1,credit_card,5,195.37
order_00001103,1,credit_card,1,34.41
order_00001104,1,credit_card,1,209.62
order_00001105,1,credit_card,5,330.84
order_00001106,1,credit_card,10,105.35
order_00001107,1,credit_card,4,50.21
order_00001108,1,credit_card,1,85.82
order_00001108,2,boleto,1,67.23
order_00001109,1,credit_card,4,84.9
order_00001110,1,credit_card,6,54.42
order_00001111,1,credit_card,6,231.22
order_00001112,1,credit_card,2,152.29
order_00001113,1,credit_card,1,56.96
order_00001114,1,boleto,1,104.38
order_00001115,1,credit_card,2,215.96
order_00001116,1,credit_card,1,315.18
order_00001117,1,credit_card,3,160.58
order_00001118,1,credit_card,3,38.77
order_00001119,1,credit_card,1,42.05
order_00001120,1,credit_card,6,287.64
order_00001121,1,boleto,1,41.77
order_00001122,1,credit_card,10,23.48
order_00001123,1,credit_card,1,202.25
order_00001124,1,credit_card,4,33.25
order_00001125,1,debit_card,1,53.22
order_00001126,1,boleto,1,73.64
order_00001127,1,credit_card,10,55.21
order_00001128,1,credit_card,1,32.15
order_00001129,1,credit_card,10,271.45
order_00001130,1,boleto,1,133.78
order_00001131,1,credit_card,2,135.58
order_00001132,1,boleto,1,103.92
order_00001133,1,credit_card,2,83.4
order_00001133,2,voucher,1,59.89
order_00001134,1,credit_card,5,352.25
order_00001135,1,boleto,1,69.66
order_00001135,2,credit_card,2,36.39
order_00001136,1,credit_card,5,82.61
order_00001137,1,voucher,1,47.4
order_00001138,1,voucher,1,25.46
order_00001138,2,credit_card,1,14.02
order_00001139,1,credit_card,6,76.11
order_00001140,1,credit_card,2,16.94
order_00001141,1,credit_card,3,71.19
order_00001142,1,credit_card,6,312.21
order_00001143,1,boleto,1,207.88
order_00001144,1,boleto,1,103.5
order_00001145,1,credit_card,8,49.27
order_00001146,1,boleto,1,74.49
order_00001147,1,boleto,1,108.27
order_00001148,1,boleto,1,59.04
order_00001149,1,credit_card,10,65.4
order_00001150,1,credit_card,1,93.21
order_00001151,1,credit_card,1,11.96
order_00001152,1,credit_card,1,197.64
order_00001153,1,credit_card,6,69.93
order_00001154,1,boleto,1,50.19
order_00001155,1,credit_card,10,131.47
order_00001156,1,credit_card,5,142.11
order_00001157,1,credit_card,3,38.35
order_00001158,1,credit_card,2,96.05
order_00001158,2,credit_card,1,99.3
order_00001159,1,credit_card,1,6.08
order_00001159,2,credit_card,4,11.22
order_00001160,1,boleto,1,59.58
order_00001161,1,credit_card,8,277.04
order_00001162,1,boleto,1,8.58
order_00001162,2,credit_card,6,12.73
order_00001163,1,credit_card,5,17.79
order_00001163,2,credit_card,1,10.15
order_00001164,1,credit_card,2,75.63
order_00001165,1,credit_card,6,106.39
order_00001166,1,credit_card,3,258.63
order_00001167,1,credit_card,4,22.7
order_00001168,1,credit_card,3,54.88
order_00001169,1,credit_card,4,122.38
order_00001170,1,credit_card,2,60.93
order_00001171,1,credit_card,2,191.24
order_00001172,1,credit_card,1,36.51
order_00001173,1,credit_card,4,51.05
order_00001174,1,credit_card,6,66.67
order_00001175,1,credit_card,4,416.55
order_00001176,1,credit_card,1,32.49
order_00001177,1,credit_card,3,219.26
order_00001178,1,credit_card,3,8.35
order_00001178,2,credit_card,1,10.14
order_00001179,1,credit_card,4,14.3
order_00001180,1,credit_card,1,167.29
order_00001181,1,credit_card,3,94.67
order_00001182,1,debit_card,1,16.96
order_00001183,1,credit_card,1,224.72
order_00001184,1,boleto,1,117.56
order_00001185,1,credit_card,1,44.23
order_00001186,1,boleto,1,322.21
order_00001187,1,credit_card,4,31.51
order_00001188,1,credit_card,3,101.29
order_00001189,1,credit_card,4,192.55
order_00001190,1,credit_card,4,97.94
order_00001191,1,credit_card,3,20.47
order_00001192,1,voucher,1,25.92
order_00001193,1,credit_card,4,7.32
order_00001194,1,boleto,1,93.43
order_00001195,1,debit_card,1,106.06
order_00001195,2,credit_card,2,62.28
order_00001196,1,credit_card,2,50.11
order_00001197,1,voucher,1,79.7
order_00001198,1,credit_card,1,230.37
order_00001199,1,credit_card,1,700.06
order_00001200,1,boleto,1,256.31
order_00001201,1,voucher,1,221.57
order_00001202,1,voucher,1,317.07
order_00001203,1,credit_card,8,34.5
order_00001204,1,credit_card,2,196.73
order_00001205,1,credit_card,2,91.2
order_00001206,1,boleto,1,241.92
order_00001207,1,credit_card,1,130.33
order_00001208,1,credit_card,5,138.51
order_00001209,1,credit_card,1,32.06
order_00001210,1,credit_card,1,39.39
order_00001211,1,credit_card,1,32.55
order_00001212,1,voucher,1,161.14
order_00001213,1,credit_card,2,117.88
order_00001214,1,credit_card,10,78.89
order_00001215,1,credit_card,2,15.54
order_00001216,1,credit_card,6,144.23
order_00001217,1,voucher,1,60.73
order_00001218,1,debit_card,1,41.65
order_00001219,1,boleto,1,312.25
order_00001220,1,credit_card,1,297.13
order_00001221,1,boleto,1,29.72
order_00001222,1,credit_card,1,397.61
order_00001223,1,credit_card,3,56.81
order_00001224,1,credit_card,4,56.26
order_00001225,1,boleto,1,741.45
order_00001226,1,boleto,1,25.0
order_00001227,1,credit_card,10,78.02
order_00001228,1,credit_card,4,272.59
order_00001229,1,credit_card,1,50.25
order_00001230,1,credit_card,1,84.08
order_00001231,1,credit_card,4,46.18
order_00001232,1,credit_card,3,115.79
order_00001233,1,credit_card,1,282.94
order_00001234,1,credit_card,1,69.59
order_00001235,1,credit_card,1,310.9
order_00001236,1,boleto,1,13.43
order_00001237,1,credit_card,1,165.02
order_00001238,1,boleto,1,176.81
order_00001239,1,credit_card,3,61.38
order_00001240,1,credit_card,8,206.5
order_00001241,1,credit_card,6,163.16
order_00001242,1,credit_card,4,66.8
order_00001243,1,credit_card,2,267.12
order_00001244,1,boleto,1,22.89
order_00001245,1,credit_card,1,97.21
order_00001246,1,credit_card,2,61.23
order_00001247,1,credit_card,4,233.6
order_00001248,1,credit_card,6,286.76
order_00001249,1,credit_card,4,297.29
order_00001250,1,credit_card,8,144.69
order_00001251,1,credit_card,2,35.53
order_00001252,1,credit_card,1,57.25
order_00001253,1,voucher,1,103.99
order_00001254,1,credit_card,3,113.2
order_00001255,1,credit_card,1,42.86
order_00001255,2,credit_card,1,57.53
order_00001256,1,credit_card,4,58.91
order_00001257,1,boleto,1,12.99
order_00001258,1,credit_card,3,180.66
order_00001259,1,boleto,1,13.93
order_00001260,1,boleto,1,13.52
order_00001261,1,credit_card,6,94.27
order_00001262,1,boleto,1,14.82
order_00001263,1,credit_card,10,132.22
order_00001264,1,credit_card,2,33.6
order_00001265,1,credit_card,8,141.64
order_00001266,1,credit_card,1,78.24
order_00001267,1,credit_card,1,134.83
order_00001268,1,credit_card,5,329.87
order_00001269,1,credit_card,2,185.39
order_00001270,1,credit_card,4,420.81
order_00001271,1,credit_card,2,124.96
order_00001272,1,credit_card,5,128.56
order_00001273,1,boleto,1,262.48
order_00001274,1,credit_card,2,88.39
order_00001275,1,boleto,1,210.73
order_00001276,1,credit_card,1,90.26
order_00001277,1,credit_card,2,146.32
order_00001278,1,credit_card,1,286.78
order_00001279,1,boleto,1,205.82
order_00001280,1,credit_card,1,108.51
order_00001280,2,credit_card,3,94.44
order_00001281,1,boleto,1,28.72
order_00001282,1,boleto,1,39.46
order_00001282,2,credit_card,1,50.75
order_00001283,1,credit_card,8,8.94
order_00001284,1,credit_card,3,52.16
order_00001285,1,credit_card,2,74.76
order_00001286,1,boleto,1,32.19
order_00001287,1,credit_card,2,559.3
order_00001288,1,credit_card,10,47.66
order_00001289,1,voucher,1,67.79
order_00001290,1,credit_card,8,250.73
order_00001291,1,credit_card,1,24.63
order_00001292,1,credit_card,3,47.65
order_00001293,1,credit_card,6,11.86
order_00001294,1,voucher,1,186.87
order_00001295,1,credit_card,3,199.1
order_00001296,1,debit_card,1,469.8
order_00001297,1,credit_card,3,51.75
order_00001298,1,credit_card,4,226.45
order_00001299,1,credit_card,5,30.39
order_00001300,1,credit_card,1,44.91
order_00001301,1,credit_card,5,524.68
order_00001302,1,boleto,1,13.24
order_00001302,2,boleto,1,18.44
order_00001303,1,voucher,1,43.97
order_00001304,1,credit_card,4,273.51
order_00001305,1,voucher,1,135.84
order_00001306,1,credit_card,5,42.06
order_00001307,1,credit_card,3,43.99
order_00001308,1,credit_card,8,55.36
order_00001309,1,boleto,1,37.97
order_00001310,1,credit_card,1,167.18
order_00001311,1,voucher,1,100.19
order_00001312,1,credit_card,5,162.89
order_00001313,1,credit_card,6,451.47
order_00001314,1,credit_card,1,42.02
order_00001315,1,credit_card,6,103.03
order_00001316,1,credit_card,5,94.27
order_00001317,1,credit_card,1,229.04
order_00001318,1,credit_card,3,18.92
order_00001319,1,credit_card,5,350.69
order_00001320,1,credit_card,1,19.14
order_00001321,1,credit_card,5,76.08
order_00001322,1,credit_card,6,209.6
order_00001323,1,credit_card,1,486.05
order_00001324,1,credit_card,6,57.6
order_00001325,1,debit_card,1,292.74
order_00001326,1,boleto,1,102.3
order_00001327,1,credit_card,2,167.49
order_00001328,1,credit_card,4,105.85
order_00001329,1,credit_card,6,291.1
order_00001330,1,credit_card,4,72.54
order_00001331,1,credit_card,1,17.57
order_00001332,1,credit_card,2,44.82
order_00001333,1,credit_card,4,31.39
order_00001334,1,credit_card,1,47.14
order_00001335,1,boleto,1,149.75
order_00001336,1,boleto,1,89.21
order_00001337,1,credit_card,2,16.99
order_00001337,2,boleto,1,23.61
order_00001338,1,credit_card,3,37.89
order_00001339,1,boleto,1,319.27
order_00001340,1,credit_card,3,31.89
order_00001341,1,credit_card,3,195.85
order_00001342,1,credit_card,3,136.81
order_00001343,1,credit_card,4,152.2
order_00001344,1,credit_card,1,20.25
order_00001345,1,credit_card,4,170.41
order_00001346,1,credit_card,1,34.58
order_00001347,1,credit_card,1,71.68
order_00001348,1,boleto,1,153.36
order_00001349,1,credit_card,10,284.88
order_00001350,1,credit_card,3,8.76
order_00001350,2,boleto,1,16.8
order_00001351,1,voucher,1,24.81
order_00001352,1,credit_card,1,131.47
order_00001353,1,credit_card,2,105.04
order_00001354,1,credit_card,10,60.72
order_00001355,1,credit_card,3,82.49
order_00001356,1,credit_card,1,577.3
order_00001357,1,credit_card,5,36.05
order_00001358,1,credit_card,1,49.66
order_00001359,1,credit_card,3,124.09
order_00001360,1,credit_card,3,45.52
order_00001361,1,credit_card,4,53.17
order_00001362,1,credit_card,1,66.62
order_00001363,1,credit_card,5,131.35
order_00001364,1,credit_card,2,213.04
order_00001365,1,credit_card,8,43.05
order_00001366,1,credit_card,2,254.99
order_00001367,1,credit_card,1,28.58
order_00001368,1,credit_card,1,90.06
order_00001369,1,boleto,1,40.55
order_00001370,1,credit_card,1,81.99
order_00001371,1,credit_card,2,157.26
order_00001372,1,credit_card,4,90.6
order_00001373,1,boleto,1,360.57
order_00001374,1,credit_card,1,23.97
order_00001375,1,credit_card,4,43.39
order_00001376,1,credit_card,1,232.11
order_00001377,1,credit_card,1,33.01
order_00001378,1,credit_card,10,166.45
order_00001379,1,boleto,1,73.6
order_00001379,2,credit_card,3,123.8
order_00001380,1,debit_card,1,408.99
order_00001381,1,credit_card,3,377.58
order_00001382,1,credit_card,10,158.35
order_00001383,1,debit_card,1,126.93
order_00001384,1,credit_card,10,415.94
order_00001385,1,credit_card,5,30.14
order_00001385,2,credit_card,3,18.57
order_00001386,1,credit_card,1,213.31
order_00001387,1,boleto,1,115.77
order_00001388,1,credit_card,1,68.68
order_00001388,2,credit_card,10,49.79
order_00001389,1,voucher,1,32.22
order_00001390,1,credit_card,1,141.35
order_00001391,1,boleto,1,26.38
order_00001392,1,credit_card,1,316.27
order_00001393,1,boleto,1,58.29
order_00001394,1,credit_card,6,31.99
order_00001395,1,credit_card,6,66.8
order_00001396,1,credit_card,8,166.9
order_00001397,1,credit_card,1,93.58
order_00001398,1,credit_card,1,22.27
order_00001398,2,credit_card,1,31.61
order_00001399,1,credit_card,2,38.92
order_00001400,1,credit_card,2,11.63
order_00001401,1,credit_card,5,57.57
order_00001402,1,credit_card,1,171.12
order_00001403,1,credit_card,1,35.74
order_00001404,1,voucher,1,75.55
order_00001405,1,credit_card,1,42.28
order_00001406,1,credit_card,3,44.64
order_00001407,1,credit_card,2,29.77
order_00001408,1,boleto,1,24.17
order_00001409,1,credit_card,5,167.86
order_00001410,1,credit_card,2,546.18
order_00001411,1,credit_card,2,56.81
order_00001412,1,credit_card,2,187.31
order_00001413,1,voucher,1,83.68
order_00001414,1,credit_card,1,16.86
order_00001414,2,credit_card,6,19.12
order_00001415,1,credit_card,2,40.27
order_00001416,1,boleto,1,104.06
order_00001417,1,boleto,1,40.84
order_00001418,1,voucher,1,31.74
order_00001419,1,boleto,1,63.38
order_00001420,1,credit_card,3,24.15
order_00001421,1,credit_card,1,172.5
order_00001422,1,boleto,1,183.25
order_00001423,1,credit_card,5,14.86
order_00001424,1,credit_card,1,7.97
order_00001425,1,credit_card,4,56.11
order_00001426,1,credit_card,1,67.23
order_00001427,1,credit_card,1,44.64
order_00001428,1,credit_card,1,96.44
order_00001429,1,credit_card,2,31.54
order_00001430,1,credit_card,1,302.97
order_00001431,1,credit_card,3,58.8
order_00001432,1,voucher,1,143.21
order_00001433,1,credit_card,1,87.2
order_00001434,1,voucher,1,22.12
order_00001435,1,credit_card,6,160.58
order_00001436,1,credit_card,2,127.05
order_00001437,1,credit_card,3,249.96
order_00001438,1,credit_card,8,80.1
order_00001439,1,credit_card,1,237.49
order_00001440,1,credit_card,1,123.26
order_00001441,1,credit_card,5,142.91
order_00001442,1,credit_card,2,106.64
order_00001443,1,credit_card,8,261.55
order_00001444,1,credit_card,3,66.07
order_00001445,1,credit_card,10,49.43
order_00001446,1,boleto,1,210.37
order_00001447,1,credit_card,4,178.34
order_00001448,1,credit_card,8,246.78
order_00001449,1,credit_card,1,37.96
order_00001450,1,credit_card,6,14.23
order_00001450,2,credit_card,2,27.88
order_00001451,1,debit_card,1,29.3
order_00001452,1,boleto,1,62.87
order_00001453,1,credit_card,10,36.31
order_00001454,1,voucher,1,70.23
order_00001455,1,credit_card,5,254.59
order_00001456,1,credit_card,4,32.75
order_00001457,1,credit_card,1,40.73
order_00001458,1,credit_card,1,26.44
order_00001459,1,boleto,1,111.34
order_00001460,1,credit_card,1,239.32
order_00001461,1,credit_card,1,89.1
order_00001461,2,boleto,1,64.13
order_00001462,1,credit_card,1,277.19
order_00001463,1,credit_card,1,57.98
order_00001464,1,credit_card,8,195.92
order_00001465,1,voucher,1,268.32
order_00001466,1,credit_card,10,36.36
order_00001467,1,credit_card,3,101.99
order_00001468,1,credit_card,2,77.51
order_00001469,1,credit_card,8,512.1
order_00001470,1,credit_card,1,44.78
order_00001471,1,boleto,1,147.62
order_00001472,1,credit_card,1,246.92
order_00001473,1,credit_card,6,481.63
order_00001474,1,credit_card,3,48.43
order_00001475,1,credit_card,8,132.89
order_00001476,1,debit_card,1,120.0
order_00001477,1,credit_card,1,48.24
order_00001478,1,voucher,1,59.36
order_00001479,1,credit_card,5,269.06
order_00001480,1,boleto,1,253.19
order_00001481,1,boleto,1,43.32
order_00001482,1,credit_card,6,20.89
order_00001483,1,credit_card,8,36.42
order_00001484,1,credit_card,1,263.71
order_00001485,1,voucher,1,38.26
order_00001486,1,credit_card,10,62.32
order_00001487,1,credit_card,2,260.22
order_00001488,1,boleto,1,187.01
order_00001489,1,boleto,1,612.47
order_00001490,1,boleto,1,35.76
order_00001491,1,boleto,1,70.92
order_00001492,1,credit_card,1,190.43
order_00001493,1,credit_card,3,170.61
order_00001494,1,credit_card,10,124.44
order_00001495,1,credit_card,10,43.04
order_00001496,1,boleto,1,12.96
order_00001497,1,credit_card,3,27.73
order_00001498,1,credit_card,4,235.0
order_00001499,1,credit_card,2,182.57
order_00001500,1,boleto,1,134.81
order_00001501,1,credit_card,1,335.4
order_00001502,1,boleto,1,121.86
order_00001503,1,credit_card,1,14.46
order_00001504,1,credit_card,2,13.73
order_00001504,2,credit_card,2,8.67
order_00001505,1,credit_card,4,323.82
order_00001506,1,credit_card,8,16.76
order_00001507,1,credit_card,2,72.09
order_00001508,1,credit_card,4,242.66
order_00001509,1,credit_card,1,22.48
order_00001510,1,credit_card,3,55.2
order_00001511,1,voucher,1,34.33
order_00001512,1,credit_card,3,183.78
order_00001513,1,boleto,1,43.98
order_00001514,1,credit_card,1,19.05
order_00001515,1,credit_card,1,181.08
order_00001516,1,credit_card,1,22.81
order_00001517,1,credit_card,1,77.65
order_00001518,1,credit_card,8,98.28
order_00001519,1,credit_card,3,145.19
order_00001520,1,credit_card,1,68.08
order_00001521,1,credit_card,10,351.58
order_00001522,1,boleto,1,74.47
order_00001523,1,credit_card,1,52.95
order_00001524,1,boleto,1,268.29
order_00001525,1,voucher,1,77.21
order_00001526,1,credit_card,10,308.38
order_00001527,1,credit_card,4,78.54
order_00001528,1,boleto,1,36.36
order_00001529,1,credit_card,8,52.39
order_00001530,1,credit_card,5,17.16
order_00001530,2,credit_card,1,9.98
order_00001531,1,credit_card,10,287.78
order_00001532,1,credit_card,4,184.96
order_00001533,1,credit_card,1,97.24
order_00001533,2,credit_card,1,49.87
order_00001534,1,credit_card,1,118.91
order_00001535,1,credit_card,1,79.3
order_00001536,1,credit_card,3,598.72
order_00001537,1,boleto,1,14.54
order_00001537,2,boleto,1,18.68
order_00001538,1,boleto,1,98.81
order_00001539,1,credit_card,1,44.04
order_00001540,1,credit_card,3,146.71
order_00001541,1,credit_card,5,37.77
order_00001542,1,credit_card,8,192.59
order_00001543,1,credit_card,5,184.44
order_00001544,1,credit_card,6,42.16
order_00001545,1,credit_card,4,67.93
order_00001546,1,debit_card,1,77.82
order_00001547,1,credit_card,1,20.86
order_00001548,1,credit_card,1,168.92
order_00001549,1,credit_card,8,87.34
order_00001550,1,boleto,1,96.53
order_00001551,1,credit_card,3,161.17
order_00001552,1,credit_card,1,32.48
order_00001553,1,credit_card,1,238.37
order_00001554,1,credit_card,1,358.93
order_00001555,1,credit_card,1,119.74
order_00001556,1,credit_card,3,66.72
order_00001557,1,credit_card,3,72.05
order_00001558,1,credit_card,6,312.27
order_00001559,1,credit_card,1,46.59
order_00001560,1,credit_card,2,5.79
order_00001561,1,credit_card,6,86.98
order_00001562,1,boleto,1,115.54
order_00001563,1,credit_card,1,82.02
order_00001564,1,credit_card,4,8.12
order_00001564,2,credit_card,3,9.27
order_00001565,1,credit_card,2,15.55
order_00001566,1,credit_card,2,324.92
order_00001567,1,credit_card,1,151.89
order_00001568,1,credit_card,3,118.48
order_00001569,1,boleto,1,58.3
order_00001570,1,credit_card,2,45.33
order_00001571,1,boleto,1,126.9
order_00001572,1,credit_card,5,60.6
order_00001573,1,credit_card,1,91.05
order_00001574,1,boleto,1,96.49
order_00001575,1,credit_card,1,34.06
order_00001576,1,credit_card,3,34.96
order_00001577,1,credit_card,2,74.74
order_00001578,1,boleto,1,31.11
order_00001579,1,credit_card,2,86.45
order_00001580,1,credit_card,8,196.06
order_00001581,1,voucher,1,156.42
order_00001582,1,boleto,1,82.4
order_00001583,1,credit_card,1,103.0
order_00001584,1,credit_card,5,34.63
order_00001585,1,voucher,1,35.6
order_00001586,1,credit_card,10,29.97
order_00001587,1,credit_card,3,250.61
order_00001588,1,boleto,1,149.54
order_00001589,1,credit_card,1,47.4
order_00001590,1,credit_card,1,369.1
order_00001591,1,boleto,1,219.11
order_00001592,1,boleto,1,25.97
order_00001593,1,credit_card,8,16.08
order_00001594,1,boleto,1,35.39
order_00001595,1,credit_card,1,138.96
order_00001596,1,credit_card,1,78.75
order_00001597,1,credit_card,3,111.61
order_00001598,1,credit_card,1,64.01
order_00001599,1,credit_card,1,224.35
order_00001600,1,credit_card,1,331.93
order_00001601,1,boleto,1,116.74
order_00001602,1,credit_card,1,219.58
order_00001603,1,credit_card,10,55.77
order_00001604,1,voucher,1,117.74
order_00001605,1,boleto,1,323.42
order_00001606,1,credit_card,3,364.14
order_00001607,1,boleto,1,56.32
order_00001608,1,credit_card,8,65.91
order_00001609,1,credit_card,1,239.86
order_00001610,1,credit_card,1,62.02
order_00001611,1,voucher,1,38.15
order_00001612,1,boleto,1,88.28
order_00001613,1,boleto,1,286.34
order_00001614,1,boleto,1,28.86
order_00001615,1,credit_card,3,222.24
order_00001616,1,voucher,1,51.43
order_00001617,1,credit_card,3,38.73
order_00001618,1,credit_card,4,22.06
order_00001619,1,boleto,1,90.56
order_00001620,1,boleto,1,46.76
order_00001621,1,boleto,1,894.0
order_00001622,1,credit_card,6,20.94
order_00001623,1,voucher,1,29.9
order_00001624,1,voucher,1,40.46
order_00001625,1,boleto,1,124.14
order_00001626,1,credit_card,2,64.71
order_00001627,1,credit_card,3,108.4
order_00001628,1,credit_card,10,257.61
order_00001629,1,credit_card,10,41.82
order_00001630,1,credit_card,8,63.67
order_00001631,1,credit_card,2,97.81
order_00001632,1,boleto,1,27.83
order_00001633,1,voucher,1,203.32
order_00001634,1,boleto,1,39.86
order_00001635,1,credit_card,3,85.49
order_00001636,1,credit_card,1,17.98
order_00001637,1,voucher,1,146.48
order_00001638,1,credit_card,3,13.55
order_00001639,1,boleto,1,116.81
order_00001640,1,credit_card,3,19.84
order_00001641,1,credit_card,1,87.0
order_00001642,1,debit_card,1,117.36
order_00001642,2,credit_card,1,55.8
order_00001643,1,credit_card,5,42.59
order_00001644,1,boleto,1,73.98
order_00001645,1,boleto,1,49.9
order_00001645,2,credit_card,1,43.99
order_00001646,1,credit_card,4,84.25
order_00001647,1,credit_card,3,17.99
order_00001648,1,credit_card,2,44.4
order_00001649,1,credit_card,10,312.1
order_00001650,1,credit_card,2,306.13
order_00001651,1,credit_card,3,102.08
order_00001652,1,boleto,1,42.89
order_00001653,1,credit_card,1,142.56
order_00001654,1,boleto,1,148.64
order_00001655,1,credit_card,1,220.8
order_00001656,1,credit_card,8,127.87
order_00001657,1,credit_card,5,120.13
order_00001658,1,credit_card,5,60.78
order_00001659,1,boleto,1,125.25
order_00001660,1,credit_card,2,94.12
order_00001661,1,credit_card,1,80.7
order_00001662,1,credit_card,3,20.71
order_00001662,2,boleto,1,41.2
order_00001663,1,credit_card,2,691.82
order_00001664,1,credit_card,1,283.44
order_00001665,1,credit_card,3,92.57
order_00001666,1,credit_card,3,34.74
order_00001667,1,voucher,1,26.98
order_00001667,2,credit_card,1,31.41
order_00001668,1,credit_card,4,96.71
order_00001669,1,voucher,1,170.59
order_00001670,1,credit_card,1,144.11
order_00001671,1,credit_card,1,79.12
order_00001672,1,credit_card,5,93.6
order_00001673,1,credit_card,1,98.3
order_00001674,1,boleto,1,85.33
order_00001675,1,credit_card,3,65.89
order_00001676,1,credit_card,1,78.0
order_00001677,1,credit_card,1,331.73
order_00001678,1,voucher,1,13.24
order_00001679,1,credit_card,1,70.68
order_00001680,1,credit_card,1,177.11
order_00001681,1,credit_card,3,55.14
order_00001682,1,credit_card,2,132.27
order_00001683,1,credit_card,8,339.52
order_00001684,1,boleto,1,54.15
order_00001685,1,boleto,1,277.0
order_00001686,1,credit_card,8,103.25
order_00001687,1,credit_card,2,61.48
order_00001688,1,credit_card,5,49.28
order_00001689,1,boleto,1,12.13
order_00001690,1,credit_card,1,47.28
order_00001691,1,credit_card,5,35.06
order_00001692,1,voucher,1,45.22
order_00001693,1,voucher,1,108.18
order_00001694,1,credit_card,2,43.59
order_00001695,1,voucher,1,64.46
order_00001696,1,credit_card,2,125.04
order_00001697,1,credit_card,1,262.76
order_00001698,1,credit_card,3,56.98
order_00001699,1,credit_card,1,40.46
order_00001700,1,credit_card,1,86.5
order_00001701,1,credit_card,10,136.98
order_00001702,1,credit_card,4,89.85
order_00001703,1,credit_card,10,89.11
order_00001703,2,boleto,1,185.97
order_00001704,1,boleto,1,263.95
order_00001705,1,credit_card,8,66.52
order_00001706,1,voucher,1,34.37
order_00001707,1,credit_card,2,51.63
order_00001708,1,credit_card,1,570.67
order_00001709,1,credit_card,2,87.54
order_00001710,1,credit_card,2,21.09
order_00001711,1,boleto,1,23.44
order_00001712,1,boleto,1,10.05
order_00001713,1,credit_card,10,191.1
order_00001714,1,boleto,1,179.0
order_00001715,1,boleto,1,17.92
order_00001716,1,debit_card,1,106.83
order_00001717,1,boleto,1,160.92
order_00001718,1,credit_card,10,12.08
order_00001719,1,boleto,1,70.94
order_00001720,1,credit_card,3,158.06
order_00001721,1,credit_card,5,297.76
order_00001722,1,credit_card,1,155.1
order_00001723,1,credit_card,2,37.77
order_00001724,1,boleto,1,22.39
order_00001725,1,credit_card,6,131.41
order_00001726,1,boleto,1,56.04
order_00001727,1,boleto,1,39.32
order_00001728,1,credit_card,1,87.05
order_00001729,1,voucher,1,89.77
order_00001730,1,boleto,1,274.99
order_00001731,1,credit_card,6,99.19
order_00001732,1,boleto,1,69.0
order_00001733,1,credit_card,1,128.9
order_00001734,1,boleto,1,40.32
order_00001735,1,credit_card,1,93.45
order_00001736,1,credit_card,1,82.41
order_00001737,1,credit_card,3,158.19
order_00001738,1,credit_card,4,287.05
order_00001739,1,credit_card,1,332.87
order_00001740,1,credit_card,2,58.57
order_00001741,1,credit_card,10,133.9
order_00001742,1,credit_card,3,37.0
order_00001743,1,boleto,1,44.89
order_00001744,1,boleto,1,21.67
order_00001745,1,credit_card,1,79.76
order_00001746,1,voucher,1,196.22
order_00001747,1,boleto,1,354.03
order_00001748,1,credit_card,3,35.34
order_00001749,1,boleto,1,70.29
order_00001750,1,credit_card,10,9.97
order_00001751,1,credit_card,1,14.2
order_00001752,1,credit_card,1,130.09
order_00001753,1,credit_card,5,48.06
order_00001754,1,credit_card,3,123.32
order_00001755,1,credit_card,8,64.61
order_00001755,2,credit_card,4,66.05
order_00001756,1,credit_card,1,293.91
order_00001757,1,credit_card,2,144.39
order_00001758,1,credit_card,8,17.25
order_00001759,1,credit_card,1,10.88
order_00001760,1,credit_card,5,82.2
order_00001761,1,credit_card,5,198.62
order_00001762,1,credit_card,1,33.61
order_00001763,1,credit_card,1,108.26
order_00001764,1,credit_card,5,20.83
order_00001765,1,boleto,1,70.76
order_00001766,1,credit_card,6,344.64
order_00001767,1,boleto,1,245.0
order_00001768,1,boleto,1,351.69
order_00001769,1,credit_card,3,54.01
order_00001770,1,boleto,1,60.07
order_00001771,1,credit_card,1,50.7
order_00001772,1,boleto,1,130.56
order_00001773,1,boleto,1,66.95
order_00001774,1,credit_card,1,13.92
order_00001775,1,credit_card,3,469.77
order_00001776,1,credit_card,3,32.44
order_00001777,1,credit_card,1,120.19
order_00001778,1,credit_card,4,263.98
order_00001779,1,boleto,1,39.03
order_00001780,1,credit_card,3,36.72
order_00001781,1,voucher,1,55.97
order_00001782,1,credit_card,4,75.07
order_00001783,1,credit_card,10,234.62
order_00001784,1,credit_card,3,172.66
order_00001785,1,boleto,1,152.53
order_00001786,1,credit_card,6,82.45
order_00001787,1,credit_card,8,46.91
order_00001788,1,boleto,1,29.4
order_00001788,2,credit_card,3,34.56
order_00001789,1,credit_card,8,15.18
order_00001789,2,credit_card,1,7.88
order_00001790,1,credit_card,5,95.28
order_00001791,1,voucher,1,73.53
order_00001792,1,boleto,1,338.46
order_00001793,1,boleto,1,19.03
order_00001794,1,boleto,1,76.36
order_00001795,1,credit_card,2,75.62
order_00001796,1,boleto,1,104.67
order_00001797,1,boleto,1,52.81
order_00001798,1,credit_card,2,51.19
order_00001799,1,credit_card,1,282.28
order_00001800,1,credit_card,10,189.67
order_00001801,1,boleto,1,88.6
order_00001802,1,credit_card,1,118.98
order_00001803,1,credit_card,1,218.45
order_00001804,1,credit_card,2,21.81
order_00001805,1,credit_card,6,11.39
order_00001806,1,credit_card,10,34.23
order_00001807,1,boleto,1,20.01
order_00001808,1,credit_card,3,123.62
order_00001809,1,debit_card,1,56.88
order_00001810,1,credit_card,4,18.07
order_00001811,1,credit_card,3,275.43
order_00001812,1,credit_card,6,13.26
order_00001813,1,credit_card,4,62.96
order_00001814,1,credit_card,5,34.21
order_00001815,1,credit_card,5,591.37
order_00001816,1,voucher,1,170.75
order_00001817,1,boleto,1,71.39
order_00001818,1,credit_card,1,148.07
order_00001819,1,credit_card,1,300.81
order_00001820,1,boleto,1,335.63
order_00001821,1,credit_card,2,229.27
order_00001822,1,boleto,1,72.74
order_00001823,1,credit_card,6,121.03
order_00001824,1,credit_card,6,94.64
order_00001825,1,credit_card,1,46.17
order_00001826,1,credit_card,3,120.14
order_00001827,1,boleto,1,248.69
order_00001828,1,credit_card,4,24.43
order_00001829,1,credit_card,3,258.15
order_00001830,1,boleto,1,36.49
order_00001831,1,credit_card,2,370.04
order_00001832,1,boleto,1,155.95
order_00001833,1,boleto,1,92.44
order_00001834,1,boleto,1,49.09
order_00001835,1,credit_card,6,74.34
order_00001836,1,credit_card,2,112.43
order_00001837,1,credit_card,3,38.35
order_00001838,1,voucher,1,183.54
order_00001839,1,credit_card,1,61.45
order_00001839,2,boleto,1,33.89
order_00001840,1,credit_card,1,144.77
order_00001841,1,boleto,1,71.89
order_00001842,1,boleto,1,92.61
order_00001843,1,credit_card,2,45.12
order_00001844,1,credit_card,1,24.88
order_00001845,1,credit_card,1,61.15
order_00001846,1,credit_card,3,61.99
order_00001847,1,credit_card,6,293.97
order_00001848,1,credit_card,1,57.14
order_00001849,1,boleto,1,197.33
order_00001850,1,credit_card,1,95.86
order_00001851,1,debit_card,1,87.21
order_00001852,1,credit_card,4,137.22
order_00001853,1,credit_card,1,87.34
order_00001854,1,voucher,1,80.11
order_00001855,1,credit_card,1,215.47
order_00001856,1,boleto,1,192.83
order_00001856,2,credit_card,10,188.04
order_00001857,1,voucher,1,22.64
order_00001858,1,credit_card,1,37.44
order_00001859,1,credit_card,8,13.39
order_00001860,1,boleto,1,24.29
order_00001861,1,voucher,1,58.06
order_00001862,1,credit_card,5,288.25
order_00001863,1,credit_card,1,62.55
order_00001864,1,boleto,1,45.52
order_00001865,1,boleto,1,109.71
order_00001866,1,credit_card,6,173.16
order_00001867,1,boleto,1,67.11
order_00001868,1,voucher,1,192.12
order_00001869,1,boleto,1,184.78
order_00001870,1,boleto,1,209.99
order_00001871,1,voucher,1,19.44
order_00001872,1,credit_card,3,70.97
order_00001873,1,boleto,1,33.01
order_00001874,1,boleto,1,81.3
order_00001875,1,credit_card,1,45.62
order_00001876,1,credit_card,1,147.41
order_00001877,1,boleto,1,51.54
order_00001877,2,debit_card,1,36.18
order_00001878,1,credit_card,4,355.9
order_00001879,1,credit_card,5,32.48
order_00001880,1,credit_card,4,132.92
order_00001881,1,credit_card,2,33.14
order_00001882,1,credit_card,4,86.11
order_00001883,1,credit_card,6,130.28
order_00001884,1,credit_card,2,18.84
order_00001885,1,credit_card,5,56.14
order_00001886,1,credit_card,3,168.17
order_00001887,1,debit_card,1,113.02
order_00001888,1,credit_card,1,81.02
order_00001889,1,credit_card,8,29.21
order_00001890,1,credit_card,3,23.17
order_00001891,1,credit_card,8,47.51
order_00001892,1,boleto,1,30.58
order_00001893,1,credit_card,4,175.56
order_00001894,1,credit_card,4,54.14
order_00001894,2,boleto,1,94.54
order_00001895,1,credit_card,1,25.93
order_00001896,1,boleto,1,167.83
order_00001897,1,credit_card,4,153.74
order_00001898,1,credit_card,2,188.51
order_00001899,1,credit_card,4,45.05
order_00001900,1,credit_card,1,30.15
order_00001901,1,credit_card,3,63.87
order_00001902,1,credit_card,2,306.11
order_00001903,1,credit_card,6,599.34
order_00001904,1,credit_card,1,89.48
order_00001905,1,credit_card,10,208.83
order_00001906,1,credit_card,1,13.57
order_00001906,2,credit_card,4,15.7
order_00001907,1,credit_card,1,70.3
order_00001908,1,credit_card,3,74.77
order_00001909,1,credit_card,6,53.55
order_00001910,1,credit_card,1,130.06
order_00001911,1,debit_card,1,140.71
order_00001912,1,credit_card,1,42.54
order_00001913,1,credit_card,1,38.27
order_00001914,1,credit_card,1,144.28
order_00001915,1,credit_card,2,21.15
order_00001916,1,credit_card,1,110.35
order_00001917,1,credit_card,3,118.07
order_00001918,1,credit_card,2,262.55
order_00001919,1,credit_card,1,195.15
order_00001920,1,credit_card,3,403.03
order_00001921,1,voucher,1,77.81
order_00001921,2,credit_card,1,103.06
order_00001922,1,credit_card,10,289.56
order_00001923,1,credit_card,1,32.01
order_00001924,1,credit_card,6,20.72
order_00001925,1,credit_card,1,51.3
order_00001926,1,credit_card,6,198.69
order_00001926,2,credit_card,1,231.31
order_00001927,1,credit_card,1,386.27
order_00001928,1,credit_card,3,59.8
order_00001929,1,credit_card,8,15.05
order_00001929,2,credit_card,1,11.58
order_00001930,1,credit_card,3,77.67
order_00001930,2,credit_card,4,98.63
order_00001931,1,credit_card,4,108.75
order_00001932,1,credit_card,1,46.13
order_00001933,1,boleto,1,59.62
order_00001934,1,credit_card,1,25.42
order_00001935,1,debit_card,1,151.71
order_00001936,1,credit_card,1,15.92
order_00001937,1,voucher,1,47.27
order_00001938,1,credit_card,1,170.4
order_00001939,1,credit_card,2,24.9
order_00001940,1,credit_card,2,257.44
order_00001941,1,credit_card,2,18.77
order_00001942,1,credit_card,6,126.21
order_00001943,1,debit_card,1,23.75
order_00001944,1,credit_card,8,42.51
order_00001945,1,boleto,1,87.54
order_00001946,1,credit_card,3,63.98
order_00001947,1,voucher,1,29.23
order_00001948,1,credit_card,8,112.13
order_00001949,1,credit_card,1,85.22
order_00001949,2,credit_card,1,133.43
order_00001950,1,credit_card,1,5.81
order_00001951,1,credit_card,1,360.95
order_00001952,1,boleto,1,5.93
order_00001953,1,voucher,1,69.31
order_00001954,1,credit_card,1,54.41
order_00001955,1,credit_card,1,50.45
order_00001956,1,credit_card,4,8.2
order_00001957,1,boleto,1,58.47
order_00001958,1,boleto,1,85.27
order_00001959,1,credit_card,1,18.75
order_00001960,1,boleto,1,161.12
order_00001961,1,boleto,1,147.16
order_00001962,1,credit_card,4,201.93
order_00001963,1,credit_card,10,225.95
order_00001964,1,boleto,1,53.07
order_00001965,1,boleto,1,331.25
order_00001966,1,credit_card,1,61.76
order_00001967,1,credit_card,4,10.58
order_00001968,1,credit_card,2,23.41
order_00001969,1,credit_card,10,75.64
order_00001970,1,credit_card,10,250.91
order_00001970,2,credit_card,6,238.53
order_00001971,1,credit_card,4,851.69
order_00001972,1,credit_card,4,477.77
order_00001973,1,credit_card,1,25.77
order_00001974,1,credit_card,2,15.6
order_00001975,1,boleto,1,49.06
order_00001976,1,credit_card,1,111.58
order_00001977,1,credit_card,3,307.81
order_00001978,1,credit_card,1,324.81
order_00001979,1,credit_card,10,213.74
order_00001980,1,credit_card,1,61.82
order_00001981,1,credit_card,10,67.98
order_00001982,1,credit_card,1,23.8
order_00001983,1,credit_card,1,136.94
order_00001984,1,credit_card,1,60.8
order_00001985,1,credit_card,1,81.8
order_00001986,1,credit_card,8,33.85
order_00001987,1,credit_card,8,101.29
order_00001988,1,boleto,1,16.32
order_00001989,1,credit_card,1,83.98
order_00001990,1,credit_card,3,301.09
order_00001991,1,credit_card,8,131.31
order_00001992,1,credit_card,4,139.46
order_00001993,1,credit_card,3,191.95
order_00001994,1,credit_card,1,118.07
order_00001995,1,credit_card,3,76.64
order_00001996,1,credit_card,2,75.56
order_00001997,1,boleto,1,14.74
order_00001998,1,boleto,1,166.97
order_00001999,1,debit_card,1,180.29
order_00002000,1,credit_card,8,6.67
order_00002000,2,credit_card,2,10.39
order_00002001,1,credit_card,2,190.97
order_00002002,1,debit_card,1,147.07
order_00002003,1,credit_card,5,45.79
order_00002004,1,credit_card,1,144.87
order_00002005,1,boleto,1,570.88
order_00002006,1,credit_card,6,22.67
order_00002007,1,credit_card,4,93.42
order_00002008,1,credit_card,6,15.78
order_00002009,1,boleto,1,19.97
order_00002010,1,boleto,1,60.96
order_00002010,2,credit_card,2,77.74
order_00002011,1,boleto,1,51.24
order_00002012,1,credit_card,4,18.71
order_00002013,1,boleto,1,6.11
order_00002013,2,credit_card,4,14.07
order_00002014,1,credit_card,3,196.81
order_00002015,1,boleto,1,102.0
order_00002016,1,credit_card,1,244.79
order_00002017,1,credit_card,1,49.25
order_00002018,1,credit_card,1,6.63
order_00002019,1,voucher,1,139.36
order_00002020,1,credit_card,1,76.79
order_00002021,1,credit_card,6,173.48
order_00002022,1,credit_card,4,39.54
order_00002023,1,credit_card,2,47.22
order_00002024,1,credit_card,8,122.36
order_00002025,1,credit_card,1,28.96
order_00002026,1,boleto,1,35.79
order_00002027,1,credit_card,6,180.2
order_00002028,1,credit_card,2,57.66
order_00002029,1,credit_card,6,135.24
order_00002030,1,credit_card,1,38.15
order_00002031,1,credit_card,1,629.63
order_00002032,1,credit_card,1,60.43
order_00002033,1,credit_card,10,69.4
order_00002034,1,credit_card,1,81.91
order_00002035,1,credit_card,5,24.0
order_00002036,1,credit_card,1,204.68
order_00002037,1,credit_card,1,113.47
order_00002038,1,boleto,1,61.52
order_00002039,1,credit_card,1,173.79
order_00002039,2,credit_card,1,128.23
order_00002040,1,credit_card,3,17.31
order_00002041,1,credit_card,1,67.43
order_00002042,1,credit_card,10,152.64
order_00002043,1,credit_card,1,131.65
order_00002044,1,boleto,1,131.39
order_00002045,1,credit_card,2,82.87
order_00002046,1,credit_card,2,54.9
order_00002047,1,boleto,1,36.26
order_00002048,1,boleto,1,91.49
order_00002049,1,credit_card,4,118.93
order_00002050,1,credit_card,5,16.58
order_00002051,1,boleto,1,67.55
order_00002052,1,credit_card,1,29.18
order_00002052,2,credit_card,4,42.19
order_00002053,1,credit_card,3,149.13
order_00002054,1,boleto,1,62.29
order_00002055,1,credit_card,6,270.5
order_00002056,1,credit_card,5,286.45
order_00002057,1,credit_card,2,71.01
order_00002058,1,credit_card,1,32.08
order_00002058,2,credit_card,8,72.94
order_00002059,1,boleto,1,125.49
order_00002060,1,credit_card,8,170.83
order_00002061,1,credit_card,4,111.48
order_00002062,1,boleto,1,345.93
order_00002063,1,credit_card,4,192.95
order_00002064,1,credit_card,1,27.33
order_00002065,1,boleto,1,119.04
order_00002066,1,boleto,1,86.23
order_00002067,1,credit_card,3,42.65
order_00002068,1,credit_card,5,24.39
order_00002069,1,credit_card,2,54.23
order_00002070,1,voucher,1,101.22
order_00002071,1,credit_card,4,93.08
order_00002072,1,credit_card,1,141.49
order_00002073,1,credit_card,1,53.35
order_00002074,1,credit_card,5,91.2
order_00002075,1,credit_card,1,92.18
order_00002076,1,credit_card,6,161.06
order_00002077,1,credit_card,3,61.91
order_00002078,1,credit_card,2,56.86
order_00002079,1,debit_card,1,195.47
order_00002080,1,boleto,1,33.69
order_00002081,1,voucher,1,195.5
order_00002082,1,boleto,1,410.13
order_00002083,1,boleto,1,156.21
order_00002084,1,boleto,1,258.89
order_00002085,1,boleto,1,10.13
order_00002086,1,credit_card,1,185.21
order_00002087,1,credit_card,1,137.91
order_00002088,1,credit_card,1,137.96
order_00002089,1,boleto,1,44.88
order_00002090,1,voucher,1,91.73
order_00002091,1,credit_card,4,130.98
order_00002092,1,credit_card,6,212.73
order_00002093,1,voucher,1,72.22
order_00002094,1,credit_card,5,134.8
order_00002095,1,credit_card,1,445.01
order_00002096,1,credit_card,1,69.72
order_00002097,1,credit_card,1,34.55
order_00002098,1,credit_card,5,153.23
order_00002099,1,credit_card,1,79.54
order_00002100,1,voucher,1,76.44
order_00002101,1,boleto,1,412.03
order_00002102,1,credit_card,1,302.96
order_00002102,2,credit_card,4,216.51
order_00002103,1,credit_card,6,74.59
order_00002104,1,boleto,1,75.43
order_00002105,1,credit_card,4,271.87
order_00002106,1,credit_card,1,2.52
order_00002107,1,credit_card,1,74.95
order_00002108,1,credit_card,1,72.0
order_00002109,1,credit_card,1,19.44
order_00002110,1,voucher,1,55.17
order_00002111,1,credit_card,6,26.96
order_00002112,1,voucher,1,35.11
order_00002113,1,boleto,1,179.06
order_00002114,1,credit_card,1,45.72
order_00002115,1,credit_card,4,53.24
order_00002116,1,credit_card,4,51.79
order_00002117,1,boleto,1,19.9
order_00002117,2,credit_card,1,26.08
order_00002118,1,credit_card,2,356.29
order_00002119,1,credit_card,1,136.13
order_00002120,1,credit_card,5,67.8
order_00002121,1,boleto,1,16.07
order_00002121,2,credit_card,5,21.79
order_00002122,1,credit_card,2,117.56
order_00002123,1,voucher,1,200.38
order_00002124,1,boleto,1,62.47
order_00002125,1,credit_card,6,91.3
order_00002126,1,credit_card,4,122.34
order_00002127,1,credit_card,1,58.52
order_00002128,1,credit_card,1,144.41
order_00002129,1,credit_card,6,196.87
order_00002130,1,credit_card,1,11.05
order_00002131,1,credit_card,2,638.34
order_00002132,1,boleto,1,30.92
order_00002133,1,boleto,1,70.37
order_00002134,1,credit_card,1,236.31
order_00002135,1,credit_card,1,43.48
order_00002136,1,credit_card,8,67.38
order_00002137,1,credit_card,4,41.2
order_00002138,1,credit_card,1,44.37
order_00002139,1,credit_card,10,85.41
order_00002140,1,credit_card,2,16.0
order_00002141,1,credit_card,8,48.18
order_00002142,1,credit_card,5,472.65
order_00002143,1,boleto,1,212.04
order_00002144,1,credit_card,1,31.73
order_00002145,1,credit_card,2,23.65
order_00002146,1,boleto,1,27.65
order_00002147,1,credit_card,6,24.55
order_00002148,1,credit_card,3,201.59
order_00002149,1,credit_card,6,84.87
order_00002150,1,credit_card,6,53.59
order_00002151,1,boleto,1,32.09
order_00002152,1,credit_card,10,33.09
order_00002153,1,credit_card,1,247.17
order_00002154,1,boleto,1,144.94
order_00002155,1,credit_card,4,318.52
order_00002156,1,credit_card,6,47.27
order_00002157,1,boleto,1,92.96
order_00002158,1,boleto,1,601.17
order_00002159,1,credit_card,1,125.89
order_00002160,1,boleto,1,25.44
order_00002161,1,boleto,1,65.63
order_00002162,1,credit_card,1,206.09
order_00002163,1,credit_card,10,303.42
order_00002164,1,boleto,1,41.99
order_00002165,1,credit_card,8,38.89
order_00002166,1,credit_card,1,26.6
order_00002167,1,credit_card,2,145.66
order_00002168,1,boleto,1,152.64
order_00002169,1,credit_card,1,275.81
order_00002170,1,credit_card,3,63.9
order_00002171,1,voucher,1,61.82
order_00002172,1,credit_card,1,37.29
order_00002173,1,boleto,1,390.27
order_00002174,1,voucher,1,67.75
order_00002175,1,credit_card,1,198.93
order_00002176,1,credit_card,1,7.65
order_00002177,1,credit_card,4,49.84
order_00002178,1,credit_card,1,158.21
order_00002179,1,credit_card,8,462.5
order_00002180,1,credit_card,3,115.5
order_00002181,1,boleto,1,353.24
order_00002182,1,boleto,1,152.51
order_00002183,1,credit_card,6,28.11
order_00002184,1,boleto,1,596.7
order_00002185,1,credit_card,1,55.17
order_00002186,1,credit_card,3,2.29
order_00002186,2,credit_card,3,3.41
order_00002187,1,credit_card,3,93.97
order_00002188,1,credit_card,1,15.77
order_00002189,1,credit_card,6,61.9
order_00002190,1,credit_card,1,47.68
order_00002191,1,boleto,1,107.22
order_00002192,1,credit_card,8,63.16
order_00002193,1,debit_card,1,298.61
order_00002194,1,voucher,1,35.55
order_00002195,1,boleto,1,21.26
order_00002196,1,credit_card,10,21.14
order_00002197,1,credit_card,1,186.66
order_00002198,1,credit_card,1,65.58
order_00002199,1,credit_card,5,112.07
order_00002200,1,credit_card,6,239.09
order_00002201,1,credit_card,1,63.01
order_00002202,1,credit_card,2,46.41
order_00002203,1,credit_card,10,70.99
order_00002203,2,credit_card,1,105.25
order_00002204,1,credit_card,1,28.73
order_00002205,1,credit_card,1,282.19
order_00002206,1,credit_card,2,15.46
order_00002207,1,credit_card,3,148.55
order_00002208,1,credit_card,4,358.1
order_00002209,1,boleto,1,83.2
order_00002210,1,credit_card,2,11.29
order_00002211,1,voucher,1,121.63
order_00002212,1,boleto,1,63.48
order_00002212,2,credit_card,2,72.39
order_00002213,1,credit_card,2,302.29
order_00002214,1,credit_card,3,25.55
order_00002215,1,boleto,1,65.38
order_00002216,1,credit_card,2,38.27
order_00002217,1,credit_card,8,13.04
order_00002218,1,credit_card,10,51.56
order_00002219,1,credit_card,1,147.67
order_00002220,1,credit_card,1,80.33
order_00002221,1,credit_card,1,106.86
order_00002222,1,credit_card,3,15.29
order_00002223,1,debit_card,1,20.13
order_00002224,1,credit_card,2,63.82
order_00002225,1,credit_card,5,26.81
order_00002226,1,credit_card,4,154.24
order_00002227,1,credit_card,4,16.07
order_00002228,1,credit_card,2,239.12
order_00002229,1,credit_card,1,25.04
order_00002230,1,boleto,1,45.19
order_00002231,1,credit_card,10,62.08
order_00002232,1,credit_card,2,55.11
order_00002233,1,credit_card,1,78.43
order_00002234,1,credit_card,4,21.96
order_00002234,2,boleto,1,37.07
order_00002235,1,credit_card,1,100.94
order_00002236,1,credit_card,4,60.03
order_00002237,1,credit_card,1,58.51
order_00002238,1,boleto,1,141.66
order_00002239,1,credit_card,3,32.18
order_00002240,1,credit_card,6,303.21
order_00002241,1,credit_card,1,66.43
order_00002242,1,boleto,1,222.25
order_00002243,1,credit_card,4,15.46
order_00002244,1,credit_card,2,39.46
order_00002245,1,credit_card,3,331.51
order_00002246,1,credit_card,1,344.07
order_00002247,1,credit_card,10,456.93
order_00002248,1,boleto,1,192.57
order_00002249,1,credit_card,1,115.47
order_00002250,1,credit_card,10,270.31
order_00002251,1,credit_card,2,134.92
order_00002252,1,credit_card,1,84.85
order_00002253,1,credit_card,2,20.64
order_00002254,1,credit_card,1,89.98
order_00002255,1,boleto,1,501.96
order_00002256,1,credit_card,2,103.22
order_00002257,1,credit_card,1,78.38
order_00002258,1,boleto,1,107.47
order_00002259,1,credit_card,1,56.23
order_00002259,2,credit_card,1,71.82
order_00002260,1,credit_card,1,42.78
order_00002261,1,credit_card,3,22.22
order_00002262,1,debit_card,1,16.83
order_00002263,1,credit_card,1,17.49
order_00002264,1,credit_card,3,155.93
order_00002265,1,credit_card,5,131.94
order_00002265,2,credit_card,1,78.73
order_00002266,1,credit_card,2,11.97
order_00002267,1,credit_card,3,95.13
order_00002268,1,credit_card,4,110.48
order_00002269,1,credit_card,5,59.19
order_00002270,1,boleto,1,95.96
order_00002271,1,credit_card,1,10.92
order_00002272,1,credit_card,1,41.04
order_00002273,1,credit_card,10,177.09
order_00002274,1,credit_card,2,167.35
order_00002275,1,credit_card,5,82.21
order_00002276,1,credit_card,10,45.49
order_00002277,1,credit_card,10,172.08
order_00002278,1,credit_card,1,130.18
order_00002279,1,credit_card,1,52.43
order_00002280,1,credit_card,10,18.21
order_00002281,1,credit_card,1,15.19
order_00002282,1,credit_card,6,402.86
order_00002283,1,credit_card,2,254.96
order_00002284,1,boleto,1,351.07
order_00002285,1,credit_card,1,86.8
order_00002286,1,credit_card,1,83.93
order_00002287,1,credit_card,3,52.82
order_00002288,1,credit_card,1,182.97
order_00002289,1,credit_card,6,7.01
order_00002289,2,credit_card,5,7.41
order_00002290,1,credit_card,4,358.27
order_00002291,1,boleto,1,59.99
order_00002292,1,credit_card,5,40.6
order_00002293,1,credit_card,1,57.89
order_00002294,1,credit_card,1,96.21
order_00002295,1,boleto,1,65.28
order_00002296,1,boleto,1,77.09
order_00002297,1,credit_card,2,78.56
order_00002298,1,boleto,1,95.46
order_00002299,1,debit_card,1,46.88
order_00002300,1,credit_card,2,387.23
order_00002301,1,credit_card,5,227.49
order_00002302,1,boleto,1,240.12
order_00002303,1,credit_card,3,13.83
order_00002304,1,credit_card,3,64.17
order_00002305,1,credit_card,8,29.85
order_00002305,2,credit_card,3,46.9
order_00002306,1,credit_card,1,46.67
order_00002307,1,credit_card,1,19.13
order_00002308,1,boleto,1,134.5
order_00002309,1,boleto,1,115.78
order_00002310,1,credit_card,1,16.11
order_00002311,1,boleto,1,134.6
order_00002312,1,credit_card,2,407.48
order_00002313,1,credit_card,2,89.55
order_00002314,1,credit_card,2,327.43
order_00002315,1,credit_card,3,107.63
order_00002316,1,debit_card,1,41.91
order_00002317,1,credit_card,3,201.96
order_00002318,1,credit_card,6,95.55
order_00002319,1,credit_card,10,40.39
order_00002320,1,credit_card,6,124.52
order_00002321,1,credit_card,4,117.05
order_00002322,1,credit_card,3,73.07
order_00002323,1,credit_card,1,20.42
order_00002324,1,credit_card,2,228.67
order_00002325,1,credit_card,10,63.66
order_00002326,1,debit_card,1,29.92
order_00002327,1,credit_card,2,40.18
order_00002328,1,credit_card,4,160.28
order_00002329,1,credit_card,4,17.77
order_00002330,1,credit_card,3,156.72
order_00002331,1,credit_card,6,103.78
order_00002332,1,credit_card,10,54.66
order_00002333,1,credit_card,3,202.62
order_00002334,1,credit_card,2,110.78
order_00002335,1,boleto,1,33.09
order_00002336,1,credit_card,1,334.17
order_00002337,1,credit_card,4,167.3
order_00002338,1,credit_card,3,44.51
order_00002339,1,credit_card,4,97.65
order_00002340,1,credit_card,1,151.15
order_00002341,1,credit_card,3,34.3
order_00002342,1,boleto,1,55.99
order_00002343,1,boleto,1,25.57
order_00002344,1,credit_card,10,391.23
order_00002345,1,credit_card,4,177.54
order_00002346,1,credit_card,2,17.4
order_00002347,1,credit_card,5,66.84
order_00002348,1,credit_card,2,30.35
order_00002349,1,credit_card,1,15.21
order_00002350,1,credit_card,1,78.86
order_00002351,1,credit_card,6,59.62
order_00002352,1,credit_card,1,73.21
order_00002353,1,credit_card,5,55.5
order_00002354,1,credit_card,2,82.09
order_00002355,1,boleto,1,317.8
order_00002356,1,credit_card,4,615.81
order_00002357,1,credit_card,3,219.09
order_00002358,1,voucher,1,114.64
order_00002359,1,credit_card,2,50.77
order_00002360,1,credit_card,8,211.99
order_00002361,1,credit_card,1,45.78
order_00002362,1,credit_card,1,95.71
order_00002363,1,credit_card,4,74.29
order_00002364,1,credit_card,10,211.28
order_00002365,1,boleto,1,402.04
order_00002366,1,credit_card,3,535.34
order_00002367,1,credit_card,2,148.01
order_00002368,1,credit_card,1,85.91
order_00002369,1,credit_card,4,374.9
order_00002370,1,credit_card,2,16.9
order_00002371,1,credit_card,1,42.6
order_00002372,1,credit_card,4,38.01
order_00002373,1,boleto,1,29.76
order_00002374,1,credit_card,3,217.89
order_00002375,1,credit_card,2,112.42
order_00002376,1,credit_card,6,35.66
order_00002377,1,credit_card,8,64.46
order_00002378,1,credit_card,2,92.03
order_00002379,1,boleto,1,251.37
order_00002380,1,credit_card,3,103.31
order_00002381,1,boleto,1,125.66
order_00002382,1,credit_card,2,26.99
order_00002383,1,credit_card,2,6.7
order_00002383,2,credit_card,3,10.4
order_00002384,1,credit_card,5,102.08
order_00002385,1,boleto,1,406.68
order_00002386,1,credit_card,4,41.85
order_00002387,1,credit_card,5,190.47
order_00002388,1,credit_card,8,283.62
order_00002389,1,credit_card,6,148.27
order_00002390,1,credit_card,3,46.88
order_00002391,1,voucher,1,13.18
order_00002392,1,credit_card,2,89.58
order_00002392,2,credit_card,8,46.54
order_00002393,1,credit_card,10,16.8
order_00002394,1,credit_card,1,37.26
order_00002395,1,boleto,1,191.06
order_00002396,1,boleto,1,145.19
order_00002397,1,credit_card,1,75.0
order_00002398,1,boleto,1,24.17
order_00002399,1,credit_card,10,106.17
order_00002400,1,boleto,1,109.93
order_00002401,1,credit_card,5,75.84
order_00002402,1,boleto,1,147.38
order_00002403,1,boleto,1,131.48
order_00002404,1,credit_card,3,336.77
order_00002405,1,voucher,1,143.99
order_00002406,1,voucher,1,56.33
order_00002407,1,credit_card,1,57.82
order_00002408,1,credit_card,2,115.39
order_00002409,1,credit_card,1,57.95
order_00002410,1,credit_card,5,29.05
order_00002410,2,credit_card,10,64.72
order_00002411,1,credit_card,2,115.29
order_00002412,1,credit_card,1,60.2
order_00002413,1,credit_card,2,397.57
order_00002414,1,credit_card,5,22.72
order_00002415,1,credit_card,4,235.02
order_00002416,1,boleto,1,57.35
order_00002417,1,credit_card,5,115.37
order_00002418,1,voucher,1,21.49
order_00002418,2,credit_card,4,28.37
order_00002419,1,boleto,1,128.57
order_00002420,1,debit_card,1,533.3
order_00002421,1,boleto,1,47.36
order_00002422,1,credit_card,1,444.01
order_00002423,1,credit_card,1,39.66
order_00002424,1,boleto,1,91.25
order_00002425,1,credit_card,2,146.22
order_00002426,1,credit_card,3,64.79
order_00002427,1,credit_card,2,28.24
order_00002428,1,credit_card,3,42.38
order_00002429,1,boleto,1,77.15
order_00002430,1,boleto,1,180.3
order_00002431,1,credit_card,1,255.18
order_00002432,1,credit_card,2,34.33
order_00002433,1,credit_card,1,77.49
order_00002434,1,credit_card,5,20.06
order_00002435,1,credit_card,5,80.52
order_00002436,1,credit_card,1,208.99
order_00002437,1,credit_card,2,14.17
order_00002438,1,credit_card,6,24.32
order_00002439,1,boleto,1,115.3
order_00002440,1,credit_card,1,261.03
order_00002441,1,credit_card,1,66.58
order_00002442,1,boleto,1,101.04
order_00002442,2,boleto,1,153.89
order_00002443,1,credit_card,4,24.4
order_00002444,1,credit_card,8,24.98
order_00002445,1,boleto,1,95.91
order_00002446,1,credit_card,1,27.55
order_00002447,1,credit_card,1,41.97
order_00002448,1,credit_card,10,73.53
order_00002449,1,credit_card,1,28.23
order_00002450,1,credit_card,4,55.77
order_00002451,1,voucher,1,135.28
order_00002452,1,credit_card,1,251.01
order_00002453,1,boleto,1,31.21
order_00002454,1,credit_card,1,56.15
order_00002455,1,credit_card,6,30.01
order_00002456,1,credit_card,3,26.48
order_00002457,1,credit_card,1,33.53
order_00002458,1,debit_card,1,28.78
order_00002459,1,credit_card,3,82.71
order_00002460,1,credit_card,1,68.83
order_00002461,1,credit_card,2,211.51
order_00002462,1,credit_card,1,130.34
order_00002463,1,credit_card,8,54.21
order_00002464,1,boleto,1,26.64
order_00002464,2,voucher,1,60.99
order_00002465,1,credit_card,10,271.43
order_00002466,1,credit_card,4,410.2
order_00002467,1,credit_card,2,203.0
order_00002468,1,boleto,1,61.06
order_00002469,1,credit_card,1,42.0
order_00002470,1,boleto,1,181.75
order_00002471,1,credit_card,5,299.19
order_00002472,1,credit_card,2,85.94
order_00002473,1,credit_card,1,93.47
order_00002474,1,credit_card,8,98.44
order_00002475,1,voucher,1,27.31
order_00002476,1,credit_card,2,91.76
order_00002477,1,credit_card,1,19.81
order_00002478,1,credit_card,3,291.45
order_00002479,1,credit_card,2,11.72
order_00002480,1,credit_card,3,412.92
order_00002481,1,boleto,1,44.45
order_00002482,1,credit_card,2,82.65
order_00002482,2,boleto,1,79.74
order_00002483,1,credit_card,1,285.8
order_00002484,1,credit_card,5,217.1
order_00002485,1,credit_card,1,10.76
order_00002486,1,credit_card,2,69.93
order_00002487,1,credit_card,1,101.61
order_00002487,2,credit_card,10,104.9
order_00002488,1,credit_card,10,50.4
order_00002489,1,credit_card,10,95.69
order_00002490,1,credit_card,1,373.52
order_00002491,1,boleto,1,156.0
order_00002492,1,debit_card,1,182.39
order_00002493,1,credit_card,2,31.32
order_00002494,1,credit_card,6,50.08
order_00002495,1,credit_card,5,37.71
order_00002496,1,credit_card,1,69.24
order_00002497,1,credit_card,8,365.34
order_00002498,1,boleto,1,103.73
order_00002499,1,boleto,1,51.31
order_00002500,1,credit_card,1,44.94
order_00002501,1,boleto,1,23.21
order_00002502,1,credit_card,1,37.23
order_00002503,1,credit_card,3,72.0
order_00002504,1,voucher,1,82.83
order_00002505,1,credit_card,6,124.1
order_00002506,1,boleto,1,413.68
order_00002507,1,debit_card,1,68.88
order_00002508,1,credit_card,5,82.67
order_00002509,1,boleto,1,155.16
order_00002510,1,credit_card,1,305.44
order_00002511,1,credit_card,4,344.21
order_00002512,1,voucher,1,34.77
order_00002513,1,credit_card,1,131.24
order_00002514,1,credit_card,1,94.95
order_00002515,1,credit_card,2,169.26
order_00002516,1,credit_card,2,540.51
order_00002517,1,boleto,1,65.5
order_00002518,1,boleto,1,175.07
order_00002519,1,credit_card,2,16.9
order_00002520,1,credit_card,1,494.9
order_00002521,1,credit_card,8,75.31
order_00002522,1,credit_card,3,61.58
order_00002523,1,credit_card,1,62.76
order_00002524,1,credit_card,1,143.98
order_00002525,1,credit_card,1,154.16
order_00002526,1,credit_card,1,497.66
order_00002527,1,credit_card,6,124.3
order_00002528,1,credit_card,4,419.21
order_00002529,1,credit_card,5,91.36
order_00002530,1,boleto,1,248.11
order_00002531,1,credit_card,8,18.16
order_00002532,1,credit_card,4,43.49
order_00002533,1,credit_card,1,89.72
order_00002534,1,credit_card,2,83.26
order_00002535,1,credit_card,2,42.15
order_00002536,1,credit_card,3,23.87
order_00002537,1,boleto,1,102.67
order_00002538,1,boleto,1,215.13
order_00002539,1,credit_card,2,26.73
order_00002540,1,credit_card,4,41.61
order_00002541,1,credit_card,6,144.46
order_00002542,1,boleto,1,21.08
order_00002543,1,credit_card,6,38.33
order_00002544,1,credit_card,2,100.2
order_00002545,1,credit_card,10,157.23
order_00002546,1,credit_card,4,34.74
order_00002547,1,credit_card,1,17.74
order_00002548,1,credit_card,1,43.77
order_00002549,1,credit_card,4,49.4
order_00002550,1,credit_card,5,173.01
order_00002551,1,credit_card,4,98.87
order_00002552,1,credit_card,5,142.39
order_00002553,1,credit_card,2,32.54
order_00002554,1,credit_card,1,20.94
order_00002555,1,voucher,1,40.09
order_00002556,1,credit_card,1,101.31
order_00002557,1,credit_card,1,56.13
order_00002557,2,credit_card,4,104.65
order_00002558,1,credit_card,5,106.62
order_00002559,1,boleto,1,59.31
order_00002560,1,boleto,1,55.0
order_00002561,1,credit_card,1,99.61
order_00002562,1,credit_card,2,50.27
order_00002563,1,credit_card,10,147.51
order_00002564,1,credit_card,10,47.8
order_00002565,1,credit_card,1,47.46
order_00002565,2,credit_card,3,75.84
order_00002566,1,boleto,1,72.86
order_00002567,1,credit_card,1,73.4
order_00002568,1,boleto,1,103.56
order_00002569,1,boleto,1,55.61
order_00002570,1,credit_card,1,74.52
order_00002571,1,voucher,1,52.24
order_00002572,1,credit_card,6,43.22
order_00002573,1,credit_card,4,169.13
order_00002574,1,voucher,1,184.54
order_00002575,1,credit_card,5,129.59
order_00002576,1,credit_card,5,30.72
order_00002577,1,credit_card,1,97.0
order_00002578,1,credit_card,8,91.71
order_00002579,1,credit_card,6,52.47
order_00002580,1,boleto,1,52.95
order_00002581,1,credit_card,1,188.92
order_00002582,1,credit_card,3,20.38
order_00002583,1,credit_card,1,20.53
order_00002584,1,credit_card,1,90.01
order_00002585,1,boleto,1,111.38
order_00002586,1,credit_card,2,73.28
order_00002587,1,credit_card,3,33.3
order_00002588,1,credit_card,3,77.55
order_00002589,1,credit_card,3,175.61
order_00002590,1,credit_card,1,13.89
order_00002591,1,credit_card,8,50.03
order_00002592,1,credit_card,10,94.86
order_00002593,1,credit_card,1,57.07
order_00002594,1,credit_card,4,199.89
order_00002595,1,credit_card,6,23.26
order_00002595,2,credit_card,10,15.74
order_00002596,1,credit_card,10,99.04
order_00002597,1,credit_card,1,421.59
order_00002598,1,credit_card,4,50.31
order_00002599,1,credit_card,5,44.43
order_00002600,1,credit_card,1,153.86
order_00002601,1,credit_card,1,69.51
order_00002602,1,credit_card,2,208.44
order_00002603,1,boleto,1,26.9
order_00002604,1,credit_card,1,35.31
order_00002605,1,credit_card,3,64.13
order_00002606,1,credit_card,6,36.68
order_00002607,1,boleto,1,39.99
order_00002608,1,credit_card,10,64.37
order_00002609,1,boleto,1,25.72
order_00002610,1,boleto,1,324.31
order_00002611,1,credit_card,8,106.62
order_00002612,1,credit_card,1,40.84
order_00002613,1,credit_card,2,111.16
order_00002614,1,credit_card,1,27.41
order_00002615,1,credit_card,2,94.4
order_00002616,1,credit_card,1,53.88
order_00002617,1,credit_card,6,261.78
order_00002618,1,credit_card,4,48.24
order_00002619,1,credit_card,1,216.95
order_00002620,1,credit_card,10,56.69
order_00002621,1,boleto,1,25.22
order_00002622,1,credit_card,1,133.42
order_00002623,1,boleto,1,63.34
order_00002624,1,credit_card,3,498.51
order_00002625,1,credit_card,1,23.04
order_00002626,1,credit_card,2,46.81
order_00002627,1,credit_card,4,126.65
order_00002628,1,credit_card,1,241.0
order_00002629,1,boleto,1,155.38
order_00002630,1,credit_card,3,125.64
order_00002631,1,credit_card,2,115.86
order_00002632,1,voucher,1,369.92
order_00002633,1,credit_card,4,79.71
order_00002634,1,voucher,1,199.48
order_00002635,1,credit_card,1,27.66
order_00002636,1,credit_card,1,112.13
order_00002637,1,credit_card,3,25.4
order_00002638,1,boleto,1,137.52
order_00002639,1,credit_card,3,109.5
order_00002640,1,boleto,1,234.65
order_00002641,1,credit_card,5,92.19
order_00002642,1,credit_card,8,93.49
order_00002642,2,credit_card,1,68.13
order_00002643,1,credit_card,2,148.83
order_00002644,1,credit_card,4,31.23
order_00002645,1,credit_card,6,620.96
order_00002646,1,credit_card,1,202.94
order_00002647,1,boleto,1,33.92
order_00002648,1,credit_card,3,120.28
order_00002649,1,credit_card,1,164.05
order_00002650,1,credit_card,3,79.49
order_00002651,1,credit_card,1,288.21
order_00002652,1,credit_card,5,82.04
order_00002653,1,credit_card,3,60.61
order_00002654,1,credit_card,3,63.94
order_00002655,1,credit_card,4,45.58
order_00002656,1,credit_card,2,36.88
order_00002657,1,credit_card,6,33.29
order_00002658,1,boleto,1,129.45
order_00002659,1,credit_card,1,517.83
order_00002660,1,credit_card,8,153.26
order_00002661,1,boleto,1,704.97
order_00002662,1,credit_card,3,44.55
order_00002663,1,credit_card,2,133.95
order_00002664,1,voucher,1,265.01
order_00002665,1,credit_card,3,19.1
order_00002666,1,credit_card,4,68.48
order_00002667,1,credit_card,1,278.29
order_00002668,1,credit_card,4,80.03
order_00002669,1,boleto,1,26.35
order_00002670,1,boleto,1,327.16
order_00002671,1,credit_card,1,65.44
order_00002672,1,debit_card,1,29.38
order_00002672,2,voucher,1,21.73
order_00002673,1,credit_card,5,107.62
order_00002674,1,credit_card,1,138.91
order_00002674,2,debit_card,1,174.61
order_00002675,1,boleto,1,208.11
order_00002676,1,credit_card,8,77.75
order_00002677,1,credit_card,6,709.31
order_00002678,1,boleto,1,52.46
order_00002679,1,credit_card,1,31.52
order_00002680,1,credit_card,2,49.16
order_00002681,1,credit_card,1,13.31
order_00002682,1,credit_card,3,91.97
order_00002683,1,boleto,1,73.59
order_00002684,1,credit_card,5,257.08
order_00002685,1,credit_card,1,68.19
order_00002686,1,credit_card,2,173.03
order_00002687,1,credit_card,8,165.37
order_00002688,1,debit_card,1,182.79
order_00002689,1,credit_card,1,11.0
order_00002690,1,debit_card,1,76.67
order_00002691,1,boleto,1,515.08
order_00002692,1,boleto,1,252.19
order_00002693,1,credit_card,1,68.34
order_00002694,1,credit_card,1,94.44
order_00002695,1,credit_card,3,39.59
order_00002696,1,credit_card,6,73.63
order_00002697,1,credit_card,4,12.2
order_00002698,1,debit_card,1,55.86
order_00002699,1,credit_card,10,90.91
order_00002700,1,credit_card,5,79.9
order_00002701,1,credit_card,10,100.51
order_00002702,1,credit_card,8,112.57
order_00002703,1,boleto,1,199.09
order_00002704,1,credit_card,10,40.57
order_00002705,1,credit_card,1,23.25
order_00002706,1,credit_card,1,12.36
order_00002707,1,credit_card,5,40.99
order_00002708,1,credit_card,6,164.76
order_00002709,1,credit_card,2,93.04
order_00002710,1,boleto,1,19.79
order_00002711,1,credit_card,5,125.73
order_00002712,1,credit_card,1,72.82
order_00002713,1,credit_card,10,43.49
order_00002714,1,credit_card,1,87.84
order_00002715,1,credit_card,3,376.0
order_00002716,1,credit_card,10,44.13
order_00002717,1,credit_card,4,155.85
order_00002718,1,credit_card,1,79.06
order_00002719,1,credit_card,3,45.77
order_00002719,2,credit_card,1,54.19
order_00002720,1,credit_card,5,23.65
order_00002721,1,boleto,1,22.22
order_00002722,1,voucher,1,12.02
order_00002722,2,credit_card,1,13.78
order_00002723,1,credit_card,3,201.97
order_00002724,1,credit_card,10,209.67
order_00002725,1,boleto,1,146.04
order_00002726,1,credit_card,5,58.02
order_00002727,1,credit_card,2,23.29
order_00002728,1,credit_card,5,74.45
order_00002729,1,boleto,1,29.15
order_00002730,1,boleto,1,81.74
order_00002731,1,credit_card,1,33.36
order_00002732,1,credit_card,1,10.35
order_00002733,1,credit_card,3,42.18
order_00002734,1,credit_card,1,14.46
order_00002734,2,credit_card,3,31.41
order_00002735,1,credit_card,1,17.46
order_00002736,1,credit_card,3,54.41
order_00002737,1,boleto,1,98.52
order_00002738,1,boleto,1,118.78
order_00002739,1,credit_card,3,313.2
order_00002740,1,credit_card,1,204.17
order_00002741,1,voucher,1,48.37
order_00002742,1,credit_card,2,48.84
order_00002743,1,credit_card,6,48.84
order_00002744,1,credit_card,6,30.09
order_00002745,1,boleto,1,38.23
order_00002746,1,boleto,1,24.77
order_00002747,1,credit_card,8,132.81
order_00002748,1,credit_card,1,35.9
order_00002749,1,credit_card,6,86.2
order_00002750,1,boleto,1,63.01
order_00002751,1,credit_card,1,19.26
order_00002751,2,voucher,1,15.07
order_00002752,1,boleto,1,619.21
order_00002753,1,credit_card,1,144.02
order_00002754,1,boleto,1,116.38
order_00002755,1,credit_card,8,18.57
order_00002756,1,credit_card,1,29.35
order_00002757,1,credit_card,2,19.56
order_00002758,1,boleto,1,80.14
order_00002759,1,credit_card,1,344.32
order_00002760,1,credit_card,1,32.7
order_00002761,1,credit_card,1,39.48
order_00002762,1,credit_card,1,98.45
order_00002763,1,debit_card,1,192.69
order_00002764,1,boleto,1,243.19
order_00002765,1,credit_card,2,30.9
order_00002766,1,credit_card,1,39.9
order_00002767,1,credit_card,6,187.97
order_00002768,1,credit_card,1,115.36
order_00002769,1,credit_card,6,202.16
order_00002770,1,boleto,1,318.39
order_00002771,1,credit_card,4,57.45
order_00002772,1,credit_card,10,134.14
order_00002773,1,voucher,1,52.87
order_00002774,1,debit_card,1,31.13
order_00002775,1,credit_card,6,108.12
order_00002776,1,voucher,1,75.89
order_00002777,1,credit_card,8,164.97
order_00002778,1,voucher,1,76.91
order_00002779,1,credit_card,1,93.95
order_00002779,2,credit_card,3,91.73
order_00002780,1,credit_card,2,57.46
order_00002781,1,credit_card,1,40.13
order_00002782,1,credit_card,4,148.52
order_00002783,1,credit_card,5,97.16
order_00002784,1,credit_card,6,37.27
order_00002785,1,debit_card,1,321.03
order_00002786,1,boleto,1,73.18
order_00002787,1,credit_card,2,225.18
order_00002788,1,boleto,1,52.89
order_00002789,1,voucher,1,27.14
order_00002790,1,credit_card,5,66.79
order_00002791,1,credit_card,1,56.97
order_00002792,1,boleto,1,32.53
order_00002793,1,credit_card,3,39.23
order_00002794,1,credit_card,3,37.28
order_00002795,1,boleto,1,28.35
order_00002796,1,boleto,1,213.43
order_00002797,1,credit_card,8,138.38
order_00002798,1,voucher,1,43.1
order_00002798,2,credit_card,8,26.17
order_00002799,1,credit_card,1,58.82
order_00002800,1,credit_card,6,63.98
order_00002801,1,boleto,1,33.72
order_00002802,1,credit_card,1,15.46
order_00002802,2,credit_card,8,15.54
order_00002803,1,credit_card,1,212.61
order_00002804,1,boleto,1,29.91
order_00002805,1,credit_card,3,130.59
order_00002806,1,boleto,1,51.66
order_00002807,1,credit_card,10,103.0
order_00002808,1,credit_card,1,99.25
order_00002809,1,boleto,1,44.13
order_00002810,1,boleto,1,11.31
order_00002810,2,credit_card,1,19.77
order_00002811,1,credit_card,3,204.79
order_00002812,1,credit_card,8,141.85
order_00002813,1,credit_card,1,44.83
order_00002814,1,credit_card,10,36.58
order_00002815,1,credit_card,1,117.36
order_00002816,1,credit_card,10,53.35
order_00002817,1,boleto,1,48.5
order_00002818,1,credit_card,1,31.96
order_00002819,1,boleto,1,83.22
order_00002819,2,credit_card,1,62.81
order_00002820,1,credit_card,5,30.86
order_00002821,1,credit_card,4,29.35
order_00002822,1,credit_card,2,59.51
order_00002823,1,credit_card,3,21.08
order_00002824,1,credit_card,1,798.31
order_00002825,1,credit_card,8,31.31
order_00002826,1,credit_card,2,167.9
order_00002827,1,credit_card,4,13.46
order_00002828,1,credit_card,1,51.44
order_00002829,1,credit_card,6,361.32
order_00002830,1,credit_card,2,147.04
order_00002831,1,credit_card,5,37.92
order_00002832,1,credit_card,8,71.52
order_00002833,1,credit_card,1,108.53
order_00002834,1,debit_card,1,31.58
order_00002835,1,credit_card,2,331.49
order_00002836,1,boleto,1,171.11
order_00002837,1,credit_card,10,52.02
order_00002838,1,credit_card,3,42.96
order_00002839,1,boleto,1,56.53
order_00002840,1,credit_card,3,227.14
order_00002841,1,credit_card,5,106.9
order_00002842,1,credit_card,2,106.08
order_00002843,1,boleto,1,148.04
order_00002844,1,credit_card,1,67.04
order_00002845,1,credit_card,6,25.8
order_00002846,1,credit_card,5,47.77
order_00002847,1,boleto,1,44.26
order_00002848,1,credit_card,1,421.91
order_00002849,1,credit_card,4,291.31
order_00002850,1,credit_card,4,6.76
order_00002850,2,boleto,1,4.46
order_00002851,1,boleto,1,80.09
order_00002852,1,credit_card,2,23.14
order_00002853,1,credit_card,1,406.2
order_00002854,1,credit_card,4,35.68
order_00002855,1,credit_card,3,30.94
order_00002856,1,credit_card,4,57.8
order_00002857,1,credit_card,2,45.48
order_00002858,1,credit_card,8,133.66
order_00002859,1,credit_card,2,241.4
order_00002860,1,credit_card,1,96.46
order_00002861,1,credit_card,10,21.64
order_00002862,1,credit_card,2,13.65
order_00002862,2,boleto,1,24.31
order_00002863,1,credit_card,4,84.9
order_00002864,1,boleto,1,22.1
order_00002865,1,credit_card,10,188.93
order_00002866,1,credit_card,6,427.15
order_00002867,1,credit_card,1,79.72
order_00002868,1,credit_card,3,98.83
order_00002869,1,credit_card,1,253.51
order_00002870,1,debit_card,1,18.9
order_00002870,2,credit_card,1,17.36
order_00002871,1,voucher,1,32.36
order_00002872,1,boleto,1,84.62
order_00002873,1,credit_card,2,88.38
order_00002874,1,credit_card,1,172.79
order_00002875,1,credit_card,4,410.31
order_00002876,1,credit_card,1,60.77
order_00002876,2,credit_card,2,101.27
order_00002877,1,credit_card,10,138.75
order_00002878,1,credit_card,2,105.46
order_00002879,1,credit_card,1,76.32
order_00002880,1,credit_card,2,61.51
order_00002881,1,debit_card,1,137.08
order_00002882,1,credit_card,4,33.54
order_00002883,1,credit_card,3,137.26
order_00002884,1,credit_card,10,24.88
order_00002885,1,credit_card,1,106.57
order_00002886,1,boleto,1,185.46
order_00002887,1,credit_card,1,227.84
order_00002888,1,credit_card,1,37.82
order_00002889,1,credit_card,1,204.94
order_00002890,1,credit_card,1,301.87
order_00002891,1,boleto,1,45.65
order_00002892,1,credit_card,3,80.9
order_00002893,1,boleto,1,24.72
order_00002894,1,boleto,1,32.81
order_00002895,1,credit_card,10,34.56
order_00002896,1,credit_card,1,107.67
order_00002897,1,credit_card,1,122.96
order_00002898,1,credit_card,1,185.61
order_00002899,1,boleto,1,62.69
order_00002900,1,credit_card,1,20.88
order_00002901,1,credit_card,1,223.76
order_00002902,1,credit_card,1,100.4
order_00002903,1,boleto,1,51.9
order_00002904,1,credit_card,4,57.58
order_00002905,1,credit_card,6,131.72
order_00002906,1,credit_card,1,51.31
order_00002907,1,credit_card,8,174.78
order_00002908,1,credit_card,2,55.15
order_00002909,1,credit_card,4,94.41
order_00002910,1,credit_card,10,29.74
order_00002911,1,credit_card,3,104.87
order_00002912,1,credit_card,1,147.97
order_00002913,1,credit_card,1,483.78
order_00002914,1,credit_card,2,26.68
order_00002915,1,credit_card,4,168.97
order_00002916,1,credit_card,4,46.47
order_00002917,1,boleto,1,76.17
order_00002918,1,credit_card,1,31.87
order_00002919,1,boleto,1,74.1
order_00002920,1,credit_card,1,69.28
order_00002921,1,boleto,1,110.96
order_00002922,1,credit_card,4,198.14
order_00002923,1,voucher,1,40.33
order_00002924,1,credit_card,2,169.71
order_00002925,1,credit_card,3,62.13
order_00002926,1,boleto,1,74.29
order_00002927,1,credit_card,1,107.54
order_00002928,1,credit_card,6,21.35
order_00002929,1,credit_card,1,71.87
order_00002930,1,credit_card,3,35.09
order_00002931,1,credit_card,5,137.09
order_00002932,1,boleto,1,34.31
order_00002933,1,credit_card,6,57.32
order_00002934,1,boleto,1,37.43
order_00002935,1,credit_card,1,9.69
order_00002935,2,credit_card,1,13.68
order_00002936,1,credit_card,1,34.05
order_00002937,1,credit_card,1,13.06
order_00002938,1,credit_card,3,30.06
order_00002939,1,credit_card,3,47.88
order_00002940,1,boleto,1,155.09
order_00002941,1,credit_card,2,33.08
order_00002942,1,boleto,1,76.56
order_00002943,1,boleto,1,491.52
order_00002944,1,credit_card,3,40.18
order_00002945,1,credit_card,3,138.08
order_00002946,1,voucher,1,54.48
order_00002947,1,credit_card,10,19.04
order_00002948,1,credit_card,10,382.77
order_00002949,1,credit_card,8,15.61
order_00002949,2,credit_card,1,14.85
order_00002950,1,credit_card,8,217.51
order_00002951,1,credit_card,3,191.36
order_00002952,1,credit_card,10,173.71
order_00002953,1,credit_card,2,328.35
order_00002954,1,credit_card,1,46.03
order_00002955,1,boleto,1,342.48
order_00002956,1,credit_card,2,190.83
order_00002957,1,credit_card,6,20.64
order_00002958,1,credit_card,1,56.63
order_00002959,1,debit_card,1,33.32
order_00002960,1,credit_card,3,187.09
order_00002961,1,credit_card,1,84.02
order_00002962,1,credit_card,3,83.46
order_00002963,1,credit_card,1,53.51
order_00002964,1,boleto,1,97.76
order_00002965,1,boleto,1,138.05
order_00002966,1,credit_card,1,301.52
order_00002967,1,boleto,1,41.19
order_00002968,1,credit_card,5,31.08
order_00002969,1,boleto,1,36.47
order_00002970,1,boleto,1,49.42
order_00002971,1,credit_card,1,69.95
order_00002972,1,boleto,1,100.58
order_00002973,1,credit_card,5,30.57
order_00002974,1,credit_card,5,91.21
order_00002975,1,credit_card,6,16.95
order_00002976,1,credit_card,1,29.49
order_00002977,1,credit_card,1,52.02
order_00002978,1,boleto,1,260.23
order_00002979,1,credit_card,5,454.1
order_00002980,1,credit_card,1,186.66
order_00002981,1,voucher,1,61.64
order_00002982,1,credit_card,8,135.42
order_00002983,1,voucher,1,71.57
order_00002984,1,voucher,1,180.77
order_00002985,1,credit_card,3,223.61
order_00002986,1,boleto,1,235.81
order_00002987,1,credit_card,8,37.02
order_00002988,1,voucher,1,39.79
order_00002989,1,credit_card,10,123.15
order_00002990,1,credit_card,1,23.07
order_00002991,1,boleto,1,312.26
order_00002992,1,credit_card,2,66.84
order_00002993,1,credit_card,4,59.12
order_00002994,1,credit_card,5,275.27
order_00002995,1,credit_card,2,360.91
order_00002996,1,boleto,1,142.86
order_00002997,1,credit_card,6,44.8
order_00002998,1,credit_card,5,98.84
order_00002999,1,credit_card,3,7.43
order_00002999,2,boleto,1,15.42
order_00003000,1,credit_card,2,98.7
order_00003001,1,voucher,1,81.19
order_00003002,1,credit_card,4,20.7
order_00003003,1,credit_card,4,44.95
order_00003004,1,boleto,1,26.25
order_00003005,1,boleto,1,123.36
order_00003006,1,credit_card,1,187.3
order_00003007,1,credit_card,1,52.57
order_00003008,1,credit_card,6,221.99
order_00003009,1,debit_card,1,112.16
order_00003010,1,credit_card,1,69.51
order_00003011,1,credit_card,6,39.82
order_00003012,1,credit_card,1,21.56
order_00003013,1,voucher,1,18.96
order_00003013,2,voucher,1,19.6
order_00003014,1,credit_card,1,59.59
order_00003015,1,credit_card,2,144.31
order_00003016,1,boleto,1,55.23
order_00003017,1,credit_card,6,215.4
order_00003018,1,credit_card,4,40.01
order_00003019,1,credit_card,5,24.35
order_00003019,2,credit_card,2,19.66
order_00003020,1,credit_card,1,131.25
order_00003021,1,boleto,1,227.1
order_00003022,1,credit_card,6,22.75
order_00003023,1,credit_card,1,99.29
order_00003024,1,credit_card,1,45.72
order_00003025,1,credit_card,1,157.78
order_00003026,1,credit_card,4,231.63
order_00003027,1,credit_card,1,211.93
order_00003028,1,credit_card,2,46.78
order_00003029,1,credit_card,2,321.06
order_00003030,1,credit_card,10,297.15
order_00003031,1,credit_card,1,260.82
order_00003032,1,credit_card,5,37.58
order_00003033,1,credit_card,2,198.06
order_00003034,1,credit_card,4,231.26
order_00003035,1,boleto,1,352.56
order_00003036,1,credit_card,6,102.29
order_00003037,1,credit_card,2,60.82
order_00003038,1,credit_card,1,114.47
order_00003039,1,credit_card,3,73.45
order_00003040,1,boleto,1,36.31
order_00003041,1,boleto,1,223.93
order_00003042,1,credit_card,2,124.4
order_00003043,1,credit_card,1,61.37
order_00003044,1,credit_card,1,123.78
order_00003045,1,credit_card,5,63.94
order_00003046,1,credit_card,6,75.87
order_00003047,1,credit_card,5,32.18
order_00003048,1,credit_card,3,116.9
order_00003049,1,voucher,1,35.49
order_00003050,1,voucher,1,338.08
order_00003051,1,credit_card,3,119.49
order_00003052,1,credit_card,1,75.62
order_00003052,2,credit_card,1,50.79
order_00003053,1,boleto,1,9.98
order_00003054,1,debit_card,1,209.42
order_00003055,1,credit_card,1,207.59
order_00003056,1,credit_card,1,22.88
order_00003057,1,voucher,1,226.98
order_00003058,1,credit_card,4,48.16
order_00003059,1,credit_card,6,63.67
order_00003060,1,credit_card,1,233.43
order_00003061,1,credit_card,1,176.33
order_00003062,1,credit_card,1,499.11
order_00003063,1,credit_card,1,53.43
order_00003064,1,boleto,1,91.69
order_00003065,1,credit_card,6,14.28
order_00003066,1,credit_card,1,392.01
order_00003067,1,credit_card,2,55.9
order_00003068,1,credit_card,3,77.21
order_00003069,1,credit_card,6,95.0
order_00003070,1,boleto,1,85.22
order_00003071,1,boleto,1,252.47
order_00003072,1,voucher,1,219.08
order_00003073,1,credit_card,2,15.93
order_00003074,1,credit_card,5,34.35
order_00003075,1,debit_card,1,24.68
order_00003076,1,boleto,1,261.3
order_00003077,1,credit_card,2,31.44
order_00003078,1,credit_card,8,80.75
order_00003079,1,credit_card,10,115.91
order_00003080,1,credit_card,3,64.58
order_00003080,2,credit_card,1,55.16
order_00003081,1,credit_card,1,42.05
order_00003082,1,credit_card,10,60.58
order_00003083,1,credit_card,1,105.27
order_00003084,1,credit_card,1,6.17
order_00003085,1,credit_card,10,20.0
order_00003086,1,credit_card,2,32.08
order_00003087,1,credit_card,6,186.73
order_00003088,1,voucher,1,331.94
order_00003089,1,credit_card,1,96.39
order_00003090,1,credit_card,6,444.46
order_00003091,1,credit_card,1,32.15
order_00003092,1,credit_card,6,78.05
order_00003093,1,credit_card,1,24.7
order_00003094,1,credit_card,1,134.71
order_00003095,1,credit_card,1,415.64
order_00003096,1,credit_card,4,191.42
order_00003097,1,boleto,1,64.76
order_00003098,1,credit_card,1,36.05
order_00003099,1,boleto,1,36.38
order_00003100,1,credit_card,1,216.75
order_00003101,1,credit_card,1,62.21
order_00003102,1,credit_card,4,53.38
order_00003103,1,credit_card,5,185.03
order_00003104,1,credit_card,1,178.45
order_00003105,1,boleto,1,161.56
order_00003106,1,credit_card,2,22.84
order_00003107,1,credit_card,5,223.07
order_00003108,1,credit_card,4,199.0
order_00003109,1,debit_card,1,259.01
order_00003110,1,credit_card,8,58.62
order_00003111,1,credit_card,10,256.94
order_00003112,1,credit_card,1,94.62
order_00003113,1,boleto,1,101.76
order_00003114,1,credit_card,2,61.89
order_00003115,1,credit_card,4,576.88
order_00003116,1,credit_card,1,61.45
order_00003117,1,boleto,1,53.85
order_00003118,1,credit_card,1,215.48
order_00003119,1,credit_card,8,197.37
order_00003120,1,credit_card,2,44.88
order_00003121,1,credit_card,1,276.11
order_00003122,1,credit_card,1,292.93
order_00003123,1,credit_card,4,40.88
order_00003124,1,voucher,1,42.63
order_00003125,1,credit_card,6,115.4
order_00003126,1,boleto,1,494.3
order_00003127,1,boleto,1,31.34
order_00003128,1,credit_card,2,26.52
order_00003129,1,credit_card,1,101.95
order_00003130,1,credit_card,1,58.34
order_00003131,1,credit_card,1,53.94
order_00003132,1,credit_card,6,116.45
order_00003133,1,credit_card,3,234.17
order_00003134,1,credit_card,8,364.62
order_00003135,1,credit_card,6,92.86
order_00003136,1,credit_card,2,86.7
order_00003137,1,credit_card,2,245.67
order_00003138,1,credit_card,1,32.17
order_00003139,1,credit_card,1,66.86
order_00003140,1,credit_card,3,46.55
order_00003141,1,credit_card,4,145.83
order_00003142,1,credit_card,6,91.85
order_00003143,1,credit_card,1,179.35
order_00003144,1,credit_card,3,17.87
order_00003145,1,credit_card,5,16.34
order_00003146,1,boleto,1,23.49
order_00003147,1,credit_card,3,263.83
order_00003148,1,voucher,1,385.11
order_00003149,1,credit_card,3,95.06
order_00003150,1,credit_card,1,461.43
order_00003151,1,voucher,1,15.24
order_00003152,1,credit_card,10,146.77
order_00003153,1,voucher,1,149.16
order_00003154,1,voucher,1,54.54
order_00003155,1,credit_card,1,126.19
order_00003156,1,credit_card,1,103.89
order_00003157,1,boleto,1,54.98
order_00003158,1,credit_card,10,38.09
order_00003159,1,credit_card,8,148.59
order_00003160,1,voucher,1,108.79
order_00003161,1,debit_card,1,180.41
order_00003162,1,credit_card,6,27.08
order_00003163,1,credit_card,3,47.38
order_00003164,1,voucher,1,22.61
order_00003165,1,credit_card,4,144.74
order_00003166,1,credit_card,1,83.75
order_00003167,1,credit_card,2,14.38
order_00003168,1,credit_card,3,64.91
order_00003169,1,credit_card,1,228.15
order_00003170,1,credit_card,3,90.62
order_00003171,1,credit_card,2,141.54
order_00003172,1,boleto,1,144.94
order_00003173,1,credit_card,1,211.53
order_00003174,1,boleto,1,214.62
order_00003175,1,boleto,1,114.38
order_00003176,1,boleto,1,12.49
order_00003177,1,credit_card,8,151.85
order_00003178,1,credit_card,1,147.75
order_00003179,1,credit_card,1,104.81
order_00003180,1,credit_card,3,168.41
order_00003181,1,credit_card,4,68.63
order_00003182,1,credit_card,1,94.45
order_00003183,1,credit_card,1,45.85
order_00003184,1,credit_card,1,32.56
order_00003185,1,boleto,1,17.99
order_00003186,1,credit_card,6,60.83
order_00003187,1,credit_card,3,77.89
order_00003188,1,credit_card,2,60.27
order_00003189,1,boleto,1,86.4
order_00003190,1,credit_card,5,54.83
order_00003191,1,credit_card,1,104.25
order_00003192,1,credit_card,2,27.32
order_00003193,1,credit_card,4,93.55
order_00003194,1,credit_card,1,77.07
order_00003195,1,credit_card,1,225.98
order_00003196,1,credit_card,10,95.99
order_00003197,1,boleto,1,112.93
order_00003198,1,credit_card,4,154.43
order_00003199,1,credit_card,1,11.39
order_00003200,1,credit_card,4,21.28
order_00003201,1,boleto,1,174.77
order_00003202,1,credit_card,5,95.72
order_00003203,1,credit_card,4,274.95
order_00003204,1,credit_card,5,295.57
order_00003205,1,credit_card,1,22.84
order_00003205,2,credit_card,4,43.7
order_00003206,1,credit_card,2,220.44
order_00003207,1,credit_card,4,80.9
order_00003208,1,credit_card,1,45.04
order_00003209,1,boleto,1,74.39
order_00003210,1,boleto,1,118.07
order_00003211,1,credit_card,1,36.66
order_00003212,1,credit_card,2,204.08
order_00003213,1,credit_card,1,290.21
order_00003214,1,credit_card,1,51.16
order_00003215,1,credit_card,1,113.43
order_00003216,1,credit_card,8,17.3
order_00003217,1,credit_card,3,196.99
order_00003218,1,credit_card,1,129.47
order_00003219,1,boleto,1,62.92
order_00003220,1,credit_card,2,98.06
order_00003221,1,credit_card,8,33.82
order_00003222,1,boleto,1,40.28
order_00003223,1,credit_card,5,114.04
order_00003224,1,boleto,1,101.95
order_00003225,1,credit_card,5,117.96
order_00003226,1,boleto,1,26.61
order_00003227,1,credit_card,1,19.17
order_00003228,1,credit_card,3,80.5
order_00003229,1,credit_card,1,120.35
order_00003230,1,credit_card,4,34.61
order_00003231,1,boleto,1,38.81
order_00003232,1,credit_card,4,54.77
order_00003233,1,boleto,1,19.85
order_00003234,1,voucher,1,85.53
order_00003235,1,boleto,1,78.21
order_00003236,1,credit_card,10,17.7
order_00003237,1,credit_card,1,33.5
order_00003238,1,credit_card,2,84.67
order_00003239,1,voucher,1,112.66
order_00003240,1,credit_card,1,66.37
order_00003241,1,boleto,1,50.35
order_00003242,1,credit_card,8,112.61
order_00003243,1,credit_card,1,133.26
order_00003244,1,boleto,1,50.49
order_00003245,1,credit_card,2,80.76
order_00003246,1,credit_card,10,19.63
order_00003247,1,voucher,1,116.77
order_00003248,1,credit_card,1,65.76
order_00003249,1,boleto,1,44.68
order_00003250,1,boleto,1,16.72
order_00003251,1,credit_card,1,205.05
order_00003252,1,credit_card,6,419.14
order_00003253,1,credit_card,5,281.03
order_00003254,1,credit_card,6,85.93
order_00003255,1,credit_card,1,643.22
order_00003256,1,debit_card,1,344.37
order_00003257,1,credit_card,1,41.92
order_00003258,1,credit_card,3,149.83
order_00003259,1,credit_card,1,210.72
order_00003260,1,credit_card,4,212.62
order_00003261,1,voucher,1,18.64
order_00003262,1,credit_card,10,186.48
order_00003263,1,credit_card,1,68.32
order_00003264,1,credit_card,1,42.45
order_00003265,1,credit_card,1,276.86
order_00003266,1,credit_card,4,191.28
order_00003267,1,credit_card,2,267.47
order_00003268,1,credit_card,1,8.36
order_00003269,1,credit_card,1,157.08
order_00003270,1,credit_card,1,28.19
order_00003271,1,debit_card,1,553.34
order_00003272,1,boleto,1,24.05
order_00003273,1,boleto,1,65.69
order_00003274,1,boleto,1,328.36
order_00003275,1,credit_card,1,25.22
order_00003276,1,credit_card,2,62.2
order_00003277,1,credit_card,8,666.17
order_00003278,1,credit_card,10,99.5
order_00003279,1,credit_card,1,59.83
order_00003280,1,credit_card,3,36.79
order_00003281,1,debit_card,1,20.09
order_00003282,1,credit_card,1,36.75
order_00003283,1,credit_card,1,203.22
order_00003284,1,credit_card,3,61.04
order_00003284,2,credit_card,5,52.13
order_00003285,1,debit_card,1,124.75
order_00003286,1,boleto,1,61.25
order_00003287,1,voucher,1,22.32
order_00003288,1,credit_card,5,133.79
order_00003289,1,credit_card,1,19.84
order_00003290,1,boleto,1,53.83
order_00003291,1,credit_card,5,222.45
order_00003292,1,credit_card,8,31.7
order_00003293,1,credit_card,1,43.31
order_00003294,1,credit_card,10,320.16
order_00003295,1,credit_card,4,39.32
order_00003296,1,credit_card,1,604.63
order_00003297,1,boleto,1,72.34
order_00003298,1,credit_card,1,88.66
order_00003299,1,credit_card,2,5.05
order_00003300,1,boleto,1,19.65
order_00003301,1,credit_card,4,71.7
order_00003302,1,credit_card,1,82.94
order_00003303,1,voucher,1,69.52
order_00003304,1,credit_card,6,52.93
order_00003304,2,credit_card,1,43.95
order_00003305,1,credit_card,3,255.45
order_00003306,1,credit_card,4,132.72
order_00003307,1,voucher,1,43.5
order_00003308,1,boleto,1,13.61
order_00003309,1,voucher,1,259.75
order_00003310,1,voucher,1,117.38
order_00003311,1,boleto,1,162.1
order_00003312,1,credit_card,4,97.04
order_00003313,1,credit_card,1,27.82
order_00003314,1,boleto,1,210.09
order_00003315,1,boleto,1,326.33
order_00003316,1,credit_card,2,328.9
order_00003317,1,credit_card,1,87.43
order_00003318,1,credit_card,2,26.9
order_00003319,1,voucher,1,73.68
order_00003320,1,credit_card,5,69.23
order_00003320,2,debit_card,1,71.26
order_00003321,1,credit_card,2,67.94
order_00003322,1,credit_card,1,45.49
order_00003323,1,credit_card,1,91.8
order_00003323,2,credit_card,3,191.07
order_00003324,1,credit_card,2,16.41
order_00003325,1,credit_card,4,142.1
order_00003326,1,credit_card,5,83.18
order_00003327,1,credit_card,4,251.98
order_00003328,1,voucher,1,74.19
order_00003329,1,credit_card,1,46.23
order_00003330,1,voucher,1,30.78
order_00003331,1,credit_card,5,10.66
order_00003331,2,credit_card,8,5.21
order_00003332,1,credit_card,3,70.72
order_00003333,1,boleto,1,35.34
order_00003334,1,credit_card,1,383.86
order_00003335,1,credit_card,3,212.22
order_00003336,1,credit_card,1,370.02
order_00003337,1,credit_card,8,20.71
order_00003337,2,credit_card,3,20.09
order_00003338,1,credit_card,1,135.45
order_00003339,1,credit_card,2,21.13
order_00003340,1,boleto,1,229.45
order_00003341,1,credit_card,5,100.64
order_00003342,1,boleto,1,43.45
order_00003343,1,credit_card,5,32.35
order_00003343,2,credit_card,1,40.88
order_00003344,1,credit_card,3,98.57
order_00003345,1,voucher,1,12.23
order_00003346,1,credit_card,1,85.72
order_00003347,1,credit_card,3,28.81
order_00003348,1,credit_card,1,290.37
order_00003349,1,credit_card,3,144.44
order_00003350,1,credit_card,4,184.96
order_00003351,1,credit_card,5,81.75
order_00003352,1,boleto,1,158.03
order_00003353,1,voucher,1,19.95
order_00003354,1,credit_card,3,133.0
order_00003355,1,credit_card,1,26.64
order_00003356,1,credit_card,10,69.98
order_00003357,1,boleto,1,22.47
order_00003358,1,credit_card,5,41.86
order_00003359,1,credit_card,10,39.88
order_00003360,1,credit_card,1,133.17
order_00003361,1,credit_card,6,166.67
order_00003362,1,boleto,1,199.33
order_00003363,1,credit_card,8,275.05
order_00003364,1,voucher,1,72.14
order_00003365,1,voucher,1,57.71
order_00003366,1,credit_card,1,37.71
order_00003367,1,credit_card,1,208.66
order_00003368,1,credit_card,10,75.23
order_00003369,1,boleto,1,73.47
order_00003370,1,credit_card,1,72.96
order_00003371,1,debit_card,1,28.93
order_00003372,1,boleto,1,30.33
order_00003373,1,credit_card,1,516.54
order_00003374,1,credit_card,6,14.92
order_00003375,1,boleto,1,26.63
order_00003376,1,credit_card,10,48.11
order_00003377,1,credit_card,2,358.96
order_00003378,1,boleto,1,62.19
order_00003379,1,boleto,1,157.97
order_00003380,1,credit_card,5,137.79
order_00003381,1,credit_card,2,167.23
order_00003382,1,credit_card,4,82.4
order_00003383,1,boleto,1,105.68
order_00003384,1,credit_card,2,70.53
order_00003385,1,credit_card,2,365.78
order_00003386,1,credit_card,1,184.48
order_00003387,1,credit_card,1,16.1
order_00003388,1,credit_card,6,22.93
order_00003389,1,boleto,1,365.58
order_00003390,1,credit_card,10,488.33
order_00003391,1,voucher,1,95.45
order_00003392,1,credit_card,6,151.57
order_00003393,1,credit_card,5,126.27
order_00003394,1,credit_card,1,59.09
order_00003395,1,credit_card,6,23.94
order_00003396,1,credit_card,10,71.68
order_00003397,1,credit_card,1,191.98
order_00003398,1,credit_card,2,34.08
order_00003399,1,credit_card,1,116.33
order_00003400,1,boleto,1,98.66
order_00003401,1,boleto,1,264.82
order_00003402,1,credit_card,3,174.64
order_00003403,1,boleto,1,39.74
order_00003404,1,credit_card,4,185.94
order_00003405,1,credit_card,1,318.16
order_00003406,1,credit_card,1,146.76
order_00003407,1,boleto,1,528.13
order_00003408,1,boleto,1,130.24
order_00003409,1,credit_card,4,205.69
order_00003410,1,credit_card,1,215.62
order_00003411,1,credit_card,1,39.08
order_00003412,1,voucher,1,47.62
order_00003413,1,credit_card,3,22.4
order_00003414,1,credit_card,4,49.8
order_00003415,1,credit_card,1,21.41
order_00003416,1,credit_card,1,79.07
order_00003417,1,credit_card,1,61.2
order_00003418,1,credit_card,3,44.78
order_00003419,1,credit_card,2,19.51
order_00003420,1,boleto,1,19.16
order_00003421,1,boleto,1,288.94
order_00003422,1,debit_card,1,337.74
order_00003423,1,credit_card,1,38.1
order_00003424,1,credit_card,1,34.12
order_00003425,1,credit_card,5,38.67
order_00003426,1,credit_card,1,297.25
order_00003427,1,credit_card,1,77.84
order_00003428,1,credit_card,3,112.8
order_00003429,1,credit_card,1,225.37
order_00003430,1,credit_card,8,28.06
order_00003431,1,boleto,1,108.48
order_00003432,1,credit_card,2,144.97
order_00003433,1,credit_card,2,11.98
order_00003433,2,credit_card,6,5.42
order_00003434,1,credit_card,1,107.77
order_00003435,1,credit_card,1,34.82
order_00003436,1,voucher,1,55.85
order_00003437,1,credit_card,4,245.26
order_00003438,1,credit_card,4,40.41
order_00003439,1,credit_card,3,196.99
order_00003440,1,credit_card,4,66.3
order_00003441,1,credit_card,2,64.14
order_00003442,1,credit_card,8,23.23
order_00003443,1,boleto,1,59.44
order_00003444,1,boleto,1,168.29
order_00003445,1,credit_card,6,56.62
order_00003446,1,boleto,1,6.76
order_00003447,1,credit_card,3,274.13
order_00003448,1,credit_card,3,172.34
order_00003449,1,credit_card,10,31.86
order_00003450,1,boleto,1,76.39
order_00003451,1,credit_card,1,24.42
order_00003452,1,debit_card,1,45.02
order_00003453,1,credit_card,1,23.69
order_00003454,1,credit_card,1,158.54
order_00003454,2,credit_card,8,163.67
order_00003455,1,credit_card,5,146.48
order_00003456,1,credit_card,4,59.27
order_00003457,1,credit_card,8,189.22
order_00003458,1,boleto,1,99.85
order_00003459,1,credit_card,2,136.68
order_00003460,1,credit_card,4,186.53
order_00003461,1,credit_card,2,134.1
order_00003462,1,credit_card,3,55.05
order_00003463,1,credit_card,1,164.4
order_00003464,1,credit_card,4,287.78
order_00003465,1,voucher,1,14.11
order_00003466,1,credit_card,6,18.59
order_00003467,1,credit_card,1,44.45
order_00003468,1,credit_card,3,59.28
order_00003469,1,credit_card,1,78.84
order_00003470,1,credit_card,1,448.5
order_00003471,1,boleto,1,15.19
order_00003471,2,debit_card,1,19.14
order_00003472,1,credit_card,1,82.61
order_00003472,2,credit_card,1,52.06
order_00003473,1,voucher,1,24.96
order_00003474,1,credit_card,8,114.61
order_00003475,1,credit_card,10,23.8
order_00003476,1,voucher,1,25.12
order_00003477,1,credit_card,2,36.11
order_00003478,1,credit_card,10,182.84
order_00003479,1,voucher,1,38.89
order_00003480,1,debit_card,1,157.41
order_00003481,1,credit_card,5,91.63
order_00003482,1,credit_card,1,65.96
order_00003483,1,credit_card,6,38.53
order_00003484,1,credit_card,2,29.53
order_00003485,1,voucher,1,104.57
order_00003486,1,credit_card,6,7.27
order_00003487,1,boleto,1,515.93
order_00003488,1,credit_card,1,25.55
order_00003489,1,credit_card,3,9.56
order_00003490,1,credit_card,10,11.32
order_00003491,1,credit_card,5,260.15
order_00003492,1,credit_card,3,157.14
order_00003493,1,credit_card,4,70.73
order_00003494,1,boleto,1,48.83
order_00003494,2,credit_card,10,113.79
order_00003495,1,credit_card,10,109.12
order_00003496,1,credit_card,1,45.88
order_00003497,1,credit_card,1,96.66
order_00003498,1,credit_card,1,51.42
order_00003498,2,credit_card,1,118.09
order_00003499,1,boleto,1,26.61
order_00003500,1,credit_card,2,78.93
order_00003501,1,credit_card,1,27.23
order_00003502,1,credit_card,3,257.86
order_00003503,1,credit_card,3,306.78
order_00003504,1,debit_card,1,177.58
order_00003505,1,boleto,1,249.09
order_00003506,1,credit_card,1,252.6
order_00003507,1,boleto,1,52.47
order_00003508,1,credit_card,5,122.75
order_00003509,1,credit_card,8,26.24
order_00003509,2,credit_card,3,29.72
order_00003510,1,credit_card,6,24.08
order_00003511,1,credit_card,2,407.83
order_00003512,1,credit_card,1,49.75
order_00003513,1,credit_card,1,273.15
order_00003514,1,credit_card,3,73.32
order_00003515,1,credit_card,2,290.98
order_00003516,1,credit_card,6,166.25
order_00003516,2,credit_card,10,81.29
order_00003517,1,credit_card,8,112.0
order_00003518,1,credit_card,4,56.39
order_00003519,1,boleto,1,20.58
order_00003520,1,credit_card,4,183.79
order_00003521,1,credit_card,6,27.38
order_00003522,1,credit_card,1,179.41
order_00003523,1,debit_card,1,99.82
order_00003524,1,credit_card,10,25.32
order_00003525,1,credit_card,1,137.98
order_00003525,2,voucher,1,68.2
order_00003526,1,credit_card,6,23.39
order_00003527,1,credit_card,10,96.3
order_00003528,1,credit_card,1,34.79
order_00003529,1,credit_card,3,43.65
order_00003530,1,credit_card,4,17.46
order_00003531,1,credit_card,3,98.38
order_00003532,1,credit_card,4,113.39
order_00003533,1,credit_card,2,139.77
order_00003534,1,credit_card,3,90.09
order_00003534,2,boleto,1,86.26
order_00003535,1,credit_card,3,187.4
order_00003536,1,boleto,1,106.56
order_00003537,1,credit_card,4,17.23
order_00003538,1,voucher,1,206.2
order_00003539,1,credit_card,6,60.36
order_00003540,1,credit_card,5,179.05
order_00003541,1,credit_card,2,199.52
order_00003542,1,credit_card,1,337.18
order_00003543,1,credit_card,1,37.45
order_00003544,1,credit_card,6,142.67
order_00003545,1,credit_card,2,180.75
order_00003546,1,credit_card,1,18.3
order_00003547,1,credit_card,6,97.43
order_00003548,1,credit_card,6,68.49
order_00003549,1,credit_card,5,44.85
order_00003550,1,credit_card,8,25.13
order_00003551,1,credit_card,10,42.67
order_00003552,1,credit_card,2,32.59
order_00003553,1,credit_card,5,137.43
order_00003554,1,credit_card,1,26.23
order_00003555,1,credit_card,8,137.0
order_00003556,1,voucher,1,179.41
order_00003557,1,credit_card,1,335.53
order_00003558,1,credit_card,2,232.66
order_00003559,1,credit_card,2,125.79
order_00003560,1,boleto,1,37.05
order_00003561,1,credit_card,1,231.32
order_00003562,1,credit_card,3,20.06
order_00003563,1,credit_card,1,160.45
order_00003564,1,boleto,1,19.72
order_00003564,2,credit_card,1,42.58
order_00003565,1,boleto,1,153.18
order_00003566,1,credit_card,3,198.06
order_00003567,1,credit_card,1,180.7
order_00003568,1,voucher,1,220.69
order_00003569,1,credit_card,8,322.42
order_00003570,1,credit_card,6,65.14
order_00003571,1,credit_card,10,293.59
order_00003572,1,credit_card,8,122.04
order_00003573,1,credit_card,4,30.12
order_00003574,1,credit_card,1,30.37
order_00003575,1,credit_card,8,118.53
order_00003576,1,boleto,1,38.68
order_00003577,1,credit_card,3,266.99
order_00003578,1,credit_card,3,110.58
order_00003579,1,credit_card,1,49.79
order_00003580,1,credit_card,1,199.65
order_00003581,1,boleto,1,4.83
order_00003582,1,boleto,1,231.66
order_00003583,1,credit_card,3,117.37
order_00003584,1,boleto,1,46.86
order_00003585,1,credit_card,10,50.34
order_00003586,1,boleto,1,72.34
order_00003587,1,credit_card,2,54.64
order_00003588,1,credit_card,1,162.03
order_00003589,1,boleto,1,105.86
order_00003590,1,credit_card,10,135.16
order_00003591,1,boleto,1,29.58
order_00003592,1,credit_card,3,63.22
order_00003593,1,credit_card,2,214.69
order_00003594,1,boleto,1,329.49
order_00003595,1,credit_card,3,63.42
order_00003596,1,boleto,1,366.47
order_00003597,1,credit_card,1,135.69
order_00003598,1,credit_card,2,116.49
order_00003599,1,credit_card,1,70.94
order_00003600,1,credit_card,2,76.38
order_00003601,1,credit_card,5,153.32
order_00003602,1,boleto,1,175.64
order_00003603,1,debit_card,1,28.32
order_00003604,1,credit_card,1,122.13
order_00003605,1,debit_card,1,265.33
order_00003606,1,boleto,1,198.75
order_00003607,1,voucher,1,132.09
order_00003608,1,boleto,1,127.15
order_00003609,1,credit_card,2,109.17
order_00003610,1,credit_card,3,427.79
order_00003611,1,credit_card,3,80.62
order_00003612,1,boleto,1,34.01
order_00003613,1,credit_card,1,13.56
order_00003614,1,credit_card,4,77.08
order_00003615,1,credit_card,2,150.65
order_00003616,1,credit_card,2,109.86
order_00003617,1,credit_card,6,16.62
order_00003618,1,credit_card,2,69.28
order_00003619,1,credit_card,1,48.42
order_00003620,1,credit_card,10,515.78
order_00003621,1,debit_card,1,66.95
order_00003622,1,credit_card,1,56.6
order_00003623,1,credit_card,1,335.3
order_00003623,2,credit_card,2,446.5
order_00003624,1,credit_card,2,76.2
order_00003625,1,credit_card,1,24.01
order_00003626,1,credit_card,6,36.33
order_00003627,1,credit_card,1,169.87
order_00003628,1,credit_card,10,161.06
order_00003629,1,credit_card,1,109.38
order_00003630,1,boleto,1,595.18
order_00003631,1,boleto,1,174.29
order_00003632,1,credit_card,3,35.86
order_00003633,1,credit_card,4,11.5
order_00003634,1,boleto,1,103.24
order_00003635,1,boleto,1,466.93
order_00003636,1,credit_card,2,26.61
order_00003637,1,boleto,1,44.99
order_00003638,1,credit_card,3,111.62
order_00003639,1,credit_card,3,30.18
order_00003640,1,debit_card,1,73.61
order_00003641,1,credit_card,3,33.51
order_00003642,1,credit_card,1,96.05
order_00003643,1,boleto,1,94.6
order_00003643,2,credit_card,10,202.14
order_00003644,1,credit_card,1,321.21
order_00003645,1,credit_card,3,31.0
order_00003646,1,credit_card,8,16.28
order_00003647,1,credit_card,6,16.55
order_00003648,1,credit_card,4,83.03
order_00003649,1,credit_card,4,44.7
order_00003650,1,credit_card,1,86.6
order_00003651,1,credit_card,6,68.9
order_00003652,1,credit_card,1,42.28
order_00003653,1,credit_card,1,61.4
order_00003654,1,credit_card,8,46.51
order_00003655,1,boleto,1,43.38
order_00003655,2,credit_card,3,30.48
order_00003656,1,credit_card,1,151.73
order_00003657,1,credit_card,5,25.27
order_00003658,1,boleto,1,125.26
order_00003659,1,credit_card,3,71.78
order_00003660,1,credit_card,2,30.24
order_00003661,1,credit_card,1,12.1
order_00003662,1,credit_card,1,58.75
order_00003663,1,boleto,1,45.55
order_00003664,1,credit_card,6,40.68
order_00003665,1,credit_card,5,163.94
order_00003666,1,boleto,1,99.47
order_00003667,1,credit_card,6,34.69
order_00003668,1,credit_card,3,278.21
order_00003669,1,credit_card,1,80.32
order_00003670,1,boleto,1,258.91
order_00003671,1,boleto,1,82.02
order_00003672,1,credit_card,6,194.26
order_00003673,1,credit_card,1,353.36
order_00003674,1,credit_card,8,70.63
order_00003675,1,credit_card,2,60.82
order_00003676,1,boleto,1,72.96
order_00003677,1,credit_card,2,12.33
order_00003678,1,credit_card,1,69.33
order_00003679,1,credit_card,1,173.86
order_00003680,1,boleto,1,67.23
order_00003681,1,credit_card,4,26.56
order_00003682,1,boleto,1,100.88
order_00003683,1,boleto,1,48.08
order_00003684,1,boleto,1,171.86
order_00003685,1,credit_card,4,152.83
order_00003686,1,credit_card,4,52.11
order_00003686,2,boleto,1,23.58
order_00003687,1,credit_card,1,45.06
order_00003688,1,boleto,1,234.29
order_00003689,1,credit_card,2,129.19
order_00003690,1,debit_card,1,51.51
order_00003691,1,credit_card,1,88.53
order_00003692,1,credit_card,8,38.94
order_00003693,1,credit_card,8,37.75
order_00003694,1,credit_card,3,249.58
order_00003695,1,boleto,1,90.29
order_00003696,1,boleto,1,32.0
order_00003697,1,credit_card,1,480.37
order_00003698,1,boleto,1,62.62
order_00003698,2,voucher,1,94.65
order_00003699,1,credit_card,1,55.14
order_00003700,1,credit_card,4,105.0
order_00003701,1,credit_card,1,115.8
order_00003702,1,credit_card,2,232.83
order_00003703,1,boleto,1,33.87
order_00003704,1,credit_card,2,79.09
order_00003705,1,credit_card,4,110.52
order_00003706,1,credit_card,2,47.7
order_00003707,1,voucher,1,71.94
order_00003708,1,credit_card,5,94.75
order_00003709,1,boleto,1,12.35
order_00003710,1,credit_card,4,67.47
order_00003711,1,credit_card,1,220.61
order_00003712,1,credit_card,4,15.09
order_00003713,1,credit_card,10,107.88
order_00003714,1,credit_card,1,46.55
order_00003715,1,credit_card,1,42.16
order_00003716,1,boleto,1,65.54
order_00003717,1,credit_card,4,224.51
order_00003718,1,voucher,1,38.7
order_00003719,1,credit_card,3,27.47
order_00003720,1,credit_card,2,44.74
order_00003721,1,boleto,1,62.03
order_00003722,1,credit_card,1,42.54
order_00003723,1,credit_card,4,27.27
order_00003724,1,credit_card,1,44.63
order_00003725,1,credit_card,4,45.99
order_00003726,1,credit_card,1,24.03
order_00003727,1,credit_card,6,64.46
order_00003728,1,credit_card,2,86.25
order_00003729,1,credit_card,4,252.87
order_00003730,1,credit_card,4,136.34
order_00003731,1,credit_card,1,161.57
order_00003732,1,credit_card,6,82.1
order_00003733,1,debit_card,1,839.23
order_00003734,1,credit_card,1,150.65
order_00003735,1,boleto,1,64.88
order_00003736,1,credit_card,6,310.37
order_00003737,1,boleto,1,154.03
order_00003738,1,credit_card,2,110.9
order_00003739,1,credit_card,6,307.97
order_00003740,1,boleto,1,74.14
order_00003741,1,credit_card,10,104.09
order_00003742,1,boleto,1,159.05
order_00003743,1,credit_card,1,104.03
order_00003744,1,boleto,1,111.79
order_00003745,1,credit_card,2,240.85
order_00003746,1,credit_card,1,28.36
order_00003747,1,credit_card,1,50.3
order_00003747,2,debit_card,1,38.75
order_00003748,1,credit_card,3,29.78
order_00003749,1,credit_card,1,171.57
order_00003750,1,credit_card,8,27.14
order_00003751,1,credit_card,2,73.37
order_00003751,2,boleto,1,44.65
order_00003752,1,credit_card,8,36.71
order_00003753,1,credit_card,6,81.02
order_00003754,1,boleto,1,114.14
order_00003755,1,credit_card,1,51.63
order_00003756,1,credit_card,3,10.32
order_00003756,2,boleto,1,12.32
order_00003757,1,credit_card,5,181.99
order_00003758,1,boleto,1,35.55
order_00003759,1,boleto,1,46.78
order_00003760,1,credit_card,1,36.22
order_00003761,1,credit_card,1,126.34
order_00003762,1,credit_card,3,153.91
order_00003763,1,boleto,1,245.17
order_00003764,1,credit_card,2,127.18
order_00003765,1,credit_card,1,156.08
order_00003766,1,credit_card,4,174.58
order_00003767,1,credit_card,3,36.92
order_00003768,1,credit_card,6,97.08
order_00003769,1,boleto,1,276.03
order_00003770,1,boleto,1,27.32
order_00003771,1,boleto,1,661.02
order_00003772,1,voucher,1,19.17
order_00003773,1,credit_card,6,190.34
order_00003774,1,credit_card,1,9.33
order_00003775,1,credit_card,6,67.93
order_00003776,1,credit_card,5,191.93
order_00003777,1,boleto,1,366.67
order_00003778,1,credit_card,3,111.19
order_00003779,1,credit_card,2,118.69
order_00003780,1,credit_card,2,75.68
order_00003781,1,credit_card,1,260.69
order_00003782,1,debit_card,1,65.06
order_00003783,1,boleto,1,56.85
order_00003784,1,boleto,1,94.01
order_00003785,1,credit_card,1,69.05
order_00003786,1,credit_card,1,30.34
order_00003786,2,credit_card,6,39.86
order_00003787,1,boleto,1,416.56
order_00003788,1,credit_card,4,345.12
order_00003789,1,voucher,1,112.2
order_00003790,1,credit_card,2,54.18
order_00003791,1,credit_card,6,290.61
order_00003792,1,credit_card,1,25.62
order_00003793,1,debit_card,1,144.3
order_00003794,1,credit_card,1,88.39
order_00003795,1,credit_card,4,30.95
order_00003795,2,credit_card,5,25.42
order_00003796,1,credit_card,2,24.91
order_00003797,1,credit_card,1,169.37
order_00003798,1,credit_card,2,188.23
order_00003799,1,credit_card,5,84.97
order_00003800,1,credit_card,1,112.49
order_00003801,1,credit_card,1,249.02
order_00003802,1,credit_card,4,118.89
order_00003803,1,credit_card,5,16.78
order_00003804,1,boleto,1,63.64
order_00003805,1,debit_card,1,314.59
order_00003806,1,credit_card,1,52.82
order_00003807,1,credit_card,1,144.34
order_00003808,1,credit_card,2,179.37
order_00003809,1,credit_card,6,106.27
order_00003810,1,credit_card,3,25.3
order_00003811,1,credit_card,1,136.11
order_00003812,1,boleto,1,210.56
order_00003813,1,credit_card,1,13.96
order_00003814,1,credit_card,1,112.06
order_00003815,1,credit_card,2,57.05
order_00003816,1,credit_card,1,23.85
order_00003817,1,debit_card,1,42.75
order_00003818,1,credit_card,10,26.44
order_00003819,1,credit_card,2,87.79
order_00003820,1,boleto,1,116.75
order_00003821,1,credit_card,1,126.77
order_00003822,1,credit_card,2,152.21
order_00003823,1,credit_card,4,158.77
order_00003824,1,credit_card,3,259.24
order_00003825,1,voucher,1,266.5
order_00003826,1,credit_card,4,221.74
order_00003827,1,boleto,1,118.51
order_00003828,1,debit_card,1,410.47
order_00003829,1,credit_card,2,89.88
order_00003830,1,credit_card,1,11.41
order_00003831,1,credit_card,1,167.55
order_00003832,1,boleto,1,105.3
order_00003833,1,credit_card,1,332.45
order_00003834,1,boleto,1,281.5
order_00003835,1,credit_card,5,16.8
order_00003836,1,credit_card,6,11.9
order_00003837,1,credit_card,10,539.9
order_00003838,1,credit_card,1,97.71
order_00003839,1,credit_card,1,132.08
order_00003840,1,boleto,1,18.34
order_00003841,1,credit_card,4,38.21
order_00003842,1,credit_card,1,141.22
order_00003843,1,credit_card,1,79.95
order_00003844,1,credit_card,1,70.28
order_00003845,1,credit_card,6,72.46
order_00003846,1,credit_card,1,14.76
order_00003847,1,credit_card,5,171.81
order_00003848,1,credit_card,1,47.56
order_00003849,1,credit_card,5,86.25
order_00003850,1,credit_card,1,27.72
order_00003851,1,voucher,1,65.57
order_00003852,1,boleto,1,56.84
order_00003853,1,credit_card,1,43.82
order_00003854,1,credit_card,8,38.26
order_00003855,1,boleto,1,27.99
order_00003856,1,credit_card,2,115.73
order_00003857,1,credit_card,1,267.26
order_00003858,1,credit_card,2,128.04
order_00003859,1,boleto,1,14.56
order_00003859,2,credit_card,1,22.72
order_00003860,1,debit_card,1,104.86
order_00003861,1,credit_card,1,32.11
order_00003862,1,credit_card,6,82.9
order_00003863,1,boleto,1,198.16
order_00003864,1,boleto,1,334.51
order_00003865,1,credit_card,8,194.05
order_00003866,1,debit_card,1,174.63
order_00003867,1,boleto,1,720.93
order_00003868,1,credit_card,10,70.36
order_00003869,1,credit_card,1,62.98
order_00003870,1,credit_card,1,29.92
order_00003870,2,credit_card,6,34.92
order_00003871,1,credit_card,3,192.69
order_00003872,1,credit_card,1,63.76
order_00003873,1,credit_card,3,16.5
order_00003873,2,credit_card,1,20.28
order_00003874,1,boleto,1,28.49
order_00003875,1,credit_card,1,55.73
order_00003876,1,boleto,1,107.18
order_00003877,1,credit_card,1,104.83
order_00003878,1,credit_card,5,27.56
order_00003879,1,credit_card,1,120.15
order_00003880,1,credit_card,10,143.46
order_00003881,1,credit_card,1,44.67
order_00003882,1,credit_card,1,31.73
order_00003883,1,boleto,1,200.1
order_00003884,1,credit_card,1,66.42
order_00003885,1,credit_card,5,143.69
order_00003886,1,credit_card,1,91.11
order_00003887,1,credit_card,1,30.14
order_00003888,1,credit_card,2,51.3
order_00003889,1,credit_card,3,28.24
order_00003890,1,credit_card,5,52.11
order_00003891,1,credit_card,2,141.95
order_00003892,1,credit_card,6,18.84
order_00003893,1,credit_card,5,137.27
order_00003894,1,credit_card,1,25.79
order_00003894,2,credit_card,1,19.28
order_00003895,1,credit_card,3,129.96
order_00003896,1,voucher,1,14.84
order_00003897,1,credit_card,2,104.61
order_00003898,1,credit_card,1,33.11
order_00003899,1,credit_card,2,128.42
order_00003900,1,voucher,1,39.12
order_00003901,1,boleto,1,240.23
order_00003902,1,credit_card,4,54.0
order_00003903,1,credit_card,4,163.12
order_00003904,1,boleto,1,59.48
order_00003905,1,credit_card,2,93.75
order_00003905,2,voucher,1,88.55
order_00003906,1,credit_card,1,343.97
order_00003907,1,credit_card,4,98.44
order_00003908,1,credit_card,2,156.14
order_00003909,1,credit_card,1,204.76
order_00003910,1,boleto,1,64.81
order_00003911,1,boleto,1,175.87
order_00003912,1,credit_card,4,18.02
order_00003913,1,voucher,1,269.99
order_00003914,1,credit_card,2,76.41
order_00003915,1,voucher,1,173.08
order_00003916,1,credit_card,4,314.21
order_00003917,1,credit_card,1,64.41
order_00003918,1,voucher,1,32.15
order_00003919,1,voucher,1,206.24
order_00003920,1,voucher,1,12.85
order_00003921,1,credit_card,1,43.79
order_00003921,2,credit_card,2,37.42
order_00003922,1,boleto,1,44.91
order_00003923,1,credit_card,1,167.04
order_00003924,1,credit_card,1,326.14
order_00003925,1,credit_card,2,81.81
order_00003926,1,credit_card,6,67.13
order_00003927,1,boleto,1,212.34
order_00003928,1,credit_card,10,21.12
order_00003929,1,credit_card,2,104.9
order_00003930,1,voucher,1,85.49
order_00003931,1,debit_card,1,44.11
order_00003932,1,credit_card,2,30.4
order_00003932,2,credit_card,1,13.39
order_00003933,1,credit_card,2,163.45
order_00003934,1,credit_card,3,444.55
order_00003935,1,boleto,1,199.59
order_00003936,1,credit_card,4,28.59
order_00003937,1,credit_card,5,15.39
order_00003938,1,credit_card,4,77.59
order_00003939,1,boleto,1,384.95
order_00003940,1,credit_card,3,462.88
order_00003941,1,credit_card,8,101.06
order_00003942,1,boleto,1,49.99
order_00003943,1,credit_card,2,227.66
order_00003944,1,credit_card,5,25.53
order_00003945,1,boleto,1,281.07
order_00003946,1,credit_card,1,234.11
order_00003947,1,boleto,1,68.06
order_00003948,1,voucher,1,55.39
order_00003949,1,boleto,1,70.29
order_00003950,1,boleto,1,94.44
order_00003951,1,boleto,1,554.48
order_00003952,1,credit_card,1,21.53
order_00003953,1,credit_card,1,94.54
order_00003954,1,credit_card,1,52.53
order_00003955,1,credit_card,5,238.37
order_00003956,1,credit_card,6,123.97
order_00003957,1,credit_card,4,98.19
order_00003958,1,credit_card,1,216.56
order_00003959,1,credit_card,3,41.59
order_00003960,1,credit_card,3,230.54
order_00003961,1,credit_card,2,215.21
order_00003962,1,credit_card,2,36.54
order_00003962,2,credit_card,2,28.92
order_00003963,1,credit_card,1,14.49
order_00003964,1,boleto,1,85.5
order_00003965,1,boleto,1,50.67
order_00003966,1,credit_card,2,70.01
order_00003967,1,credit_card,3,46.84
order_00003968,1,voucher,1,45.82
order_00003969,1,credit_card,2,40.23
order_00003970,1,credit_card,2,57.81
order_00003971,1,credit_card,1,54.75
order_00003972,1,boleto,1,155.21
order_00003973,1,credit_card,2,65.09
order_00003974,1,boleto,1,11.56
order_00003975,1,credit_card,2,49.26
order_00003976,1,credit_card,2,49.54
order_00003977,1,credit_card,1,50.05
order_00003978,1,debit_card,1,66.1
order_00003979,1,voucher,1,51.97
order_00003980,1,credit_card,6,20.96
order_00003981,1,credit_card,6,93.86
order_00003982,1,credit_card,1,363.69
order_00003983,1,credit_card,2,29.58
order_00003983,2,credit_card,8,34.92
order_00003984,1,credit_card,8,49.51
order_00003985,1,credit_card,1,49.9
order_00003986,1,credit_card,3,300.36
order_00003987,1,boleto,1,108.54
order_00003988,1,credit_card,4,49.07
order_00003989,1,debit_card,1,274.26
order_00003990,1,voucher,1,80.58
order_00003991,1,credit_card,3,117.8
order_00003992,1,credit_card,4,227.12
order_00003993,1,credit_card,3,43.09
order_00003994,1,boleto,1,180.97
order_00003995,1,credit_card,3,62.07
order_00003996,1,credit_card,1,210.54
order_00003997,1,credit_card,6,44.27
order_00003998,1,boleto,1,163.32
order_00003999,1,debit_card,1,66.18
order_00004000,1,credit_card,3,193.98
order_00004001,1,credit_card,1,36.01
order_00004002,1,credit_card,1,60.43
order_00004003,1,credit_card,8,150.26
order_00004004,1,voucher,1,59.55
order_00004005,1,credit_card,4,215.59
order_00004006,1,credit_card,2,20.6
order_00004007,1,credit_card,2,301.78
order_00004008,1,credit_card,3,129.34
order_00004009,1,credit_card,8,227.5
order_00004010,1,credit_card,1,23.13
order_00004011,1,credit_card,10,91.41
order_00004012,1,credit_card,1,69.86
order_00004013,1,boleto,1,97.24
order_00004014,1,credit_card,1,181.48
order_00004015,1,credit_card,4,88.18
order_00004016,1,boleto,1,69.81
order_00004017,1,boleto,1,207.63
order_00004018,1,credit_card,1,183.14
order_00004019,1,boleto,1,150.84
order_00004020,1,credit_card,1,69.96
order_00004021,1,boleto,1,102.38
order_00004022,1,credit_card,2,74.48
order_00004022,2,credit_card,1,102.35
order_00004023,1,boleto,1,57.78
order_00004024,1,credit_card,1,89.37
order_00004025,1,boleto,1,64.15
order_00004026,1,boleto,1,310.43
order_00004027,1,credit_card,1,36.41
order_00004028,1,voucher,1,20.48
order_00004029,1,boleto,1,49.86
order_00004030,1,credit_card,1,13.15
order_00004031,1,credit_card,2,104.19
order_00004032,1,credit_card,10,69.39
order_00004033,1,voucher,1,104.15
order_00004034,1,credit_card,5,83.38
order_00004035,1,boleto,1,177.87
order_00004036,1,credit_card,1,151.33
order_00004037,1,credit_card,1,139.28
order_00004038,1,credit_card,1,26.41
order_00004039,1,boleto,1,134.6
order_00004040,1,credit_card,3,80.2
order_00004041,1,boleto,1,38.07
order_00004042,1,credit_card,8,231.5
order_00004043,1,credit_card,1,322.39
order_00004044,1,credit_card,4,149.07
order_00004045,1,credit_card,2,13.37
order_00004046,1,credit_card,2,123.77
order_00004047,1,credit_card,5,288.45
order_00004048,1,voucher,1,22.26
order_00004048,2,credit_card,1,29.11
order_00004049,1,voucher,1,107.52
order_00004050,1,boleto,1,112.46
order_00004051,1,credit_card,6,263.28
order_00004052,1,credit_card,3,92.21
order_00004053,1,credit_card,2,367.76
order_00004054,1,credit_card,1,20.72
order_00004055,1,credit_card,1,267.79
order_00004056,1,boleto,1,27.85
order_00004057,1,boleto,1,348.92
order_00004058,1,credit_card,3,3.53
order_00004058,2,boleto,1,6.58
order_00004059,1,credit_card,1,330.82
order_00004060,1,voucher,1,133.2
order_00004061,1,credit_card,1,137.7
order_00004062,1,voucher,1,111.45
order_00004063,1,credit_card,1,16.65
order_00004064,1,credit_card,1,113.24
order_00004065,1,credit_card,4,706.46
order_00004066,1,boleto,1,113.44
order_00004067,1,credit_card,6,185.55
order_00004068,1,credit_card,2,103.94
order_00004069,1,credit_card,4,326.72
order_00004070,1,boleto,1,131.56
order_00004071,1,credit_card,4,16.23
order_00004072,1,credit_card,10,476.83
order_00004073,1,credit_card,5,236.7
order_00004074,1,credit_card,2,309.67
order_00004075,1,credit_card,1,450.39
order_00004076,1,credit_card,1,30.08
order_00004077,1,credit_card,8,446.12
order_00004078,1,boleto,1,76.4
order_00004079,1,credit_card,1,243.65
order_00004080,1,boleto,1,210.19
order_00004081,1,voucher,1,77.56
order_00004082,1,voucher,1,6.17
order_00004083,1,credit_card,3,79.04
order_00004084,1,boleto,1,52.68
order_00004085,1,credit_card,1,91.1
order_00004086,1,boleto,1,390.25
order_00004087,1,credit_card,10,44.85
order_00004088,1,boleto,1,71.54
order_00004089,1,debit_card,1,73.36
order_00004090,1,credit_card,1,22.14
order_00004091,1,credit_card,1,29.4
order_00004092,1,credit_card,1,17.58
order_00004093,1,credit_card,4,55.68
order_00004094,1,boleto,1,145.46
order_00004095,1,credit_card,1,347.9
order_00004096,1,credit_card,1,59.32
order_00004097,1,boleto,1,280.35
order_00004098,1,credit_card,3,108.74
order_00004099,1,credit_card,1,669.29
order_00004100,1,credit_card,1,20.01
order_00004101,1,voucher,1,30.48
order_00004102,1,credit_card,1,25.31
order_00004103,1,boleto,1,62.91
order_00004104,1,credit_card,5,334.85
order_00004105,1,boleto,1,120.14
order_00004106,1,credit_card,1,12.44
order_00004106,2,credit_card,1,28.2
order_00004107,1,credit_card,6,61.95
order_00004108,1,boleto,1,108.55
order_00004109,1,credit_card,1,39.15
order_00004110,1,voucher,1,435.25
order_00004111,1,voucher,1,117.95
order_00004112,1,credit_card,3,42.61
order_00004113,1,boleto,1,42.66
order_00004114,1,credit_card,1,36.08
order_00004115,1,credit_card,2,266.22
order_00004116,1,credit_card,1,19.21
order_00004117,1,credit_card,3,31.78
order_00004118,1,credit_card,5,631.87
order_00004119,1,boleto,1,128.54
order_00004120,1,credit_card,1,274.08
order_00004121,1,credit_card,10,55.95
order_00004122,1,credit_card,4,63.2
order_00004123,1,boleto,1,169.32
order_00004124,1,credit_card,2,75.85
order_00004125,1,credit_card,6,83.26
order_00004126,1,credit_card,5,240.66
order_00004127,1,credit_card,10,82.02
order_00004128,1,debit_card,1,157.49
order_00004129,1,credit_card,3,93.03
order_00004130,1,credit_card,10,256.18
order_00004131,1,credit_card,3,412.75
order_00004132,1,credit_card,1,34.94
order_00004133,1,credit_card,2,373.11
order_00004134,1,credit_card,2,58.62
order_00004135,1,voucher,1,56.32
order_00004136,1,credit_card,5,55.49
order_00004137,1,credit_card,1,128.56
order_00004138,1,boleto,1,134.36
order_00004139,1,credit_card,1,7.53
order_00004140,1,credit_card,1,58.75
order_00004141,1,credit_card,10,95.01
order_00004142,1,voucher,1,161.8
order_00004143,1,credit_card,4,44.63
order_00004144,1,credit_card,1,48.99
order_00004145,1,credit_card,2,112.21
order_00004146,1,credit_card,10,23.56
order_00004147,1,voucher,1,93.75
order_00004148,1,boleto,1,147.5
order_00004149,1,credit_card,1,25.21
order_00004150,1,boleto,1,28.56
order_00004151,1,credit_card,1,125.21
order_00004152,1,credit_card,3,67.03
order_00004153,1,credit_card,3,30.04
order_00004154,1,credit_card,1,26.53
order_00004155,1,voucher,1,419.84
order_00004156,1,voucher,1,283.78
order_00004157,1,credit_card,4,31.52
order_00004158,1,credit_card,1,24.8
order_00004159,1,credit_card,4,138.1
order_00004160,1,credit_card,2,24.64
order_00004161,1,debit_card,1,44.71
order_00004162,1,credit_card,6,188.68
order_00004163,1,credit_card,3,57.81
order_00004164,1,credit_card,1,33.54
order_00004165,1,boleto,1,47.0
order_00004166,1,credit_card,2,74.5
order_00004167,1,credit_card,6,50.82
order_00004168,1,credit_card,6,288.52
order_00004169,1,credit_card,1,146.23
order_00004170,1,credit_card,6,254.46
order_00004171,1,credit_card,8,27.67
order_00004172,1,credit_card,2,73.35
order_00004173,1,credit_card,1,49.5
order_00004174,1,boleto,1,262.33
order_00004175,1,credit_card,2,224.84
order_00004176,1,credit_card,4,186.49
order_00004177,1,boleto,1,244.84
order_00004178,1,boleto,1,52.62
order_00004179,1,boleto,1,79.72
order_00004180,1,credit_card,4,20.91
order_00004181,1,credit_card,6,50.24
order_00004182,1,credit_card,2,34.81
order_00004183,1,credit_card,1,152.53
order_00004184,1,boleto,1,61.67
order_00004185,1,credit_card,6,386.67
order_00004186,1,credit_card,5,8.3
order_00004187,1,credit_card,8,226.78
order_00004188,1,credit_card,1,137.3
order_00004189,1,credit_card,1,89.96
order_00004190,1,credit_card,1,86.34
order_00004191,1,boleto,1,159.3
order_00004192,1,credit_card,8,84.0
order_00004193,1,boleto,1,27.16
order_00004194,1,credit_card,3,124.1
order_00004195,1,credit_card,10,22.67
order_00004196,1,credit_card,1,189.81
order_00004197,1,credit_card,5,114.14
order_00004198,1,credit_card,6,12.2
order_00004198,2,credit_card,4,10.36
order_00004199,1,credit_card,2,91.73
order_00004200,1,credit_card,4,409.84
order_00004201,1,credit_card,3,35.85
order_00004202,1,credit_card,1,140.05
order_00004203,1,boleto,1,118.96
order_00004204,1,credit_card,1,16.4
order_00004205,1,credit_card,2,91.32
order_00004206,1,credit_card,10,331.18
order_00004207,1,credit_card,1,73.6
order_00004208,1,credit_card,6,372.1
order_00004209,1,credit_card,1,93.92
order_00004210,1,debit_card,1,121.31
order_00004211,1,credit_card,4,25.23
order_00004212,1,boleto,1,43.39
order_00004213,1,boleto,1,249.24
order_00004214,1,boleto,1,172.25
order_00004215,1,credit_card,5,20.81
order_00004216,1,credit_card,4,171.88
order_00004217,1,debit_card,1,224.59
order_00004217,2,credit_card,3,188.78
order_00004218,1,credit_card,6,112.1
order_00004219,1,boleto,1,174.52
order_00004220,1,credit_card,1,73.0
order_00004221,1,credit_card,4,146.41
order_00004222,1,boleto,1,394.21
order_00004223,1,debit_card,1,340.95
order_00004224,1,credit_card,2,64.14
order_00004225,1,credit_card,10,142.48
order_00004226,1,credit_card,1,38.36
order_00004227,1,credit_card,3,70.14
order_00004228,1,credit_card,5,55.41
order_00004229,1,credit_card,8,139.86
order_00004230,1,credit_card,4,112.02
order_00004231,1,credit_card,1,115.83
order_00004232,1,credit_card,1,117.74
order_00004233,1,debit_card,1,112.22
order_00004234,1,credit_card,1,123.49
order_00004235,1,credit_card,1,77.6
order_00004236,1,credit_card,1,153.44
order_00004237,1,boleto,1,129.71
order_00004238,1,credit_card,1,15.14
order_00004239,1,credit_card,1,40.54
order_00004240,1,boleto,1,84.81
order_00004241,1,credit_card,1,406.44
order_00004242,1,boleto,1,159.91
order_00004243,1,credit_card,10,70.61
order_00004244,1,credit_card,4,333.56
order_00004245,1,credit_card,1,18.91
order_00004246,1,credit_card,1,330.64
order_00004247,1,credit_card,10,121.76
order_00004248,1,credit_card,2,114.92
order_00004249,1,boleto,1,37.94
order_00004250,1,credit_card,4,62.96
order_00004251,1,credit_card,4,66.77
order_00004252,1,credit_card,5,28.85
order_00004253,1,credit_card,1,54.13
order_00004254,1,credit_card,1,20.11
order_00004255,1,boleto,1,266.69
order_00004256,1,credit_card,3,97.58
order_00004257,1,boleto,1,95.49
order_00004258,1,boleto,1,93.75
order_00004259,1,credit_card,1,147.38
order_00004260,1,credit_card,3,57.26
order_00004261,1,boleto,1,13.51
order_00004262,1,credit_card,1,42.36
order_00004263,1,credit_card,2,123.81
order_00004264,1,credit_card,3,36.86
order_00004265,1,credit_card,2,32.94
order_00004266,1,credit_card,8,34.7
order_00004267,1,credit_card,1,19.09
order_00004268,1,credit_card,3,16.04
order_00004269,1,credit_card,1,76.81
order_00004270,1,debit_card,1,20.54
order_00004271,1,credit_card,8,28.04
order_00004272,1,credit_card,5,37.58
order_00004272,2,boleto,1,40.81
order_00004273,1,boleto,1,33.5
order_00004274,1,credit_card,1,24.35
order_00004275,1,credit_card,3,89.54
order_00004276,1,credit_card,2,9.06
order_00004277,1,credit_card,4,82.52
order_00004278,1,boleto,1,299.18
order_00004279,1,credit_card,8,80.12
order_00004280,1,credit_card,5,54.51
order_00004281,1,credit_card,1,89.98
order_00004282,1,debit_card,1,76.6
order_00004283,1,credit_card,2,24.34
order_00004284,1,boleto,1,149.09
order_00004285,1,credit_card,1,54.27
order_00004286,1,debit_card,1,82.32
order_00004287,1,voucher,1,78.61
order_00004288,1,credit_card,1,240.3
order_00004289,1,credit_card,10,78.67
order_00004290,1,credit_card,6,75.93
order_00004291,1,credit_card,1,250.43
order_00004292,1,boleto,1,28.6
order_00004293,1,credit_card,1,64.28
order_00004293,2,credit_card,2,59.59
order_00004294,1,voucher,1,93.15
order_00004295,1,credit_card,1,269.29
order_00004296,1,boleto,1,89.96
order_00004297,1,credit_card,1,119.11
order_00004298,1,credit_card,4,20.55
order_00004298,2,credit_card,5,25.85
order_00004299,1,credit_card,6,16.17
order_00004300,1,credit_card,1,31.23
order_00004301,1,credit_card,1,159.23
order_00004302,1,credit_card,10,135.61
order_00004303,1,credit_card,1,1267.1
order_00004304,1,credit_card,6,725.58
order_00004305,1,boleto,1,47.45
order_00004305,2,credit_card,1,60.49
order_00004306,1,credit_card,1,97.98
order_00004307,1,credit_card,6,96.25
order_00004308,1,credit_card,1,78.53
order_00004309,1,debit_card,1,233.54
order_00004310,1,credit_card,1,636.28
order_00004311,1,credit_card,5,17.02
order_00004311,2,credit_card,2,23.21
order_00004312,1,credit_card,2,181.33
order_00004313,1,boleto,1,358.28
order_00004314,1,voucher,1,74.16
order_00004315,1,debit_card,1,12.35
order_00004316,1,credit_card,1,404.07
order_00004317,1,credit_card,3,42.94
order_00004317,2,credit_card,6,27.31
order_00004318,1,credit_card,6,65.07
order_00004319,1,credit_card,5,70.72
order_00004320,1,credit_card,6,172.53
order_00004321,1,boleto,1,127.63
order_00004322,1,credit_card,5,486.22
order_00004323,1,debit_card,1,160.26
order_00004324,1,voucher,1,92.14
order_00004325,1,credit_card,5,31.75
order_00004325,2,credit_card,2,22.56
order_00004326,1,credit_card,2,92.1
order_00004327,1,boleto,1,77.92
order_00004328,1,credit_card,6,71.55
order_00004329,1,credit_card,3,73.22
order_00004330,1,credit_card,1,224.44
order_00004331,1,credit_card,8,162.92
order_00004332,1,boleto,1,126.34
order_00004333,1,debit_card,1,48.25
order_00004334,1,credit_card,2,119.05
order_00004335,1,boleto,1,14.56
order_00004336,1,credit_card,3,273.45
order_00004337,1,boleto,1,107.28
order_00004338,1,boleto,1,227.37
order_00004339,1,credit_card,10,82.57
order_00004340,1,debit_card,1,60.69
order_00004341,1,credit_card,2,57.59
order_00004342,1,credit_card,3,69.33
order_00004343,1,credit_card,2,96.14
order_00004344,1,boleto,1,49.25
order_00004345,1,debit_card,1,47.36
order_00004346,1,credit_card,8,140.32
order_00004347,1,credit_card,1,13.58
order_00004348,1,credit_card,2,76.47
order_00004349,1,boleto,1,94.42
order_00004350,1,credit_card,4,16.63
order_00004350,2,credit_card,6,12.48
order_00004351,1,credit_card,1,140.68
order_00004352,1,credit_card,1,486.79
order_00004353,1,debit_card,1,59.63
order_00004354,1,credit_card,1,23.64
order_00004355,1,credit_card,1,36.52
order_00004356,1,credit_card,1,98.12
order_00004357,1,credit_card,3,59.9
order_00004358,1,voucher,1,215.74
order_00004359,1,credit_card,8,265.35
order_00004360,1,credit_card,2,30.5
order_00004361,1,credit_card,6,45.68
order_00004362,1,credit_card,4,54.53
order_00004363,1,credit_card,4,40.26
order_00004364,1,credit_card,3,18.48
order_00004365,1,credit_card,5,227.9
order_00004366,1,boleto,1,225.63
order_00004367,1,credit_card,4,107.95
order_00004368,1,credit_card,1,776.19
order_00004369,1,credit_card,1,14.0
order_00004370,1,credit_card,1,50.77
order_00004371,1,boleto,1,105.59
order_00004372,1,voucher,1,75.42
order_00004373,1,credit_card,1,68.43
order_00004374,1,credit_card,2,233.31
order_00004375,1,credit_card,1,36.8
order_00004376,1,credit_card,5,27.13
order_00004377,1,credit_card,1,99.34
order_00004378,1,credit_card,3,68.34
order_00004379,1,credit_card,10,25.06
order_00004380,1,credit_card,1,139.22
order_00004381,1,credit_card,6,199.21
order_00004382,1,credit_card,6,128.7
order_00004382,2,credit_card,1,63.34
order_00004383,1,credit_card,1,121.76
order_00004384,1,credit_card,10,60.48
order_00004385,1,boleto,1,33.15
order_00004386,1,boleto,1,26.34
order_00004387,1,credit_card,1,110.44
order_00004388,1,credit_card,6,258.41
order_00004389,1,voucher,1,92.5
order_00004390,1,credit_card,1,23.02
order_00004391,1,credit_card,1,64.16
order_00004391,2,credit_card,1,127.18
order_00004392,1,credit_card,1,95.92
order_00004393,1,credit_card,6,39.36
order_00004394,1,credit_card,6,100.02
order_00004395,1,boleto,1,25.06
order_00004396,1,debit_card,1,25.67
order_00004397,1,credit_card,1,57.21
order_00004398,1,credit_card,3,30.53
order_00004399,1,boleto,1,40.62
order_00004400,1,credit_card,1,90.48
order_00004401,1,credit_card,1,199.0
order_00004402,1,credit_card,1,70.12
order_00004403,1,credit_card,4,145.29
order_00004404,1,credit_card,2,18.64
order_00004405,1,boleto,1,239.89
order_00004406,1,credit_card,1,160.82
order_00004407,1,credit_card,4,27.68
order_00004408,1,credit_card,4,27.45
order_00004409,1,credit_card,1,91.03
order_00004410,1,boleto,1,31.22
order_00004411,1,credit_card,1,313.14
order_00004412,1,credit_card,2,33.54
order_00004413,1,credit_card,6,38.1
order_00004414,1,credit_card,1,7.89
order_00004414,2,credit_card,2,10.64
order_00004415,1,voucher,1,31.31
order_00004416,1,credit_card,5,118.59
order_00004417,1,credit_card,6,13.47
order_00004417,2,credit_card,1,15.14
order_00004418,1,boleto,1,104.84
order_00004419,1,credit_card,4,18.19
order_00004420,1,credit_card,1,34.8
order_00004421,1,credit_card,1,76.54
order_00004421,2,credit_card,6,86.35
order_00004422,1,credit_card,10,131.75
order_00004423,1,credit_card,1,64.54
order_00004424,1,credit_card,6,37.41
order_00004425,1,credit_card,1,244.4
order_00004426,1,credit_card,3,21.45
order_00004427,1,boleto,1,208.59
order_00004428,1,credit_card,1,23.2
order_00004429,1,credit_card,10,66.24
order_00004430,1,credit_card,1,20.83
order_00004431,1,credit_card,2,141.33
order_00004432,1,credit_card,1,65.21
order_00004433,1,boleto,1,32.91
order_00004434,1,boleto,1,31.67
order_00004435,1,credit_card,8,29.34
order_00004436,1,voucher,1,47.58
order_00004437,1,credit_card,8,195.3
order_00004438,1,credit_card,10,431.65
order_00004439,1,credit_card,8,39.43
order_00004440,1,credit_card,1,23.01
order_00004441,1,credit_card,10,97.44
order_00004442,1,credit_card,6,497.28
order_00004443,1,credit_card,10,73.06
order_00004444,1,boleto,1,220.84
order_00004445,1,credit_card,1,42.95
order_00004446,1,credit_card,2,110.94
order_00004446,2,credit_card,5,54.71
order_00004447,1,boleto,1,70.43
order_00004448,1,credit_card,1,151.78
order_00004449,1,credit_card,4,18.62
order_00004450,1,boleto,1,140.35
order_00004451,1,credit_card,2,112.22
order_00004452,1,credit_card,5,32.28
order_00004453,1,credit_card,1,124.36
order_00004454,1,credit_card,2,28.88
order_00004455,1,boleto,1,212.25
order_00004456,1,boleto,1,19.47
order_00004457,1,credit_card,2,23.65
order_00004458,1,credit_card,1,291.06
order_00004459,1,credit_card,3,36.82
order_00004460,1,credit_card,1,127.01
order_00004461,1,credit_card,2,361.58
order_00004462,1,credit_card,10,88.41
order_00004463,1,credit_card,3,185.08
order_00004464,1,credit_card,3,122.42
order_00004465,1,boleto,1,49.63
order_00004466,1,credit_card,8,33.86
order_00004467,1,credit_card,4,84.33
order_00004468,1,boleto,1,97.92
order_00004469,1,credit_card,3,242.1
order_00004470,1,credit_card,6,139.54
order_00004471,1,credit_card,4,158.48
order_00004472,1,credit_card,3,379.82
order_00004473,1,voucher,1,141.53
order_00004474,1,boleto,1,383.95
order_00004475,1,credit_card,1,299.52
order_00004476,1,credit_card,1,32.51
order_00004477,1,credit_card,1,11.46
order_00004478,1,credit_card,2,67.93
order_00004479,1,credit_card,2,80.73
order_00004480,1,boleto,1,563.52
order_00004481,1,boleto,1,136.68
order_00004482,1,debit_card,1,40.66
order_00004483,1,credit_card,4,120.4
order_00004484,1,credit_card,10,155.31
order_00004485,1,boleto,1,101.48
order_00004486,1,credit_card,4,20.69
order_00004486,2,credit_card,5,24.62
order_00004487,1,credit_card,1,108.13
order_00004488,1,credit_card,3,34.31
order_00004488,2,credit_card,6,56.78
order_00004489,1,boleto,1,476.87
order_00004490,1,credit_card,4,116.82
order_00004491,1,credit_card,2,68.81
order_00004492,1,credit_card,1,42.21
order_00004493,1,credit_card,4,98.05
order_00004494,1,credit_card,4,196.04
order_00004495,1,credit_card,1,101.17
order_00004496,1,credit_card,1,75.18
order_00004496,2,boleto,1,122.96
order_00004497,1,debit_card,1,152.08
order_00004498,1,credit_card,10,88.48
order_00004499,1,voucher,1,367.65
order_00004500,1,credit_card,1,122.08
order_00004501,1,debit_card,1,112.79
order_00004502,1,credit_card,1,36.41
order_00004503,1,credit_card,1,212.1
order_00004504,1,credit_card,2,456.09
order_00004505,1,credit_card,1,280.24
order_00004506,1,boleto,1,56.4
order_00004507,1,credit_card,3,194.64
order_00004508,1,credit_card,1,37.57
order_00004509,1,boleto,1,274.5
order_00004510,1,boleto,1,132.67
order_00004511,1,boleto,1,109.65
order_00004512,1,voucher,1,142.49
order_00004513,1,credit_card,2,183.34
order_00004514,1,boleto,1,169.07
order_00004515,1,credit_card,1,24.16
order_00004516,1,credit_card,2,36.39
order_00004517,1,credit_card,1,307.63
order_00004518,1,credit_card,2,52.59
order_00004518,2,credit_card,6,94.74
order_00004519,1,credit_card,6,10.74
order_00004520,1,credit_card,1,25.23
order_00004521,1,credit_card,4,116.92
order_00004522,1,credit_card,3,212.49
order_00004523,1,boleto,1,39.92
order_00004524,1,boleto,1,285.18
order_00004525,1,credit_card,4,213.21
order_00004526,1,boleto,1,20.92
order_00004527,1,credit_card,1,193.21
order_00004528,1,voucher,1,177.71
order_00004529,1,credit_card,1,11.28
order_00004530,1,credit_card,1,296.04
order_00004531,1,debit_card,1,304.9
order_00004532,1,credit_card,1,133.62
order_00004533,1,boleto,1,40.37
order_00004534,1,credit_card,1,408.82
order_00004535,1,credit_card,4,410.51
order_00004536,1,credit_card,1,186.03
order_00004537,1,credit_card,2,166.92
order_00004538,1,credit_card,2,86.23
order_00004539,1,credit_card,8,138.84
order_00004540,1,voucher,1,218.29
order_00004541,1,boleto,1,16.03
order_00004542,1,credit_card,1,357.62
order_00004543,1,credit_card,1,236.72
order_00004544,1,credit_card,8,37.97
order_00004545,1,credit_card,1,41.63
order_00004546,1,boleto,1,32.31
order_00004547,1,credit_card,1,98.68
order_00004548,1,credit_card,8,43.96
order_00004549,1,debit_card,1,118.31
order_00004550,1,boleto,1,31.43
order_00004551,1,credit_card,6,61.72
order_00004552,1,credit_card,2,59.3
order_00004553,1,credit_card,1,125.28
order_00004554,1,voucher,1,36.0
order_00004554,2,boleto,1,36.58
order_00004555,1,credit_card,2,180.23
order_00004556,1,voucher,1,99.77
order_00004557,1,credit_card,4,211.72
order_00004558,1,credit_card,6,165.24
order_00004559,1,credit_card,8,457.65
order_00004560,1,boleto,1,11.99
order_00004561,1,credit_card,1,69.08
order_00004562,1,credit_card,6,75.34
order_00004563,1,boleto,1,164.04
order_00004564,1,debit_card,1,34.93
order_00004565,1,credit_card,1,284.15
order_00004566,1,credit_card,3,17.38
order_00004567,1,voucher,1,198.35
order_00004568,1,boleto,1,80.11
order_00004569,1,credit_card,2,56.85
order_00004570,1,credit_card,4,24.41
order_00004571,1,credit_card,1,52.98
order_00004572,1,credit_card,8,58.17
order_00004573,1,credit_card,4,125.72
order_00004574,1,credit_card,2,121.8
order_00004575,1,voucher,1,30.42
order_00004576,1,credit_card,1,51.26
order_00004577,1,credit_card,3,3.58
order_00004578,1,credit_card,2,78.52
order_00004579,1,credit_card,1,242.38
order_00004580,1,credit_card,1,41.56
order_00004581,1,credit_card,2,244.7
order_00004582,1,credit_card,3,77.19
order_00004583,1,boleto,1,76.62
order_00004584,1,credit_card,10,101.04
order_00004585,1,credit_card,3,218.91
order_00004586,1,credit_card,1,239.87
order_00004587,1,debit_card,1,112.25
order_00004588,1,credit_card,1,31.09
order_00004589,1,boleto,1,180.38
order_00004590,1,credit_card,2,109.33
order_00004591,1,credit_card,8,28.16
order_00004592,1,credit_card,4,63.43
order_00004593,1,boleto,1,187.12
order_00004594,1,boleto,1,180.94
order_00004595,1,credit_card,5,229.58
order_00004596,1,credit_card,1,375.9
order_00004597,1,debit_card,1,196.7
order_00004598,1,credit_card,1,109.25
order_00004599,1,boleto,1,40.28
order_00004600,1,boleto,1,96.59
order_00004601,1,credit_card,10,53.17
order_00004601,2,boleto,1,34.76
order_00004602,1,credit_card,2,368.2
order_00004603,1,boleto,1,177.15
order_00004604,1,credit_card,1,120.6
order_00004605,1,credit_card,2,43.68
order_00004606,1,credit_card,1,62.98
order_00004607,1,voucher,1,94.78
order_00004608,1,credit_card,1,12.35
order_00004609,1,credit_card,1,45.0
order_00004610,1,credit_card,1,80.6
order_00004611,1,credit_card,5,44.61
order_00004612,1,credit_card,3,316.18
order_00004613,1,credit_card,1,132.54
order_00004614,1,credit_card,2,55.39
order_00004615,1,credit_card,1,107.38
order_00004616,1,credit_card,4,67.61
order_00004617,1,credit_card,1,103.21
order_00004618,1,credit_card,6,105.54
order_00004619,1,credit_card,8,196.99
order_00004620,1,credit_card,4,41.05
order_00004621,1,boleto,1,35.2
order_00004622,1,credit_card,10,84.52
order_00004623,1,credit_card,2,138.08
order_00004624,1,credit_card,3,104.71
order_00004625,1,credit_card,2,348.83
order_00004626,1,credit_card,1,107.34
order_00004626,2,voucher,1,137.23
order_00004627,1,voucher,1,295.51
order_00004628,1,debit_card,1,102.51
order_00004629,1,credit_card,3,110.66
order_00004630,1,credit_card,1,137.05
order_00004631,1,boleto,1,180.77
order_00004632,1,voucher,1,154.08
order_00004633,1,credit_card,1,75.53
order_00004634,1,credit_card,6,49.28
order_00004635,1,credit_card,1,339.45
order_00004636,1,credit_card,1,35.37
order_00004636,2,credit_card,6,27.18
order_00004637,1,credit_card,1,150.41
order_00004638,1,credit_card,1,30.39
order_00004639,1,credit_card,8,193.13
order_00004640,1,credit_card,8,97.33
order_00004641,1,credit_card,2,75.63
order_00004642,1,credit_card,1,40.61
order_00004643,1,credit_card,3,23.99
order_00004644,1,credit_card,10,134.22
order_00004645,1,credit_card,1,20.47
order_00004646,1,credit_card,10,47.81
order_00004647,1,boleto,1,27.75
order_00004648,1,credit_card,1,62.6
order_00004648,2,boleto,1,35.51
order_00004649,1,credit_card,10,25.47
order_00004650,1,voucher,1,47.86
order_00004651,1,credit_card,2,145.14
order_00004652,1,credit_card,6,66.59
order_00004653,1,boleto,1,168.92
order_00004654,1,credit_card,2,45.77
order_00004655,1,credit_card,3,74.67
order_00004656,1,boleto,1,66.38
order_00004657,1,credit_card,6,57.16
order_00004658,1,credit_card,3,26.34
order_00004659,1,credit_card,1,83.78
order_00004660,1,credit_card,8,94.04
order_00004661,1,credit_card,5,414.91
order_00004662,1,credit_card,1,42.83
order_00004663,1,credit_card,5,12.78
order_00004664,1,credit_card,3,306.05
order_00004665,1,credit_card,4,139.18
order_00004666,1,credit_card,1,143.9
order_00004667,1,credit_card,4,177.27
order_00004668,1,credit_card,8,134.6
order_00004668,2,boleto,1,132.72
order_00004669,1,credit_card,3,151.96
order_00004670,1,credit_card,6,115.72
order_00004671,1,credit_card,1,154.41
order_00004672,1,credit_card,1,134.79
order_00004673,1,boleto,1,13.05
order_00004674,1,credit_card,6,274.77
order_00004675,1,credit_card,1,183.93
order_00004676,1,credit_card,4,61.65
order_00004677,1,credit_card,6,31.39
order_00004678,1,credit_card,1,124.99
order_00004678,2,credit_card,2,221.69
order_00004679,1,credit_card,4,4.87
order_00004680,1,credit_card,1,32.43
order_00004681,1,credit_card,1,81.77
order_00004682,1,credit_card,2,59.53
order_00004683,1,boleto,1,263.2
order_00004684,1,voucher,1,57.79
order_00004685,1,boleto,1,145.88
order_00004686,1,credit_card,1,43.06
order_00004687,1,credit_card,2,152.76
order_00004688,1,credit_card,5,13.32
order_00004689,1,credit_card,4,199.06
order_00004690,1,credit_card,1,26.63
order_00004691,1,credit_card,1,86.74
order_00004692,1,boleto,1,83.46
order_00004693,1,credit_card,2,85.94
order_00004694,1,credit_card,8,59.26
order_00004695,1,credit_card,1,50.93
order_00004696,1,credit_card,6,317.85
order_00004697,1,credit_card,2,130.65
order_00004698,1,boleto,1,289.79
order_00004699,1,voucher,1,113.19
order_00004700,1,boleto,1,40.8
order_00004700,2,boleto,1,36.17
order_00004701,1,credit_card,10,64.15
order_00004702,1,credit_card,1,319.5
order_00004703,1,boleto,1,26.26
order_00004704,1,credit_card,6,97.12
order_00004705,1,credit_card,8,252.25
order_00004706,1,boleto,1,38.19
order_00004707,1,credit_card,1,44.56
order_00004708,1,credit_card,1,117.17
order_00004709,1,credit_card,1,194.14
order_00004710,1,boleto,1,29.45
order_00004711,1,credit_card,5,140.99
order_00004712,1,boleto,1,24.03
order_00004713,1,credit_card,1,185.29
order_00004714,1,credit_card,4,47.04
order_00004715,1,voucher,1,235.09
order_00004716,1,credit_card,10,93.78
order_00004717,1,voucher,1,421.76
order_00004718,1,boleto,1,548.44
order_00004719,1,credit_card,4,259.52
order_00004720,1,boleto,1,46.88
order_00004721,1,credit_card,5,179.18
order_00004722,1,credit_card,6,309.13
order_00004723,1,credit_card,3,20.58
order_00004724,1,credit_card,5,391.19
order_00004725,1,boleto,1,201.93
order_00004726,1,credit_card,1,124.4
order_00004727,1,credit_card,3,177.49
order_00004728,1,credit_card,4,203.13
order_00004729,1,debit_card,1,173.21
order_00004730,1,boleto,1,53.96
order_00004731,1,credit_card,8,287.03
order_00004732,1,boleto,1,66.58
order_00004733,1,boleto,1,86.36
order_00004734,1,credit_card,2,109.55
order_00004735,1,credit_card,1,45.5
order_00004736,1,credit_card,2,8.47
order_00004736,2,boleto,1,12.68
order_00004737,1,credit_card,5,223.91
order_00004738,1,voucher,1,26.84
order_00004739,1,voucher,1,78.12
order_00004740,1,credit_card,2,34.73
order_00004741,1,debit_card,1,68.27
order_00004742,1,credit_card,4,21.76
order_00004743,1,credit_card,6,84.68
order_00004744,1,credit_card,1,60.32
order_00004745,1,credit_card,1,124.05
order_00004746,1,credit_card,4,33.17
order_00004747,1,credit_card,5,200.45
order_00004748,1,boleto,1,354.44
order_00004749,1,credit_card,5,104.15
order_00004750,1,credit_card,5,56.55
order_00004751,1,credit_card,3,43.06
order_00004752,1,credit_card,1,111.12
order_00004753,1,credit_card,2,64.68
order_00004754,1,credit_card,5,276.72
order_00004755,1,boleto,1,9.86
order_00004756,1,credit_card,3,32.94
order_00004757,1,credit_card,10,81.69
order_00004757,2,credit_card,5,140.84
order_00004758,1,credit_card,4,76.61
order_00004759,1,credit_card,3,44.38
order_00004760,1,boleto,1,401.72
order_00004761,1,credit_card,3,22.65
order_00004762,1,credit_card,6,233.72
order_00004763,1,credit_card,6,33.27
order_00004764,1,credit_card,6,133.09
order_00004765,1,boleto,1,269.57
order_00004766,1,credit_card,1,95.85
order_00004767,1,boleto,1,170.55
order_00004768,1,credit_card,1,38.16
order_00004769,1,credit_card,2,282.38
order_00004770,1,credit_card,6,141.85
order_00004771,1,credit_card,1,167.75
order_00004772,1,credit_card,10,69.62
order_00004773,1,credit_card,5,34.03
order_00004774,1,credit_card,2,66.07
order_00004774,2,credit_card,1,42.08
order_00004775,1,credit_card,6,25.77
order_00004776,1,boleto,1,257.93
order_00004777,1,credit_card,2,47.4
order_00004778,1,credit_card,3,351.8
order_00004779,1,credit_card,1,55.67
order_00004780,1,credit_card,2,210.9
order_00004781,1,credit_card,2,109.4
order_00004782,1,credit_card,1,33.19
order_00004782,2,credit_card,3,39.73
order_00004783,1,debit_card,1,10.77
order_00004784,1,credit_card,1,479.69
order_00004785,1,credit_card,5,92.24
order_00004786,1,boleto,1,70.98
order_00004787,1,credit_card,4,23.2
order_00004787,2,credit_card,1,48.85
order_00004788,1,credit_card,8,261.58
order_00004789,1,credit_card,3,32.92
order_00004790,1,credit_card,2,62.75
order_00004791,1,credit_card,1,74.22
order_00004792,1,credit_card,1,132.25
order_00004793,1,credit_card,1,129.04
order_00004794,1,credit_card,4,11.35
order_00004795,1,credit_card,3,14.52
order_00004796,1,boleto,1,141.43
order_00004797,1,credit_card,1,191.64
order_00004798,1,credit_card,1,133.1
order_00004799,1,credit_card,1,58.15
order_00004799,2,credit_card,10,77.77
order_00004800,1,credit_card,1,94.91
order_00004801,1,credit_card,6,13.38
order_00004801,2,credit_card,5,21.65
order_00004802,1,credit_card,8,29.45
order_00004803,1,credit_card,1,37.63
order_00004804,1,credit_card,1,78.89
order_00004805,1,boleto,1,140.4
order_00004806,1,voucher,1,99.87
order_00004807,1,credit_card,1,300.1
order_00004808,1,credit_card,5,23.7
order_00004809,1,boleto,1,88.61
order_00004810,1,credit_card,2,14.8
order_00004811,1,boleto,1,237.46
order_00004812,1,credit_card,5,113.63
order_00004813,1,credit_card,10,411.61
order_00004814,1,credit_card,1,196.16
order_00004815,1,credit_card,1,58.2
order_00004816,1,credit_card,1,121.14
order_00004817,1,credit_card,2,65.79
order_00004818,1,credit_card,8,30.4
order_00004819,1,boleto,1,79.52
order_00004820,1,credit_card,1,154.73
order_00004821,1,credit_card,4,8.36
order_00004822,1,credit_card,2,45.08
order_00004823,1,credit_card,2,52.29
order_00004824,1,credit_card,1,265.9
order_00004825,1,credit_card,2,65.53
order_00004826,1,credit_card,8,181.62
order_00004827,1,credit_card,1,138.27
order_00004827,2,debit_card,1,62.77
order_00004828,1,debit_card,1,133.42
order_00004829,1,boleto,1,127.16
order_00004830,1,credit_card,2,178.43
order_00004831,1,credit_card,2,82.92
order_00004832,1,credit_card,1,134.8
order_00004833,1,voucher,1,68.16
order_00004834,1,credit_card,3,46.14
order_00004835,1,boleto,1,49.46
order_00004836,1,voucher,1,34.43
order_00004837,1,credit_card,10,311.54
order_00004838,1,credit_card,1,125.37
order_00004839,1,credit_card,10,566.27
order_00004840,1,credit_card,3,431.91
order_00004841,1,credit_card,4,162.64
order_00004842,1,credit_card,1,85.96
order_00004843,1,credit_card,4,538.21
order_00004844,1,credit_card,3,121.55
order_00004845,1,credit_card,1,42.65
order_00004846,1,boleto,1,123.79
order_00004847,1,credit_card,3,59.57
order_00004848,1,credit_card,2,49.89
order_00004849,1,credit_card,5,118.45
order_00004849,2,boleto,1,57.7
order_00004850,1,credit_card,4,36.37
order_00004851,1,credit_card,6,82.43
order_00004851,2,credit_card,1,52.74
order_00004852,1,boleto,1,37.35
order_00004853,1,boleto,1,88.38
order_00004854,1,credit_card,6,299.9
order_00004855,1,credit_card,3,75.89
order_00004855,2,boleto,1,78.54
order_00004856,1,credit_card,3,45.3
order_00004857,1,credit_card,4,286.34
order_00004858,1,credit_card,2,75.47
order_00004859,1,credit_card,1,27.08
order_00004860,1,credit_card,1,262.1
order_00004861,1,credit_card,10,24.72
order_00004862,1,credit_card,2,116.9
order_00004863,1,credit_card,1,64.28
order_00004864,1,boleto,1,73.73
order_00004865,1,credit_card,1,110.12
order_00004866,1,boleto,1,112.14
order_00004867,1,boleto,1,70.55
order_00004868,1,credit_card,1,230.08
order_00004869,1,voucher,1,39.76
order_00004870,1,credit_card,4,37.02
order_00004871,1,credit_card,1,80.61
order_00004872,1,credit_card,2,75.19
order_00004873,1,credit_card,2,139.4
order_00004874,1,debit_card,1,21.86
order_00004875,1,credit_card,1,88.59
order_00004876,1,credit_card,3,79.31
order_00004876,2,boleto,1,84.6
order_00004877,1,credit_card,6,52.24
order_00004878,1,boleto,1,13.88
order_00004879,1,credit_card,6,352.0
order_00004880,1,boleto,1,34.71
order_00004881,1,credit_card,2,320.99
order_00004882,1,boleto,1,45.56
order_00004883,1,credit_card,4,27.45
order_00004884,1,credit_card,2,106.32
order_00004885,1,credit_card,1,90.76
order_00004886,1,credit_card,1,335.59
order_00004887,1,voucher,1,24.85
order_00004887,2,credit_card,1,24.61
order_00004888,1,boleto,1,36.78
order_00004889,1,credit_card,1,45.9
order_00004890,1,credit_card,4,33.96
order_00004891,1,credit_card,1,66.81
order_00004892,1,credit_card,5,137.1
order_00004893,1,debit_card,1,26.89
order_00004894,1,credit_card,5,372.82
order_00004895,1,credit_card,3,60.28
order_00004896,1,credit_card,1,226.73
order_00004897,1,credit_card,4,48.8
order_00004898,1,credit_card,10,117.45
order_00004899,1,credit_card,3,98.3
order_00004900,1,credit_card,1,51.1
order_00004901,1,credit_card,5,564.05
order_00004902,1,credit_card,1,26.17
order_00004903,1,debit_card,1,47.91
order_00004904,1,credit_card,5,32.53
order_00004905,1,credit_card,1,83.65
order_00004906,1,credit_card,8,324.79
order_00004907,1,voucher,1,102.8
order_00004908,1,credit_card,4,97.85
order_00004909,1,debit_card,1,141.13
order_00004909,2,credit_card,8,147.94
order_00004910,1,credit_card,8,217.89
order_00004911,1,credit_card,5,50.06
order_00004912,1,credit_card,1,224.81
order_00004913,1,credit_card,4,27.8
order_00004914,1,credit_card,4,47.24
order_00004915,1,credit_card,6,49.69
order_00004916,1,credit_card,5,52.62
order_00004917,1,credit_card,1,39.93
order_00004918,1,credit_card,8,74.97
order_00004919,1,credit_card,6,93.23
order_00004920,1,credit_card,2,166.13
order_00004921,1,credit_card,1,118.73
order_00004922,1,credit_card,6,72.44
order_00004923,1,credit_card,1,59.11
order_00004924,1,credit_card,1,386.28
order_00004925,1,boleto,1,32.71
order_00004926,1,credit_card,4,106.86
order_00004927,1,credit_card,6,7.68
order_00004928,1,credit_card,4,248.33
order_00004928,2,boleto,1,236.0
order_00004929,1,credit_card,5,266.47
order_00004930,1,credit_card,6,22.76
order_00004931,1,credit_card,4,101.45
order_00004932,1,credit_card,2,226.54
order_00004933,1,boleto,1,26.77
order_00004934,1,credit_card,2,75.82
order_00004935,1,credit_card,8,40.03
order_00004936,1,boleto,1,263.95
order_00004937,1,credit_card,3,94.84
order_00004938,1,credit_card,8,8.08
order_00004939,1,credit_card,6,110.57
order_00004940,1,credit_card,2,27.74
order_00004941,1,credit_card,2,22.86
order_00004942,1,credit_card,5,28.79
order_00004943,1,credit_card,2,248.31
order_00004944,1,credit_card,8,38.04
order_00004945,1,credit_card,3,40.11
order_00004946,1,credit_card,4,98.3
order_00004947,1,boleto,1,361.94
order_00004948,1,credit_card,1,163.43
order_00004949,1,credit_card,8,35.38
order_00004950,1,boleto,1,180.96
order_00004951,1,boleto,1,93.28
order_00004952,1,credit_card,5,48.2
order_00004953,1,boleto,1,45.17
order_00004954,1,credit_card,2,435.05
order_00004955,1,voucher,1,25.54
order_00004956,1,boleto,1,141.14
order_00004957,1,boleto,1,38.93
order_00004958,1,credit_card,4,32.33
order_00004959,1,credit_card,1,63.94
order_00004960,1,credit_card,3,101.38
order_00004961,1,credit_card,1,41.57
order_00004962,1,credit_card,1,139.27
order_00004963,1,credit_card,6,23.39
order_00004964,1,voucher,1,76.05
order_00004965,1,credit_card,6,36.63
order_00004966,1,credit_card,2,68.02
order_00004967,1,voucher,1,210.09
order_00004968,1,credit_card,1,16.02
order_00004968,2,credit_card,1,29.89
order_00004969,1,credit_card,1,65.25
order_00004970,1,credit_card,1,51.56
order_00004970,2,boleto,1,74.99
order_00004971,1,credit_card,4,386.78
order_00004972,1,credit_card,3,28.7
order_00004973,1,credit_card,5,92.63
order_00004974,1,credit_card,1,66.66
order_00004975,1,credit_card,5,295.34
order_00004976,1,voucher,1,49.2
order_00004977,1,credit_card,10,59.69
order_00004978,1,credit_card,3,435.12
order_00004979,1,credit_card,3,37.82
order_00004980,1,boleto,1,449.6
order_00004981,1,credit_card,3,16.56
order_00004981,2,voucher,1,27.59
order_00004982,1,credit_card,10,71.1
order_00004983,1,credit_card,3,39.16
order_00004984,1,credit_card,8,192.91
order_00004984,2,credit_card,1,231.31
order_00004985,1,voucher,1,45.33
order_00004986,1,boleto,1,132.92
order_00004986,2,credit_card,3,138.87
order_00004987,1,credit_card,1,180.45
order_00004988,1,credit_card,5,392.73
order_00004989,1,boleto,1,50.18
order_00004990,1,credit_card,1,43.06
order_00004991,1,credit_card,10,50.93
order_00004992,1,credit_card,1,140.34
order_00004993,1,boleto,1,109.69
order_00004994,1,credit_card,4,15.06
order_00004995,1,boleto,1,85.55
order_00004996,1,credit_card,10,24.87
order_00004997,1,credit_card,1,203.41
order_00004998,1,credit_card,8,202.77
order_00004999,1,boleto,1,128.09
