review_id,order_id,review_score,review_comment_title,review_comment_message,review_creation_date,review_answer_timestamp
rev_00000000,order_00000000,5,,,2024-12-18 13:20:38.897065,2024-12-20 13:20:38.897065
rev_00000001,order_00000001,3,,,2025-05-15 00:56:47.860183,2025-05-16 00:56:47.860183
rev_00000002,order_00000002,5,,,2024-08-01 09:28:10.164644,2024-08-03 09:28:10.164644
rev_00000003,order_00000003,3,,,2024-11-05 07:49:52.086630,2024-11-07 07:49:52.086630
rev_00000004,order_00000005,5,,,2025-12-25 08:11:48.093623,2025-12-27 08:11:48.093623
rev_00000005,order_00000006,3,,,2025-02-19 19:04:41.236971,2025-02-19 19:04:41.236971
rev_00000006,order_00000008,4,,,2024-02-27 05:56:03.169188,2024-02-27 05:56:03.169188
rev_00000007,order_00000009,5,,,2024-09-08 00:48:31.177474,2024-09-10 00:48:31.177474
rev_00000008,order_00000010,5,,,2025-09-01 03:58:11.418036,2025-09-02 03:58:11.418036
rev_00000009,order_00000011,4,,,2024-09-14 22:35:37.707167,2024-09-14 22:35:37.707167
rev_00000010,order_00000012,5,,,2025-09-13 11:48:01.000000,2025-09-14 11:48:01.000000
rev_00000011,order_00000013,3,,,2024-11-22 21:23:53.860276,2024-11-24 21:23:53.860276
rev_00000012,order_00000014,5,,,2025-02-03 14:56:32.673217,2025-02-05 14:56:32.673217
rev_00000013,order_00000015,5,,,2025-12-21 21:09:30.532962,2025-12-22 21:09:30.532962
rev_00000014,order_00000016,5,,,2025-02-19 10:27:22.994099,2025-02-19 10:27:22.994099
rev_00000015,order_00000017,4,,,2024-02-25 04:29:44.420923,2024-02-25 04:29:44.420923
rev_00000016,order_00000019,5,,,2024-10-08 18:50:05.785903,2024-10-10 18:50:05.785903
rev_00000017,order_00000020,4,,,2025-04-25 12:57:56.880566,2025-04-25 12:57:56.880566
rev_00000018,order_00000021,4,,,2024-10-14 08:27:58.359299,2024-10-16 08:27:58.359299
rev_00000019,order_00000022,3,,,2025-10-28 11:46:44.336934,2025-10-29 11:46:44.336934
rev_00000020,order_00000023,5,,,2024-10-09 15:11:41.125130,2024-10-11 15:11:41.125130
rev_00000021,order_00000024,4,,,2026-01-08 08:49:29.725956,2026-01-08 08:49:29.725956
rev_00000022,order_00000025,3,,,2024-12-28 06:28:28.000000,2024-12-30 06:28:28.000000
rev_00000023,order_00000027,4,,,2025-08-11 18:08:24.663385,2025-08-13 18:08:24.663385
rev_00000024,order_00000028,4,,,2026-01-03 20:30:18.917351,2026-01-05 20:30:18.917351
rev_00000025,order_00000029,3,,,2025-06-14 08:06:02.102919,2025-06-15 08:06:02.102919
rev_00000026,order_00000030,5,,,2025-03-14 00:52:27.770592,2025-03-16 00:52:27.770592
rev_00000027,order_00000031,4,,,2024-06-10 16:27:47.542002,2024-06-10 16:27:47.542002
rev_00000028,order_00000032,5,,,2025-06-15 14:23:35.308917,2025-06-15 14:23:35.308917
rev_00000029,order_00000033,4,,,2025-04-02 00:01:29.310814,2025-04-02 00:01:29.310814
rev_00000030,order_00000034,5,,,2024-08-26 00:34:48.595528,2024-08-26 00:34:48.595528
rev_00000031,order_00000035,3,,,2024-06-22 22:43:44.131335,2024-06-23 22:43:44.131335
rev_00000032,order_00000036,2,,,2025-06-30 12:43:07.000000,2025-07-02 12:43:07.000000
rev_00000033,order_00000037,5,,,2024-07-12 04:56:04.800708,2024-07-14 04:56:04.800708
rev_00000034,order_00000038,5,,,2024-11-27 18:01:51.232462,2024-11-27 18:01:51.232462
rev_00000035,order_00000039,4,,,2024-08-06 02:08:52.761270,2024-08-06 02:08:52.761270
rev_00000036,order_00000040,2,,,2024-05-16 19:16:30.276648,2024-05-18 19:16:30.276648
rev_00000037,order_00000041,4,,,2024-11-28 17:17:25.067534,2024-11-28 17:17:25.067534
rev_00000038,order_00000042,4,,,2024-05-20 04:49:24.045802,2024-05-22 04:49:24.045802
rev_00000039,order_00000043,1,,,2024-02-26 09:39:27.271791,2024-02-27 09:39:27.271791
rev_00000040,order_00000044,2,,,2024-08-24 05:59:19.921840,2024-08-26 05:59:19.921840
rev_00000041,order_00000046,3,,,2024-06-17 20:38:22.788497,2024-06-17 20:38:22.788497
rev_00000042,order_00000049,3,,,2025-11-05 09:00:34.525057,2025-11-06 09:00:34.525057
rev_00000043,order_00000050,2,,,2024-12-28 01:38:00.650550,2024-12-28 01:38:00.650550
rev_00000044,order_00000051,4,,,2024-09-08 18:02:28.430009,2024-09-10 18:02:28.430009
rev_00000045,order_00000052,4,,,2025-05-26 05:26:11.499930,2025-05-27 05:26:11.499930
rev_00000046,order_00000053,4,,,2025-06-04 11:59:16.274675,2025-06-04 11:59:16.274675
rev_00000047,order_00000054,5,,,2025-04-05 14:57:37.039676,2025-04-07 14:57:37.039676
rev_00000048,order_00000055,5,,,2024-06-29 00:58:45.980371,2024-06-29 00:58:45.980371
rev_00000049,order_00000056,4,,,2025-09-29 10:27:32.547739,2025-09-30 10:27:32.547739
rev_00000050,order_00000057,5,,,2025-07-24 21:09:42.445469,2025-07-25 21:09:42.445469
rev_00000051,order_00000058,5,,,2024-01-13 07:04:02.071327,2024-01-15 07:04:02.071327
rev_00000052,order_00000059,4,,,2024-12-10 22:34:49.766017,2024-12-10 22:34:49.766017
rev_00000053,order_00000060,5,,,2024-08-28 13:17:40.397742,2024-08-30 13:17:40.397742
rev_00000054,order_00000061,3,,,2025-04-26 13:53:20.973053,2025-04-26 13:53:20.973053
rev_00000055,order_00000062,4,,,2025-12-27 19:51:55.901056,2025-12-27 19:51:55.901056
rev_00000056,order_00000063,5,,,2024-10-22 17:59:36.077736,2024-10-23 17:59:36.077736
rev_00000057,order_00000064,3,,,2025-01-19 16:55:08.759266,2025-01-20 16:55:08.759266
rev_00000058,order_00000065,4,,,2024-01-27 23:10:36.971637,2024-01-28 23:10:36.971637
rev_00000059,order_00000067,4,,,2025-10-13 09:50:02.161706,2025-10-13 09:50:02.161706
rev_00000060,order_00000068,4,,,2025-10-15 23:21:32.699630,2025-10-15 23:21:32.699630
rev_00000061,order_00000069,3,,,2025-12-08 00:50:39.752892,2025-12-10 00:50:39.752892
rev_00000062,order_00000070,4,,,2025-01-18 21:43:24.220622,2025-01-19 21:43:24.220622
rev_00000063,order_00000071,4,,,2024-07-22 20:20:53.373082,2024-07-22 20:20:53.373082
rev_00000064,order_00000072,4,,,2025-11-13 10:45:24.486912,2025-11-15 10:45:24.486912
rev_00000065,order_00000073,4,,,2025-01-03 22:10:21.256042,2025-01-05 22:10:21.256042
rev_00000066,order_00000074,4,,,2024-11-04 07:20:06.506264,2024-11-06 07:20:06.506264
rev_00000067,order_00000077,5,,,2025-12-11 09:43:22.335210,2025-12-12 09:43:22.335210
rev_00000068,order_00000078,5,,,2024-01-15 04:31:11.000000,2024-01-15 04:31:11.000000
rev_00000069,order_00000079,4,,,2024-01-25 00:27:02.254787,2024-01-26 00:27:02.254787
rev_00000070,order_00000080,3,,,2024-09-14 22:02:53.153119,2024-09-16 22:02:53.153119
rev_00000071,order_00000081,5,,,2025-11-18 16:31:26.787064,2025-11-18 16:31:26.787064
rev_00000072,order_00000082,4,,,2025-09-01 07:25:32.366856,2025-09-01 07:25:32.366856
rev_00000073,order_00000083,5,,,2025-02-18 04:10:33.362434,2025-02-20 04:10:33.362434
rev_00000074,order_00000084,4,,,2025-12-14 10:08:46.937282,2025-12-16 10:08:46.937282
rev_00000075,order_00000085,5,,,2024-02-23 04:21:35.672276,2024-02-23 04:21:35.672276
rev_00000076,order_00000086,5,,,2025-05-25 17:29:24.852950,2025-05-25 17:29:24.852950
rev_00000077,order_00000087,4,,,2024-11-23 15:41:30.018072,2024-11-23 15:41:30.018072
rev_00000078,order_00000088,5,,,2025-11-22 06:13:42.301845,2025-11-23 06:13:42.301845
rev_00000079,order_00000089,4,,,2024-01-14 03:54:54.701681,2024-01-14 03:54:54.701681
rev_00000080,order_00000090,4,,,2024-03-07 04:12:43.217220,2024-03-07 04:12:43.217220
rev_00000081,order_00000091,4,,,2024-09-17 21:57:25.685198,2024-09-19 21:57:25.685198
rev_00000082,order_00000092,5,,,2024-07-08 19:50:00.799456,2024-07-09 19:50:00.799456
rev_00000083,order_00000094,5,,,2024-02-28 16:20:58.852481,2024-02-29 16:20:58.852481
rev_00000084,order_00000095,5,,,2025-01-14 09:30:11.802701,2025-01-14 09:30:11.802701
rev_00000085,order_00000096,4,,,2025-03-22 12:50:42.534890,2025-03-24 12:50:42.534890
rev_00000086,order_00000098,4,,,2025-03-12 13:47:47.058718,2025-03-13 13:47:47.058718
rev_00000087,order_00000099,4,,,2024-07-13 15:26:23.804625,2024-07-14 15:26:23.804625
rev_00000088,order_00000100,4,,,2024-03-06 09:00:40.461153,2024-03-06 09:00:40.461153
rev_00000089,order_00000101,2,,,2025-02-16 22:29:38.093021,2025-02-17 22:29:38.093021
rev_00000090,order_00000102,4,,,2024-05-22 04:04:10.549288,2024-05-23 04:04:10.549288
rev_00000091,order_00000103,5,,,2025-11-14 13:47:59.351706,2025-11-15 13:47:59.351706
rev_00000092,order_00000104,5,,,2025-03-10 10:40:37.809706,2025-03-11 10:40:37.809706
rev_00000093,order_00000105,5,,,2025-12-11 08:33:43.176604,2025-12-13 08:33:43.176604
rev_00000094,order_00000107,5,,,2024-08-10 13:42:40.562854,2024-08-10 13:42:40.562854
rev_00000095,order_00000108,5,,,2024-09-06 17:42:09.899700,2024-09-08 17:42:09.899700
rev_00000096,order_00000109,4,,,2024-07-24 00:10:39.519754,2024-07-24 00:10:39.519754
rev_00000097,order_00000110,4,,,2025-12-29 02:33:01.345243,2025-12-30 02:33:01.345243
rev_00000098,order_00000111,2,,,2024-06-01 17:42:43.466329,2024-06-01 17:42:43.466329
rev_00000099,order_00000112,5,,,2025-04-27 10:28:44.536101,2025-04-27 10:28:44.536101
rev_00000100,order_00000113,5,,,2025-11-20 21:05:58.525393,2025-11-20 21:05:58.525393
rev_00000101,order_00000116,4,,,2024-02-08 20:29:37.681318,2024-02-09 20:29:37.681318
rev_00000102,order_00000117,5,,,2024-10-30 21:18:22.855157,2024-11-01 21:18:22.855157
rev_00000103,order_00000118,4,,,2024-05-03 00:29:47.614199,2024-05-05 00:29:47.614199
rev_00000104,order_00000119,3,,,2024-03-11 13:43:12.830685,2024-03-12 13:43:12.830685
rev_00000105,order_00000121,3,,,2025-02-13 15:09:28.100913,2025-02-14 15:09:28.100913
rev_00000106,order_00000123,3,,,2024-05-04 07:09:19.623568,2024-05-06 07:09:19.623568
rev_00000107,order_00000125,5,,,2025-04-14 13:41:54.446135,2025-04-16 13:41:54.446135
rev_00000108,order_00000126,5,,,2025-02-05 20:20:42.324107,2025-02-07 20:20:42.324107
rev_00000109,order_00000127,4,,,2025-10-27 06:59:47.745958,2025-10-29 06:59:47.745958
rev_00000110,order_00000128,3,,,2025-07-24 08:50:19.252130,2025-07-24 08:50:19.252130
rev_00000111,order_00000129,5,,,2024-07-21 14:20:30.763901,2024-07-22 14:20:30.763901
rev_00000112,order_00000131,4,,,2025-12-22 21:22:00.111676,2025-12-24 21:22:00.111676
rev_00000113,order_00000132,5,,,2024-09-18 02:16:05.236705,2024-09-19 02:16:05.236705
rev_00000114,order_00000133,5,,,2024-07-08 05:28:10.013689,2024-07-09 05:28:10.013689
rev_00000115,order_00000134,5,,,2024-01-20 23:45:53.011187,2024-01-21 23:45:53.011187
rev_00000116,order_00000135,5,,,2024-06-25 10:52:11.076800,2024-06-27 10:52:11.076800
rev_00000117,order_00000137,4,,,2024-03-06 02:07:21.536256,2024-03-08 02:07:21.536256
rev_00000118,order_00000138,5,,,2024-02-12 03:35:42.182859,2024-02-14 03:35:42.182859
rev_00000119,order_00000139,2,,,2025-04-03 17:34:05.729923,2025-04-04 17:34:05.729923
rev_00000120,order_00000140,5,,,2026-01-06 08:58:52.461346,2026-01-08 08:58:52.461346
rev_00000121,order_00000141,4,,,2024-11-10 07:53:55.913016,2024-11-10 07:53:55.913016
rev_00000122,order_00000142,5,,,2024-07-13 12:53:02.195385,2024-07-13 12:53:02.195385
rev_00000123,order_00000143,4,,,2025-01-06 17:10:10.990415,2025-01-07 17:10:10.990415
rev_00000124,order_00000145,5,,,2024-08-23 14:48:08.635622,2024-08-23 14:48:08.635622
rev_00000125,order_00000146,5,,,2024-05-27 11:39:00.133942,2024-05-27 11:39:00.133942
rev_00000126,order_00000147,4,,,2025-01-08 16:42:56.660971,2025-01-09 16:42:56.660971
rev_00000127,order_00000148,5,,,2025-09-06 17:19:40.017087,2025-09-06 17:19:40.017087
rev_00000128,order_00000149,3,,,2025-07-31 04:19:59.876092,2025-08-02 04:19:59.876092
rev_00000129,order_00000150,3,,,2026-01-08 17:25:18.862827,2026-01-08 17:25:18.862827
rev_00000130,order_00000151,5,,,2024-08-04 15:44:10.297536,2024-08-06 15:44:10.297536
rev_00000131,order_00000152,5,,,2025-04-23 08:49:24.910153,2025-04-25 08:49:24.910153
rev_00000132,order_00000153,4,,,2025-05-02 21:11:11.510051,2025-05-04 21:11:11.510051
rev_00000133,order_00000155,3,,,2025-08-26 10:05:20.466154,2025-08-26 10:05:20.466154
rev_00000134,order_00000156,4,,,2025-04-10 08:43:06.586171,2025-04-12 08:43:06.586171
rev_00000135,order_00000157,4,,,2024-07-09 13:57:43.110239,2024-07-09 13:57:43.110239
rev_00000136,order_00000158,4,,,2025-10-13 22:58:00.908456,2025-10-13 22:58:00.908456
rev_00000137,order_00000159,5,,,2025-08-18 14:38:40.285171,2025-08-20 14:38:40.285171
rev_00000138,order_00000160,5,,,2024-04-19 12:03:25.119503,2024-04-21 12:03:25.119503
rev_00000139,order_00000161,5,,,2025-11-07 08:35:57.845141,2025-11-09 08:35:57.845141
rev_00000140,order_00000162,3,,,2025-06-04 08:38:22.840862,2025-06-04 08:38:22.840862
rev_00000141,order_00000163,5,,,2025-01-16 03:09:59.104295,2025-01-16 03:09:59.104295
rev_00000142,order_00000164,5,,,2024-01-27 02:17:17.517180,2024-01-29 02:17:17.517180
rev_00000143,order_00000165,5,,,2024-03-31 12:43:34.367513,2024-03-31 12:43:34.367513
rev_00000144,order_00000166,5,,,2025-01-30 22:58:25.941967,2025-01-31 22:58:25.941967
rev_00000145,order_00000168,5,,,2024-11-01 21:22:56.061736,2024-11-01 21:22:56.061736
rev_00000146,order_00000169,3,,,2024-05-12 06:25:30.699201,2024-05-12 06:25:30.699201
rev_00000147,order_00000170,3,,,2025-12-19 00:35:23.281104,2025-12-21 00:35:23.281104
rev_00000148,order_00000171,5,,,2025-11-14 00:05:57.250203,2025-11-16 00:05:57.250203
rev_00000149,order_00000172,4,,,2024-09-16 19:20:27.493531,2024-09-18 19:20:27.493531
rev_00000150,order_00000173,4,,,2026-01-01 00:23:36.631578,2026-01-02 00:23:36.631578
rev_00000151,order_00000174,5,,,2024-07-18 15:26:33.084302,2024-07-19 15:26:33.084302
rev_00000152,order_00000175,4,,,2025-12-08 11:29:08.899281,2025-12-10 11:29:08.899281
rev_00000153,order_00000178,5,,,2024-05-19 22:29:31.915315,2024-05-20 22:29:31.915315
rev_00000154,order_00000180,4,,,2025-05-11 03:15:33.420836,2025-05-11 03:15:33.420836
rev_00000155,order_00000181,2,,,2024-01-14 16:44:37.767120,2024-01-16 16:44:37.767120
rev_00000156,order_00000182,5,,,2025-04-22 23:54:26.419773,2025-04-23 23:54:26.419773
rev_00000157,order_00000183,4,,,2025-10-17 10:14:59.915831,2025-10-19 10:14:59.915831
rev_00000158,order_00000185,5,,,2024-05-06 22:38:31.259707,2024-05-06 22:38:31.259707
rev_00000159,order_00000186,3,,,2024-01-25 07:42:42.105900,2024-01-26 07:42:42.105900
rev_00000160,order_00000188,4,,,2025-09-08 17:54:05.642907,2025-09-10 17:54:05.642907
rev_00000161,order_00000189,4,,,2024-02-27 14:30:18.699220,2024-02-27 14:30:18.699220
rev_00000162,order_00000190,4,,,2024-06-22 09:48:12.888028,2024-06-22 09:48:12.888028
rev_00000163,order_00000191,5,,,2025-05-28 18:24:06.300925,2025-05-29 18:24:06.300925
rev_00000164,order_00000192,2,,,2024-06-10 04:38:04.442452,2024-06-11 04:38:04.442452
rev_00000165,order_00000193,4,,,2024-09-18 06:57:13.505934,2024-09-19 06:57:13.505934
rev_00000166,order_00000194,5,,,2024-11-05 04:58:42.032520,2024-11-05 04:58:42.032520
rev_00000167,order_00000195,2,,,2025-07-16 02:21:41.000000,2025-07-16 02:21:41.000000
rev_00000168,order_00000196,5,,,2024-10-28 01:03:10.790704,2024-10-30 01:03:10.790704
rev_00000169,order_00000197,2,,,2024-02-23 01:24:44.606233,2024-02-24 01:24:44.606233
rev_00000170,order_00000198,4,,,2025-09-13 17:56:52.437560,2025-09-15 17:56:52.437560
rev_00000171,order_00000199,5,,,2025-08-15 02:45:26.557198,2025-08-15 02:45:26.557198
rev_00000172,order_00000200,4,,,2024-02-27 15:37:58.234020,2024-02-28 15:37:58.234020
rev_00000173,order_00000201,5,,,2024-12-28 16:10:52.923034,2024-12-29 16:10:52.923034
rev_00000174,order_00000202,4,,,2025-12-18 00:23:29.331863,2025-12-18 00:23:29.331863
rev_00000175,order_00000203,5,,,2024-01-19 04:44:46.292398,2024-01-19 04:44:46.292398
rev_00000176,order_00000204,3,,,2024-04-16 12:33:31.000000,2024-04-17 12:33:31.000000
rev_00000177,order_00000205,4,,,2024-10-12 09:14:54.893111,2024-10-12 09:14:54.893111
rev_00000178,order_00000206,4,,,2025-04-18 21:17:20.752631,2025-04-20 21:17:20.752631
rev_00000179,order_00000207,4,,,2025-05-07 03:37:05.524154,2025-05-08 03:37:05.524154
rev_00000180,order_00000208,5,,,2025-09-23 08:14:19.218614,2025-09-23 08:14:19.218614
rev_00000181,order_00000209,4,,,2024-04-29 15:35:31.874712,2024-04-30 15:35:31.874712
rev_00000182,order_00000210,5,,,2025-03-06 15:31:07.251784,2025-03-06 15:31:07.251784
rev_00000183,order_00000211,4,,,2025-08-01 04:37:27.220343,2025-08-02 04:37:27.220343
rev_00000184,order_00000212,5,,,2024-02-06 03:44:14.528862,2024-02-07 03:44:14.528862
rev_00000185,order_00000213,4,,,2025-10-26 11:21:26.056052,2025-10-26 11:21:26.056052
rev_00000186,order_00000214,4,,,2024-03-16 15:37:32.465517,2024-03-16 15:37:32.465517
rev_00000187,order_00000215,5,,,2025-06-14 22:03:21.987090,2025-06-16 22:03:21.987090
rev_00000188,order_00000216,5,,,2025-06-24 10:31:42.639242,2025-06-25 10:31:42.639242
rev_00000189,order_00000217,5,,,2024-08-04 19:46:55.425067,2024-08-06 19:46:55.425067
rev_00000190,order_00000218,1,,,2025-11-28 02:37:43.451250,2025-11-29 02:37:43.451250
rev_00000191,order_00000219,5,,,2024-11-08 12:14:49.408218,2024-11-10 12:14:49.408218
rev_00000192,order_00000220,4,,,2024-02-17 19:25:36.272194,2024-02-19 19:25:36.272194
rev_00000193,order_00000221,4,,,2025-03-23 19:20:41.592698,2025-03-23 19:20:41.592698
rev_00000194,order_00000222,4,,,2025-11-23 12:47:09.239722,2025-11-25 12:47:09.239722
rev_00000195,order_00000224,5,,,2025-08-11 02:21:20.726254,2025-08-12 02:21:20.726254
rev_00000196,order_00000225,4,,,2025-05-08 12:57:41.901817,2025-05-09 12:57:41.901817
rev_00000197,order_00000226,5,,,2024-12-25 06:12:34.572258,2024-12-26 06:12:34.572258
rev_00000198,order_00000227,3,,,2024-06-01 04:30:09.655373,2024-06-03 04:30:09.655373
rev_00000199,order_00000228,3,,,2025-09-12 20:35:40.535362,2025-09-13 20:35:40.535362
rev_00000200,order_00000229,5,,,2024-08-02 09:27:58.451224,2024-08-02 09:27:58.451224
rev_00000201,order_00000230,5,,,2025-07-22 20:59:25.970610,2025-07-22 20:59:25.970610
rev_00000202,order_00000231,5,,,2024-04-16 15:32:42.228452,2024-04-17 15:32:42.228452
rev_00000203,order_00000232,3,,,2025-12-14 16:10:01.490956,2025-12-14 16:10:01.490956
rev_00000204,order_00000233,4,,,2024-05-20 04:53:35.171134,2024-05-20 04:53:35.171134
rev_00000205,order_00000234,4,,,2025-12-25 06:47:20.011072,2025-12-25 06:47:20.011072
rev_00000206,order_00000235,3,,,2025-02-26 01:48:00.357190,2025-02-26 01:48:00.357190
rev_00000207,order_00000236,5,,,2025-03-13 14:16:33.036670,2025-03-15 14:16:33.036670
rev_00000208,order_00000237,2,,,2025-11-22 11:13:31.181203,2025-11-24 11:13:31.181203
rev_00000209,order_00000238,5,,,2024-06-28 04:43:54.195601,2024-06-30 04:43:54.195601
rev_00000210,order_00000239,5,,,2025-09-29 08:41:46.640761,2025-10-01 08:41:46.640761
rev_00000211,order_00000240,5,,,2024-02-13 13:21:29.034754,2024-02-13 13:21:29.034754
rev_00000212,order_00000241,1,,,2025-03-12 00:19:11.664094,2025-03-12 00:19:11.664094
rev_00000213,order_00000242,5,,,2025-01-01 18:18:45.244238,2025-01-03 18:18:45.244238
rev_00000214,order_00000243,3,,,2025-04-27 06:22:46.000000,2025-04-28 06:22:46.000000
rev_00000215,order_00000244,4,,,2025-11-26 23:41:09.649289,2025-11-28 23:41:09.649289
rev_00000216,order_00000245,5,,,2024-01-11 20:38:07.968366,2024-01-13 20:38:07.968366
rev_00000217,order_00000247,5,,,2025-07-16 17:49:12.252489,2025-07-18 17:49:12.252489
rev_00000218,order_00000248,3,,,2024-02-05 21:50:48.929232,2024-02-05 21:50:48.929232
rev_00000219,order_00000250,3,,,2024-09-05 21:49:46.720612,2024-09-07 21:49:46.720612
rev_00000220,order_00000251,3,,,2025-05-16 21:17:59.315518,2025-05-18 21:17:59.315518
rev_00000221,order_00000252,4,,,2024-12-22 14:14:22.491969,2024-12-22 14:14:22.491969
rev_00000222,order_00000253,3,,,2025-11-21 13:30:39.891909,2025-11-21 13:30:39.891909
rev_00000223,order_00000254,4,,,2024-10-12 21:46:58.778127,2024-10-12 21:46:58.778127
rev_00000224,order_00000255,5,,,2025-11-21 16:10:37.697627,2025-11-21 16:10:37.697627
rev_00000225,order_00000256,5,,,2025-02-12 22:51:56.268556,2025-02-14 22:51:56.268556
rev_00000226,order_00000257,5,,,2025-11-17 19:30:04.583864,2025-11-18 19:30:04.583864
rev_00000227,order_00000258,4,,,2024-04-19 13:11:04.917065,2024-04-19 13:11:04.917065
rev_00000228,order_00000259,2,,,2025-10-06 07:02:46.498382,2025-10-06 07:02:46.498382
rev_00000229,order_00000260,4,,,2025-12-09 20:51:05.773860,2025-12-10 20:51:05.773860
rev_00000230,order_00000261,4,,,2024-01-29 05:43:28.967111,2024-01-29 05:43:28.967111
rev_00000231,order_00000263,5,,,2024-12-17 18:37:47.004530,2024-12-19 18:37:47.004530
rev_00000232,order_00000264,2,,,2024-06-02 19:41:46.251386,2024-06-04 19:41:46.251386
rev_00000233,order_00000265,3,,,2024-03-31 06:07:02.548932,2024-03-31 06:07:02.548932
rev_00000234,order_00000266,4,,,2024-10-01 05:55:27.651427,2024-10-03 05:55:27.651427
rev_00000235,order_00000267,4,,,2025-08-18 22:32:59.133762,2025-08-18 22:32:59.133762
rev_00000236,order_00000268,4,,,2024-08-28 22:23:47.140138,2024-08-29 22:23:47.140138
rev_00000237,order_00000269,5,,,2025-03-28 11:29:19.078787,2025-03-28 11:29:19.078787
rev_00000238,order_00000270,3,,,2024-09-30 01:46:14.909335,2024-09-30 01:46:14.909335
rev_00000239,order_00000271,4,,,2024-03-06 08:29:11.035395,2024-03-07 08:29:11.035395
rev_00000240,order_00000272,4,,,2025-05-22 02:58:11.668471,2025-05-23 02:58:11.668471
rev_00000241,order_00000273,3,,,2025-09-09 22:36:30.193993,2025-09-09 22:36:30.193993
rev_00000242,order_00000274,5,,,2024-06-03 23:15:26.285942,2024-06-05 23:15:26.285942
rev_00000243,order_00000275,5,,,2024-02-13 00:40:44.787002,2024-02-14 00:40:44.787002
rev_00000244,order_00000276,4,,,2024-05-13 12:19:07.216312,2024-05-15 12:19:07.216312
rev_00000245,order_00000277,3,,,2025-01-01 16:15:39.630062,2025-01-01 16:15:39.630062
rev_00000246,order_00000278,3,,,2025-11-06 12:29:42.726402,2025-11-07 12:29:42.726402
rev_00000247,order_00000279,5,,,2024-10-19 07:26:10.373118,2024-10-19 07:26:10.373118
rev_00000248,order_00000280,4,,,2025-08-28 18:57:10.203103,2025-08-29 18:57:10.203103
rev_00000249,order_00000281,5,,,2025-02-19 17:44:16.547301,2025-02-21 17:44:16.547301
rev_00000250,order_00000282,4,,,2024-09-10 15:35:45.358920,2024-09-11 15:35:45.358920
rev_00000251,order_00000283,5,,,2024-10-02 06:03:17.369760,2024-10-02 06:03:17.369760
rev_00000252,order_00000284,5,,,2024-12-23 07:21:19.165790,2024-12-23 07:21:19.165790
rev_00000253,order_00000285,4,,,2024-02-19 08:45:49.056998,2024-02-21 08:45:49.056998
rev_00000254,order_00000286,3,,,2025-08-30 13:41:03.132617,2025-09-01 13:41:03.132617
rev_00000255,order_00000287,5,,,2024-06-10 12:34:06.687742,2024-06-12 12:34:06.687742
rev_00000256,order_00000289,5,,,2024-08-28 21:28:44.043219,2024-08-29 21:28:44.043219
rev_00000257,order_00000290,4,,,2025-05-27 04:08:41.923728,2025-05-27 04:08:41.923728
rev_00000258,order_00000292,4,,,2024-03-25 18:19:25.577367,2024-03-26 18:19:25.577367
rev_00000259,order_00000293,5,,,2025-03-12 10:48:55.083472,2025-03-14 10:48:55.083472
rev_00000260,order_00000294,3,,,2025-07-09 02:49:24.704545,2025-07-11 02:49:24.704545
rev_00000261,order_00000296,3,,,2024-11-07 07:04:47.187977,2024-11-07 07:04:47.187977
rev_00000262,order_00000299,5,,,2024-10-14 08:34:06.693029,2024-10-16 08:34:06.693029
rev_00000263,order_00000300,5,,,2024-01-07 23:15:05.021286,2024-01-09 23:15:05.021286
rev_00000264,order_00000301,4,,,2024-02-10 12:53:05.403911,2024-02-11 12:53:05.403911
rev_00000265,order_00000302,5,,,2025-09-02 16:54:36.488538,2025-09-03 16:54:36.488538
rev_00000266,order_00000303,5,,,2024-12-22 20:08:32.991600,2024-12-22 20:08:32.991600
rev_00000267,order_00000304,5,,,2024-10-28 07:47:53.853210,2024-10-29 07:47:53.853210
rev_00000268,order_00000305,4,,,2024-11-11 20:31:24.743656,2024-11-11 20:31:24.743656
rev_00000269,order_00000306,3,,,2025-11-26 19:03:45.668066,2025-11-27 19:03:45.668066
rev_00000270,order_00000307,4,,,2025-02-01 19:08:39.875589,2025-02-01 19:08:39.875589
rev_00000271,order_00000308,4,,,2024-12-11 02:42:10.150231,2024-12-11 02:42:10.150231
rev_00000272,order_00000309,5,,,2025-09-26 00:31:39.814960,2025-09-28 00:31:39.814960
rev_00000273,order_00000310,3,,,2024-08-20 06:07:29.180642,2024-08-20 06:07:29.180642
rev_00000274,order_00000311,3,,,2025-02-11 13:24:17.341409,2025-02-12 13:24:17.341409
rev_00000275,order_00000312,5,,,2025-07-06 00:59:18.700442,2025-07-08 00:59:18.700442
rev_00000276,order_00000313,5,,,2024-03-05 06:10:44.947320,2024-03-06 06:10:44.947320
rev_00000277,order_00000314,4,,,2025-02-03 17:30:24.244916,2025-02-05 17:30:24.244916
rev_00000278,order_00000316,4,,,2024-12-13 10:14:36.373878,2024-12-15 10:14:36.373878
rev_00000279,order_00000317,5,,,2024-06-05 04:52:30.336198,2024-06-07 04:52:30.336198
rev_00000280,order_00000318,3,,,2024-05-28 04:32:51.733666,2024-05-29 04:32:51.733666
rev_00000281,order_00000319,5,,,2025-03-31 23:23:42.275910,2025-04-02 23:23:42.275910
rev_00000282,order_00000320,4,,,2025-11-11 00:50:05.408684,2025-11-13 00:50:05.408684
rev_00000283,order_00000321,3,,,2025-08-21 16:14:52.482602,2025-08-22 16:14:52.482602
rev_00000284,order_00000322,5,,,2025-03-08 10:32:11.843693,2025-03-10 10:32:11.843693
rev_00000285,order_00000323,4,,,2024-11-21 01:43:14.544481,2024-11-21 01:43:14.544481
rev_00000286,order_00000324,4,,,2024-04-23 06:26:05.514099,2024-04-23 06:26:05.514099
rev_00000287,order_00000325,5,,,2024-02-01 09:43:03.339605,2024-02-01 09:43:03.339605
rev_00000288,order_00000326,3,,,2024-10-28 04:17:47.369140,2024-10-29 04:17:47.369140
rev_00000289,order_00000328,4,,,2025-05-30 01:49:03.290184,2025-05-30 01:49:03.290184
rev_00000290,order_00000329,3,,,2025-02-16 22:51:34.724131,2025-02-18 22:51:34.724131
rev_00000291,order_00000330,4,,,2024-09-27 13:15:20.624611,2024-09-29 13:15:20.624611
rev_00000292,order_00000332,5,,,2024-09-29 03:43:04.548466,2024-09-30 03:43:04.548466
rev_00000293,order_00000333,3,,,2025-08-24 00:16:57.423348,2025-08-25 00:16:57.423348
rev_00000294,order_00000335,4,,,2025-11-09 12:57:57.519077,2025-11-10 12:57:57.519077
rev_00000295,order_00000336,5,,,2025-11-16 11:42:08.186986,2025-11-17 11:42:08.186986
rev_00000296,order_00000337,3,,,2025-10-21 21:10:49.000000,2025-10-22 21:10:49.000000
rev_00000297,order_00000338,2,,,2024-11-12 22:39:20.437471,2024-11-14 22:39:20.437471
rev_00000298,order_00000339,3,,,2025-05-19 13:34:21.000000,2025-05-19 13:34:21.000000
rev_00000299,order_00000340,5,,,2025-08-07 06:12:13.195134,2025-08-08 06:12:13.195134
rev_00000300,order_00000341,2,,,2024-04-09 22:56:47.817879,2024-04-11 22:56:47.817879
rev_00000301,order_00000342,2,,,2024-10-11 14:56:04.388546,2024-10-11 14:56:04.388546
rev_00000302,order_00000343,5,,,2025-02-20 08:10:51.200409,2025-02-22 08:10:51.200409
rev_00000303,order_00000344,5,,,2025-07-09 06:32:30.304839,2025-07-11 06:32:30.304839
rev_00000304,order_00000345,5,,,2025-06-28 14:00:14.573753,2025-06-29 14:00:14.573753
rev_00000305,order_00000346,4,,,2024-09-21 05:29:31.987597,2024-09-23 05:29:31.987597
rev_00000306,order_00000347,5,,,2024-03-01 13:40:37.183424,2024-03-02 13:40:37.183424
rev_00000307,order_00000348,5,,,2024-02-28 21:38:56.016381,2024-03-01 21:38:56.016381
rev_00000308,order_00000349,5,,,2025-05-19 12:26:42.259077,2025-05-19 12:26:42.259077
rev_00000309,order_00000350,4,,,2024-07-08 15:19:46.595945,2024-07-10 15:19:46.595945
rev_00000310,order_00000351,5,,,2024-10-01 00:12:13.600832,2024-10-01 00:12:13.600832
rev_00000311,order_00000352,4,,,2025-11-14 07:24:16.023570,2025-11-15 07:24:16.023570
rev_00000312,order_00000353,4,,,2024-12-08 07:15:05.417635,2024-12-08 07:15:05.417635
rev_00000313,order_00000354,5,,,2024-11-10 16:19:07.897614,2024-11-11 16:19:07.897614
rev_00000314,order_00000355,5,,,2024-02-15 22:06:38.663556,2024-02-15 22:06:38.663556
rev_00000315,order_00000358,2,,,2025-01-10 18:50:05.496096,2025-01-10 18:50:05.496096
rev_00000316,order_00000359,3,,,2025-11-19 03:31:13.627635,2025-11-19 03:31:13.627635
rev_00000317,order_00000362,5,,,2025-05-26 12:16:37.871368,2025-05-26 12:16:37.871368
rev_00000318,order_00000363,5,,,2025-09-14 17:46:39.876320,2025-09-16 17:46:39.876320
rev_00000319,order_00000364,5,,,2024-09-12 13:39:51.629955,2024-09-14 13:39:51.629955
rev_00000320,order_00000365,4,,,2025-09-22 10:58:51.345358,2025-09-24 10:58:51.345358
rev_00000321,order_00000366,4,,,2024-12-01 18:18:21.698970,2024-12-01 18:18:21.698970
rev_00000322,order_00000367,5,,,2025-09-22 17:25:11.926046,2025-09-22 17:25:11.926046
rev_00000323,order_00000368,5,,,2024-01-13 02:10:22.168466,2024-01-15 02:10:22.168466
rev_00000324,order_00000369,5,,,2025-09-21 11:18:55.683366,2025-09-22 11:18:55.683366
rev_00000325,order_00000370,5,,,2024-03-13 07:33:30.928410,2024-03-15 07:33:30.928410
rev_00000326,order_00000371,4,,,2025-10-19 00:39:11.908180,2025-10-19 00:39:11.908180
rev_00000327,order_00000372,1,,,2025-08-21 05:06:08.376514,2025-08-21 05:06:08.376514
rev_00000328,order_00000373,3,,,2024-12-17 00:32:36.137907,2024-12-19 00:32:36.137907
rev_00000329,order_00000374,5,,,2025-05-14 08:20:33.940930,2025-05-14 08:20:33.940930
rev_00000330,order_00000375,4,,,2025-11-20 01:29:36.727837,2025-11-21 01:29:36.727837
rev_00000331,order_00000376,5,,,2024-10-19 11:04:50.248629,2024-10-19 11:04:50.248629
rev_00000332,order_00000377,4,,,2025-01-11 11:02:39.122259,2025-01-13 11:02:39.122259
rev_00000333,order_00000378,5,,,2025-12-29 19:46:13.651143,2025-12-30 19:46:13.651143
rev_00000334,order_00000379,5,,,2024-07-09 08:01:10.090506,2024-07-09 08:01:10.090506
rev_00000335,order_00000380,5,,,2024-10-28 14:57:39.415032,2024-10-28 14:57:39.415032
rev_00000336,order_00000381,4,,,2025-11-11 15:32:38.790694,2025-11-11 15:32:38.790694
rev_00000337,order_00000382,4,,,2025-05-07 11:12:10.000000,2025-05-09 11:12:10.000000
rev_00000338,order_00000383,3,,,2025-08-02 10:09:43.039358,2025-08-04 10:09:43.039358
rev_00000339,order_00000384,3,,,2024-09-17 02:07:38.447075,2024-09-17 02:07:38.447075
rev_00000340,order_00000385,4,,,2025-09-24 11:11:24.206856,2025-09-26 11:11:24.206856
rev_00000341,order_00000388,4,,,2024-11-07 14:17:32.452807,2024-11-09 14:17:32.452807
rev_00000342,order_00000390,5,,,2024-07-12 19:36:06.056101,2024-07-14 19:36:06.056101
rev_00000343,order_00000391,4,,,2024-09-04 10:46:02.576117,2024-09-05 10:46:02.576117
rev_00000344,order_00000392,5,,,2025-07-05 14:43:00.672311,2025-07-07 14:43:00.672311
rev_00000345,order_00000393,4,,,2025-10-25 09:53:43.054594,2025-10-26 09:53:43.054594
rev_00000346,order_00000394,5,,,2024-01-25 22:56:38.733215,2024-01-27 22:56:38.733215
rev_00000347,order_00000395,4,,,2025-04-16 23:36:57.187573,2025-04-16 23:36:57.187573
rev_00000348,order_00000396,5,,,2024-01-24 04:00:41.365044,2024-01-24 04:00:41.365044
rev_00000349,order_00000397,4,,,2025-12-25 12:11:20.662505,2025-12-26 12:11:20.662505
rev_00000350,order_00000398,5,,,2024-04-01 09:24:51.696776,2024-04-03 09:24:51.696776
rev_00000351,order_00000399,4,,,2024-03-13 13:07:36.067429,2024-03-13 13:07:36.067429
rev_00000352,order_00000400,3,,,2024-10-08 19:45:11.930181,2024-10-10 19:45:11.930181
rev_00000353,order_00000401,5,,,2025-03-18 14:21:06.574102,2025-03-18 14:21:06.574102
rev_00000354,order_00000402,4,,,2024-12-27 16:59:55.788576,2024-12-28 16:59:55.788576
rev_00000355,order_00000403,5,,,2024-08-28 04:06:06.054159,2024-08-28 04:06:06.054159
rev_00000356,order_00000404,4,,,2025-01-08 20:39:11.899874,2025-01-09 20:39:11.899874
rev_00000357,order_00000405,1,,,2024-10-18 06:39:17.634895,2024-10-20 06:39:17.634895
rev_00000358,order_00000406,5,,,2024-09-09 02:22:58.522307,2024-09-09 02:22:58.522307
rev_00000359,order_00000407,3,,,2025-03-14 15:38:00.020382,2025-03-14 15:38:00.020382
rev_00000360,order_00000408,5,,,2025-08-20 04:47:39.581291,2025-08-22 04:47:39.581291
rev_00000361,order_00000409,5,,,2024-01-10 03:19:08.789608,2024-01-11 03:19:08.789608
rev_00000362,order_00000410,3,,,2025-09-26 14:43:42.077785,2025-09-27 14:43:42.077785
rev_00000363,order_00000411,5,,,2025-08-19 13:00:14.770480,2025-08-21 13:00:14.770480
rev_00000364,order_00000412,4,,,2025-07-04 04:23:14.245710,2025-07-06 04:23:14.245710
rev_00000365,order_00000413,4,,,2024-07-31 04:39:53.947398,2024-08-01 04:39:53.947398
rev_00000366,order_00000414,5,,,2024-08-17 08:18:28.823401,2024-08-18 08:18:28.823401
rev_00000367,order_00000415,5,,,2025-08-18 05:25:55.022959,2025-08-18 05:25:55.022959
rev_00000368,order_00000416,3,,,2025-10-09 19:06:54.493784,2025-10-10 19:06:54.493784
rev_00000369,order_00000417,5,,,2024-06-03 12:30:46.000000,2024-06-04 12:30:46.000000
rev_00000370,order_00000418,3,,,2025-10-03 04:46:15.970630,2025-10-05 04:46:15.970630
rev_00000371,order_00000419,5,,,2025-02-14 17:24:08.638502,2025-02-16 17:24:08.638502
rev_00000372,order_00000420,5,,,2025-08-28 09:13:59.777994,2025-08-29 09:13:59.777994
rev_00000373,order_00000421,5,,,2024-05-08 11:14:22.018099,2024-05-08 11:14:22.018099
rev_00000374,order_00000422,5,,,2024-04-17 01:28:36.704132,2024-04-19 01:28:36.704132
rev_00000375,order_00000423,4,,,2025-03-20 16:40:56.278126,2025-03-22 16:40:56.278126
rev_00000376,order_00000424,4,,,2024-09-13 18:16:36.968894,2024-09-15 18:16:36.968894
rev_00000377,order_00000425,4,,,2025-11-17 13:06:09.912441,2025-11-19 13:06:09.912441
rev_00000378,order_00000426,5,,,2024-09-24 01:15:03.726662,2024-09-26 01:15:03.726662
rev_00000379,order_00000427,4,,,2024-06-11 05:45:15.393495,2024-06-12 05:45:15.393495
rev_00000380,order_00000428,4,,,2024-10-07 13:50:20.253594,2024-10-09 13:50:20.253594
rev_00000381,order_00000429,5,,,2025-11-08 19:17:00.842878,2025-11-09 19:17:00.842878
rev_00000382,order_00000430,4,,,2024-08-26 12:00:46.000000,2024-08-27 12:00:46.000000
rev_00000383,order_00000431,3,,,2025-07-10 07:12:17.519942,2025-07-12 07:12:17.519942
rev_00000384,order_00000432,3,,,2025-01-28 17:03:32.025170,2025-01-30 17:03:32.025170
rev_00000385,order_00000433,3,,,2025-02-21 05:05:46.651414,2025-02-22 05:05:46.651414
rev_00000386,order_00000434,5,,,2025-03-05 00:22:00.087265,2025-03-07 00:22:00.087265
rev_00000387,order_00000435,4,,,2025-03-28 11:36:59.322756,2025-03-30 11:36:59.322756
rev_00000388,order_00000436,4,,,2024-09-06 14:22:55.543515,2024-09-07 14:22:55.543515
rev_00000389,order_00000437,4,,,2025-07-30 13:24:30.699382,2025-08-01 13:24:30.699382
rev_00000390,order_00000438,3,,,2024-10-18 14:28:02.375486,2024-10-19 14:28:02.375486
rev_00000391,order_00000439,2,,,2025-12-09 05:16:41.928185,2025-12-09 05:16:41.928185
rev_00000392,order_00000440,4,,,2025-08-29 16:17:38.004081,2025-08-30 16:17:38.004081
rev_00000393,order_00000441,5,,,2025-04-04 16:26:40.048595,2025-04-04 16:26:40.048595
rev_00000394,order_00000444,4,,,2024-04-07 09:10:13.208341,2024-04-08 09:10:13.208341
rev_00000395,order_00000445,4,,,2024-12-16 21:54:18.862865,2024-12-16 21:54:18.862865
rev_00000396,order_00000446,5,,,2025-02-06 10:01:50.741267,2025-02-08 10:01:50.741267
rev_00000397,order_00000447,5,,,2024-09-01 11:14:17.557524,2024-09-03 11:14:17.557524
rev_00000398,order_00000448,5,,,2025-07-07 01:00:36.483827,2025-07-08 01:00:36.483827
rev_00000399,order_00000449,5,,,2024-10-13 18:25:01.719940,2024-10-15 18:25:01.719940
rev_00000400,order_00000450,5,,,2025-09-15 09:46:30.000000,2025-09-16 09:46:30.000000
rev_00000401,order_00000451,4,,,2025-09-04 06:26:59.072709,2025-09-04 06:26:59.072709
rev_00000402,order_00000452,3,,,2025-03-07 09:46:36.474268,2025-03-08 09:46:36.474268
rev_00000403,order_00000453,3,,,2025-12-14 17:49:35.023066,2025-12-15 17:49:35.023066
rev_00000404,order_00000454,5,,,2025-11-15 20:33:08.000000,2025-11-17 20:33:08.000000
rev_00000405,order_00000455,2,,,2024-08-10 04:17:51.972833,2024-08-10 04:17:51.972833
rev_00000406,order_00000456,4,,,2025-08-27 14:10:30.380121,2025-08-27 14:10:30.380121
rev_00000407,order_00000458,5,,,2024-02-09 07:52:49.154794,2024-02-11 07:52:49.154794
rev_00000408,order_00000459,5,,,2024-10-14 23:21:17.746268,2024-10-15 23:21:17.746268
rev_00000409,order_00000460,3,,,2024-08-22 13:25:10.508803,2024-08-23 13:25:10.508803
rev_00000410,order_00000462,4,,,2025-09-10 12:59:33.704852,2025-09-10 12:59:33.704852
rev_00000411,order_00000463,5,,,2025-05-17 13:45:16.195135,2025-05-17 13:45:16.195135
rev_00000412,order_00000464,4,,,2024-05-26 07:26:37.622239,2024-05-28 07:26:37.622239
rev_00000413,order_00000465,4,,,2024-12-26 15:19:30.094085,2024-12-27 15:19:30.094085
rev_00000414,order_00000467,3,,,2025-11-23 20:50:46.312925,2025-11-24 20:50:46.312925
rev_00000415,order_00000468,3,,,2026-01-12 17:06:13.240565,2026-01-14 17:06:13.240565
rev_00000416,order_00000470,4,,,2025-06-07 18:22:08.707364,2025-06-08 18:22:08.707364
rev_00000417,order_00000471,4,,,2025-02-28 01:52:54.803067,2025-02-28 01:52:54.803067
rev_00000418,order_00000472,3,,,2024-05-26 14:52:27.868826,2024-05-28 14:52:27.868826
rev_00000419,order_00000473,4,,,2025-06-11 14:15:00.206023,2025-06-12 14:15:00.206023
rev_00000420,order_00000474,5,,,2024-07-06 23:42:16.581366,2024-07-07 23:42:16.581366
rev_00000421,order_00000475,5,,,2024-11-07 22:26:48.563175,2024-11-07 22:26:48.563175
rev_00000422,order_00000476,5,,,2025-12-04 13:31:43.084283,2025-12-04 13:31:43.084283
rev_00000423,order_00000477,4,,,2024-03-03 13:18:20.176060,2024-03-05 13:18:20.176060
rev_00000424,order_00000478,3,,,2024-06-05 20:44:30.407963,2024-06-06 20:44:30.407963
rev_00000425,order_00000479,3,,,2024-02-21 13:54:59.336782,2024-02-21 13:54:59.336782
rev_00000426,order_00000480,4,,,2026-01-06 10:47:06.581329,2026-01-06 10:47:06.581329
rev_00000427,order_00000481,4,,,2024-12-28 06:22:17.000392,2024-12-29 06:22:17.000392
rev_00000428,order_00000484,5,,,2025-11-19 21:12:52.831295,2025-11-20 21:12:52.831295
rev_00000429,order_00000485,4,,,2025-08-06 08:30:32.564397,2025-08-08 08:30:32.564397
rev_00000430,order_00000487,5,,,2024-06-24 18:51:07.015031,2024-06-24 18:51:07.015031
rev_00000431,order_00000488,4,,,2024-11-05 12:11:29.072946,2024-11-06 12:11:29.072946
rev_00000432,order_00000489,4,,,2024-03-28 06:08:32.172128,2024-03-29 06:08:32.172128
rev_00000433,order_00000490,4,,,2025-10-28 19:50:49.284411,2025-10-28 19:50:49.284411
rev_00000434,order_00000491,5,,,2025-04-02 18:50:07.699461,2025-04-03 18:50:07.699461
rev_00000435,order_00000492,3,,,2025-07-28 10:22:27.204859,2025-07-28 10:22:27.204859
rev_00000436,order_00000493,4,,,2024-02-26 04:04:26.544980,2024-02-27 04:04:26.544980
rev_00000437,order_00000494,5,,,2025-10-08 01:34:56.947946,2025-10-10 01:34:56.947946
rev_00000438,order_00000497,4,,,2024-08-13 01:00:16.428914,2024-08-13 01:00:16.428914
rev_00000439,order_00000498,5,,,2024-12-16 06:43:09.025956,2024-12-17 06:43:09.025956
rev_00000440,order_00000499,5,,,2024-04-12 22:57:00.125384,2024-04-13 22:57:00.125384
rev_00000441,order_00000500,5,,,2024-04-08 03:53:48.778219,2024-04-10 03:53:48.778219
rev_00000442,order_00000501,4,,,2025-08-13 03:28:48.824314,2025-08-13 03:28:48.824314
rev_00000443,order_00000502,4,,,2024-10-06 02:42:02.963382,2024-10-06 02:42:02.963382
rev_00000444,order_00000503,4,,,2025-11-22 15:17:52.027806,2025-11-24 15:17:52.027806
rev_00000445,order_00000504,5,,,2025-04-28 09:35:41.260722,2025-04-29 09:35:41.260722
rev_00000446,order_00000505,5,,,2025-05-05 11:34:31.713827,2025-05-05 11:34:31.713827
rev_00000447,order_00000506,5,,,2025-02-17 17:53:03.933582,2025-02-18 17:53:03.933582
rev_00000448,order_00000507,4,,,2024-04-08 11:37:00.007327,2024-04-08 11:37:00.007327
rev_00000449,order_00000508,5,,,2025-12-19 08:26:09.393061,2025-12-21 08:26:09.393061
rev_00000450,order_00000509,4,,,2025-04-03 12:05:41.181402,2025-04-05 12:05:41.181402
rev_00000451,order_00000510,3,,,2025-11-19 14:28:52.606135,2025-11-20 14:28:52.606135
rev_00000452,order_00000512,3,,,2024-02-29 18:37:09.992042,2024-03-01 18:37:09.992042
rev_00000453,order_00000513,3,,,2024-01-19 04:44:08.062735,2024-01-20 04:44:08.062735
rev_00000454,order_00000514,4,,,2024-01-27 15:11:49.891537,2024-01-27 15:11:49.891537
rev_00000455,order_00000515,4,,,2024-11-24 07:10:40.320218,2024-11-25 07:10:40.320218
rev_00000456,order_00000516,4,,,2025-11-26 16:13:15.271008,2025-11-28 16:13:15.271008
rev_00000457,order_00000517,4,,,2025-10-15 11:58:52.837560,2025-10-17 11:58:52.837560
rev_00000458,order_00000518,5,,,2025-04-18 13:48:02.632217,2025-04-18 13:48:02.632217
rev_00000459,order_00000519,4,,,2025-07-17 11:29:51.352087,2025-07-19 11:29:51.352087
rev_00000460,order_00000520,5,,,2024-11-20 21:05:41.504607,2024-11-20 21:05:41.504607
rev_00000461,order_00000521,1,,,2025-02-23 08:42:34.624150,2025-02-25 08:42:34.624150
rev_00000462,order_00000522,4,,,2025-08-31 19:35:45.000000,2025-09-02 19:35:45.000000
rev_00000463,order_00000523,5,,,2025-06-09 22:33:32.999193,2025-06-10 22:33:32.999193
rev_00000464,order_00000524,5,,,2025-01-18 02:49:04.216522,2025-01-18 02:49:04.216522
rev_00000465,order_00000525,4,,,2025-09-15 13:33:14.360104,2025-09-16 13:33:14.360104
rev_00000466,order_00000526,5,,,2025-10-25 05:41:10.074374,2025-10-26 05:41:10.074374
rev_00000467,order_00000527,5,,,2024-08-03 12:03:08.500724,2024-08-05 12:03:08.500724
rev_00000468,order_00000528,5,,,2025-01-26 23:38:52.901617,2025-01-27 23:38:52.901617
rev_00000469,order_00000529,4,,,2025-09-11 13:01:14.647164,2025-09-11 13:01:14.647164
rev_00000470,order_00000530,4,,,2025-05-04 07:02:54.389634,2025-05-05 07:02:54.389634
rev_00000471,order_00000531,4,,,2024-02-10 18:57:45.486744,2024-02-10 18:57:45.486744
rev_00000472,order_00000532,4,,,2025-08-10 21:55:12.517415,2025-08-12 21:55:12.517415
rev_00000473,order_00000533,2,,,2024-03-30 04:09:55.857343,2024-03-31 04:09:55.857343
rev_00000474,order_00000534,3,,,2024-05-30 00:02:29.705449,2024-05-31 00:02:29.705449
rev_00000475,order_00000535,2,,,2025-05-09 05:12:33.860848,2025-05-11 05:12:33.860848
rev_00000476,order_00000536,4,,,2025-01-24 06:34:33.532163,2025-01-26 06:34:33.532163
rev_00000477,order_00000537,5,,,2025-01-19 12:06:29.311865,2025-01-19 12:06:29.311865
rev_00000478,order_00000539,5,,,2025-05-22 00:32:35.134147,2025-05-22 00:32:35.134147
rev_00000479,order_00000540,5,,,2024-02-16 05:59:09.207653,2024-02-17 05:59:09.207653
rev_00000480,order_00000541,4,,,2024-05-05 15:41:34.041993,2024-05-06 15:41:34.041993
rev_00000481,order_00000542,5,,,2024-04-17 08:25:47.262331,2024-04-17 08:25:47.262331
rev_00000482,order_00000543,4,,,2024-10-22 17:52:32.651913,2024-10-23 17:52:32.651913
rev_00000483,order_00000544,3,,,2025-06-04 21:59:13.083859,2025-06-05 21:59:13.083859
rev_00000484,order_00000545,4,,,2024-06-22 04:45:31.614748,2024-06-22 04:45:31.614748
rev_00000485,order_00000546,3,,,2025-08-05 03:13:47.117821,2025-08-06 03:13:47.117821
rev_00000486,order_00000548,5,,,2024-12-28 20:25:23.000000,2024-12-30 20:25:23.000000
rev_00000487,order_00000549,5,,,2025-10-16 22:23:06.851696,2025-10-18 22:23:06.851696
rev_00000488,order_00000552,2,,,2024-08-11 09:26:54.579835,2024-08-13 09:26:54.579835
rev_00000489,order_00000553,5,,,2025-04-12 13:36:24.730558,2025-04-14 13:36:24.730558
rev_00000490,order_00000554,3,,,2024-03-03 18:21:41.408243,2024-03-05 18:21:41.408243
rev_00000491,order_00000557,3,,,2024-03-21 04:45:25.108565,2024-03-21 04:45:25.108565
rev_00000492,order_00000558,5,,,2024-02-26 20:16:38.263336,2024-02-27 20:16:38.263336
rev_00000493,order_00000559,4,,,2024-03-31 11:55:46.058737,2024-03-31 11:55:46.058737
rev_00000494,order_00000560,5,,,2025-02-16 18:03:46.228527,2025-02-17 18:03:46.228527
rev_00000495,order_00000561,4,,,2024-09-14 17:14:02.458851,2024-09-14 17:14:02.458851
rev_00000496,order_00000564,4,,,2025-12-23 10:11:55.000000,2025-12-23 10:11:55.000000
rev_00000497,order_00000565,4,,,2025-09-10 00:13:19.881646,2025-09-10 00:13:19.881646
rev_00000498,order_00000566,5,,,2025-05-30 22:13:33.159570,2025-05-30 22:13:33.159570
rev_00000499,order_00000567,2,,,2024-03-26 17:29:46.188458,2024-03-28 17:29:46.188458
rev_00000500,order_00000568,2,,,2024-05-25 00:58:42.305870,2024-05-27 00:58:42.305870
rev_00000501,order_00000569,2,,,2024-05-31 13:07:50.299877,2024-06-02 13:07:50.299877
rev_00000502,order_00000570,4,,,2025-07-20 15:25:02.000000,2025-07-20 15:25:02.000000
rev_00000503,order_00000571,4,,,2024-08-07 00:34:34.203461,2024-08-07 00:34:34.203461
rev_00000504,order_00000572,5,,,2024-08-19 23:39:19.798532,2024-08-21 23:39:19.798532
rev_00000505,order_00000573,3,,,2025-01-05 13:26:02.431640,2025-01-07 13:26:02.431640
rev_00000506,order_00000574,5,,,2025-12-08 13:29:29.918494,2025-12-09 13:29:29.918494
rev_00000507,order_00000575,5,,,2025-11-11 03:51:46.000000,2025-11-12 03:51:46.000000
rev_00000508,order_00000576,4,,,2024-08-24 15:26:05.224722,2024-08-26 15:26:05.224722
rev_00000509,order_00000577,3,,,2025-02-08 13:02:54.106763,2025-02-09 13:02:54.106763
rev_00000510,order_00000578,4,,,2025-06-24 16:53:16.799954,2025-06-25 16:53:16.799954
rev_00000511,order_00000579,3,,,2025-06-03 03:00:25.506126,2025-06-03 03:00:25.506126
rev_00000512,order_00000580,5,,,2025-12-05 11:07:45.025286,2025-12-06 11:07:45.025286
rev_00000513,order_00000581,5,,,2024-01-16 05:52:38.786589,2024-01-16 05:52:38.786589
rev_00000514,order_00000582,3,,,2025-07-13 03:55:23.539112,2025-07-13 03:55:23.539112
rev_00000515,order_00000583,5,,,2025-02-25 21:41:17.155689,2025-02-26 21:41:17.155689
rev_00000516,order_00000584,5,,,2024-10-27 04:00:35.862504,2024-10-28 04:00:35.862504
rev_00000517,order_00000585,5,,,2024-01-22 12:12:11.690839,2024-01-22 12:12:11.690839
rev_00000518,order_00000586,4,,,2025-06-06 09:24:08.657035,2025-06-07 09:24:08.657035
rev_00000519,order_00000588,3,,,2026-01-17 21:18:59.916955,2026-01-18 21:18:59.916955
rev_00000520,order_00000589,4,,,2025-05-04 23:50:32.488797,2025-05-05 23:50:32.488797
rev_00000521,order_00000590,5,,,2025-09-13 03:00:04.967452,2025-09-14 03:00:04.967452
rev_00000522,order_00000591,4,,,2024-06-09 15:00:52.945482,2024-06-11 15:00:52.945482
rev_00000523,order_00000592,4,,,2025-01-19 10:00:01.675478,2025-01-21 10:00:01.675478
rev_00000524,order_00000594,4,,,2025-01-15 07:09:03.522108,2025-01-16 07:09:03.522108
rev_00000525,order_00000595,5,,,2025-07-22 02:33:07.578933,2025-07-24 02:33:07.578933
rev_00000526,order_00000596,5,,,2025-02-17 09:54:10.204240,2025-02-19 09:54:10.204240
rev_00000527,order_00000597,4,,,2024-11-11 16:42:47.621799,2024-11-11 16:42:47.621799
rev_00000528,order_00000598,5,,,2026-01-02 19:45:03.030201,2026-01-04 19:45:03.030201
rev_00000529,order_00000600,4,,,2025-03-04 05:51:16.907722,2025-03-06 05:51:16.907722
rev_00000530,order_00000601,4,,,2024-04-02 08:50:40.846032,2024-04-04 08:50:40.846032
rev_00000531,order_00000603,5,,,2024-01-17 20:26:35.864395,2024-01-19 20:26:35.864395
rev_00000532,order_00000604,5,,,2025-02-10 01:01:17.428693,2025-02-10 01:01:17.428693
rev_00000533,order_00000605,4,,,2024-02-22 23:59:44.895855,2024-02-22 23:59:44.895855
rev_00000534,order_00000607,4,,,2024-04-09 18:50:01.357919,2024-04-10 18:50:01.357919
rev_00000535,order_00000608,5,,,2024-07-10 03:21:06.558157,2024-07-11 03:21:06.558157
rev_00000536,order_00000609,4,,,2024-10-20 16:26:58.572771,2024-10-21 16:26:58.572771
rev_00000537,order_00000611,5,,,2024-12-06 14:51:49.872243,2024-12-07 14:51:49.872243
rev_00000538,order_00000612,5,,,2024-07-12 00:27:34.644433,2024-07-12 00:27:34.644433
rev_00000539,order_00000613,3,,,2024-10-03 00:31:35.673097,2024-10-04 00:31:35.673097
rev_00000540,order_00000614,4,,,2024-12-15 08:31:36.006470,2024-12-15 08:31:36.006470
rev_00000541,order_00000615,5,,,2025-05-14 06:38:57.000000,2025-05-16 06:38:57.000000
rev_00000542,order_00000616,2,,,2025-05-12 18:39:22.400564,2025-05-13 18:39:22.400564
rev_00000543,order_00000617,2,,,2025-06-16 04:35:26.062596,2025-06-18 04:35:26.062596
rev_00000544,order_00000618,4,,,2025-10-23 07:24:48.003181,2025-10-24 07:24:48.003181
rev_00000545,order_00000619,3,,,2025-04-23 06:13:43.104896,2025-04-24 06:13:43.104896
rev_00000546,order_00000620,4,,,2025-06-22 09:23:43.099242,2025-06-24 09:23:43.099242
rev_00000547,order_00000621,4,,,2025-09-12 04:59:54.566916,2025-09-14 04:59:54.566916
rev_00000548,order_00000622,5,,,2025-08-21 22:41:14.458442,2025-08-21 22:41:14.458442
rev_00000549,order_00000623,3,,,2025-10-06 02:34:19.136266,2025-10-07 02:34:19.136266
rev_00000550,order_00000624,4,,,2025-07-21 21:29:21.591711,2025-07-21 21:29:21.591711
rev_00000551,order_00000625,5,,,2024-01-20 01:47:31.434529,2024-01-21 01:47:31.434529
rev_00000552,order_00000627,3,,,2025-11-25 11:08:21.612795,2025-11-25 11:08:21.612795
rev_00000553,order_00000628,3,,,2025-07-15 13:56:34.528108,2025-07-15 13:56:34.528108
rev_00000554,order_00000629,3,,,2024-12-26 09:43:28.408565,2024-12-27 09:43:28.408565
rev_00000555,order_00000630,5,,,2024-05-22 14:45:15.510319,2024-05-22 14:45:15.510319
rev_00000556,order_00000631,4,,,2025-11-16 17:14:13.269087,2025-11-18 17:14:13.269087
rev_00000557,order_00000632,4,,,2025-04-21 21:26:25.000000,2025-04-23 21:26:25.000000
rev_00000558,order_00000633,5,,,2025-05-30 06:31:27.336596,2025-06-01 06:31:27.336596
rev_00000559,order_00000634,5,,,2024-03-12 11:18:21.992937,2024-03-13 11:18:21.992937
rev_00000560,order_00000635,3,,,2025-12-10 04:00:46.103964,2025-12-12 04:00:46.103964
rev_00000561,order_00000636,5,,,2024-08-01 21:31:36.434349,2024-08-03 21:31:36.434349
rev_00000562,order_00000637,4,,,2024-03-19 23:31:18.075034,2024-03-20 23:31:18.075034
rev_00000563,order_00000638,5,,,2025-01-14 08:16:28.354051,2025-01-14 08:16:28.354051
rev_00000564,order_00000639,5,,,2025-01-28 04:53:16.364145,2025-01-28 04:53:16.364145
rev_00000565,order_00000640,4,,,2024-06-07 08:59:15.910450,2024-06-08 08:59:15.910450
rev_00000566,order_00000641,4,,,2025-02-17 16:20:24.102311,2025-02-18 16:20:24.102311
rev_00000567,order_00000642,3,,,2024-02-02 08:18:18.999424,2024-02-04 08:18:18.999424
rev_00000568,order_00000643,2,,,2024-07-29 06:03:08.179577,2024-07-30 06:03:08.179577
rev_00000569,order_00000644,4,,,2025-09-22 16:15:42.036466,2025-09-22 16:15:42.036466
rev_00000570,order_00000646,4,,,2024-05-28 05:42:29.302359,2024-05-29 05:42:29.302359
rev_00000571,order_00000647,3,,,2024-02-02 08:35:06.063403,2024-02-02 08:35:06.063403
rev_00000572,order_00000648,5,,,2025-05-25 22:33:14.039397,2025-05-25 22:33:14.039397
rev_00000573,order_00000649,4,,,2025-11-30 02:48:16.355900,2025-12-02 02:48:16.355900
rev_00000574,order_00000650,4,,,2024-02-11 06:06:42.273989,2024-02-12 06:06:42.273989
rev_00000575,order_00000651,5,,,2025-11-02 10:45:02.215335,2025-11-02 10:45:02.215335
rev_00000576,order_00000652,3,,,2024-06-30 06:23:47.737083,2024-06-30 06:23:47.737083
rev_00000577,order_00000653,4,,,2024-07-23 17:46:24.612653,2024-07-24 17:46:24.612653
rev_00000578,order_00000654,5,,,2025-07-02 22:30:15.275100,2025-07-02 22:30:15.275100
rev_00000579,order_00000655,5,,,2025-11-17 17:29:04.658289,2025-11-18 17:29:04.658289
rev_00000580,order_00000656,5,,,2024-12-14 13:39:22.102408,2024-12-16 13:39:22.102408
rev_00000581,order_00000657,4,,,2025-04-11 20:10:00.394972,2025-04-12 20:10:00.394972
rev_00000582,order_00000658,4,,,2024-09-25 21:51:55.000000,2024-09-25 21:51:55.000000
rev_00000583,order_00000661,5,,,2025-04-14 17:28:50.823690,2025-04-16 17:28:50.823690
rev_00000584,order_00000662,4,,,2025-01-13 16:24:30.339371,2025-01-14 16:24:30.339371
rev_00000585,order_00000663,5,,,2024-02-25 23:22:11.148416,2024-02-27 23:22:11.148416
rev_00000586,order_00000664,5,,,2024-05-01 12:02:28.894729,2024-05-01 12:02:28.894729
rev_00000587,order_00000665,5,,,2024-05-08 23:40:26.091330,2024-05-09 23:40:26.091330
rev_00000588,order_00000666,5,,,2024-04-10 03:51:33.000674,2024-04-12 03:51:33.000674
rev_00000589,order_00000667,4,,,2025-05-07 09:28:38.419350,2025-05-07 09:28:38.419350
rev_00000590,order_00000668,3,,,2025-05-08 22:14:47.470972,2025-05-10 22:14:47.470972
rev_00000591,order_00000669,5,,,2025-10-12 17:22:40.327225,2025-10-13 17:22:40.327225
rev_00000592,order_00000670,5,,,2025-03-28 09:43:11.947908,2025-03-29 09:43:11.947908
rev_00000593,order_00000672,4,,,2024-06-01 08:53:32.462014,2024-06-01 08:53:32.462014
rev_00000594,order_00000673,4,,,2024-04-04 03:54:21.997013,2024-04-06 03:54:21.997013
rev_00000595,order_00000674,3,,,2024-12-15 11:42:25.372333,2024-12-16 11:42:25.372333
rev_00000596,order_00000675,4,,,2025-06-16 06:27:56.043448,2025-06-17 06:27:56.043448
rev_00000597,order_00000676,5,,,2024-04-01 05:48:12.806246,2024-04-01 05:48:12.806246
rev_00000598,order_00000678,5,,,2024-06-28 08:16:28.741006,2024-06-28 08:16:28.741006
rev_00000599,order_00000679,2,,,2024-04-24 03:23:52.556719,2024-04-26 03:23:52.556719
rev_00000600,order_00000680,4,,,2024-07-31 21:39:53.511287,2024-08-02 21:39:53.511287
rev_00000601,order_00000681,4,,,2025-05-01 11:23:25.738610,2025-05-01 11:23:25.738610
rev_00000602,order_00000682,3,,,2025-03-25 07:00:45.813443,2025-03-27 07:00:45.813443
rev_00000603,order_00000684,4,,,2024-04-22 10:06:03.930434,2024-04-22 10:06:03.930434
rev_00000604,order_00000685,5,,,2025-05-16 02:36:52.544823,2025-05-17 02:36:52.544823
rev_00000605,order_00000687,4,,,2024-03-25 16:14:51.011632,2024-03-27 16:14:51.011632
rev_00000606,order_00000688,2,,,2025-06-14 06:07:20.524776,2025-06-16 06:07:20.524776
rev_00000607,order_00000690,4,,,2025-10-14 03:59:40.342736,2025-10-15 03:59:40.342736
rev_00000608,order_00000691,4,,,2025-02-17 06:54:45.833825,2025-02-18 06:54:45.833825
rev_00000609,order_00000692,3,,,2024-10-23 11:46:12.172219,2024-10-24 11:46:12.172219
rev_00000610,order_00000694,5,,,2025-01-17 15:30:43.009880,2025-01-18 15:30:43.009880
rev_00000611,order_00000695,4,,,2025-03-17 20:49:12.422959,2025-03-19 20:49:12.422959
rev_00000612,order_00000696,4,,,2025-10-17 16:53:49.968164,2025-10-17 16:53:49.968164
rev_00000613,order_00000697,5,,,2025-12-30 08:48:45.180662,2026-01-01 08:48:45.180662
rev_00000614,order_00000699,5,,,2024-08-15 21:09:43.335837,2024-08-16 21:09:43.335837
rev_00000615,order_00000700,4,,,2025-06-20 21:14:14.695692,2025-06-22 21:14:14.695692
rev_00000616,order_00000701,5,,,2024-06-11 14:29:50.557489,2024-06-11 14:29:50.557489
rev_00000617,order_00000702,4,,,2024-02-01 23:35:38.268332,2024-02-02 23:35:38.268332
rev_00000618,order_00000703,5,,,2024-06-02 16:47:58.545997,2024-06-03 16:47:58.545997
rev_00000619,order_00000705,2,,,2025-10-14 15:17:43.412311,2025-10-15 15:17:43.412311
rev_00000620,order_00000706,4,,,2025-05-12 00:48:20.239509,2025-05-13 00:48:20.239509
rev_00000621,order_00000707,5,,,2024-02-24 01:03:03.515435,2024-02-26 01:03:03.515435
rev_00000622,order_00000708,5,,,2024-10-07 15:44:00.000000,2024-10-07 15:44:00.000000
rev_00000623,order_00000711,4,,,2024-12-30 05:02:47.109414,2024-12-31 05:02:47.109414
rev_00000624,order_00000712,4,,,2024-10-30 06:45:55.758628,2024-10-31 06:45:55.758628
rev_00000625,order_00000713,3,,,2025-10-09 09:39:20.199379,2025-10-09 09:39:20.199379
rev_00000626,order_00000714,5,,,2025-05-15 22:02:23.781985,2025-05-17 22:02:23.781985
rev_00000627,order_00000715,2,,,2025-01-28 12:14:59.968052,2025-01-30 12:14:59.968052
rev_00000628,order_00000716,4,,,2025-05-16 15:32:47.250415,2025-05-17 15:32:47.250415
rev_00000629,order_00000717,3,,,2025-11-24 18:42:29.967308,2025-11-26 18:42:29.967308
rev_00000630,order_00000718,3,,,2024-08-19 11:46:02.740758,2024-08-21 11:46:02.740758
rev_00000631,order_00000719,3,,,2025-10-01 23:21:08.369574,2025-10-02 23:21:08.369574
rev_00000632,order_00000720,3,,,2025-08-23 01:12:21.351147,2025-08-25 01:12:21.351147
rev_00000633,order_00000721,4,,,2025-09-11 12:54:12.385498,2025-09-11 12:54:12.385498
rev_00000634,order_00000722,5,,,2024-06-24 08:51:31.014697,2024-06-26 08:51:31.014697
rev_00000635,order_00000723,2,,,2024-09-18 19:58:13.833109,2024-09-18 19:58:13.833109
rev_00000636,order_00000726,3,,,2025-04-18 18:21:59.313831,2025-04-18 18:21:59.313831
rev_00000637,order_00000727,5,,,2025-09-13 16:17:41.803399,2025-09-15 16:17:41.803399
rev_00000638,order_00000728,4,,,2024-03-30 20:59:53.221153,2024-03-30 20:59:53.221153
rev_00000639,order_00000729,5,,,2024-07-13 22:13:45.772621,2024-07-13 22:13:45.772621
rev_00000640,order_00000730,4,,,2024-04-11 23:23:42.375978,2024-04-11 23:23:42.375978
rev_00000641,order_00000732,4,,,2024-09-16 14:45:22.559613,2024-09-17 14:45:22.559613
rev_00000642,order_00000733,5,,,2024-10-23 04:25:56.594388,2024-10-23 04:25:56.594388
rev_00000643,order_00000734,4,,,2025-02-22 22:11:53.761360,2025-02-23 22:11:53.761360
rev_00000644,order_00000735,4,,,2024-07-10 01:57:15.993390,2024-07-10 01:57:15.993390
rev_00000645,order_00000736,4,,,2024-05-14 08:33:26.208975,2024-05-16 08:33:26.208975
rev_00000646,order_00000737,4,,,2024-01-28 22:04:57.520344,2024-01-29 22:04:57.520344
rev_00000647,order_00000738,4,,,2025-11-13 05:41:00.645506,2025-11-13 05:41:00.645506
rev_00000648,order_00000739,3,,,2025-03-30 20:45:35.956477,2025-04-01 20:45:35.956477
rev_00000649,order_00000740,4,,,2024-03-13 00:40:03.676133,2024-03-13 00:40:03.676133
rev_00000650,order_00000741,4,,,2024-09-16 17:44:36.282516,2024-09-17 17:44:36.282516
rev_00000651,order_00000742,3,,,2024-03-01 23:15:54.144024,2024-03-03 23:15:54.144024
rev_00000652,order_00000744,4,,,2024-11-23 08:06:22.119296,2024-11-23 08:06:22.119296
rev_00000653,order_00000745,4,,,2024-11-02 07:28:37.173008,2024-11-04 07:28:37.173008
rev_00000654,order_00000747,5,,,2024-02-16 05:38:01.140567,2024-02-16 05:38:01.140567
rev_00000655,order_00000748,4,,,2025-05-02 22:16:17.169978,2025-05-04 22:16:17.169978
rev_00000656,order_00000749,2,,,2024-02-07 13:32:53.515996,2024-02-08 13:32:53.515996
rev_00000657,order_00000750,5,,,2024-07-24 01:28:34.000000,2024-07-25 01:28:34.000000
rev_00000658,order_00000751,3,,,2024-11-22 02:15:46.748940,2024-11-23 02:15:46.748940
rev_00000659,order_00000752,2,,,2024-04-06 12:34:14.611121,2024-04-07 12:34:14.611121
rev_00000660,order_00000753,4,,,2024-08-09 21:17:16.283988,2024-08-09 21:17:16.283988
rev_00000661,order_00000754,4,,,2025-07-26 06:57:14.675457,2025-07-26 06:57:14.675457
rev_00000662,order_00000755,5,,,2025-12-31 02:53:07.000000,2025-12-31 02:53:07.000000
rev_00000663,order_00000756,5,,,2024-05-21 15:30:56.871044,2024-05-21 15:30:56.871044
rev_00000664,order_00000757,5,,,2025-06-11 08:12:34.000000,2025-06-12 08:12:34.000000
rev_00000665,order_00000758,3,,,2024-09-25 14:14:25.554032,2024-09-25 14:14:25.554032
rev_00000666,order_00000759,4,,,2025-12-21 01:03:31.311535,2025-12-23 01:03:31.311535
rev_00000667,order_00000760,1,,,2025-12-31 16:16:57.105792,2026-01-01 16:16:57.105792
rev_00000668,order_00000761,4,,,2025-04-28 12:16:06.529022,2025-04-29 12:16:06.529022
rev_00000669,order_00000763,2,,,2025-10-25 16:54:47.524486,2025-10-25 16:54:47.524486
rev_00000670,order_00000764,4,,,2025-11-30 08:59:47.000000,2025-12-02 08:59:47.000000
rev_00000671,order_00000765,5,,,2025-09-08 00:39:32.556345,2025-09-08 00:39:32.556345
rev_00000672,order_00000766,4,,,2024-12-30 13:56:19.757254,2024-12-30 13:56:19.757254
rev_00000673,order_00000767,5,,,2024-04-20 00:46:00.082229,2024-04-20 00:46:00.082229
rev_00000674,order_00000768,4,,,2024-01-18 05:54:39.081649,2024-01-18 05:54:39.081649
rev_00000675,order_00000769,4,,,2024-02-29 07:22:58.048402,2024-03-01 07:22:58.048402
rev_00000676,order_00000770,4,,,2024-03-09 19:59:20.617951,2024-03-11 19:59:20.617951
rev_00000677,order_00000771,4,,,2025-09-12 11:14:34.841344,2025-09-13 11:14:34.841344
rev_00000678,order_00000772,4,,,2024-07-12 01:24:43.198129,2024-07-12 01:24:43.198129
rev_00000679,order_00000774,4,,,2025-08-04 07:36:54.950087,2025-08-04 07:36:54.950087
rev_00000680,order_00000775,3,,,2025-01-30 10:44:08.899244,2025-02-01 10:44:08.899244
rev_00000681,order_00000778,4,,,2024-11-28 01:52:50.922863,2024-11-30 01:52:50.922863
rev_00000682,order_00000779,3,,,2025-08-26 09:44:42.769419,2025-08-27 09:44:42.769419
rev_00000683,order_00000780,2,,,2025-06-19 04:18:42.399826,2025-06-20 04:18:42.399826
rev_00000684,order_00000781,5,,,2025-02-11 07:52:31.765783,2025-02-11 07:52:31.765783
rev_00000685,order_00000782,5,,,2024-12-15 00:54:11.000000,2024-12-17 00:54:11.000000
rev_00000686,order_00000783,4,,,2025-03-04 01:06:47.852137,2025-03-04 01:06:47.852137
rev_00000687,order_00000784,4,,,2024-11-01 23:06:52.000000,2024-11-02 23:06:52.000000
rev_00000688,order_00000785,3,,,2024-12-15 00:52:44.041690,2024-12-17 00:52:44.041690
rev_00000689,order_00000788,4,,,2024-02-10 17:20:57.396245,2024-02-11 17:20:57.396245
rev_00000690,order_00000789,3,,,2025-02-05 06:56:33.856704,2025-02-05 06:56:33.856704
rev_00000691,order_00000790,3,,,2024-06-20 05:23:14.704270,2024-06-22 05:23:14.704270
rev_00000692,order_00000791,5,,,2025-03-27 10:22:31.901372,2025-03-28 10:22:31.901372
rev_00000693,order_00000792,5,,,2024-01-29 03:10:52.280503,2024-01-29 03:10:52.280503
rev_00000694,order_00000793,5,,,2024-02-06 04:09:54.330461,2024-02-07 04:09:54.330461
rev_00000695,order_00000794,4,,,2024-07-27 17:58:32.857389,2024-07-29 17:58:32.857389
rev_00000696,order_00000795,3,,,2025-10-26 07:50:57.070252,2025-10-28 07:50:57.070252
rev_00000697,order_00000796,2,,,2024-10-07 17:55:43.895309,2024-10-07 17:55:43.895309
rev_00000698,order_00000797,5,,,2025-08-27 17:42:42.796219,2025-08-29 17:42:42.796219
rev_00000699,order_00000798,4,,,2024-12-17 21:23:24.278888,2024-12-19 21:23:24.278888
rev_00000700,order_00000799,3,,,2025-11-18 00:10:06.125751,2025-11-18 00:10:06.125751
rev_00000701,order_00000800,5,,,2025-01-10 03:57:14.983041,2025-01-10 03:57:14.983041
rev_00000702,order_00000801,1,,,2024-10-23 22:34:29.476888,2024-10-25 22:34:29.476888
rev_00000703,order_00000802,3,,,2024-05-14 12:06:26.246204,2024-05-14 12:06:26.246204
rev_00000704,order_00000803,2,,,2025-08-26 10:59:37.702962,2025-08-26 10:59:37.702962
rev_00000705,order_00000804,5,,,2025-05-29 10:03:28.232497,2025-05-30 10:03:28.232497
rev_00000706,order_00000805,4,,,2024-03-20 02:52:00.959369,2024-03-21 02:52:00.959369
rev_00000707,order_00000806,4,,,2024-10-29 03:48:03.145439,2024-10-31 03:48:03.145439
rev_00000708,order_00000807,5,,,2025-10-04 00:08:28.394044,2025-10-06 00:08:28.394044
rev_00000709,order_00000808,5,,,2025-08-02 09:43:04.326291,2025-08-02 09:43:04.326291
rev_00000710,order_00000809,3,,,2024-09-07 17:06:25.721984,2024-09-09 17:06:25.721984
rev_00000711,order_00000810,3,,,2024-10-05 00:11:13.318088,2024-10-07 00:11:13.318088
rev_00000712,order_00000812,4,,,2026-01-13 21:33:53.318515,2026-01-15 21:33:53.318515
rev_00000713,order_00000813,5,,,2024-04-16 04:21:29.521080,2024-04-17 04:21:29.521080
rev_00000714,order_00000814,4,,,2024-03-23 21:42:00.959670,2024-03-25 21:42:00.959670
rev_00000715,order_00000816,2,,,2024-10-17 17:48:43.533642,2024-10-19 17:48:43.533642
rev_00000716,order_00000818,3,,,2024-04-30 10:05:13.482642,2024-05-02 10:05:13.482642
rev_00000717,order_00000819,4,,,2025-07-30 02:05:05.164002,2025-08-01 02:05:05.164002
rev_00000718,order_00000820,4,,,2024-09-28 04:42:16.791707,2024-09-28 04:42:16.791707
rev_00000719,order_00000821,5,,,2025-09-14 02:53:19.321075,2025-09-16 02:53:19.321075
rev_00000720,order_00000822,4,,,2025-12-29 20:09:27.698702,2025-12-29 20:09:27.698702
rev_00000721,order_00000823,4,,,2025-11-21 16:39:16.652480,2025-11-22 16:39:16.652480
rev_00000722,order_00000824,4,,,2024-04-18 02:31:51.207544,2024-04-20 02:31:51.207544
rev_00000723,order_00000825,4,,,2024-10-26 16:09:58.739534,2024-10-27 16:09:58.739534
rev_00000724,order_00000826,4,,,2025-02-10 12:57:01.430219,2025-02-11 12:57:01.430219
rev_00000725,order_00000827,4,,,2024-11-29 03:50:40.000000,2024-11-29 03:50:40.000000
rev_00000726,order_00000828,3,,,2025-04-15 12:12:55.311689,2025-04-16 12:12:55.311689
rev_00000727,order_00000829,4,,,2025-06-18 08:54:18.000000,2025-06-20 08:54:18.000000
rev_00000728,order_00000830,4,,,2024-04-18 04:13:13.881456,2024-04-19 04:13:13.881456
rev_00000729,order_00000831,4,,,2024-10-14 16:35:23.637007,2024-10-15 16:35:23.637007
rev_00000730,order_00000833,5,,,2024-07-08 22:26:06.112005,2024-07-08 22:26:06.112005
rev_00000731,order_00000834,3,,,2024-04-21 22:32:24.270150,2024-04-22 22:32:24.270150
rev_00000732,order_00000836,5,,,2024-03-03 21:58:32.851710,2024-03-05 21:58:32.851710
rev_00000733,order_00000837,4,,,2024-07-14 15:26:28.901071,2024-07-15 15:26:28.901071
rev_00000734,order_00000838,3,,,2024-04-25 12:30:38.925671,2024-04-26 12:30:38.925671
rev_00000735,order_00000839,4,,,2025-08-25 16:17:06.205437,2025-08-26 16:17:06.205437
rev_00000736,order_00000840,4,,,2025-05-24 14:51:16.449250,2025-05-24 14:51:16.449250
rev_00000737,order_00000841,5,,,2024-07-20 20:17:07.192304,2024-07-21 20:17:07.192304
rev_00000738,order_00000842,5,,,2024-10-13 01:05:43.637839,2024-10-14 01:05:43.637839
rev_00000739,order_00000843,3,,,2024-11-21 13:25:49.665750,2024-11-23 13:25:49.665750
rev_00000740,order_00000844,5,,,2025-10-14 17:15:17.442760,2025-10-14 17:15:17.442760
rev_00000741,order_00000845,2,,,2025-10-04 17:44:02.714478,2025-10-06 17:44:02.714478
rev_00000742,order_00000847,4,,,2025-02-18 06:34:14.780966,2025-02-19 06:34:14.780966
rev_00000743,order_00000848,1,,,2025-03-18 07:52:49.699980,2025-03-19 07:52:49.699980
rev_00000744,order_00000849,5,,,2024-08-04 07:58:18.355372,2024-08-05 07:58:18.355372
rev_00000745,order_00000850,5,,,2025-09-07 15:55:48.017215,2025-09-08 15:55:48.017215
rev_00000746,order_00000851,2,,,2025-03-23 13:35:24.740004,2025-03-25 13:35:24.740004
rev_00000747,order_00000852,2,,,2024-11-23 09:49:23.456804,2024-11-25 09:49:23.456804
rev_00000748,order_00000853,4,,,2024-12-26 08:05:23.629552,2024-12-27 08:05:23.629552
rev_00000749,order_00000854,4,,,2024-05-10 13:36:31.324375,2024-05-11 13:36:31.324375
rev_00000750,order_00000855,3,,,2024-12-11 17:26:40.649548,2024-12-11 17:26:40.649548
rev_00000751,order_00000856,4,,,2024-03-26 09:38:44.895129,2024-03-26 09:38:44.895129
rev_00000752,order_00000857,4,,,2025-07-18 19:26:34.277284,2025-07-18 19:26:34.277284
rev_00000753,order_00000858,4,,,2024-07-15 16:11:47.763278,2024-07-17 16:11:47.763278
rev_00000754,order_00000859,3,,,2025-11-28 02:51:43.424888,2025-11-29 02:51:43.424888
rev_00000755,order_00000860,4,,,2024-07-05 00:35:13.023274,2024-07-06 00:35:13.023274
rev_00000756,order_00000861,2,,,2024-11-22 16:44:08.135984,2024-11-24 16:44:08.135984
rev_00000757,order_00000862,5,,,2024-12-07 16:07:49.653863,2024-12-08 16:07:49.653863
rev_00000758,order_00000863,3,,,2024-06-24 04:23:37.080767,2024-06-24 04:23:37.080767
rev_00000759,order_00000864,4,,,2024-05-05 06:30:55.503556,2024-05-06 06:30:55.503556
rev_00000760,order_00000865,5,,,2024-03-21 13:13:54.492711,2024-03-21 13:13:54.492711
rev_00000761,order_00000866,4,,,2025-06-03 06:03:11.493234,2025-06-04 06:03:11.493234
rev_00000762,order_00000867,3,,,2025-02-13 19:17:41.269255,2025-02-15 19:17:41.269255
rev_00000763,order_00000868,4,,,2024-04-27 02:23:19.546353,2024-04-28 02:23:19.546353
rev_00000764,order_00000869,4,,,2025-02-10 11:31:10.405013,2025-02-11 11:31:10.405013
rev_00000765,order_00000870,4,,,2024-09-17 09:03:11.690252,2024-09-17 09:03:11.690252
rev_00000766,order_00000871,5,,,2025-09-05 17:09:06.418820,2025-09-07 17:09:06.418820
rev_00000767,order_00000873,3,,,2024-03-29 09:28:52.931419,2024-03-31 09:28:52.931419
rev_00000768,order_00000874,5,,,2025-03-15 00:19:25.008563,2025-03-17 00:19:25.008563
rev_00000769,order_00000876,4,,,2024-05-15 10:31:40.040363,2024-05-17 10:31:40.040363
rev_00000770,order_00000877,2,,,2024-09-01 04:31:35.841376,2024-09-01 04:31:35.841376
rev_00000771,order_00000879,5,,,2025-02-24 00:56:01.108226,2025-02-24 00:56:01.108226
rev_00000772,order_00000880,5,,,2025-05-27 19:58:57.970420,2025-05-29 19:58:57.970420
rev_00000773,order_00000881,4,,,2025-08-20 13:22:53.325844,2025-08-20 13:22:53.325844
rev_00000774,order_00000882,3,,,2024-08-16 07:06:57.912267,2024-08-18 07:06:57.912267
rev_00000775,order_00000883,3,,,2025-04-20 14:56:48.657830,2025-04-20 14:56:48.657830
rev_00000776,order_00000884,3,,,2025-12-04 10:34:10.677238,2025-12-06 10:34:10.677238
rev_00000777,order_00000885,4,,,2024-05-17 19:38:12.359024,2024-05-19 19:38:12.359024
rev_00000778,order_00000886,4,,,2025-05-12 08:19:24.926605,2025-05-13 08:19:24.926605
rev_00000779,order_00000887,1,,,2024-04-05 13:15:12.850555,2024-04-06 13:15:12.850555
rev_00000780,order_00000888,4,,,2024-04-24 09:33:55.774034,2024-04-25 09:33:55.774034
rev_00000781,order_00000889,3,,,2024-10-25 12:52:11.681474,2024-10-27 12:52:11.681474
rev_00000782,order_00000890,3,,,2024-01-08 08:45:14.762600,2024-01-09 08:45:14.762600
rev_00000783,order_00000891,5,,,2025-08-02 16:48:08.523775,2025-08-02 16:48:08.523775
rev_00000784,order_00000892,4,,,2024-10-01 18:14:08.120275,2024-10-01 18:14:08.120275
rev_00000785,order_00000893,5,,,2025-08-03 16:21:39.770002,2025-08-03 16:21:39.770002
rev_00000786,order_00000894,3,,,2024-10-24 03:41:40.277549,2024-10-24 03:41:40.277549
rev_00000787,order_00000895,3,,,2026-01-13 02:20:04.917521,2026-01-13 02:20:04.917521
rev_00000788,order_00000897,4,,,2025-07-26 02:30:46.072457,2025-07-27 02:30:46.072457
rev_00000789,order_00000898,3,,,2024-01-13 07:41:41.373812,2024-01-13 07:41:41.373812
rev_00000790,order_00000899,4,,,2024-12-10 15:12:49.839464,2024-12-11 15:12:49.839464
rev_00000791,order_00000900,3,,,2024-08-08 03:38:39.146051,2024-08-10 03:38:39.146051
rev_00000792,order_00000901,5,,,2025-05-22 04:32:56.993138,2025-05-23 04:32:56.993138
rev_00000793,order_00000902,3,,,2024-10-26 13:53:39.927924,2024-10-26 13:53:39.927924
rev_00000794,order_00000903,3,,,2024-08-09 16:14:04.017234,2024-08-09 16:14:04.017234
rev_00000795,order_00000904,5,,,2025-09-17 17:51:16.365990,2025-09-17 17:51:16.365990
rev_00000796,order_00000905,4,,,2025-09-20 08:22:02.490988,2025-09-21 08:22:02.490988
rev_00000797,order_00000906,4,,,2025-12-05 15:24:33.111219,2025-12-07 15:24:33.111219
rev_00000798,order_00000907,5,,,2025-11-30 06:23:38.580031,2025-12-01 06:23:38.580031
rev_00000799,order_00000908,4,,,2025-01-17 10:58:42.436540,2025-01-19 10:58:42.436540
rev_00000800,order_00000909,3,,,2024-06-30 23:43:02.582734,2024-06-30 23:43:02.582734
rev_00000801,order_00000910,5,,,2025-10-14 18:10:08.441918,2025-10-15 18:10:08.441918
rev_00000802,order_00000911,5,,,2025-05-15 19:37:22.909607,2025-05-16 19:37:22.909607
rev_00000803,order_00000912,4,,,2025-06-07 08:02:14.000000,2025-06-07 08:02:14.000000
rev_00000804,order_00000913,3,,,2025-10-04 18:58:05.587760,2025-10-04 18:58:05.587760
rev_00000805,order_00000914,5,,,2024-10-22 22:04:27.472510,2024-10-24 22:04:27.472510
rev_00000806,order_00000915,3,,,2025-11-13 18:43:10.300203,2025-11-14 18:43:10.300203
rev_00000807,order_00000916,5,,,2024-07-23 07:13:20.869452,2024-07-25 07:13:20.869452
rev_00000808,order_00000917,4,,,2024-06-27 07:08:10.714139,2024-06-29 07:08:10.714139
rev_00000809,order_00000918,4,,,2024-04-14 06:47:15.625330,2024-04-16 06:47:15.625330
rev_00000810,order_00000919,4,,,2025-09-30 11:58:07.613099,2025-09-30 11:58:07.613099
rev_00000811,order_00000920,5,,,2025-02-23 23:07:10.000000,2025-02-24 23:07:10.000000
rev_00000812,order_00000921,4,,,2024-03-10 06:37:11.435323,2024-03-10 06:37:11.435323
rev_00000813,order_00000922,3,,,2024-01-24 23:34:52.232300,2024-01-24 23:34:52.232300
rev_00000814,order_00000923,5,,,2025-03-30 02:32:21.416540,2025-04-01 02:32:21.416540
rev_00000815,order_00000924,3,,,2024-09-29 06:10:44.929178,2024-10-01 06:10:44.929178
rev_00000816,order_00000925,3,,,2025-01-13 16:18:21.726745,2025-01-15 16:18:21.726745
rev_00000817,order_00000926,4,,,2025-02-25 15:15:28.000000,2025-02-26 15:15:28.000000
rev_00000818,order_00000927,4,,,2025-04-07 17:08:26.770985,2025-04-07 17:08:26.770985
rev_00000819,order_00000928,5,,,2025-02-01 02:32:35.276686,2025-02-03 02:32:35.276686
rev_00000820,order_00000929,5,,,2025-06-18 04:57:20.038284,2025-06-19 04:57:20.038284
rev_00000821,order_00000930,4,,,2025-11-10 10:40:00.672097,2025-11-12 10:40:00.672097
rev_00000822,order_00000931,4,,,2024-05-29 17:54:34.937506,2024-05-30 17:54:34.937506
rev_00000823,order_00000932,5,,,2024-12-04 07:59:08.000000,2024-12-06 07:59:08.000000
rev_00000824,order_00000935,3,,,2024-12-21 13:56:24.608925,2024-12-21 13:56:24.608925
rev_00000825,order_00000936,5,,,2024-03-19 04:09:21.797873,2024-03-20 04:09:21.797873
rev_00000826,order_00000937,3,,,2025-05-05 10:40:59.088049,2025-05-07 10:40:59.088049
rev_00000827,order_00000940,4,,,2024-09-23 00:01:48.426532,2024-09-24 00:01:48.426532
rev_00000828,order_00000941,5,,,2024-03-23 14:56:01.598630,2024-03-23 14:56:01.598630
rev_00000829,order_00000943,4,,,2025-01-06 20:28:54.679435,2025-01-08 20:28:54.679435
rev_00000830,order_00000944,4,,,2024-05-11 09:31:22.701136,2024-05-12 09:31:22.701136
rev_00000831,order_00000945,4,,,2024-03-15 14:46:42.513909,2024-03-16 14:46:42.513909
rev_00000832,order_00000946,3,,,2024-11-15 22:00:02.613976,2024-11-15 22:00:02.613976
rev_00000833,order_00000949,3,,,2025-03-01 20:07:29.638179,2025-03-02 20:07:29.638179
rev_00000834,order_00000950,4,,,2024-02-15 16:21:24.193477,2024-02-17 16:21:24.193477
rev_00000835,order_00000951,5,,,2024-10-07 01:37:11.256735,2024-10-08 01:37:11.256735
rev_00000836,order_00000952,5,,,2024-09-13 09:37:43.583200,2024-09-13 09:37:43.583200
rev_00000837,order_00000953,5,,,2025-03-07 19:10:42.510132,2025-03-08 19:10:42.510132
rev_00000838,order_00000954,4,,,2025-08-12 18:22:16.262652,2025-08-14 18:22:16.262652
rev_00000839,order_00000955,3,,,2025-06-22 21:06:30.868967,2025-06-22 21:06:30.868967
rev_00000840,order_00000956,5,,,2025-12-27 10:46:26.352189,2025-12-29 10:46:26.352189
rev_00000841,order_00000957,5,,,2025-05-10 10:33:54.000000,2025-05-10 10:33:54.000000
rev_00000842,order_00000958,5,,,2024-03-21 11:27:51.556515,2024-03-22 11:27:51.556515
rev_00000843,order_00000959,5,,,2024-07-11 05:10:15.835413,2024-07-13 05:10:15.835413
rev_00000844,order_00000960,5,,,2025-06-14 13:20:45.947795,2025-06-16 13:20:45.947795
rev_00000845,order_00000961,4,,,2025-10-19 07:21:22.710785,2025-10-20 07:21:22.710785
rev_00000846,order_00000962,4,,,2024-06-03 22:23:37.461486,2024-06-03 22:23:37.461486
rev_00000847,order_00000963,4,,,2025-08-28 10:01:06.714900,2025-08-29 10:01:06.714900
rev_00000848,order_00000964,5,,,2025-01-12 05:40:34.514678,2025-01-13 05:40:34.514678
rev_00000849,order_00000966,4,,,2024-03-27 14:14:08.655592,2024-03-28 14:14:08.655592
rev_00000850,order_00000967,5,,,2024-05-27 06:11:06.157018,2024-05-29 06:11:06.157018
rev_00000851,order_00000968,4,,,2025-09-02 19:17:22.020272,2025-09-04 19:17:22.020272
rev_00000852,order_00000969,3,,,2024-03-12 00:41:52.517567,2024-03-14 00:41:52.517567
rev_00000853,order_00000972,4,,,2024-09-27 10:34:24.696378,2024-09-29 10:34:24.696378
rev_00000854,order_00000973,4,,,2025-06-15 23:09:57.881726,2025-06-16 23:09:57.881726
rev_00000855,order_00000974,4,,,2025-06-01 06:48:48.469095,2025-06-03 06:48:48.469095
rev_00000856,order_00000975,5,,,2025-06-10 21:57:58.006916,2025-06-12 21:57:58.006916
rev_00000857,order_00000976,5,,,2025-04-05 12:38:04.000000,2025-04-07 12:38:04.000000
rev_00000858,order_00000977,5,,,2024-03-29 02:02:31.004911,2024-03-29 02:02:31.004911
rev_00000859,order_00000978,4,,,2025-07-23 20:19:08.130208,2025-07-23 20:19:08.130208
rev_00000860,order_00000979,2,,,2024-12-10 10:17:16.830331,2024-12-10 10:17:16.830331
rev_00000861,order_00000980,5,,,2024-04-24 14:40:25.685949,2024-04-25 14:40:25.685949
rev_00000862,order_00000981,5,,,2024-06-17 18:53:08.959619,2024-06-19 18:53:08.959619
rev_00000863,order_00000982,5,,,2025-06-23 08:57:45.170504,2025-06-25 08:57:45.170504
rev_00000864,order_00000983,3,,,2024-01-18 22:40:48.975708,2024-01-18 22:40:48.975708
rev_00000865,order_00000984,5,,,2024-01-15 22:37:49.987045,2024-01-15 22:37:49.987045
rev_00000866,order_00000985,5,,,2024-10-19 00:39:48.745225,2024-10-19 00:39:48.745225
rev_00000867,order_00000986,4,,,2024-05-24 21:22:32.606920,2024-05-25 21:22:32.606920
rev_00000868,order_00000987,4,,,2024-03-07 03:08:42.730443,2024-03-07 03:08:42.730443
rev_00000869,order_00000990,3,,,2025-01-18 09:36:36.204256,2025-01-20 09:36:36.204256
rev_00000870,order_00000991,4,,,2024-03-27 15:38:29.258682,2024-03-28 15:38:29.258682
rev_00000871,order_00000992,5,,,2024-09-26 23:42:35.403112,2024-09-28 23:42:35.403112
rev_00000872,order_00000993,5,,,2024-11-02 07:53:07.566292,2024-11-02 07:53:07.566292
rev_00000873,order_00000994,3,,,2025-09-12 06:16:51.400016,2025-09-13 06:16:51.400016
rev_00000874,order_00000995,2,,,2024-03-27 10:36:32.840124,2024-03-29 10:36:32.840124
rev_00000875,order_00000997,4,,,2025-02-01 08:19:17.000000,2025-02-02 08:19:17.000000
rev_00000876,order_00000998,5,,,2024-05-23 13:40:07.654483,2024-05-25 13:40:07.654483
rev_00000877,order_00000999,3,,,2024-12-28 03:40:26.547377,2024-12-28 03:40:26.547377
rev_00000878,order_00001000,3,,,2025-05-25 06:53:17.458677,2025-05-27 06:53:17.458677
rev_00000879,order_00001001,5,,,2024-06-20 06:06:42.299447,2024-06-21 06:06:42.299447
rev_00000880,order_00001002,4,,,2024-06-21 04:48:33.198688,2024-06-23 04:48:33.198688
rev_00000881,order_00001003,3,,,2024-12-11 11:31:24.100128,2024-12-13 11:31:24.100128
rev_00000882,order_00001004,4,,,2025-12-23 05:11:05.649397,2025-12-23 05:11:05.649397
rev_00000883,order_00001005,3,,,2025-11-16 07:53:02.833418,2025-11-16 07:53:02.833418
rev_00000884,order_00001006,2,,,2025-06-12 14:38:41.946316,2025-06-13 14:38:41.946316
rev_00000885,order_00001007,5,,,2025-11-24 16:04:55.860250,2025-11-25 16:04:55.860250
rev_00000886,order_00001008,5,,,2025-12-22 04:13:00.458813,2025-12-22 04:13:00.458813
rev_00000887,order_00001009,5,,,2024-08-13 16:47:02.770630,2024-08-14 16:47:02.770630
rev_00000888,order_00001011,4,,,2024-01-30 16:06:02.850558,2024-02-01 16:06:02.850558
rev_00000889,order_00001013,4,,,2025-09-16 17:35:35.268059,2025-09-17 17:35:35.268059
rev_00000890,order_00001015,4,,,2025-10-14 12:55:27.869828,2025-10-14 12:55:27.869828
rev_00000891,order_00001016,5,,,2024-02-10 02:50:27.835231,2024-02-12 02:50:27.835231
rev_00000892,order_00001017,2,,,2024-03-29 13:53:51.114111,2024-03-30 13:53:51.114111
rev_00000893,order_00001018,4,,,2024-07-14 17:22:57.055912,2024-07-16 17:22:57.055912
rev_00000894,order_00001019,5,,,2025-09-19 16:38:52.000000,2025-09-19 16:38:52.000000
rev_00000895,order_00001020,4,,,2024-11-23 03:51:01.632835,2024-11-25 03:51:01.632835
rev_00000896,order_00001021,4,,,2024-05-18 05:27:08.554621,2024-05-18 05:27:08.554621
rev_00000897,order_00001022,3,,,2024-05-24 13:15:48.775269,2024-05-26 13:15:48.775269
rev_00000898,order_00001023,1,,,2025-03-15 21:52:34.440902,2025-03-15 21:52:34.440902
rev_00000899,order_00001024,2,,,2025-11-04 17:41:17.448315,2025-11-05 17:41:17.448315
rev_00000900,order_00001025,3,,,2025-11-27 08:54:05.348756,2025-11-28 08:54:05.348756
rev_00000901,order_00001026,4,,,2024-11-16 19:03:03.528717,2024-11-17 19:03:03.528717
rev_00000902,order_00001027,4,,,2024-08-20 12:36:46.738092,2024-08-20 12:36:46.738092
rev_00000903,order_00001028,4,,,2024-08-03 20:18:24.996202,2024-08-04 20:18:24.996202
rev_00000904,order_00001029,5,,,2024-11-04 09:47:32.132769,2024-11-05 09:47:32.132769
rev_00000905,order_00001030,4,,,2024-05-23 12:15:10.240020,2024-05-23 12:15:10.240020
rev_00000906,order_00001031,5,,,2024-10-20 10:56:14.136417,2024-10-21 10:56:14.136417
rev_00000907,order_00001032,3,,,2025-07-15 19:41:21.520658,2025-07-15 19:41:21.520658
rev_00000908,order_00001033,5,,,2024-03-01 13:11:35.730760,2024-03-02 13:11:35.730760
rev_00000909,order_00001034,4,,,2025-10-27 09:14:03.942202,2025-10-29 09:14:03.942202
rev_00000910,order_00001035,3,,,2025-01-18 17:43:59.205075,2025-01-20 17:43:59.205075
rev_00000911,order_00001036,4,,,2024-12-22 10:11:58.176653,2024-12-22 10:11:58.176653
rev_00000912,order_00001038,4,,,2024-08-03 01:47:27.190665,2024-08-05 01:47:27.190665
rev_00000913,order_00001039,3,,,2024-05-27 01:52:17.350621,2024-05-29 01:52:17.350621
rev_00000914,order_00001040,5,,,2024-07-21 08:10:34.552887,2024-07-23 08:10:34.552887
rev_00000915,order_00001041,4,,,2024-07-25 23:02:49.830651,2024-07-27 23:02:49.830651
rev_00000916,order_00001042,4,,,2024-12-04 08:09:19.131531,2024-12-04 08:09:19.131531
rev_00000917,order_00001043,4,,,2024-04-14 13:56:06.533166,2024-04-16 13:56:06.533166
rev_00000918,order_00001044,4,,,2024-06-27 00:20:09.867885,2024-06-27 00:20:09.867885
rev_00000919,order_00001045,4,,,2024-02-06 01:00:11.669461,2024-02-07 01:00:11.669461
rev_00000920,order_00001046,4,,,2026-01-12 13:34:11.547772,2026-01-13 13:34:11.547772
rev_00000921,order_00001047,4,,,2025-12-22 08:46:52.126920,2025-12-24 08:46:52.126920
rev_00000922,order_00001048,5,,,2025-05-11 13:19:30.253939,2025-05-13 13:19:30.253939
rev_00000923,order_00001049,4,,,2024-12-31 20:47:57.121240,2025-01-01 20:47:57.121240
rev_00000924,order_00001050,5,,,2024-09-21 04:37:46.140282,2024-09-22 04:37:46.140282
rev_00000925,order_00001051,2,,,2024-09-15 17:09:29.941113,2024-09-17 17:09:29.941113
rev_00000926,order_00001052,4,,,2025-05-19 13:40:59.974703,2025-05-21 13:40:59.974703
rev_00000927,order_00001053,4,,,2024-09-03 13:26:27.124053,2024-09-03 13:26:27.124053
rev_00000928,order_00001054,4,,,2024-02-26 01:49:11.153351,2024-02-26 01:49:11.153351
rev_00000929,order_00001055,4,,,2025-12-12 08:41:22.840354,2025-12-12 08:41:22.840354
rev_00000930,order_00001056,5,,,2025-11-09 15:57:23.370857,2025-11-09 15:57:23.370857
rev_00000931,order_00001057,3,,,2025-02-06 12:11:57.906491,2025-02-07 12:11:57.906491
rev_00000932,order_00001059,3,,,2024-10-20 13:42:27.736328,2024-10-20 13:42:27.736328
rev_00000933,order_00001060,3,,,2025-10-24 09:33:22.624193,2025-10-26 09:33:22.624193
rev_00000934,order_00001061,4,,,2025-01-02 22:14:31.852434,2025-01-02 22:14:31.852434
rev_00000935,order_00001063,5,,,2025-01-10 04:15:34.645981,2025-01-10 04:15:34.645981
rev_00000936,order_00001064,5,,,2025-09-28 01:16:03.654384,2025-09-29 01:16:03.654384
rev_00000937,order_00001065,3,,,2025-03-29 19:12:20.667805,2025-03-29 19:12:20.667805
rev_00000938,order_00001066,5,,,2025-05-17 03:05:10.072403,2025-05-17 03:05:10.072403
rev_00000939,order_00001067,4,,,2024-05-14 12:22:34.638836,2024-05-16 12:22:34.638836
rev_00000940,order_00001068,4,,,2024-10-01 17:34:27.202583,2024-10-01 17:34:27.202583
rev_00000941,order_00001070,5,,,2026-01-02 02:27:16.950172,2026-01-02 02:27:16.950172
rev_00000942,order_00001071,1,,,2024-07-16 09:05:43.390510,2024-07-17 09:05:43.390510
rev_00000943,order_00001072,3,,,2024-05-27 20:52:37.692206,2024-05-28 20:52:37.692206
rev_00000944,order_00001073,3,,,2025-06-28 22:51:09.000000,2025-06-29 22:51:09.000000
rev_00000945,order_00001075,4,,,2024-02-04 11:19:00.000000,2024-02-06 11:19:00.000000
rev_00000946,order_00001076,4,,,2025-10-14 02:13:28.473951,2025-10-16 02:13:28.473951
rev_00000947,order_00001077,2,,,2024-09-02 08:32:18.533865,2024-09-03 08:32:18.533865
rev_00000948,order_00001078,3,,,2025-04-12 07:56:52.926605,2025-04-14 07:56:52.926605
rev_00000949,order_00001079,4,,,2024-03-18 11:15:16.638421,2024-03-19 11:15:16.638421
rev_00000950,order_00001080,5,,,2024-09-04 05:31:05.702726,2024-09-06 05:31:05.702726
rev_00000951,order_00001081,5,,,2024-07-11 23:10:37.109964,2024-07-11 23:10:37.109964
rev_00000952,order_00001082,3,,,2024-12-30 21:07:28.955439,2024-12-30 21:07:28.955439
rev_00000953,order_00001083,4,,,2024-06-22 06:18:06.990167,2024-06-23 06:18:06.990167
rev_00000954,order_00001084,5,,,2025-08-14 19:00:11.070908,2025-08-15 19:00:11.070908
rev_00000955,order_00001085,4,,,2024-06-13 20:09:59.899527,2024-06-13 20:09:59.899527
rev_00000956,order_00001086,5,,,2025-10-21 07:18:06.520651,2025-10-22 07:18:06.520651
rev_00000957,order_00001088,3,,,2025-09-22 13:31:18.177993,2025-09-24 13:31:18.177993
rev_00000958,order_00001089,4,,,2024-08-12 03:11:59.861701,2024-08-12 03:11:59.861701
rev_00000959,order_00001090,5,,,2025-08-19 21:16:04.247774,2025-08-19 21:16:04.247774
rev_00000960,order_00001091,3,,,2024-12-25 23:59:06.693941,2024-12-26 23:59:06.693941
rev_00000961,order_00001092,4,,,2025-09-03 12:48:08.756727,2025-09-05 12:48:08.756727
rev_00000962,order_00001093,5,,,2025-12-26 03:35:14.960730,2025-12-28 03:35:14.960730
rev_00000963,order_00001094,3,,,2025-02-14 03:44:08.269963,2025-02-16 03:44:08.269963
rev_00000964,order_00001095,3,,,2025-06-17 01:07:17.774497,2025-06-18 01:07:17.774497
rev_00000965,order_00001096,4,,,2024-05-29 13:57:04.852946,2024-05-29 13:57:04.852946
rev_00000966,order_00001097,2,,,2025-12-30 14:46:23.278280,2026-01-01 14:46:23.278280
rev_00000967,order_00001099,5,,,2025-10-19 16:03:41.505183,2025-10-20 16:03:41.505183
rev_00000968,order_00001100,3,,,2024-02-03 15:46:16.998532,2024-02-05 15:46:16.998532
rev_00000969,order_00001101,2,,,2025-12-02 03:17:41.009379,2025-12-02 03:17:41.009379
rev_00000970,order_00001102,4,,,2024-12-19 12:56:29.015942,2024-12-20 12:56:29.015942
rev_00000971,order_00001104,4,,,2024-08-22 14:33:52.321060,2024-08-24 14:33:52.321060
rev_00000972,order_00001105,5,,,2024-05-19 14:01:07.601211,2024-05-19 14:01:07.601211
rev_00000973,order_00001106,5,,,2025-12-05 01:44:50.881591,2025-12-06 01:44:50.881591
rev_00000974,order_00001107,4,,,2024-06-16 19:31:31.959321,2024-06-18 19:31:31.959321
rev_00000975,order_00001108,5,,,2026-01-03 14:31:55.337320,2026-01-03 14:31:55.337320
rev_00000976,order_00001109,5,,,2024-08-11 09:01:52.905477,2024-08-11 09:01:52.905477
rev_00000977,order_00001110,2,,,2024-05-22 07:47:29.007799,2024-05-23 07:47:29.007799
rev_00000978,order_00001111,5,,,2025-11-15 09:57:34.977391,2025-11-15 09:57:34.977391
rev_00000979,order_00001112,2,,,2024-06-15 03:44:55.800408,2024-06-15 03:44:55.800408
rev_00000980,order_00001113,4,,,2024-06-07 02:20:54.762862,2024-06-08 02:20:54.762862
rev_00000981,order_00001114,3,,,2025-01-31 16:06:01.022386,2025-02-02 16:06:01.022386
rev_00000982,order_00001115,3,,,2025-06-27 02:30:38.319666,2025-06-28 02:30:38.319666
rev_00000983,order_00001116,4,,,2024-06-29 16:30:28.455715,2024-06-30 16:30:28.455715
rev_00000984,order_00001117,5,,,2025-10-27 13:06:53.000000,2025-10-29 13:06:53.000000
rev_00000985,order_00001118,4,,,2025-07-10 06:14:27.174243,2025-07-10 06:14:27.174243
rev_00000986,order_00001119,4,,,2024-09-09 20:20:12.767250,2024-09-10 20:20:12.767250
rev_00000987,order_00001120,4,,,2024-12-30 09:30:03.205104,2025-01-01 09:30:03.205104
rev_00000988,order_00001121,4,,,2024-09-02 01:33:19.564896,2024-09-02 01:33:19.564896
rev_00000989,order_00001122,4,,,2024-03-29 13:44:51.390421,2024-03-30 13:44:51.390421
rev_00000990,order_00001123,4,,,2024-11-27 18:15:44.586334,2024-11-28 18:15:44.586334
rev_00000991,order_00001124,5,,,2025-12-07 13:16:01.884873,2025-12-07 13:16:01.884873
rev_00000992,order_00001125,3,,,2025-12-23 16:17:02.608748,2025-12-25 16:17:02.608748
rev_00000993,order_00001126,5,,,2025-04-20 00:05:26.385644,2025-04-20 00:05:26.385644
rev_00000994,order_00001127,5,,,2025-05-02 07:01:22.249447,2025-05-04 07:01:22.249447
rev_00000995,order_00001128,3,,,2025-06-17 14:37:02.749700,2025-06-19 14:37:02.749700
rev_00000996,order_00001129,3,,,2025-11-16 19:46:25.799519,2025-11-17 19:46:25.799519
rev_00000997,order_00001131,3,,,2024-04-30 19:12:14.070287,2024-05-01 19:12:14.070287
rev_00000998,order_00001132,3,,,2024-05-08 10:39:04.567288,2024-05-08 10:39:04.567288
rev_00000999,order_00001133,4,,,2025-06-01 12:32:44.705934,2025-06-01 12:32:44.705934
rev_00001000,order_00001134,4,,,2025-12-30 18:24:29.663240,2025-12-30 18:24:29.663240
rev_00001001,order_00001135,4,,,2025-12-02 19:05:02.981006,2025-12-02 19:05:02.981006
rev_00001002,order_00001136,4,,,2024-11-18 08:59:37.448194,2024-11-18 08:59:37.448194
rev_00001003,order_00001137,2,,,2024-02-07 12:08:24.769557,2024-02-09 12:08:24.769557
rev_00001004,order_00001139,4,,,2025-05-13 23:13:51.708993,2025-05-15 23:13:51.708993
rev_00001005,order_00001140,3,,,2025-01-03 10:51:43.322663,2025-01-04 10:51:43.322663
rev_00001006,order_00001141,4,,,2024-08-20 21:59:04.436208,2024-08-20 21:59:04.436208
rev_00001007,order_00001142,5,,,2025-04-08 15:50:27.000000,2025-04-10 15:50:27.000000
rev_00001008,order_00001143,4,,,2024-05-13 08:17:45.212839,2024-05-14 08:17:45.212839
rev_00001009,order_00001144,3,,,2024-09-01 17:35:57.466095,2024-09-02 17:35:57.466095
rev_00001010,order_00001145,4,,,2025-03-23 18:03:57.749498,2025-03-25 18:03:57.749498
rev_00001011,order_00001146,5,,,2025-09-25 07:14:07.374059,2025-09-26 07:14:07.374059
rev_00001012,order_00001147,4,,,2024-10-18 10:19:55.226766,2024-10-18 10:19:55.226766
rev_00001013,order_00001149,5,,,2024-03-17 09:12:28.265649,2024-03-17 09:12:28.265649
rev_00001014,order_00001150,4,,,2024-10-27 21:27:42.996848,2024-10-29 21:27:42.996848
rev_00001015,order_00001151,3,,,2025-04-08 03:00:00.894558,2025-04-10 03:00:00.894558
rev_00001016,order_00001152,4,,,2024-03-06 05:35:08.083424,2024-03-06 05:35:08.083424
rev_00001017,order_00001153,5,,,2025-11-23 13:02:44.377658,2025-11-24 13:02:44.377658
rev_00001018,order_00001155,5,,,2024-10-01 17:19:17.225833,2024-10-02 17:19:17.225833
rev_00001019,order_00001156,3,,,2025-04-04 16:10:23.158010,2025-04-04 16:10:23.158010
rev_00001020,order_00001157,5,,,2024-02-13 11:07:37.819575,2024-02-13 11:07:37.819575
rev_00001021,order_00001159,3,,,2025-10-01 00:15:10.661394,2025-10-02 00:15:10.661394
rev_00001022,order_00001160,5,,,2024-08-11 06:25:10.540941,2024-08-12 06:25:10.540941
rev_00001023,order_00001161,1,,,2025-11-05 23:57:36.907535,2025-11-07 23:57:36.907535
rev_00001024,order_00001162,2,,,2025-11-27 12:04:02.911951,2025-11-29 12:04:02.911951
rev_00001025,order_00001163,5,,,2025-01-19 05:28:31.849008,2025-01-20 05:28:31.849008
rev_00001026,order_00001164,2,,,2024-09-23 05:20:32.614379,2024-09-23 05:20:32.614379
rev_00001027,order_00001165,4,,,2024-04-15 18:53:54.002725,2024-04-17 18:53:54.002725
rev_00001028,order_00001166,5,,,2025-07-23 23:39:54.259764,2025-07-23 23:39:54.259764
rev_00001029,order_00001167,4,,,2025-04-21 11:47:16.524856,2025-04-23 11:47:16.524856
rev_00001030,order_00001168,4,,,2024-04-28 01:51:23.494444,2024-04-28 01:51:23.494444
rev_00001031,order_00001169,5,,,2024-01-31 16:18:42.827294,2024-02-01 16:18:42.827294
rev_00001032,order_00001170,4,,,2024-02-03 14:19:31.190966,2024-02-05 14:19:31.190966
rev_00001033,order_00001171,3,,,2025-12-24 07:59:43.180914,2025-12-26 07:59:43.180914
rev_00001034,order_00001172,3,,,2024-08-12 06:36:31.755077,2024-08-14 06:36:31.755077
rev_00001035,order_00001173,5,,,2025-03-28 11:08:04.505437,2025-03-30 11:08:04.505437
rev_00001036,order_00001174,4,,,2024-03-23 15:52:50.564203,2024-03-25 15:52:50.564203
rev_00001037,order_00001175,5,,,2026-01-08 04:22:24.731044,2026-01-08 04:22:24.731044
rev_00001038,order_00001176,5,,,2025-03-20 13:44:22.415390,2025-03-21 13:44:22.415390
rev_00001039,order_00001177,4,,,2025-02-22 10:46:07.322407,2025-02-23 10:46:07.322407
rev_00001040,order_00001178,4,,,2024-12-13 12:14:54.380915,2024-12-14 12:14:54.380915
rev_00001041,order_00001179,5,,,2025-05-20 07:51:04.099547,2025-05-21 07:51:04.099547
rev_00001042,order_00001180,3,,,2025-06-21 00:52:01.496382,2025-06-22 00:52:01.496382
rev_00001043,order_00001183,5,,,2024-04-05 13:45:51.284323,2024-04-05 13:45:51.284323
rev_00001044,order_00001184,3,,,2025-11-24 09:52:13.384475,2025-11-25 09:52:13.384475
rev_00001045,order_00001185,3,,,2024-02-04 01:29:29.322784,2024-02-05 01:29:29.322784
rev_00001046,order_00001190,4,,,2024-12-07 04:34:57.349875,2024-12-09 04:34:57.349875
rev_00001047,order_00001191,4,,,2024-02-11 05:11:19.567827,2024-02-12 05:11:19.567827
rev_00001048,order_00001192,5,,,2025-03-27 08:20:35.823850,2025-03-27 08:20:35.823850
rev_00001049,order_00001193,5,,,2025-03-12 06:19:34.177772,2025-03-14 06:19:34.177772
rev_00001050,order_00001194,5,,,2025-09-18 10:00:05.974213,2025-09-19 10:00:05.974213
rev_00001051,order_00001195,3,,,2025-05-11 01:55:54.781409,2025-05-12 01:55:54.781409
rev_00001052,order_00001196,2,,,2024-02-05 07:54:56.345077,2024-02-06 07:54:56.345077
rev_00001053,order_00001197,5,,,2025-07-31 06:30:59.214828,2025-07-31 06:30:59.214828
rev_00001054,order_00001199,3,,,2024-09-04 02:46:41.782387,2024-09-05 02:46:41.782387
rev_00001055,order_00001200,5,,,2025-10-27 19:41:38.639183,2025-10-29 19:41:38.639183
rev_00001056,order_00001201,3,,,2024-07-14 02:14:29.885029,2024-07-15 02:14:29.885029
rev_00001057,order_00001202,4,,,2024-06-22 15:43:42.020910,2024-06-24 15:43:42.020910
rev_00001058,order_00001203,4,,,2024-07-12 16:13:09.966930,2024-07-12 16:13:09.966930
rev_00001059,order_00001204,5,,,2024-07-13 06:30:36.825597,2024-07-14 06:30:36.825597
rev_00001060,order_00001205,5,,,2024-03-21 09:24:12.274218,2024-03-23 09:24:12.274218
rev_00001061,order_00001207,5,,,2025-04-27 13:17:07.350757,2025-04-28 13:17:07.350757
rev_00001062,order_00001208,3,,,2024-12-30 12:15:01.657084,2024-12-30 12:15:01.657084
rev_00001063,order_00001209,5,,,2025-02-15 06:27:50.980785,2025-02-17 06:27:50.980785
rev_00001064,order_00001210,4,,,2025-10-02 20:31:14.423206,2025-10-03 20:31:14.423206
rev_00001065,order_00001211,5,,,2024-03-08 18:30:36.345687,2024-03-08 18:30:36.345687
rev_00001066,order_00001212,4,,,2024-07-16 00:39:00.818999,2024-07-16 00:39:00.818999
rev_00001067,order_00001213,3,,,2025-10-06 07:33:05.283991,2025-10-08 07:33:05.283991
rev_00001068,order_00001214,5,,,2024-06-25 11:49:39.095833,2024-06-26 11:49:39.095833
rev_00001069,order_00001215,3,,,2025-02-07 21:01:12.942331,2025-02-08 21:01:12.942331
rev_00001070,order_00001216,5,,,2025-09-14 00:16:28.622047,2025-09-15 00:16:28.622047
rev_00001071,order_00001217,5,,,2025-01-24 03:58:20.545167,2025-01-25 03:58:20.545167
rev_00001072,order_00001218,4,,,2024-07-03 16:03:45.230276,2024-07-04 16:03:45.230276
rev_00001073,order_00001220,5,,,2025-01-06 13:19:34.929461,2025-01-06 13:19:34.929461
rev_00001074,order_00001221,4,,,2024-03-25 03:43:07.343049,2024-03-26 03:43:07.343049
rev_00001075,order_00001222,5,,,2025-04-26 14:11:57.079685,2025-04-28 14:11:57.079685
rev_00001076,order_00001223,4,,,2024-02-08 16:59:59.840924,2024-02-08 16:59:59.840924
rev_00001077,order_00001224,3,,,2025-05-30 22:39:55.668311,2025-05-30 22:39:55.668311
rev_00001078,order_00001225,3,,,2025-11-05 21:04:49.055212,2025-11-05 21:04:49.055212
rev_00001079,order_00001226,5,,,2025-02-15 00:46:58.818098,2025-02-16 00:46:58.818098
rev_00001080,order_00001227,4,,,2024-08-23 08:22:06.053124,2024-08-23 08:22:06.053124
rev_00001081,order_00001229,5,,,2024-12-22 10:10:44.059075,2024-12-22 10:10:44.059075
rev_00001082,order_00001230,3,,,2024-09-12 05:52:52.108523,2024-09-13 05:52:52.108523
rev_00001083,order_00001231,4,,,2024-02-16 19:54:44.646228,2024-02-16 19:54:44.646228
rev_00001084,order_00001232,5,,,2024-12-23 12:50:46.116838,2024-12-25 12:50:46.116838
rev_00001085,order_00001233,5,,,2025-05-14 03:25:44.521182,2025-05-14 03:25:44.521182
rev_00001086,order_00001234,3,,,2025-11-18 21:05:02.390734,2025-11-18 21:05:02.390734
rev_00001087,order_00001235,4,,,2025-10-31 16:56:13.111116,2025-11-01 16:56:13.111116
rev_00001088,order_00001236,3,,,2025-07-16 20:38:35.532309,2025-07-17 20:38:35.532309
rev_00001089,order_00001237,4,,,2024-10-26 15:24:07.026268,2024-10-28 15:24:07.026268
rev_00001090,order_00001238,4,,,2024-11-14 20:08:07.825102,2024-11-16 20:08:07.825102
rev_00001091,order_00001239,2,,,2024-07-26 15:28:39.957848,2024-07-28 15:28:39.957848
rev_00001092,order_00001240,5,,,2024-10-24 03:49:28.867516,2024-10-26 03:49:28.867516
rev_00001093,order_00001241,2,,,2024-10-14 14:51:39.642970,2024-10-14 14:51:39.642970
rev_00001094,order_00001242,4,,,2025-05-11 23:27:16.224887,2025-05-13 23:27:16.224887
rev_00001095,order_00001243,5,,,2025-10-23 10:24:29.365313,2025-10-23 10:24:29.365313
rev_00001096,order_00001244,5,,,2024-01-27 04:41:45.590417,2024-01-27 04:41:45.590417
rev_00001097,order_00001245,4,,,2024-09-08 06:03:04.568733,2024-09-08 06:03:04.568733
rev_00001098,order_00001246,5,,,2024-12-08 06:22:23.772308,2024-12-09 06:22:23.772308
rev_00001099,order_00001247,4,,,2024-03-01 08:17:01.813755,2024-03-01 08:17:01.813755
rev_00001100,order_00001248,5,,,2024-01-12 04:06:20.830772,2024-01-12 04:06:20.830772
rev_00001101,order_00001249,2,,,2026-01-01 12:35:32.902426,2026-01-03 12:35:32.902426
rev_00001102,order_00001250,5,,,2024-02-21 06:46:08.583818,2024-02-22 06:46:08.583818
rev_00001103,order_00001251,4,,,2024-11-09 16:56:49.685956,2024-11-10 16:56:49.685956
rev_00001104,order_00001252,4,,,2025-08-26 22:51:08.271189,2025-08-27 22:51:08.271189
rev_00001105,order_00001253,4,,,2024-07-12 02:22:04.547512,2024-07-14 02:22:04.547512
rev_00001106,order_00001254,4,,,2025-05-22 14:14:21.651855,2025-05-22 14:14:21.651855
rev_00001107,order_00001255,4,,,2025-03-31 11:23:17.393938,2025-04-01 11:23:17.393938
rev_00001108,order_00001256,4,,,2024-07-15 07:11:18.078815,2024-07-16 07:11:18.078815
rev_00001109,order_00001257,4,,,2024-03-28 01:43:27.000000,2024-03-29 01:43:27.000000
rev_00001110,order_00001258,4,,,2025-02-20 19:08:52.150140,2025-02-21 19:08:52.150140
rev_00001111,order_00001259,5,,,2024-03-16 04:50:26.278999,2024-03-17 04:50:26.278999
rev_00001112,order_00001260,4,,,2025-12-13 03:00:47.287066,2025-12-13 03:00:47.287066
rev_00001113,order_00001262,4,,,2025-01-02 17:30:52.000000,2025-01-04 17:30:52.000000
rev_00001114,order_00001263,4,,,2025-03-18 17:01:44.903009,2025-03-20 17:01:44.903009
rev_00001115,order_00001264,5,,,2024-07-29 16:50:15.602065,2024-07-29 16:50:15.602065
rev_00001116,order_00001265,5,,,2025-06-07 13:45:34.051929,2025-06-07 13:45:34.051929
rev_00001117,order_00001266,4,,,2025-07-30 16:05:11.739149,2025-07-31 16:05:11.739149
rev_00001118,order_00001267,3,,,2024-12-25 16:43:35.668368,2024-12-26 16:43:35.668368
rev_00001119,order_00001268,5,,,2025-02-05 13:44:11.624595,2025-02-06 13:44:11.624595
rev_00001120,order_00001269,2,,,2024-02-26 01:52:56.001263,2024-02-27 01:52:56.001263
rev_00001121,order_00001270,4,,,2025-08-06 22:28:25.134186,2025-08-07 22:28:25.134186
rev_00001122,order_00001271,5,,,2024-11-17 20:53:55.391070,2024-11-18 20:53:55.391070
rev_00001123,order_00001273,5,,,2024-11-30 13:16:37.262882,2024-11-30 13:16:37.262882
rev_00001124,order_00001274,5,,,2024-02-23 02:47:04.498658,2024-02-23 02:47:04.498658
rev_00001125,order_00001275,5,,,2025-03-15 03:12:44.000000,2025-03-17 03:12:44.000000
rev_00001126,order_00001276,3,,,2025-03-22 17:39:49.673353,2025-03-23 17:39:49.673353
rev_00001127,order_00001277,4,,,2024-06-08 01:36:39.524707,2024-06-08 01:36:39.524707
rev_00001128,order_00001278,4,,,2024-08-14 03:43:51.215081,2024-08-14 03:43:51.215081
rev_00001129,order_00001279,5,,,2024-10-13 18:51:07.354910,2024-10-14 18:51:07.354910
rev_00001130,order_00001282,4,,,2025-06-29 02:08:04.197569,2025-06-29 02:08:04.197569
rev_00001131,order_00001283,4,,,2024-10-25 13:21:08.174647,2024-10-25 13:21:08.174647
rev_00001132,order_00001284,5,,,2025-02-12 06:44:02.000000,2025-02-14 06:44:02.000000
rev_00001133,order_00001285,4,,,2025-09-21 02:49:56.138606,2025-09-22 02:49:56.138606
rev_00001134,order_00001286,3,,,2026-01-04 05:15:15.152120,2026-01-06 05:15:15.152120
rev_00001135,order_00001287,5,,,2024-04-20 01:03:41.755487,2024-04-20 01:03:41.755487
rev_00001136,order_00001288,3,,,2025-08-19 04:16:13.684746,2025-08-21 04:16:13.684746
rev_00001137,order_00001289,5,,,2025-08-10 14:13:54.000000,2025-08-11 14:13:54.000000
rev_00001138,order_00001291,2,,,2025-03-20 08:43:16.305386,2025-03-21 08:43:16.305386
rev_00001139,order_00001293,4,,,2024-08-17 23:36:17.267235,2024-08-18 23:36:17.267235
rev_00001140,order_00001294,5,,,2024-07-01 17:12:34.076547,2024-07-02 17:12:34.076547
rev_00001141,order_00001295,3,,,2026-01-03 17:10:58.231634,2026-01-03 17:10:58.231634
rev_00001142,order_00001297,4,,,2026-01-02 00:02:17.626339,2026-01-03 00:02:17.626339
rev_00001143,order_00001298,3,,,2024-04-10 19:41:21.381813,2024-04-11 19:41:21.381813
rev_00001144,order_00001299,2,,,2024-04-22 11:45:40.145873,2024-04-22 11:45:40.145873
rev_00001145,order_00001300,5,,,2024-10-30 11:08:32.761688,2024-10-30 11:08:32.761688
rev_00001146,order_00001301,4,,,2025-06-21 01:18:12.376437,2025-06-21 01:18:12.376437
rev_00001147,order_00001302,4,,,2025-11-16 07:00:06.347152,2025-11-17 07:00:06.347152
rev_00001148,order_00001303,5,,,2024-06-14 08:55:53.883027,2024-06-16 08:55:53.883027
rev_00001149,order_00001304,4,,,2024-02-02 00:10:32.497217,2024-02-04 00:10:32.497217
rev_00001150,order_00001305,5,,,2025-11-22 10:03:37.350753,2025-11-23 10:03:37.350753
rev_00001151,order_00001306,4,,,2024-11-25 18:29:13.120902,2024-11-27 18:29:13.120902
rev_00001152,order_00001307,3,,,2025-09-10 21:04:59.890920,2025-09-12 21:04:59.890920
rev_00001153,order_00001308,5,,,2024-08-02 21:01:57.643716,2024-08-04 21:01:57.643716
rev_00001154,order_00001309,5,,,2025-03-29 00:30:05.601064,2025-03-29 00:30:05.601064
rev_00001155,order_00001310,4,,,2024-09-04 00:22:37.256918,2024-09-05 00:22:37.256918
rev_00001156,order_00001311,2,,,2025-03-31 09:02:55.906864,2025-03-31 09:02:55.906864
rev_00001157,order_00001312,2,,,2024-07-10 02:52:47.985837,2024-07-11 02:52:47.985837
rev_00001158,order_00001313,4,,,2025-02-18 20:19:50.836264,2025-02-19 20:19:50.836264
rev_00001159,order_00001314,5,,,2025-05-19 12:00:35.717756,2025-05-20 12:00:35.717756
rev_00001160,order_00001315,4,,,2024-04-22 00:47:27.094939,2024-04-24 00:47:27.094939
rev_00001161,order_00001316,5,,,2025-05-10 12:09:11.000000,2025-05-11 12:09:11.000000
rev_00001162,order_00001317,3,,,2025-08-12 02:17:21.878291,2025-08-14 02:17:21.878291
rev_00001163,order_00001318,5,,,2024-08-25 03:44:22.024586,2024-08-25 03:44:22.024586
rev_00001164,order_00001319,4,,,2025-12-11 11:55:10.593036,2025-12-11 11:55:10.593036
rev_00001165,order_00001320,5,,,2024-04-13 13:02:17.024403,2024-04-15 13:02:17.024403
rev_00001166,order_00001321,5,,,2024-09-25 12:19:51.974686,2024-09-25 12:19:51.974686
rev_00001167,order_00001322,4,,,2024-12-29 22:53:00.483095,2024-12-30 22:53:00.483095
rev_00001168,order_00001324,3,,,2024-05-03 18:17:37.414726,2024-05-04 18:17:37.414726
rev_00001169,order_00001325,5,,,2024-03-18 15:33:06.860080,2024-03-20 15:33:06.860080
rev_00001170,order_00001326,4,,,2024-11-24 02:41:41.417326,2024-11-26 02:41:41.417326
rev_00001171,order_00001327,2,,,2024-11-30 09:14:27.912734,2024-12-01 09:14:27.912734
rev_00001172,order_00001328,3,,,2025-01-27 05:13:57.609072,2025-01-29 05:13:57.609072
rev_00001173,order_00001329,4,,,2024-03-31 22:39:45.438661,2024-03-31 22:39:45.438661
rev_00001174,order_00001330,3,,,2024-07-10 07:42:31.000000,2024-07-11 07:42:31.000000
rev_00001175,order_00001331,3,,,2025-11-21 16:09:47.029137,2025-11-21 16:09:47.029137
rev_00001176,order_00001332,2,,,2024-08-13 21:41:33.514097,2024-08-14 21:41:33.514097
rev_00001177,order_00001333,2,,,2025-04-15 10:59:59.000000,2025-04-16 10:59:59.000000
rev_00001178,order_00001334,4,,,2024-02-27 23:00:31.631205,2024-02-27 23:00:31.631205
rev_00001179,order_00001335,5,,,2024-08-05 13:35:29.883563,2024-08-05 13:35:29.883563
rev_00001180,order_00001336,4,,,2024-05-12 11:33:34.000000,2024-05-14 11:33:34.000000
rev_00001181,order_00001337,4,,,2025-05-01 09:19:28.753752,2025-05-02 09:19:28.753752
rev_00001182,order_00001338,4,,,2025-03-12 12:38:31.967849,2025-03-13 12:38:31.967849
rev_00001183,order_00001339,4,,,2024-05-15 22:24:35.378717,2024-05-17 22:24:35.378717
rev_00001184,order_00001340,4,,,2024-11-09 11:13:12.269479,2024-11-10 11:13:12.269479
rev_00001185,order_00001343,5,,,2025-07-12 04:11:43.793740,2025-07-13 04:11:43.793740
rev_00001186,order_00001344,3,,,2025-10-02 20:26:01.465963,2025-10-02 20:26:01.465963
rev_00001187,order_00001345,4,,,2024-02-09 17:37:10.879949,2024-02-09 17:37:10.879949
rev_00001188,order_00001346,2,,,2024-08-18 00:42:13.409405,2024-08-18 00:42:13.409405
rev_00001189,order_00001347,3,,,2024-04-11 07:17:55.208297,2024-04-12 07:17:55.208297
rev_00001190,order_00001348,4,,,2024-05-07 00:21:46.256967,2024-05-09 00:21:46.256967
rev_00001191,order_00001349,5,,,2024-09-19 12:12:50.098249,2024-09-19 12:12:50.098249
rev_00001192,order_00001350,3,,,2024-03-25 16:17:15.939907,2024-03-27 16:17:15.939907
rev_00001193,order_00001351,4,,,2024-05-22 15:38:31.469561,2024-05-23 15:38:31.469561
rev_00001194,order_00001352,4,,,2025-12-17 18:27:02.775305,2025-12-18 18:27:02.775305
rev_00001195,order_00001353,4,,,2024-01-22 03:39:01.114101,2024-01-22 03:39:01.114101
rev_00001196,order_00001354,3,,,2024-09-24 02:09:39.486916,2024-09-24 02:09:39.486916
rev_00001197,order_00001355,5,,,2024-10-27 05:05:54.722866,2024-10-28 05:05:54.722866
rev_00001198,order_00001356,5,,,2024-10-22 22:36:11.944644,2024-10-22 22:36:11.944644
rev_00001199,order_00001357,4,,,2025-11-11 12:17:58.550392,2025-11-11 12:17:58.550392
rev_00001200,order_00001358,4,,,2025-02-10 07:05:50.831243,2025-02-12 07:05:50.831243
rev_00001201,order_00001359,3,,,2025-02-22 16:31:35.526891,2025-02-22 16:31:35.526891
rev_00001202,order_00001360,4,,,2025-07-29 12:37:56.408988,2025-07-29 12:37:56.408988
rev_00001203,order_00001361,5,,,2024-12-16 02:03:26.013545,2024-12-16 02:03:26.013545
rev_00001204,order_00001362,4,,,2024-08-15 09:30:09.513608,2024-08-17 09:30:09.513608
rev_00001205,order_00001363,5,,,2025-02-10 08:44:16.243972,2025-02-10 08:44:16.243972
rev_00001206,order_00001364,3,,,2024-07-27 16:13:48.587106,2024-07-28 16:13:48.587106
rev_00001207,order_00001365,4,,,2025-12-06 05:19:53.579016,2025-12-08 05:19:53.579016
rev_00001208,order_00001366,5,,,2025-02-07 09:16:14.665832,2025-02-09 09:16:14.665832
rev_00001209,order_00001367,3,,,2024-08-28 19:28:02.682331,2024-08-30 19:28:02.682331
rev_00001210,order_00001368,3,,,2024-07-10 02:38:05.736704,2024-07-10 02:38:05.736704
rev_00001211,order_00001370,3,,,2025-12-10 15:06:52.150628,2025-12-10 15:06:52.150628
rev_00001212,order_00001371,4,,,2025-08-14 20:47:25.795586,2025-08-16 20:47:25.795586
rev_00001213,order_00001372,3,,,2024-10-26 00:34:40.717043,2024-10-26 00:34:40.717043
rev_00001214,order_00001374,3,,,2024-11-06 00:53:33.298274,2024-11-07 00:53:33.298274
rev_00001215,order_00001375,3,,,2024-05-01 11:28:55.000000,2024-05-03 11:28:55.000000
rev_00001216,order_00001376,4,,,2025-05-21 08:10:03.925831,2025-05-22 08:10:03.925831
rev_00001217,order_00001377,5,,,2025-08-13 08:30:38.700882,2025-08-14 08:30:38.700882
rev_00001218,order_00001378,3,,,2024-05-05 12:08:10.670505,2024-05-05 12:08:10.670505
rev_00001219,order_00001380,5,,,2025-09-21 11:54:51.289811,2025-09-21 11:54:51.289811
rev_00001220,order_00001381,3,,,2024-03-08 21:33:32.000000,2024-03-09 21:33:32.000000
rev_00001221,order_00001382,4,,,2024-12-19 06:46:30.461122,2024-12-21 06:46:30.461122
rev_00001222,order_00001383,5,,,2025-09-21 17:14:39.563116,2025-09-21 17:14:39.563116
rev_00001223,order_00001384,4,,,2024-08-02 04:57:04.000000,2024-08-03 04:57:04.000000
rev_00001224,order_00001385,5,,,2024-11-13 08:01:50.744421,2024-11-14 08:01:50.744421
rev_00001225,order_00001386,4,,,2024-01-17 04:43:05.511976,2024-01-17 04:43:05.511976
rev_00001226,order_00001387,5,,,2024-09-17 20:12:44.084677,2024-09-19 20:12:44.084677
rev_00001227,order_00001388,5,,,2024-03-05 23:28:32.154012,2024-03-05 23:28:32.154012
rev_00001228,order_00001390,4,,,2024-05-12 07:48:17.420857,2024-05-13 07:48:17.420857
rev_00001229,order_00001391,5,,,2025-06-18 13:58:39.147538,2025-06-19 13:58:39.147538
rev_00001230,order_00001392,4,,,2025-01-25 16:32:41.189932,2025-01-26 16:32:41.189932
rev_00001231,order_00001393,4,,,2024-08-14 16:20:30.459560,2024-08-16 16:20:30.459560
rev_00001232,order_00001395,4,,,2024-02-15 05:38:08.974316,2024-02-15 05:38:08.974316
rev_00001233,order_00001398,4,,,2025-05-31 04:33:30.400182,2025-06-02 04:33:30.400182
rev_00001234,order_00001399,3,,,2024-09-02 16:31:00.807767,2024-09-02 16:31:00.807767
rev_00001235,order_00001400,4,,,2025-06-16 09:13:44.965189,2025-06-18 09:13:44.965189
rev_00001236,order_00001402,4,,,2024-07-28 22:57:43.677948,2024-07-30 22:57:43.677948
rev_00001237,order_00001403,4,,,2025-09-13 12:13:45.690108,2025-09-15 12:13:45.690108
rev_00001238,order_00001404,4,,,2024-08-04 04:43:36.223483,2024-08-04 04:43:36.223483
rev_00001239,order_00001405,4,,,2025-03-30 02:42:58.130304,2025-03-30 02:42:58.130304
rev_00001240,order_00001407,4,,,2024-06-27 12:02:32.510157,2024-06-28 12:02:32.510157
rev_00001241,order_00001408,3,,,2024-01-28 20:05:41.286601,2024-01-28 20:05:41.286601
rev_00001242,order_00001410,2,,,2025-07-26 00:41:33.754980,2025-07-27 00:41:33.754980
rev_00001243,order_00001411,4,,,2024-11-23 07:24:36.808215,2024-11-24 07:24:36.808215
rev_00001244,order_00001413,5,,,2024-10-09 07:05:57.502768,2024-10-11 07:05:57.502768
rev_00001245,order_00001414,2,,,2025-10-28 00:07:25.755076,2025-10-29 00:07:25.755076
rev_00001246,order_00001415,3,,,2025-06-22 10:04:39.493098,2025-06-23 10:04:39.493098
rev_00001247,order_00001416,3,,,2025-06-19 17:45:04.486675,2025-06-19 17:45:04.486675
rev_00001248,order_00001417,2,,,2024-10-06 08:36:43.892102,2024-10-08 08:36:43.892102
rev_00001249,order_00001418,2,,,2025-04-08 09:44:07.000000,2025-04-10 09:44:07.000000
rev_00001250,order_00001419,2,,,2024-07-02 03:02:41.297088,2024-07-04 03:02:41.297088
rev_00001251,order_00001420,5,,,2025-10-31 16:02:41.121123,2025-11-01 16:02:41.121123
rev_00001252,order_00001421,4,,,2025-07-10 17:29:17.643526,2025-07-10 17:29:17.643526
rev_00001253,order_00001422,5,,,2025-01-29 15:18:32.690254,2025-01-30 15:18:32.690254
rev_00001254,order_00001423,4,,,2025-09-23 05:04:21.614302,2025-09-23 05:04:21.614302
rev_00001255,order_00001424,5,,,2025-04-02 23:49:55.771628,2025-04-03 23:49:55.771628
rev_00001256,order_00001425,5,,,2025-02-24 23:50:00.957001,2025-02-24 23:50:00.957001
rev_00001257,order_00001426,3,,,2025-01-14 23:46:03.690614,2025-01-16 23:46:03.690614
rev_00001258,order_00001427,5,,,2024-05-03 08:01:06.983698,2024-05-05 08:01:06.983698
rev_00001259,order_00001428,5,,,2025-04-20 23:48:00.459681,2025-04-21 23:48:00.459681
rev_00001260,order_00001429,5,,,2024-02-05 03:50:46.545429,2024-02-05 03:50:46.545429
rev_00001261,order_00001430,4,,,2024-10-04 00:57:45.909239,2024-10-06 00:57:45.909239
rev_00001262,order_00001431,4,,,2025-03-17 23:46:15.460209,2025-03-18 23:46:15.460209
rev_00001263,order_00001432,2,,,2024-02-16 07:26:11.440492,2024-02-18 07:26:11.440492
rev_00001264,order_00001434,4,,,2025-02-05 13:17:02.856651,2025-02-07 13:17:02.856651
rev_00001265,order_00001435,3,,,2025-02-13 02:35:14.911324,2025-02-14 02:35:14.911324
rev_00001266,order_00001436,5,,,2024-05-05 06:22:42.068017,2024-05-07 06:22:42.068017
rev_00001267,order_00001437,4,,,2025-05-19 20:11:22.518862,2025-05-20 20:11:22.518862
rev_00001268,order_00001438,2,,,2024-05-19 02:10:41.397046,2024-05-21 02:10:41.397046
rev_00001269,order_00001440,5,,,2025-02-26 13:35:19.316134,2025-02-27 13:35:19.316134
rev_00001270,order_00001441,2,,,2025-09-07 13:52:54.975991,2025-09-09 13:52:54.975991
rev_00001271,order_00001442,4,,,2024-03-11 06:40:13.169089,2024-03-13 06:40:13.169089
rev_00001272,order_00001443,3,,,2025-09-15 20:41:46.354279,2025-09-17 20:41:46.354279
rev_00001273,order_00001444,4,,,2025-09-28 12:20:46.611544,2025-09-29 12:20:46.611544
rev_00001274,order_00001445,4,,,2024-05-19 14:31:51.007693,2024-05-20 14:31:51.007693
rev_00001275,order_00001446,5,,,2025-08-05 15:20:13.903160,2025-08-05 15:20:13.903160
rev_00001276,order_00001449,4,,,2025-06-12 11:02:09.462407,2025-06-12 11:02:09.462407
rev_00001277,order_00001451,3,,,2024-09-17 03:55:45.271400,2024-09-18 03:55:45.271400
rev_00001278,order_00001452,4,,,2024-09-27 10:09:44.192335,2024-09-27 10:09:44.192335
rev_00001279,order_00001453,4,,,2025-04-19 11:24:09.217183,2025-04-21 11:24:09.217183
rev_00001280,order_00001454,4,,,2025-07-11 03:21:33.549437,2025-07-13 03:21:33.549437
rev_00001281,order_00001455,4,,,2024-09-20 23:54:24.301099,2024-09-21 23:54:24.301099
rev_00001282,order_00001456,4,,,2025-03-02 03:33:49.193218,2025-03-03 03:33:49.193218
rev_00001283,order_00001457,4,,,2024-10-09 22:57:30.580540,2024-10-10 22:57:30.580540
rev_00001284,order_00001458,4,,,2025-03-15 15:13:09.060873,2025-03-16 15:13:09.060873
rev_00001285,order_00001459,4,,,2024-09-12 13:00:39.905889,2024-09-14 13:00:39.905889
rev_00001286,order_00001460,3,,,2025-10-06 02:46:39.913446,2025-10-07 02:46:39.913446
rev_00001287,order_00001461,4,,,2024-09-28 01:38:04.724067,2024-09-29 01:38:04.724067
rev_00001288,order_00001463,4,,,2024-11-14 11:37:02.603918,2024-11-15 11:37:02.603918
rev_00001289,order_00001464,2,,,2024-09-28 04:00:58.657906,2024-09-29 04:00:58.657906
rev_00001290,order_00001465,3,,,2025-08-04 05:23:22.838067,2025-08-06 05:23:22.838067
rev_00001291,order_00001467,4,,,2025-05-15 20:19:27.495718,2025-05-17 20:19:27.495718
rev_00001292,order_00001468,5,,,2025-05-31 03:41:49.907749,2025-06-02 03:41:49.907749
rev_00001293,order_00001470,4,,,2025-01-04 05:59:18.412768,2025-01-05 05:59:18.412768
rev_00001294,order_00001471,3,,,2024-05-23 07:29:40.197551,2024-05-24 07:29:40.197551
rev_00001295,order_00001472,4,,,2024-02-07 07:27:23.426302,2024-02-07 07:27:23.426302
rev_00001296,order_00001473,5,,,2025-10-23 05:04:36.503348,2025-10-24 05:04:36.503348
rev_00001297,order_00001474,5,,,2025-10-30 08:46:04.678763,2025-10-30 08:46:04.678763
rev_00001298,order_00001475,2,,,2024-02-23 15:25:26.932683,2024-02-23 15:25:26.932683
rev_00001299,order_00001476,5,,,2025-06-03 08:25:27.822063,2025-06-05 08:25:27.822063
rev_00001300,order_00001477,3,,,2024-04-12 07:41:44.511244,2024-04-14 07:41:44.511244
rev_00001301,order_00001480,4,,,2025-12-28 19:01:57.599543,2025-12-29 19:01:57.599543
rev_00001302,order_00001481,3,,,2025-04-24 23:56:26.282467,2025-04-24 23:56:26.282467
rev_00001303,order_00001482,5,,,2024-10-31 08:04:32.000000,2024-11-02 08:04:32.000000
rev_00001304,order_00001483,5,,,2025-09-12 17:17:47.000000,2025-09-14 17:17:47.000000
rev_00001305,order_00001484,5,,,2024-07-16 03:55:43.742833,2024-07-18 03:55:43.742833
rev_00001306,order_00001485,3,,,2025-07-06 15:34:20.412548,2025-07-07 15:34:20.412548
rev_00001307,order_00001486,3,,,2024-05-23 01:12:34.469089,2024-05-23 01:12:34.469089
rev_00001308,order_00001487,4,,,2024-10-16 12:08:20.115918,2024-10-16 12:08:20.115918
rev_00001309,order_00001488,5,,,2024-02-04 00:56:57.176772,2024-02-05 00:56:57.176772
rev_00001310,order_00001489,5,,,2025-11-19 08:38:04.000000,2025-11-20 08:38:04.000000
rev_00001311,order_00001490,4,,,2025-09-17 16:42:31.824541,2025-09-19 16:42:31.824541
rev_00001312,order_00001491,5,,,2025-01-10 14:30:45.873695,2025-01-11 14:30:45.873695
rev_00001313,order_00001492,5,,,2025-12-05 08:47:14.215745,2025-12-07 08:47:14.215745
rev_00001314,order_00001493,4,,,2025-07-13 18:03:22.023244,2025-07-14 18:03:22.023244
rev_00001315,order_00001494,3,,,2024-12-05 20:11:32.987016,2024-12-07 20:11:32.987016
rev_00001316,order_00001495,4,,,2025-03-23 01:27:13.354165,2025-03-24 01:27:13.354165
rev_00001317,order_00001496,3,,,2024-12-29 19:00:38.110985,2024-12-30 19:00:38.110985
rev_00001318,order_00001497,5,,,2024-11-17 21:21:19.184910,2024-11-17 21:21:19.184910
rev_00001319,order_00001498,4,,,2024-09-16 00:56:45.532009,2024-09-16 00:56:45.532009
rev_00001320,order_00001500,1,,,2025-07-06 18:14:49.299645,2025-07-07 18:14:49.299645
rev_00001321,order_00001501,4,,,2025-06-26 09:38:38.113736,2025-06-27 09:38:38.113736
rev_00001322,order_00001502,4,,,2025-03-19 06:26:01.000000,2025-03-20 06:26:01.000000
rev_00001323,order_00001503,5,,,2024-03-06 04:14:56.905650,2024-03-06 04:14:56.905650
rev_00001324,order_00001504,2,,,2024-08-26 03:28:22.100052,2024-08-28 03:28:22.100052
rev_00001325,order_00001505,2,,,2025-04-30 06:36:41.386859,2025-04-30 06:36:41.386859
rev_00001326,order_00001507,1,,,2024-07-08 20:53:49.126472,2024-07-10 20:53:49.126472
rev_00001327,order_00001508,5,,,2025-01-30 02:05:24.922411,2025-01-31 02:05:24.922411
rev_00001328,order_00001509,4,,,2025-09-20 11:48:39.335461,2025-09-20 11:48:39.335461
rev_00001329,order_00001512,5,,,2024-07-22 11:22:11.784670,2024-07-24 11:22:11.784670
rev_00001330,order_00001515,3,,,2024-11-25 07:20:37.524025,2024-11-27 07:20:37.524025
rev_00001331,order_00001518,5,,,2025-12-08 22:30:04.000000,2025-12-10 22:30:04.000000
rev_00001332,order_00001519,4,,,2024-11-26 20:54:40.104200,2024-11-26 20:54:40.104200
rev_00001333,order_00001520,5,,,2024-11-03 18:24:18.468158,2024-11-03 18:24:18.468158
rev_00001334,order_00001521,5,,,2024-10-12 03:11:43.174264,2024-10-12 03:11:43.174264
rev_00001335,order_00001523,5,,,2024-11-18 14:22:38.107071,2024-11-18 14:22:38.107071
rev_00001336,order_00001524,2,,,2024-12-20 00:30:43.738147,2024-12-20 00:30:43.738147
rev_00001337,order_00001525,5,,,2024-09-08 15:21:38.635030,2024-09-08 15:21:38.635030
rev_00001338,order_00001526,4,,,2024-01-22 01:01:02.087314,2024-01-22 01:01:02.087314
rev_00001339,order_00001527,5,,,2024-05-20 07:44:44.977351,2024-05-20 07:44:44.977351
rev_00001340,order_00001528,4,,,2024-05-16 12:13:42.901806,2024-05-18 12:13:42.901806
rev_00001341,order_00001529,5,,,2025-03-09 02:07:54.835888,2025-03-09 02:07:54.835888
rev_00001342,order_00001530,5,,,2024-03-24 13:48:46.953706,2024-03-24 13:48:46.953706
rev_00001343,order_00001531,3,,,2024-11-11 21:49:12.248329,2024-11-12 21:49:12.248329
rev_00001344,order_00001533,3,,,2025-02-04 20:21:31.316547,2025-02-04 20:21:31.316547
rev_00001345,order_00001537,4,,,2025-09-02 03:07:46.295967,2025-09-02 03:07:46.295967
rev_00001346,order_00001538,5,,,2024-08-28 10:05:11.955218,2024-08-30 10:05:11.955218
rev_00001347,order_00001539,4,,,2024-12-26 16:53:30.246596,2024-12-28 16:53:30.246596
rev_00001348,order_00001540,5,,,2024-12-20 04:30:54.390646,2024-12-22 04:30:54.390646
rev_00001349,order_00001541,3,,,2024-02-17 19:24:37.902579,2024-02-18 19:24:37.902579
rev_00001350,order_00001542,3,,,2024-04-12 00:23:37.324739,2024-04-13 00:23:37.324739
rev_00001351,order_00001543,5,,,2025-05-05 03:27:53.166466,2025-05-06 03:27:53.166466
rev_00001352,order_00001544,5,,,2024-06-19 23:41:45.508405,2024-06-21 23:41:45.508405
rev_00001353,order_00001545,4,,,2024-03-25 03:40:39.325230,2024-03-27 03:40:39.325230
rev_00001354,order_00001546,4,,,2024-05-16 00:33:15.779838,2024-05-17 00:33:15.779838
rev_00001355,order_00001547,4,,,2024-08-11 13:22:11.279665,2024-08-11 13:22:11.279665
rev_00001356,order_00001548,5,,,2024-06-16 14:56:23.131199,2024-06-18 14:56:23.131199
rev_00001357,order_00001550,3,,,2024-08-29 16:59:35.033388,2024-08-30 16:59:35.033388
rev_00001358,order_00001551,4,,,2024-08-10 19:13:13.884054,2024-08-11 19:13:13.884054
rev_00001359,order_00001552,4,,,2024-07-19 23:29:11.919720,2024-07-20 23:29:11.919720
rev_00001360,order_00001553,5,,,2024-04-16 03:02:37.284853,2024-04-18 03:02:37.284853
rev_00001361,order_00001554,5,,,2025-07-24 21:06:52.685169,2025-07-25 21:06:52.685169
rev_00001362,order_00001556,4,,,2024-11-16 09:49:56.494912,2024-11-18 09:49:56.494912
rev_00001363,order_00001558,3,,,2024-08-17 02:56:08.164467,2024-08-19 02:56:08.164467
rev_00001364,order_00001559,4,,,2025-04-26 01:28:48.876107,2025-04-26 01:28:48.876107
rev_00001365,order_00001560,4,,,2024-06-29 11:55:11.067725,2024-06-29 11:55:11.067725
rev_00001366,order_00001561,5,,,2024-06-21 23:38:45.778564,2024-06-22 23:38:45.778564
rev_00001367,order_00001562,3,,,2024-01-23 02:22:25.705359,2024-01-23 02:22:25.705359
rev_00001368,order_00001563,5,,,2024-06-09 00:21:43.091285,2024-06-11 00:21:43.091285
rev_00001369,order_00001564,4,,,2024-11-17 17:06:45.035772,2024-11-18 17:06:45.035772
rev_00001370,order_00001565,5,,,2025-03-24 15:04:24.741691,2025-03-26 15:04:24.741691
rev_00001371,order_00001566,5,,,2024-05-11 06:33:06.979171,2024-05-13 06:33:06.979171
rev_00001372,order_00001567,4,,,2024-06-30 10:55:50.000000,2024-06-30 10:55:50.000000
rev_00001373,order_00001569,5,,,2025-06-17 10:41:52.383146,2025-06-19 10:41:52.383146
rev_00001374,order_00001570,5,,,2024-09-21 13:30:12.020752,2024-09-23 13:30:12.020752
rev_00001375,order_00001573,3,,,2025-03-01 10:57:31.958058,2025-03-01 10:57:31.958058
rev_00001376,order_00001574,4,,,2024-10-10 01:04:18.848939,2024-10-10 01:04:18.848939
rev_00001377,order_00001575,3,,,2024-12-13 00:36:07.873420,2024-12-15 00:36:07.873420
rev_00001378,order_00001576,5,,,2024-10-20 03:11:48.377980,2024-10-21 03:11:48.377980
rev_00001379,order_00001577,5,,,2024-04-28 03:06:32.257748,2024-04-29 03:06:32.257748
rev_00001380,order_00001578,5,,,2025-07-30 22:34:44.071331,2025-08-01 22:34:44.071331
rev_00001381,order_00001579,5,,,2025-02-03 09:33:35.226865,2025-02-05 09:33:35.226865
rev_00001382,order_00001580,3,,,2024-06-07 19:51:58.080582,2024-06-09 19:51:58.080582
rev_00001383,order_00001581,5,,,2024-07-08 11:47:09.249195,2024-07-10 11:47:09.249195
rev_00001384,order_00001582,4,,,2025-11-09 13:56:53.184130,2025-11-09 13:56:53.184130
rev_00001385,order_00001583,5,,,2025-09-29 21:29:53.212000,2025-09-30 21:29:53.212000
rev_00001386,order_00001584,5,,,2025-02-18 22:10:46.424523,2025-02-18 22:10:46.424523
rev_00001387,order_00001585,4,,,2024-10-29 00:27:35.840321,2024-10-29 00:27:35.840321
rev_00001388,order_00001586,3,,,2025-04-18 11:28:20.982624,2025-04-19 11:28:20.982624
rev_00001389,order_00001587,5,,,2024-11-12 04:02:14.669149,2024-11-13 04:02:14.669149
rev_00001390,order_00001588,2,,,2024-07-24 01:29:12.878880,2024-07-24 01:29:12.878880
rev_00001391,order_00001589,5,,,2025-11-28 04:08:29.000000,2025-11-29 04:08:29.000000
rev_00001392,order_00001591,3,,,2025-11-09 14:35:50.167286,2025-11-11 14:35:50.167286
rev_00001393,order_00001592,4,,,2025-11-11 12:13:24.513277,2025-11-11 12:13:24.513277
rev_00001394,order_00001593,5,,,2025-10-16 14:05:55.085621,2025-10-18 14:05:55.085621
rev_00001395,order_00001594,3,,,2025-06-02 00:37:50.664604,2025-06-04 00:37:50.664604
rev_00001396,order_00001595,4,,,2024-05-25 15:54:46.997712,2024-05-25 15:54:46.997712
rev_00001397,order_00001596,5,,,2024-11-26 01:21:41.964447,2024-11-27 01:21:41.964447
rev_00001398,order_00001597,4,,,2024-12-11 17:52:19.718575,2024-12-12 17:52:19.718575
rev_00001399,order_00001598,4,,,2025-05-20 00:25:31.163705,2025-05-22 00:25:31.163705
rev_00001400,order_00001599,5,,,2024-05-16 05:45:00.037331,2024-05-18 05:45:00.037331
rev_00001401,order_00001600,4,,,2025-04-03 00:32:00.048507,2025-04-03 00:32:00.048507
rev_00001402,order_00001601,5,,,2025-01-20 06:03:28.846129,2025-01-22 06:03:28.846129
rev_00001403,order_00001602,3,,,2025-06-07 11:19:49.784360,2025-06-08 11:19:49.784360
rev_00001404,order_00001603,3,,,2025-09-18 17:45:18.770312,2025-09-20 17:45:18.770312
rev_00001405,order_00001604,4,,,2025-08-03 01:56:31.930474,2025-08-03 01:56:31.930474
rev_00001406,order_00001605,4,,,2025-04-23 07:41:08.401221,2025-04-25 07:41:08.401221
rev_00001407,order_00001606,4,,,2024-07-02 12:03:07.516080,2024-07-03 12:03:07.516080
rev_00001408,order_00001607,4,,,2025-10-12 19:57:56.624998,2025-10-13 19:57:56.624998
rev_00001409,order_00001608,4,,,2024-08-20 21:09:13.506213,2024-08-20 21:09:13.506213
rev_00001410,order_00001609,4,,,2025-02-19 06:10:10.291539,2025-02-20 06:10:10.291539
rev_00001411,order_00001611,4,,,2025-05-19 21:09:04.537776,2025-05-20 21:09:04.537776
rev_00001412,order_00001612,4,,,2025-11-16 13:16:04.415814,2025-11-17 13:16:04.415814
rev_00001413,order_00001613,5,,,2024-04-25 16:40:12.871130,2024-04-27 16:40:12.871130
rev_00001414,order_00001614,3,,,2025-04-11 17:01:54.895031,2025-04-11 17:01:54.895031
rev_00001415,order_00001615,3,,,2025-04-28 20:53:51.385934,2025-04-28 20:53:51.385934
rev_00001416,order_00001616,3,,,2025-07-21 20:46:44.053068,2025-07-23 20:46:44.053068
rev_00001417,order_00001617,4,,,2025-06-11 17:15:24.736088,2025-06-12 17:15:24.736088
rev_00001418,order_00001618,5,,,2024-01-05 02:24:26.000000,2024-01-05 02:24:26.000000
rev_00001419,order_00001619,5,,,2024-11-19 06:15:39.841142,2024-11-20 06:15:39.841142
rev_00001420,order_00001621,3,,,2025-09-10 09:00:12.027722,2025-09-10 09:00:12.027722
rev_00001421,order_00001622,3,,,2024-02-20 12:48:11.060142,2024-02-22 12:48:11.060142
rev_00001422,order_00001625,3,,,2024-01-18 01:34:31.196992,2024-01-19 01:34:31.196992
rev_00001423,order_00001626,4,,,2024-03-13 09:37:07.745744,2024-03-13 09:37:07.745744
rev_00001424,order_00001627,3,,,2025-02-11 19:23:40.351067,2025-02-11 19:23:40.351067
rev_00001425,order_00001628,5,,,2024-06-03 12:30:40.746224,2024-06-05 12:30:40.746224
rev_00001426,order_00001629,5,,,2025-08-04 01:18:31.318678,2025-08-06 01:18:31.318678
rev_00001427,order_00001633,5,,,2025-03-02 22:46:47.947059,2025-03-02 22:46:47.947059
rev_00001428,order_00001634,3,,,2025-05-20 18:05:18.224755,2025-05-20 18:05:18.224755
rev_00001429,order_00001635,4,,,2025-04-22 14:09:50.763561,2025-04-22 14:09:50.763561
rev_00001430,order_00001636,4,,,2024-01-21 03:58:40.595659,2024-01-21 03:58:40.595659
rev_00001431,order_00001637,4,,,2025-01-20 01:33:02.267125,2025-01-21 01:33:02.267125
rev_00001432,order_00001638,4,,,2025-06-06 08:44:43.573981,2025-06-06 08:44:43.573981
rev_00001433,order_00001639,3,,,2024-04-22 23:25:32.596144,2024-04-23 23:25:32.596144
rev_00001434,order_00001641,3,,,2025-12-17 04:58:10.441262,2025-12-17 04:58:10.441262
rev_00001435,order_00001642,5,,,2024-08-11 14:50:35.780975,2024-08-12 14:50:35.780975
rev_00001436,order_00001644,4,,,2024-08-08 11:34:30.758880,2024-08-08 11:34:30.758880
rev_00001437,order_00001645,3,,,2025-06-10 03:45:30.827463,2025-06-10 03:45:30.827463
rev_00001438,order_00001646,4,,,2024-09-17 14:28:28.897129,2024-09-18 14:28:28.897129
rev_00001439,order_00001647,4,,,2024-07-20 06:54:44.835572,2024-07-21 06:54:44.835572
rev_00001440,order_00001648,4,,,2025-02-27 17:57:30.866243,2025-03-01 17:57:30.866243
rev_00001441,order_00001649,3,,,2024-09-19 15:00:20.924193,2024-09-21 15:00:20.924193
rev_00001442,order_00001650,3,,,2025-03-13 08:28:15.408372,2025-03-15 08:28:15.408372
rev_00001443,order_00001652,5,,,2024-08-25 16:10:10.868617,2024-08-25 16:10:10.868617
rev_00001444,order_00001653,3,,,2025-11-01 05:41:22.175726,2025-11-02 05:41:22.175726
rev_00001445,order_00001655,5,,,2025-01-12 18:25:22.000000,2025-01-12 18:25:22.000000
rev_00001446,order_00001656,5,,,2025-02-22 13:00:46.076047,2025-02-24 13:00:46.076047
rev_00001447,order_00001657,4,,,2025-08-22 17:45:20.777095,2025-08-23 17:45:20.777095
rev_00001448,order_00001658,3,,,2025-08-13 00:14:29.000000,2025-08-15 00:14:29.000000
rev_00001449,order_00001659,3,,,2025-02-19 07:59:36.312562,2025-02-21 07:59:36.312562
rev_00001450,order_00001660,5,,,2024-12-05 02:40:00.108570,2024-12-07 02:40:00.108570
rev_00001451,order_00001661,1,,,2025-08-15 11:03:33.653940,2025-08-16 11:03:33.653940
rev_00001452,order_00001662,5,,,2025-08-19 10:05:55.040450,2025-08-19 10:05:55.040450
rev_00001453,order_00001663,5,,,2025-11-19 20:51:59.120366,2025-11-21 20:51:59.120366
rev_00001454,order_00001664,4,,,2025-04-29 21:39:00.684363,2025-05-01 21:39:00.684363
rev_00001455,order_00001665,3,,,2024-07-13 05:17:00.000000,2024-07-15 05:17:00.000000
rev_00001456,order_00001667,5,,,2024-12-12 04:37:29.000000,2024-12-12 04:37:29.000000
rev_00001457,order_00001669,3,,,2024-10-12 10:05:49.565184,2024-10-14 10:05:49.565184
rev_00001458,order_00001670,4,,,2025-06-29 02:04:44.741152,2025-07-01 02:04:44.741152
rev_00001459,order_00001671,5,,,2025-06-22 00:52:28.078685,2025-06-24 00:52:28.078685
rev_00001460,order_00001672,4,,,2025-05-22 02:28:21.679416,2025-05-24 02:28:21.679416
rev_00001461,order_00001673,5,,,2025-03-18 07:39:29.630905,2025-03-20 07:39:29.630905
rev_00001462,order_00001674,4,,,2025-04-07 15:48:19.661332,2025-04-07 15:48:19.661332
rev_00001463,order_00001675,5,,,2025-05-19 05:47:08.493749,2025-05-19 05:47:08.493749
rev_00001464,order_00001677,4,,,2024-03-03 12:50:55.303579,2024-03-04 12:50:55.303579
rev_00001465,order_00001678,4,,,2025-08-21 18:59:44.070687,2025-08-21 18:59:44.070687
rev_00001466,order_00001680,4,,,2025-06-17 23:40:59.000000,2025-06-18 23:40:59.000000
rev_00001467,order_00001681,5,,,2024-02-20 00:39:42.000000,2024-02-21 00:39:42.000000
rev_00001468,order_00001682,4,,,2024-03-20 15:41:04.747555,2024-03-21 15:41:04.747555
rev_00001469,order_00001683,5,,,2025-08-05 16:25:49.504693,2025-08-06 16:25:49.504693
rev_00001470,order_00001685,4,,,2025-08-04 21:32:46.151478,2025-08-06 21:32:46.151478
rev_00001471,order_00001686,4,,,2025-02-05 08:52:25.250894,2025-02-07 08:52:25.250894
rev_00001472,order_00001687,5,,,2026-01-12 17:26:17.089670,2026-01-14 17:26:17.089670
rev_00001473,order_00001688,2,,,2025-12-01 02:38:22.127446,2025-12-03 02:38:22.127446
rev_00001474,order_00001689,4,,,2024-08-22 02:52:57.600796,2024-08-23 02:52:57.600796
rev_00001475,order_00001690,3,,,2024-11-24 01:30:10.514569,2024-11-25 01:30:10.514569
rev_00001476,order_00001691,5,,,2025-07-18 11:11:29.123316,2025-07-20 11:11:29.123316
rev_00001477,order_00001693,5,,,2024-08-16 01:06:44.524021,2024-08-18 01:06:44.524021
rev_00001478,order_00001694,4,,,2024-08-25 06:07:59.829774,2024-08-27 06:07:59.829774
rev_00001479,order_00001695,3,,,2026-01-14 20:00:51.817949,2026-01-15 20:00:51.817949
rev_00001480,order_00001696,4,,,2025-04-16 20:19:06.729988,2025-04-18 20:19:06.729988
rev_00001481,order_00001697,4,,,2025-07-28 07:14:43.872571,2025-07-28 07:14:43.872571
rev_00001482,order_00001698,3,,,2025-12-06 23:38:37.861604,2025-12-08 23:38:37.861604
rev_00001483,order_00001699,4,,,2025-04-18 09:36:29.877865,2025-04-20 09:36:29.877865
rev_00001484,order_00001700,4,,,2024-08-14 14:33:32.158840,2024-08-15 14:33:32.158840
rev_00001485,order_00001701,4,,,2024-06-28 21:57:02.221910,2024-06-29 21:57:02.221910
rev_00001486,order_00001702,5,,,2025-06-25 12:44:10.458504,2025-06-25 12:44:10.458504
rev_00001487,order_00001703,5,,,2024-10-22 13:51:05.228943,2024-10-24 13:51:05.228943
rev_00001488,order_00001704,5,,,2024-03-19 16:34:42.923456,2024-03-20 16:34:42.923456
rev_00001489,order_00001705,3,,,2024-11-26 16:28:41.673301,2024-11-28 16:28:41.673301
rev_00001490,order_00001706,4,,,2025-07-22 22:14:21.015724,2025-07-22 22:14:21.015724
rev_00001491,order_00001707,3,,,2024-05-22 04:08:19.625869,2024-05-24 04:08:19.625869
rev_00001492,order_00001708,5,,,2024-08-18 19:33:50.819909,2024-08-20 19:33:50.819909
rev_00001493,order_00001709,3,,,2025-07-28 15:58:36.340671,2025-07-30 15:58:36.340671
rev_00001494,order_00001710,5,,,2025-07-22 08:01:25.754757,2025-07-24 08:01:25.754757
rev_00001495,order_00001711,4,,,2025-08-07 04:40:28.000000,2025-08-08 04:40:28.000000
rev_00001496,order_00001712,5,,,2025-11-02 06:47:55.207888,2025-11-03 06:47:55.207888
rev_00001497,order_00001715,3,,,2025-10-02 03:24:12.363243,2025-10-03 03:24:12.363243
rev_00001498,order_00001716,4,,,2024-04-18 17:47:27.763341,2024-04-18 17:47:27.763341
rev_00001499,order_00001717,4,,,2025-05-25 02:34:32.213103,2025-05-25 02:34:32.213103
rev_00001500,order_00001718,3,,,2024-10-07 00:53:40.879317,2024-10-08 00:53:40.879317
rev_00001501,order_00001719,5,,,2024-03-11 18:04:33.028733,2024-03-12 18:04:33.028733
rev_00001502,order_00001720,4,,,2025-01-20 05:56:33.662640,2025-01-22 05:56:33.662640
rev_00001503,order_00001721,3,,,2025-03-25 22:00:21.281013,2025-03-25 22:00:21.281013
rev_00001504,order_00001722,5,,,2025-09-05 01:45:14.065940,2025-09-05 01:45:14.065940
rev_00001505,order_00001723,3,,,2025-05-17 13:43:25.156473,2025-05-17 13:43:25.156473
rev_00001506,order_00001724,5,,,2025-11-28 05:01:21.092496,2025-11-30 05:01:21.092496
rev_00001507,order_00001725,4,,,2025-09-05 09:02:13.132606,2025-09-06 09:02:13.132606
rev_00001508,order_00001726,5,,,2025-04-07 19:15:09.584802,2025-04-07 19:15:09.584802
rev_00001509,order_00001727,5,,,2024-07-13 08:13:23.956271,2024-07-14 08:13:23.956271
rev_00001510,order_00001728,4,,,2025-09-23 10:33:42.109907,2025-09-24 10:33:42.109907
rev_00001511,order_00001729,5,,,2025-02-01 22:53:43.000000,2025-02-02 22:53:43.000000
rev_00001512,order_00001730,5,,,2024-02-10 05:14:54.866482,2024-02-12 05:14:54.866482
rev_00001513,order_00001731,4,,,2024-02-04 00:36:41.530830,2024-02-06 00:36:41.530830
rev_00001514,order_00001732,4,,,2025-08-05 00:32:45.198451,2025-08-05 00:32:45.198451
rev_00001515,order_00001733,4,,,2024-02-11 06:57:50.000000,2024-02-11 06:57:50.000000
rev_00001516,order_00001734,4,,,2024-11-06 13:48:21.430802,2024-11-07 13:48:21.430802
rev_00001517,order_00001735,5,,,2025-10-11 20:09:03.058298,2025-10-13 20:09:03.058298
rev_00001518,order_00001736,3,,,2025-02-06 10:27:18.586160,2025-02-07 10:27:18.586160
rev_00001519,order_00001737,4,,,2024-02-02 05:41:13.000000,2024-02-02 05:41:13.000000
rev_00001520,order_00001738,5,,,2025-05-27 21:05:24.459651,2025-05-28 21:05:24.459651
rev_00001521,order_00001739,2,,,2025-02-16 11:48:52.000000,2025-02-16 11:48:52.000000
rev_00001522,order_00001740,3,,,2024-12-26 12:31:06.627409,2024-12-28 12:31:06.627409
rev_00001523,order_00001741,4,,,2025-12-21 09:44:32.610654,2025-12-23 09:44:32.610654
rev_00001524,order_00001742,4,,,2024-08-19 20:31:45.829719,2024-08-20 20:31:45.829719
rev_00001525,order_00001743,5,,,2024-08-01 14:46:06.064450,2024-08-02 14:46:06.064450
rev_00001526,order_00001744,5,,,2024-05-01 10:37:50.977650,2024-05-03 10:37:50.977650
rev_00001527,order_00001745,5,,,2024-03-31 05:32:15.573057,2024-04-01 05:32:15.573057
rev_00001528,order_00001747,3,,,2024-08-10 00:20:35.666520,2024-08-10 00:20:35.666520
rev_00001529,order_00001748,5,,,2024-11-26 12:34:34.615484,2024-11-27 12:34:34.615484
rev_00001530,order_00001749,3,,,2025-08-02 12:16:29.362611,2025-08-03 12:16:29.362611
rev_00001531,order_00001750,3,,,2025-10-23 07:33:32.083893,2025-10-24 07:33:32.083893
rev_00001532,order_00001751,5,,,2025-10-30 06:26:31.492192,2025-10-31 06:26:31.492192
rev_00001533,order_00001752,4,,,2024-01-27 23:14:47.962015,2024-01-29 23:14:47.962015
rev_00001534,order_00001753,4,,,2024-11-24 09:07:10.576596,2024-11-24 09:07:10.576596
rev_00001535,order_00001754,4,,,2024-07-17 14:13:33.960950,2024-07-17 14:13:33.960950
rev_00001536,order_00001755,3,,,2024-03-17 05:58:32.691403,2024-03-19 05:58:32.691403
rev_00001537,order_00001756,4,,,2024-07-21 01:37:28.116188,2024-07-21 01:37:28.116188
rev_00001538,order_00001758,4,,,2024-06-12 09:35:08.977902,2024-06-14 09:35:08.977902
rev_00001539,order_00001759,3,,,2024-03-14 12:47:34.267906,2024-03-15 12:47:34.267906
rev_00001540,order_00001760,4,,,2024-12-03 05:26:02.348121,2024-12-05 05:26:02.348121
rev_00001541,order_00001761,5,,,2024-01-23 20:16:41.001586,2024-01-23 20:16:41.001586
rev_00001542,order_00001762,5,,,2024-02-18 19:34:01.689287,2024-02-20 19:34:01.689287
rev_00001543,order_00001763,4,,,2025-06-02 04:13:09.441553,2025-06-04 04:13:09.441553
rev_00001544,order_00001764,4,,,2025-01-11 02:58:57.069824,2025-01-12 02:58:57.069824
rev_00001545,order_00001765,4,,,2024-09-26 04:22:17.394946,2024-09-27 04:22:17.394946
rev_00001546,order_00001766,4,,,2024-07-18 06:32:35.489890,2024-07-20 06:32:35.489890
rev_00001547,order_00001767,2,,,2024-10-07 09:46:07.541428,2024-10-08 09:46:07.541428
rev_00001548,order_00001768,4,,,2025-04-03 09:21:07.423199,2025-04-04 09:21:07.423199
rev_00001549,order_00001769,4,,,2024-01-22 17:00:00.873498,2024-01-23 17:00:00.873498
rev_00001550,order_00001770,4,,,2024-05-26 04:50:15.699069,2024-05-27 04:50:15.699069
rev_00001551,order_00001771,4,,,2025-03-14 20:47:11.668555,2025-03-15 20:47:11.668555
rev_00001552,order_00001772,4,,,2024-09-20 18:53:47.805188,2024-09-21 18:53:47.805188
rev_00001553,order_00001773,4,,,2024-06-14 14:16:11.408373,2024-06-15 14:16:11.408373
rev_00001554,order_00001774,2,,,2024-10-13 21:38:58.063914,2024-10-14 21:38:58.063914
rev_00001555,order_00001775,3,,,2024-02-12 04:04:47.988516,2024-02-13 04:04:47.988516
rev_00001556,order_00001776,4,,,2025-10-02 16:11:23.125032,2025-10-04 16:11:23.125032
rev_00001557,order_00001777,4,,,2024-08-23 08:11:12.294499,2024-08-24 08:11:12.294499
rev_00001558,order_00001779,4,,,2025-11-15 05:12:55.339909,2025-11-15 05:12:55.339909
rev_00001559,order_00001780,4,,,2025-01-27 10:04:16.541177,2025-01-27 10:04:16.541177
rev_00001560,order_00001781,5,,,2025-07-28 20:31:25.774537,2025-07-29 20:31:25.774537
rev_00001561,order_00001782,2,,,2024-08-06 00:50:36.317349,2024-08-07 00:50:36.317349
rev_00001562,order_00001783,4,,,2024-04-07 08:35:32.973602,2024-04-09 08:35:32.973602
rev_00001563,order_00001784,2,,,2025-09-14 13:20:39.634178,2025-09-14 13:20:39.634178
rev_00001564,order_00001785,5,,,2024-06-27 11:21:31.775619,2024-06-28 11:21:31.775619
rev_00001565,order_00001787,3,,,2025-04-25 19:37:11.588993,2025-04-27 19:37:11.588993
rev_00001566,order_00001788,5,,,2025-09-27 06:43:56.514357,2025-09-28 06:43:56.514357
rev_00001567,order_00001789,4,,,2025-04-28 03:08:54.000000,2025-04-30 03:08:54.000000
rev_00001568,order_00001790,4,,,2025-07-11 22:18:41.470971,2025-07-12 22:18:41.470971
rev_00001569,order_00001791,5,,,2025-08-07 23:45:10.575700,2025-08-09 23:45:10.575700
rev_00001570,order_00001792,3,,,2025-02-01 10:03:04.017757,2025-02-01 10:03:04.017757
rev_00001571,order_00001793,4,,,2025-06-06 04:06:41.000000,2025-06-06 04:06:41.000000
rev_00001572,order_00001794,5,,,2025-11-21 00:23:15.490484,2025-11-23 00:23:15.490484
rev_00001573,order_00001795,4,,,2024-04-26 15:34:07.563130,2024-04-28 15:34:07.563130
rev_00001574,order_00001796,3,,,2025-07-05 15:09:47.845019,2025-07-07 15:09:47.845019
rev_00001575,order_00001797,3,,,2025-07-18 14:24:06.706191,2025-07-19 14:24:06.706191
rev_00001576,order_00001798,4,,,2024-06-08 03:33:33.153246,2024-06-08 03:33:33.153246
rev_00001577,order_00001799,4,,,2025-07-15 11:22:27.195794,2025-07-15 11:22:27.195794
rev_00001578,order_00001800,3,,,2025-01-10 14:01:31.312704,2025-01-12 14:01:31.312704
rev_00001579,order_00001801,5,,,2024-04-01 03:34:40.845456,2024-04-02 03:34:40.845456
rev_00001580,order_00001802,3,,,2025-05-10 03:26:30.074519,2025-05-12 03:26:30.074519
rev_00001581,order_00001803,5,,,2024-04-03 11:42:42.040258,2024-04-03 11:42:42.040258
rev_00001582,order_00001804,4,,,2024-07-19 10:38:28.708166,2024-07-19 10:38:28.708166
rev_00001583,order_00001805,4,,,2025-01-27 20:29:44.977264,2025-01-28 20:29:44.977264
rev_00001584,order_00001806,5,,,2025-11-09 12:50:02.856009,2025-11-11 12:50:02.856009
rev_00001585,order_00001807,3,,,2025-03-13 22:50:03.551036,2025-03-14 22:50:03.551036
rev_00001586,order_00001808,5,,,2024-02-18 19:36:56.637850,2024-02-19 19:36:56.637850
rev_00001587,order_00001809,5,,,2025-12-04 01:42:27.413949,2025-12-05 01:42:27.413949
rev_00001588,order_00001811,5,,,2024-06-04 00:40:13.411805,2024-06-05 00:40:13.411805
rev_00001589,order_00001812,2,,,2025-08-05 18:05:36.533700,2025-08-06 18:05:36.533700
rev_00001590,order_00001813,4,,,2024-10-15 05:07:37.534646,2024-10-16 05:07:37.534646
rev_00001591,order_00001814,4,,,2024-11-14 03:51:59.758533,2024-11-16 03:51:59.758533
rev_00001592,order_00001815,3,,,2024-08-30 12:31:16.397838,2024-08-30 12:31:16.397838
rev_00001593,order_00001817,5,,,2025-11-12 16:17:21.546509,2025-11-12 16:17:21.546509
rev_00001594,order_00001818,3,,,2025-01-03 13:24:45.099334,2025-01-04 13:24:45.099334
rev_00001595,order_00001819,4,,,2024-07-05 01:17:40.771686,2024-07-07 01:17:40.771686
rev_00001596,order_00001820,4,,,2024-07-06 17:11:55.000000,2024-07-07 17:11:55.000000
rev_00001597,order_00001821,5,,,2025-04-07 20:40:40.902262,2025-04-07 20:40:40.902262
rev_00001598,order_00001822,5,,,2025-07-18 14:15:53.682174,2025-07-19 14:15:53.682174
rev_00001599,order_00001823,4,,,2024-06-28 02:07:29.891506,2024-06-30 02:07:29.891506
rev_00001600,order_00001824,5,,,2024-05-12 00:42:51.717044,2024-05-14 00:42:51.717044
rev_00001601,order_00001826,4,,,2024-02-06 18:45:01.488097,2024-02-08 18:45:01.488097
rev_00001602,order_00001828,4,,,2024-07-17 01:09:02.519565,2024-07-17 01:09:02.519565
rev_00001603,order_00001829,5,,,2025-05-06 18:49:49.120855,2025-05-07 18:49:49.120855
rev_00001604,order_00001830,5,,,2025-06-25 21:14:10.993500,2025-06-27 21:14:10.993500
rev_00001605,order_00001831,4,,,2025-10-05 13:24:20.280003,2025-10-05 13:24:20.280003
rev_00001606,order_00001832,4,,,2024-06-06 03:11:23.969562,2024-06-07 03:11:23.969562
rev_00001607,order_00001833,2,,,2025-06-13 00:21:10.567572,2025-06-13 00:21:10.567572
rev_00001608,order_00001835,5,,,2025-08-24 01:31:14.541611,2025-08-26 01:31:14.541611
rev_00001609,order_00001836,4,,,2025-01-09 04:44:13.157881,2025-01-10 04:44:13.157881
rev_00001610,order_00001838,4,,,2024-10-15 07:27:38.536813,2024-10-17 07:27:38.536813
rev_00001611,order_00001839,4,,,2025-08-15 11:05:11.017707,2025-08-16 11:05:11.017707
rev_00001612,order_00001841,5,,,2025-08-25 06:36:50.692634,2025-08-26 06:36:50.692634
rev_00001613,order_00001842,5,,,2025-03-02 15:28:19.178176,2025-03-02 15:28:19.178176
rev_00001614,order_00001843,5,,,2025-06-07 17:28:13.281595,2025-06-07 17:28:13.281595
rev_00001615,order_00001844,5,,,2025-12-22 06:37:29.700914,2025-12-23 06:37:29.700914
rev_00001616,order_00001845,3,,,2024-04-30 19:07:58.046780,2024-05-01 19:07:58.046780
rev_00001617,order_00001846,4,,,2024-07-06 10:19:32.693022,2024-07-07 10:19:32.693022
rev_00001618,order_00001847,4,,,2025-06-17 21:42:53.577703,2025-06-18 21:42:53.577703
rev_00001619,order_00001848,3,,,2025-06-25 19:37:51.000000,2025-06-27 19:37:51.000000
rev_00001620,order_00001849,5,,,2024-08-10 03:31:47.138094,2024-08-12 03:31:47.138094
rev_00001621,order_00001850,4,,,2024-04-02 10:34:12.679006,2024-04-02 10:34:12.679006
rev_00001622,order_00001851,5,,,2025-08-04 08:06:55.388287,2025-08-05 08:06:55.388287
rev_00001623,order_00001852,3,,,2024-07-18 07:11:05.576122,2024-07-20 07:11:05.576122
rev_00001624,order_00001854,4,,,2024-04-12 11:20:35.268226,2024-04-12 11:20:35.268226
rev_00001625,order_00001855,3,,,2026-01-06 04:31:26.408551,2026-01-07 04:31:26.408551
rev_00001626,order_00001856,3,,,2024-07-09 04:22:32.214357,2024-07-11 04:22:32.214357
rev_00001627,order_00001857,5,,,2025-09-30 08:41:00.462810,2025-10-01 08:41:00.462810
rev_00001628,order_00001858,4,,,2025-11-21 18:29:09.377137,2025-11-21 18:29:09.377137
rev_00001629,order_00001859,5,,,2024-10-21 12:16:26.329957,2024-10-21 12:16:26.329957
rev_00001630,order_00001860,5,,,2025-05-06 15:43:27.270976,2025-05-08 15:43:27.270976
rev_00001631,order_00001861,5,,,2025-09-05 11:52:46.963230,2025-09-07 11:52:46.963230
rev_00001632,order_00001862,3,,,2025-07-14 15:05:33.240886,2025-07-16 15:05:33.240886
rev_00001633,order_00001863,5,,,2025-06-25 09:37:46.590981,2025-06-25 09:37:46.590981
rev_00001634,order_00001864,5,,,2024-11-05 22:43:44.422112,2024-11-05 22:43:44.422112
rev_00001635,order_00001865,3,,,2025-05-15 12:32:44.006654,2025-05-17 12:32:44.006654
rev_00001636,order_00001866,5,,,2025-05-06 15:26:10.689436,2025-05-06 15:26:10.689436
rev_00001637,order_00001867,3,,,2026-01-03 15:40:16.933673,2026-01-04 15:40:16.933673
rev_00001638,order_00001868,5,,,2024-12-29 18:25:32.102097,2024-12-30 18:25:32.102097
rev_00001639,order_00001869,4,,,2025-06-28 19:59:04.864836,2025-06-29 19:59:04.864836
rev_00001640,order_00001871,5,,,2024-05-07 10:29:03.897894,2024-05-09 10:29:03.897894
rev_00001641,order_00001872,5,,,2024-02-26 21:36:07.025099,2024-02-28 21:36:07.025099
rev_00001642,order_00001874,4,,,2024-07-01 17:47:29.235386,2024-07-02 17:47:29.235386
rev_00001643,order_00001875,5,,,2025-06-19 17:39:00.988103,2025-06-20 17:39:00.988103
rev_00001644,order_00001876,5,,,2025-09-18 00:58:04.575715,2025-09-20 00:58:04.575715
rev_00001645,order_00001877,5,,,2025-01-08 13:55:31.110558,2025-01-10 13:55:31.110558
rev_00001646,order_00001878,4,,,2025-11-21 03:05:25.996470,2025-11-23 03:05:25.996470
rev_00001647,order_00001879,3,,,2024-09-14 00:01:33.870165,2024-09-16 00:01:33.870165
rev_00001648,order_00001880,5,,,2024-08-16 19:09:37.805321,2024-08-17 19:09:37.805321
rev_00001649,order_00001881,3,,,2026-01-07 08:39:50.421132,2026-01-08 08:39:50.421132
rev_00001650,order_00001882,5,,,2024-05-06 23:21:26.663483,2024-05-07 23:21:26.663483
rev_00001651,order_00001883,4,,,2025-01-18 17:38:52.658396,2025-01-19 17:38:52.658396
rev_00001652,order_00001884,5,,,2025-11-12 17:47:44.148027,2025-11-13 17:47:44.148027
rev_00001653,order_00001885,4,,,2024-05-05 09:38:00.331869,2024-05-07 09:38:00.331869
rev_00001654,order_00001886,3,,,2024-07-28 06:48:36.730456,2024-07-30 06:48:36.730456
rev_00001655,order_00001887,4,,,2025-03-21 08:46:08.971645,2025-03-23 08:46:08.971645
rev_00001656,order_00001888,5,,,2025-05-04 04:44:31.310383,2025-05-06 04:44:31.310383
rev_00001657,order_00001889,4,,,2024-03-11 21:13:30.823146,2024-03-12 21:13:30.823146
rev_00001658,order_00001890,4,,,2025-08-01 11:18:11.553086,2025-08-01 11:18:11.553086
rev_00001659,order_00001891,4,,,2025-09-22 17:30:17.411383,2025-09-22 17:30:17.411383
rev_00001660,order_00001893,4,,,2024-01-12 04:10:10.290153,2024-01-13 04:10:10.290153
rev_00001661,order_00001894,5,,,2024-11-23 10:11:30.762184,2024-11-24 10:11:30.762184
rev_00001662,order_00001895,4,,,2024-05-15 23:23:47.504626,2024-05-16 23:23:47.504626
rev_00001663,order_00001896,4,,,2024-04-09 23:11:08.607147,2024-04-10 23:11:08.607147
rev_00001664,order_00001897,3,,,2024-02-07 09:46:37.586750,2024-02-07 09:46:37.586750
rev_00001665,order_00001898,5,,,2025-07-30 15:09:45.179134,2025-08-01 15:09:45.179134
rev_00001666,order_00001900,3,,,2024-12-01 05:34:38.261823,2024-12-01 05:34:38.261823
rev_00001667,order_00001901,2,,,2025-12-27 19:55:14.643025,2025-12-28 19:55:14.643025
rev_00001668,order_00001902,5,,,2024-01-29 02:15:35.675314,2024-01-29 02:15:35.675314
rev_00001669,order_00001904,4,,,2024-03-25 01:03:58.607711,2024-03-26 01:03:58.607711
rev_00001670,order_00001905,5,,,2024-05-17 04:49:07.065979,2024-05-18 04:49:07.065979
rev_00001671,order_00001906,5,,,2024-02-10 00:36:58.599131,2024-02-12 00:36:58.599131
rev_00001672,order_00001907,5,,,2024-10-03 01:15:54.945592,2024-10-03 01:15:54.945592
rev_00001673,order_00001908,4,,,2024-06-19 11:30:05.781928,2024-06-19 11:30:05.781928
rev_00001674,order_00001909,4,,,2025-06-25 02:49:26.456718,2025-06-27 02:49:26.456718
rev_00001675,order_00001910,3,,,2025-07-01 19:08:27.831503,2025-07-03 19:08:27.831503
rev_00001676,order_00001912,3,,,2025-05-29 16:07:18.143563,2025-05-30 16:07:18.143563
rev_00001677,order_00001913,5,,,2024-02-03 03:06:08.760241,2024-02-04 03:06:08.760241
rev_00001678,order_00001914,4,,,2025-03-24 10:17:54.897593,2025-03-24 10:17:54.897593
rev_00001679,order_00001915,2,,,2024-05-06 22:30:46.235512,2024-05-08 22:30:46.235512
rev_00001680,order_00001916,5,,,2024-05-09 19:45:04.679237,2024-05-09 19:45:04.679237
rev_00001681,order_00001917,4,,,2025-11-26 07:52:42.802037,2025-11-26 07:52:42.802037
rev_00001682,order_00001918,5,,,2025-01-14 13:05:22.572847,2025-01-16 13:05:22.572847
rev_00001683,order_00001919,4,,,2024-06-21 08:32:53.175631,2024-06-22 08:32:53.175631
rev_00001684,order_00001920,4,,,2024-12-17 12:44:30.075687,2024-12-17 12:44:30.075687
rev_00001685,order_00001921,5,,,2024-05-14 03:44:09.856970,2024-05-14 03:44:09.856970
rev_00001686,order_00001922,3,,,2024-10-06 06:45:35.999829,2024-10-08 06:45:35.999829
rev_00001687,order_00001923,4,,,2025-06-10 19:21:04.000000,2025-06-12 19:21:04.000000
rev_00001688,order_00001924,4,,,2025-12-08 17:34:55.166561,2025-12-10 17:34:55.166561
rev_00001689,order_00001925,5,,,2025-06-04 06:20:52.071197,2025-06-05 06:20:52.071197
rev_00001690,order_00001926,5,,,2025-07-09 20:35:37.959181,2025-07-11 20:35:37.959181
rev_00001691,order_00001928,5,,,2024-09-02 05:19:21.286038,2024-09-04 05:19:21.286038
rev_00001692,order_00001929,4,,,2024-12-02 12:27:10.970284,2024-12-02 12:27:10.970284
rev_00001693,order_00001930,3,,,2025-03-10 06:43:29.155740,2025-03-11 06:43:29.155740
rev_00001694,order_00001931,5,,,2024-07-27 12:44:36.591565,2024-07-29 12:44:36.591565
rev_00001695,order_00001932,3,,,2024-12-10 03:39:17.664014,2024-12-11 03:39:17.664014
rev_00001696,order_00001933,3,,,2025-12-03 19:10:56.704290,2025-12-04 19:10:56.704290
rev_00001697,order_00001934,3,,,2024-09-07 17:57:41.549049,2024-09-09 17:57:41.549049
rev_00001698,order_00001937,2,,,2025-11-05 19:11:59.583047,2025-11-05 19:11:59.583047
rev_00001699,order_00001939,3,,,2024-10-21 21:04:22.710547,2024-10-21 21:04:22.710547
rev_00001700,order_00001940,5,,,2025-06-23 05:57:28.380881,2025-06-24 05:57:28.380881
rev_00001701,order_00001941,4,,,2025-07-22 00:52:21.858349,2025-07-22 00:52:21.858349
rev_00001702,order_00001942,4,,,2025-07-04 03:08:19.984068,2025-07-06 03:08:19.984068
rev_00001703,order_00001943,5,,,2025-10-08 21:53:29.683876,2025-10-08 21:53:29.683876
rev_00001704,order_00001944,5,,,2025-08-13 07:56:15.742739,2025-08-14 07:56:15.742739
rev_00001705,order_00001945,5,,,2025-09-24 09:36:51.286272,2025-09-26 09:36:51.286272
rev_00001706,order_00001946,5,,,2025-02-04 21:38:37.073128,2025-02-05 21:38:37.073128
rev_00001707,order_00001947,5,,,2025-04-30 19:49:11.826278,2025-04-30 19:49:11.826278
rev_00001708,order_00001948,4,,,2025-10-21 21:38:14.262177,2025-10-21 21:38:14.262177
rev_00001709,order_00001949,2,,,2024-12-01 18:59:30.711416,2024-12-02 18:59:30.711416
rev_00001710,order_00001950,3,,,2025-10-02 17:28:18.392778,2025-10-02 17:28:18.392778
rev_00001711,order_00001952,4,,,2024-04-14 23:08:33.960633,2024-04-16 23:08:33.960633
rev_00001712,order_00001953,2,,,2024-11-02 21:42:58.316989,2024-11-02 21:42:58.316989
rev_00001713,order_00001954,4,,,2024-12-07 06:39:23.595558,2024-12-08 06:39:23.595558
rev_00001714,order_00001955,4,,,2024-09-09 18:19:01.845476,2024-09-11 18:19:01.845476
rev_00001715,order_00001957,4,,,2025-03-29 15:31:14.626429,2025-03-29 15:31:14.626429
rev_00001716,order_00001958,2,,,2024-08-01 22:16:35.984603,2024-08-03 22:16:35.984603
rev_00001717,order_00001959,4,,,2024-07-24 09:38:24.172843,2024-07-24 09:38:24.172843
rev_00001718,order_00001960,5,,,2025-06-04 20:43:01.474458,2025-06-04 20:43:01.474458
rev_00001719,order_00001961,4,,,2024-02-07 00:27:34.537046,2024-02-07 00:27:34.537046
rev_00001720,order_00001963,3,,,2024-10-30 23:34:45.446083,2024-10-31 23:34:45.446083
rev_00001721,order_00001964,4,,,2025-07-01 22:25:14.889008,2025-07-03 22:25:14.889008
rev_00001722,order_00001965,5,,,2025-09-23 10:01:59.772147,2025-09-24 10:01:59.772147
rev_00001723,order_00001966,4,,,2024-07-04 18:27:21.318587,2024-07-05 18:27:21.318587
rev_00001724,order_00001967,4,,,2024-08-02 10:27:04.106822,2024-08-03 10:27:04.106822
rev_00001725,order_00001968,5,,,2025-04-05 12:01:26.278663,2025-04-07 12:01:26.278663
rev_00001726,order_00001969,5,,,2024-12-18 02:27:17.571902,2024-12-20 02:27:17.571902
rev_00001727,order_00001970,5,,,2025-01-28 14:02:46.363865,2025-01-28 14:02:46.363865
rev_00001728,order_00001971,4,,,2025-05-11 13:42:54.584413,2025-05-12 13:42:54.584413
rev_00001729,order_00001972,4,,,2024-03-17 07:53:37.177367,2024-03-17 07:53:37.177367
rev_00001730,order_00001973,4,,,2025-12-17 04:39:07.695860,2025-12-18 04:39:07.695860
rev_00001731,order_00001974,2,,,2024-11-22 19:25:14.350377,2024-11-22 19:25:14.350377
rev_00001732,order_00001975,3,,,2024-11-01 04:14:12.000000,2024-11-02 04:14:12.000000
rev_00001733,order_00001976,5,,,2025-01-22 17:28:50.946586,2025-01-24 17:28:50.946586
rev_00001734,order_00001977,3,,,2025-10-28 10:36:54.036003,2025-10-28 10:36:54.036003
rev_00001735,order_00001978,4,,,2024-09-30 22:46:23.536545,2024-10-02 22:46:23.536545
rev_00001736,order_00001979,3,,,2024-08-15 16:37:30.777378,2024-08-16 16:37:30.777378
rev_00001737,order_00001980,4,,,2024-05-21 11:40:20.065484,2024-05-23 11:40:20.065484
rev_00001738,order_00001981,3,,,2025-02-27 23:58:48.958095,2025-02-28 23:58:48.958095
rev_00001739,order_00001982,5,,,2024-12-04 11:35:26.544995,2024-12-05 11:35:26.544995
rev_00001740,order_00001983,5,,,2024-11-01 13:23:48.772964,2024-11-01 13:23:48.772964
rev_00001741,order_00001984,4,,,2025-04-01 13:17:07.000000,2025-04-01 13:17:07.000000
rev_00001742,order_00001985,3,,,2025-05-25 13:48:52.712693,2025-05-25 13:48:52.712693
rev_00001743,order_00001986,5,,,2024-11-06 07:17:48.774890,2024-11-08 07:17:48.774890
rev_00001744,order_00001987,3,,,2025-03-06 07:17:55.310808,2025-03-07 07:17:55.310808
rev_00001745,order_00001988,5,,,2025-10-16 03:35:19.919644,2025-10-18 03:35:19.919644
rev_00001746,order_00001990,5,,,2025-11-18 05:01:27.031883,2025-11-20 05:01:27.031883
rev_00001747,order_00001991,3,,,2025-05-28 23:10:14.345495,2025-05-29 23:10:14.345495
rev_00001748,order_00001992,5,,,2025-04-09 10:29:33.745807,2025-04-11 10:29:33.745807
rev_00001749,order_00001993,3,,,2024-10-27 12:04:49.578057,2024-10-29 12:04:49.578057
rev_00001750,order_00001994,5,,,2024-06-20 01:58:02.131671,2024-06-22 01:58:02.131671
rev_00001751,order_00001995,3,,,2024-05-04 05:41:24.164684,2024-05-04 05:41:24.164684
rev_00001752,order_00001996,4,,,2026-01-05 01:22:01.169184,2026-01-05 01:22:01.169184
rev_00001753,order_00001997,4,,,2025-07-17 02:31:27.435150,2025-07-18 02:31:27.435150
rev_00001754,order_00001998,5,,,2024-08-16 16:18:48.365949,2024-08-17 16:18:48.365949
rev_00001755,order_00001999,4,,,2025-10-09 16:49:32.049828,2025-10-10 16:49:32.049828
rev_00001756,order_00002000,5,,,2025-11-15 04:22:51.123244,2025-11-17 04:22:51.123244
rev_00001757,order_00002003,4,,,2024-10-29 15:01:36.796006,2024-10-30 15:01:36.796006
rev_00001758,order_00002004,5,,,2025-06-04 12:03:01.805747,2025-06-06 12:03:01.805747
rev_00001759,order_00002005,4,,,2025-01-25 17:05:28.977434,2025-01-27 17:05:28.977434
rev_00001760,order_00002006,3,,,2025-09-10 08:27:47.290799,2025-09-12 08:27:47.290799
rev_00001761,order_00002007,5,,,2025-11-02 15:47:52.308381,2025-11-04 15:47:52.308381
rev_00001762,order_00002008,4,,,2024-11-09 11:08:45.171288,2024-11-11 11:08:45.171288
rev_00001763,order_00002011,5,,,2025-02-11 11:46:33.477829,2025-02-11 11:46:33.477829
rev_00001764,order_00002012,3,,,2025-09-06 18:41:22.163159,2025-09-06 18:41:22.163159
rev_00001765,order_00002013,5,,,2025-03-03 07:44:13.331877,2025-03-05 07:44:13.331877
rev_00001766,order_00002014,4,,,2025-03-31 07:35:34.463938,2025-03-31 07:35:34.463938
rev_00001767,order_00002015,3,,,2025-03-31 05:03:25.706558,2025-04-02 05:03:25.706558
rev_00001768,order_00002016,5,,,2024-09-26 18:40:14.991904,2024-09-26 18:40:14.991904
rev_00001769,order_00002019,2,,,2025-11-26 00:34:18.709181,2025-11-28 00:34:18.709181
rev_00001770,order_00002020,3,,,2026-01-16 03:16:23.999305,2026-01-16 03:16:23.999305
rev_00001771,order_00002021,5,,,2025-07-30 09:45:54.988004,2025-07-30 09:45:54.988004
rev_00001772,order_00002022,2,,,2024-03-07 16:54:06.962452,2024-03-07 16:54:06.962452
rev_00001773,order_00002023,5,,,2024-09-08 02:46:16.000000,2024-09-09 02:46:16.000000
rev_00001774,order_00002026,5,,,2024-11-06 06:36:58.760402,2024-11-07 06:36:58.760402
rev_00001775,order_00002027,5,,,2024-05-05 04:43:35.000000,2024-05-06 04:43:35.000000
rev_00001776,order_00002028,5,,,2024-05-14 09:44:33.432333,2024-05-16 09:44:33.432333
rev_00001777,order_00002029,3,,,2024-07-16 16:29:35.088471,2024-07-17 16:29:35.088471
rev_00001778,order_00002030,4,,,2025-11-20 12:26:30.342407,2025-11-21 12:26:30.342407
rev_00001779,order_00002031,3,,,2025-12-31 02:21:36.303637,2025-12-31 02:21:36.303637
rev_00001780,order_00002032,4,,,2025-08-25 11:51:56.564380,2025-08-26 11:51:56.564380
rev_00001781,order_00002033,4,,,2025-06-25 23:44:22.000000,2025-06-25 23:44:22.000000
rev_00001782,order_00002034,5,,,2025-11-23 20:29:29.833660,2025-11-25 20:29:29.833660
rev_00001783,order_00002035,5,,,2024-02-13 09:21:29.953859,2024-02-13 09:21:29.953859
rev_00001784,order_00002036,5,,,2025-03-01 03:47:13.000000,2025-03-01 03:47:13.000000
rev_00001785,order_00002038,5,,,2024-05-12 06:36:20.777072,2024-05-13 06:36:20.777072
rev_00001786,order_00002039,5,,,2025-10-22 18:00:34.481850,2025-10-22 18:00:34.481850
rev_00001787,order_00002040,3,,,2025-01-18 14:58:43.415223,2025-01-19 14:58:43.415223
rev_00001788,order_00002042,4,,,2025-11-26 07:57:29.470764,2025-11-27 07:57:29.470764
rev_00001789,order_00002044,5,,,2024-03-06 22:08:41.368895,2024-03-08 22:08:41.368895
rev_00001790,order_00002045,5,,,2024-05-31 10:50:40.055002,2024-06-02 10:50:40.055002
rev_00001791,order_00002046,3,,,2024-02-06 06:20:04.787348,2024-02-08 06:20:04.787348
rev_00001792,order_00002047,3,,,2024-10-20 20:28:37.853241,2024-10-22 20:28:37.853241
rev_00001793,order_00002048,5,,,2024-02-09 00:51:57.987189,2024-02-09 00:51:57.987189
rev_00001794,order_00002049,4,,,2024-02-06 11:16:43.000000,2024-02-07 11:16:43.000000
rev_00001795,order_00002050,3,,,2024-03-19 07:28:10.487213,2024-03-19 07:28:10.487213
rev_00001796,order_00002051,5,,,2024-09-08 21:38:24.838629,2024-09-08 21:38:24.838629
rev_00001797,order_00002053,5,,,2024-11-03 11:37:27.462253,2024-11-04 11:37:27.462253
rev_00001798,order_00002054,4,,,2024-03-18 01:31:19.518464,2024-03-20 01:31:19.518464
rev_00001799,order_00002055,2,,,2024-02-14 23:51:07.629790,2024-02-16 23:51:07.629790
rev_00001800,order_00002056,4,,,2024-09-28 09:18:20.562362,2024-09-28 09:18:20.562362
rev_00001801,order_00002057,3,,,2025-10-28 18:07:32.562503,2025-10-29 18:07:32.562503
rev_00001802,order_00002058,4,,,2024-06-25 15:43:20.505840,2024-06-25 15:43:20.505840
rev_00001803,order_00002059,3,,,2024-02-05 07:02:36.726812,2024-02-05 07:02:36.726812
rev_00001804,order_00002061,3,,,2025-10-17 04:16:12.964957,2025-10-18 04:16:12.964957
rev_00001805,order_00002062,4,,,2024-04-17 06:06:38.203097,2024-04-17 06:06:38.203097
rev_00001806,order_00002063,3,,,2025-10-15 07:59:27.798414,2025-10-16 07:59:27.798414
rev_00001807,order_00002064,4,,,2025-06-18 01:28:38.365035,2025-06-19 01:28:38.365035
rev_00001808,order_00002065,5,,,2024-02-23 15:59:01.302268,2024-02-24 15:59:01.302268
rev_00001809,order_00002066,5,,,2025-05-17 08:38:22.186532,2025-05-18 08:38:22.186532
rev_00001810,order_00002067,3,,,2024-01-24 05:53:54.479327,2024-01-26 05:53:54.479327
rev_00001811,order_00002068,5,,,2025-02-28 21:39:34.411443,2025-03-02 21:39:34.411443
rev_00001812,order_00002069,3,,,2024-02-27 09:06:39.000000,2024-02-29 09:06:39.000000
rev_00001813,order_00002070,4,,,2025-08-15 12:20:36.771399,2025-08-16 12:20:36.771399
rev_00001814,order_00002071,5,,,2024-07-06 09:34:51.180523,2024-07-07 09:34:51.180523
rev_00001815,order_00002072,5,,,2024-10-17 19:44:35.590017,2024-10-17 19:44:35.590017
rev_00001816,order_00002073,4,,,2025-07-21 05:48:45.361809,2025-07-23 05:48:45.361809
rev_00001817,order_00002074,3,,,2025-05-16 11:15:55.737096,2025-05-16 11:15:55.737096
rev_00001818,order_00002077,5,,,2025-04-03 17:32:02.008179,2025-04-05 17:32:02.008179
rev_00001819,order_00002078,3,,,2025-11-26 03:46:58.601882,2025-11-26 03:46:58.601882
rev_00001820,order_00002079,5,,,2025-10-01 20:57:39.471397,2025-10-02 20:57:39.471397
rev_00001821,order_00002081,4,,,2024-12-17 20:12:38.183113,2024-12-17 20:12:38.183113
rev_00001822,order_00002084,2,,,2024-07-19 23:50:02.561665,2024-07-19 23:50:02.561665
rev_00001823,order_00002085,3,,,2025-12-06 10:32:59.138907,2025-12-08 10:32:59.138907
rev_00001824,order_00002086,4,,,2024-02-23 03:15:07.794101,2024-02-25 03:15:07.794101
rev_00001825,order_00002087,3,,,2025-09-27 23:37:43.042992,2025-09-28 23:37:43.042992
rev_00001826,order_00002088,2,,,2024-11-06 16:39:47.366234,2024-11-08 16:39:47.366234
rev_00001827,order_00002089,1,,,2024-01-13 10:14:05.807032,2024-01-14 10:14:05.807032
rev_00001828,order_00002090,3,,,2024-02-19 03:07:46.052515,2024-02-19 03:07:46.052515
rev_00001829,order_00002091,2,,,2025-05-07 15:35:31.875695,2025-05-07 15:35:31.875695
rev_00001830,order_00002092,1,,,2024-04-01 23:03:28.527009,2024-04-03 23:03:28.527009
rev_00001831,order_00002094,5,,,2025-09-09 01:35:47.537349,2025-09-10 01:35:47.537349
rev_00001832,order_00002095,3,,,2025-09-18 06:06:48.823000,2025-09-20 06:06:48.823000
rev_00001833,order_00002096,4,,,2026-01-05 00:52:02.943640,2026-01-05 00:52:02.943640
rev_00001834,order_00002097,3,,,2025-04-15 17:12:24.179045,2025-04-15 17:12:24.179045
rev_00001835,order_00002098,3,,,2024-11-02 04:27:41.575939,2024-11-02 04:27:41.575939
rev_00001836,order_00002099,3,,,2025-07-07 14:41:43.367336,2025-07-09 14:41:43.367336
rev_00001837,order_00002100,4,,,2025-01-15 11:14:16.870666,2025-01-17 11:14:16.870666
rev_00001838,order_00002101,3,,,2025-06-28 05:15:09.949966,2025-06-28 05:15:09.949966
rev_00001839,order_00002102,4,,,2024-03-10 07:22:59.101597,2024-03-12 07:22:59.101597
rev_00001840,order_00002103,4,,,2024-07-21 08:05:46.803757,2024-07-22 08:05:46.803757
rev_00001841,order_00002104,3,,,2025-11-06 10:30:15.282141,2025-11-08 10:30:15.282141
rev_00001842,order_00002105,4,,,2024-05-28 22:35:48.957203,2024-05-29 22:35:48.957203
rev_00001843,order_00002106,3,,,2024-10-25 21:29:01.125166,2024-10-25 21:29:01.125166
rev_00001844,order_00002107,5,,,2025-06-16 04:50:17.450411,2025-06-17 04:50:17.450411
rev_00001845,order_00002108,1,,,2025-01-14 04:28:01.021617,2025-01-15 04:28:01.021617
rev_00001846,order_00002109,4,,,2025-12-21 11:19:45.383519,2025-12-21 11:19:45.383519
rev_00001847,order_00002110,1,,,2025-11-06 03:01:04.853193,2025-11-08 03:01:04.853193
rev_00001848,order_00002111,4,,,2024-04-02 06:33:09.528114,2024-04-02 06:33:09.528114
rev_00001849,order_00002113,5,,,2025-03-14 20:29:50.870372,2025-03-14 20:29:50.870372
rev_00001850,order_00002114,3,,,2024-04-18 08:58:45.288152,2024-04-20 08:58:45.288152
rev_00001851,order_00002115,5,,,2024-08-24 09:06:25.517986,2024-08-26 09:06:25.517986
rev_00001852,order_00002116,4,,,2025-09-11 05:16:31.069175,2025-09-12 05:16:31.069175
rev_00001853,order_00002118,5,,,2024-05-24 23:30:11.009417,2024-05-24 23:30:11.009417
rev_00001854,order_00002120,5,,,2025-11-30 17:10:43.542396,2025-12-01 17:10:43.542396
rev_00001855,order_00002121,3,,,2024-12-12 21:02:26.208106,2024-12-13 21:02:26.208106
rev_00001856,order_00002122,3,,,2024-12-08 15:27:10.354189,2024-12-08 15:27:10.354189
rev_00001857,order_00002123,5,,,2024-07-27 10:11:47.148664,2024-07-27 10:11:47.148664
rev_00001858,order_00002124,5,,,2025-01-22 02:45:23.884383,2025-01-23 02:45:23.884383
rev_00001859,order_00002125,3,,,2025-02-25 10:51:19.436283,2025-02-25 10:51:19.436283
rev_00001860,order_00002126,4,,,2025-04-28 18:42:15.246469,2025-04-28 18:42:15.246469
rev_00001861,order_00002128,5,,,2025-10-20 11:33:38.440042,2025-10-20 11:33:38.440042
rev_00001862,order_00002129,5,,,2024-12-27 20:10:19.531259,2024-12-28 20:10:19.531259
rev_00001863,order_00002131,5,,,2025-02-03 16:16:05.161226,2025-02-04 16:16:05.161226
rev_00001864,order_00002132,5,,,2025-06-19 02:51:58.328353,2025-06-20 02:51:58.328353
rev_00001865,order_00002133,3,,,2025-12-22 03:14:41.359293,2025-12-24 03:14:41.359293
rev_00001866,order_00002134,5,,,2025-11-04 13:56:36.166851,2025-11-06 13:56:36.166851
rev_00001867,order_00002135,5,,,2025-03-20 01:21:08.253392,2025-03-21 01:21:08.253392
rev_00001868,order_00002136,4,,,2025-09-24 21:53:11.038715,2025-09-25 21:53:11.038715
rev_00001869,order_00002137,3,,,2025-01-05 17:42:05.870143,2025-01-07 17:42:05.870143
rev_00001870,order_00002138,4,,,2024-08-27 21:51:04.955938,2024-08-28 21:51:04.955938
rev_00001871,order_00002139,5,,,2025-03-05 12:41:32.478459,2025-03-05 12:41:32.478459
rev_00001872,order_00002140,5,,,2025-03-13 00:29:22.017324,2025-03-14 00:29:22.017324
rev_00001873,order_00002141,4,,,2024-12-16 01:35:34.593459,2024-12-18 01:35:34.593459
rev_00001874,order_00002142,5,,,2024-10-14 22:03:47.835444,2024-10-16 22:03:47.835444
rev_00001875,order_00002143,4,,,2024-04-18 06:36:15.323974,2024-04-19 06:36:15.323974
rev_00001876,order_00002144,3,,,2025-07-20 19:47:41.896928,2025-07-22 19:47:41.896928
rev_00001877,order_00002145,5,,,2025-12-04 01:41:13.209427,2025-12-06 01:41:13.209427
rev_00001878,order_00002147,4,,,2024-07-02 06:30:51.458960,2024-07-04 06:30:51.458960
rev_00001879,order_00002148,5,,,2025-03-18 00:15:12.739396,2025-03-18 00:15:12.739396
rev_00001880,order_00002149,4,,,2024-08-27 12:55:26.662792,2024-08-29 12:55:26.662792
rev_00001881,order_00002150,2,,,2024-04-10 03:18:52.366330,2024-04-11 03:18:52.366330
rev_00001882,order_00002151,1,,,2025-11-06 19:40:58.955134,2025-11-08 19:40:58.955134
rev_00001883,order_00002152,3,,,2024-05-29 21:28:04.541524,2024-05-31 21:28:04.541524
rev_00001884,order_00002153,4,,,2024-06-30 04:22:51.466022,2024-07-01 04:22:51.466022
rev_00001885,order_00002154,4,,,2024-04-04 00:52:29.737909,2024-04-06 00:52:29.737909
rev_00001886,order_00002155,3,,,2025-06-17 19:51:43.440168,2025-06-19 19:51:43.440168
rev_00001887,order_00002156,5,,,2024-07-29 23:58:16.217400,2024-07-30 23:58:16.217400
rev_00001888,order_00002157,3,,,2025-04-08 17:06:48.358059,2025-04-08 17:06:48.358059
rev_00001889,order_00002158,2,,,2024-01-15 07:58:40.947246,2024-01-15 07:58:40.947246
rev_00001890,order_00002159,4,,,2025-10-31 14:31:30.586113,2025-11-01 14:31:30.586113
rev_00001891,order_00002160,4,,,2025-04-15 05:17:59.711823,2025-04-15 05:17:59.711823
rev_00001892,order_00002161,3,,,2024-12-03 07:07:22.490072,2024-12-05 07:07:22.490072
rev_00001893,order_00002162,4,,,2024-12-06 11:36:34.859289,2024-12-06 11:36:34.859289
rev_00001894,order_00002164,5,,,2024-11-04 04:49:39.614825,2024-11-05 04:49:39.614825
rev_00001895,order_00002165,5,,,2025-05-16 14:43:34.441736,2025-05-16 14:43:34.441736
rev_00001896,order_00002166,4,,,2024-06-28 03:56:55.000000,2024-06-29 03:56:55.000000
rev_00001897,order_00002167,5,,,2025-10-23 16:25:38.388720,2025-10-24 16:25:38.388720
rev_00001898,order_00002169,4,,,2025-06-02 01:34:21.214858,2025-06-03 01:34:21.214858
rev_00001899,order_00002170,5,,,2025-10-20 23:41:12.835259,2025-10-22 23:41:12.835259
rev_00001900,order_00002171,4,,,2025-05-26 01:29:05.103159,2025-05-27 01:29:05.103159
rev_00001901,order_00002172,5,,,2025-01-16 03:20:42.848645,2025-01-16 03:20:42.848645
rev_00001902,order_00002173,2,,,2024-04-01 01:22:47.986902,2024-04-03 01:22:47.986902
rev_00001903,order_00002174,4,,,2024-06-17 07:09:46.284843,2024-06-18 07:09:46.284843
rev_00001904,order_00002175,2,,,2024-09-19 12:37:31.484371,2024-09-21 12:37:31.484371
rev_00001905,order_00002176,5,,,2025-07-23 02:03:52.490274,2025-07-25 02:03:52.490274
rev_00001906,order_00002177,4,,,2025-08-19 15:50:39.230298,2025-08-19 15:50:39.230298
rev_00001907,order_00002179,4,,,2024-06-20 00:48:54.306944,2024-06-20 00:48:54.306944
rev_00001908,order_00002180,1,,,2024-07-01 22:48:09.994437,2024-07-02 22:48:09.994437
rev_00001909,order_00002181,3,,,2024-10-28 03:59:42.455819,2024-10-29 03:59:42.455819
rev_00001910,order_00002182,4,,,2024-10-29 23:27:07.191360,2024-10-31 23:27:07.191360
rev_00001911,order_00002183,3,,,2024-07-10 19:11:44.176784,2024-07-12 19:11:44.176784
rev_00001912,order_00002184,4,,,2024-08-19 06:33:56.546150,2024-08-20 06:33:56.546150
rev_00001913,order_00002185,5,,,2025-01-07 00:27:17.393861,2025-01-07 00:27:17.393861
rev_00001914,order_00002186,2,,,2024-03-19 12:45:47.160548,2024-03-21 12:45:47.160548
rev_00001915,order_00002187,4,,,2025-03-03 06:23:22.010951,2025-03-04 06:23:22.010951
rev_00001916,order_00002188,3,,,2024-09-02 09:31:28.984103,2024-09-04 09:31:28.984103
rev_00001917,order_00002189,5,,,2025-07-05 00:48:24.541333,2025-07-05 00:48:24.541333
rev_00001918,order_00002190,5,,,2024-05-29 21:02:39.481414,2024-05-30 21:02:39.481414
rev_00001919,order_00002191,3,,,2024-02-12 15:57:18.269434,2024-02-14 15:57:18.269434
rev_00001920,order_00002193,3,,,2025-01-09 19:56:02.086658,2025-01-09 19:56:02.086658
rev_00001921,order_00002194,3,,,2024-06-10 05:28:43.000000,2024-06-11 05:28:43.000000
rev_00001922,order_00002195,3,,,2025-08-23 09:02:58.872189,2025-08-25 09:02:58.872189
rev_00001923,order_00002197,5,,,2025-07-28 16:10:26.101413,2025-07-29 16:10:26.101413
rev_00001924,order_00002198,4,,,2024-05-28 16:28:32.981055,2024-05-28 16:28:32.981055
rev_00001925,order_00002199,4,,,2026-01-08 18:03:24.822331,2026-01-08 18:03:24.822331
rev_00001926,order_00002200,4,,,2025-01-27 12:44:06.575005,2025-01-29 12:44:06.575005
rev_00001927,order_00002201,5,,,2024-09-17 23:22:59.215283,2024-09-17 23:22:59.215283
rev_00001928,order_00002202,4,,,2024-03-04 14:34:30.758846,2024-03-05 14:34:30.758846
rev_00001929,order_00002204,5,,,2025-01-27 10:43:53.428101,2025-01-28 10:43:53.428101
rev_00001930,order_00002205,4,,,2025-06-23 21:36:40.152778,2025-06-25 21:36:40.152778
rev_00001931,order_00002206,5,,,2025-06-16 01:12:57.849231,2025-06-16 01:12:57.849231
rev_00001932,order_00002207,4,,,2025-11-02 14:11:17.890735,2025-11-02 14:11:17.890735
rev_00001933,order_00002209,5,,,2025-02-17 14:49:26.851560,2025-02-19 14:49:26.851560
rev_00001934,order_00002211,3,,,2024-12-26 15:02:14.704674,2024-12-28 15:02:14.704674
rev_00001935,order_00002212,5,,,2024-06-14 05:38:33.830202,2024-06-14 05:38:33.830202
rev_00001936,order_00002213,4,,,2024-04-24 04:52:05.281875,2024-04-24 04:52:05.281875
rev_00001937,order_00002214,5,,,2025-10-04 10:38:33.000000,2025-10-04 10:38:33.000000
rev_00001938,order_00002215,4,,,2025-05-15 05:43:10.762708,2025-05-16 05:43:10.762708
rev_00001939,order_00002216,4,,,2024-09-14 21:30:16.265814,2024-09-15 21:30:16.265814
rev_00001940,order_00002217,4,,,2025-01-03 14:01:29.068703,2025-01-03 14:01:29.068703
rev_00001941,order_00002218,4,,,2025-12-28 11:31:45.096325,2025-12-30 11:31:45.096325
rev_00001942,order_00002219,3,,,2024-07-04 11:09:45.526323,2024-07-06 11:09:45.526323
rev_00001943,order_00002221,3,,,2025-06-26 05:30:43.903641,2025-06-28 05:30:43.903641
rev_00001944,order_00002222,3,,,2024-01-14 10:52:10.072580,2024-01-16 10:52:10.072580
rev_00001945,order_00002223,3,,,2025-04-29 05:28:36.506990,2025-04-30 05:28:36.506990
rev_00001946,order_00002224,4,,,2024-12-25 01:24:28.950803,2024-12-27 01:24:28.950803
rev_00001947,order_00002227,3,,,2024-04-25 20:09:44.000000,2024-04-27 20:09:44.000000
rev_00001948,order_00002228,4,,,2025-02-02 01:43:26.751900,2025-02-03 01:43:26.751900
rev_00001949,order_00002230,3,,,2025-05-13 16:53:04.294233,2025-05-15 16:53:04.294233
rev_00001950,order_00002231,3,,,2024-08-10 13:42:41.000000,2024-08-11 13:42:41.000000
rev_00001951,order_00002232,3,,,2025-09-07 23:49:19.703587,2025-09-07 23:49:19.703587
rev_00001952,order_00002233,2,,,2024-11-24 05:18:05.322372,2024-11-24 05:18:05.322372
rev_00001953,order_00002236,5,,,2025-08-07 20:20:32.396759,2025-08-07 20:20:32.396759
rev_00001954,order_00002237,4,,,2024-02-19 20:14:36.653406,2024-02-20 20:14:36.653406
rev_00001955,order_00002238,4,,,2025-06-02 16:06:01.596902,2025-06-04 16:06:01.596902
rev_00001956,order_00002239,4,,,2025-08-10 09:08:19.789834,2025-08-10 09:08:19.789834
rev_00001957,order_00002240,4,,,2024-06-09 01:22:22.000000,2024-06-09 01:22:22.000000
rev_00001958,order_00002241,5,,,2024-01-25 16:43:26.205266,2024-01-25 16:43:26.205266
rev_00001959,order_00002242,3,,,2025-10-20 02:32:46.118061,2025-10-21 02:32:46.118061
rev_00001960,order_00002243,5,,,2025-08-12 21:46:46.950152,2025-08-13 21:46:46.950152
rev_00001961,order_00002245,5,,,2025-05-17 02:12:36.634442,2025-05-19 02:12:36.634442
rev_00001962,order_00002246,3,,,2025-03-25 11:12:11.878967,2025-03-26 11:12:11.878967
rev_00001963,order_00002248,3,,,2024-01-31 14:10:33.538257,2024-02-02 14:10:33.538257
rev_00001964,order_00002249,4,,,2025-10-21 15:52:56.370728,2025-10-21 15:52:56.370728
rev_00001965,order_00002250,5,,,2025-06-15 00:52:45.483400,2025-06-16 00:52:45.483400
rev_00001966,order_00002252,5,,,2024-07-15 14:50:38.103630,2024-07-17 14:50:38.103630
rev_00001967,order_00002253,4,,,2024-09-26 12:43:08.000000,2024-09-27 12:43:08.000000
rev_00001968,order_00002254,5,,,2024-11-13 04:37:37.019574,2024-11-14 04:37:37.019574
rev_00001969,order_00002255,2,,,2025-06-17 21:31:11.988362,2025-06-19 21:31:11.988362
rev_00001970,order_00002256,3,,,2024-05-08 06:35:17.823606,2024-05-09 06:35:17.823606
rev_00001971,order_00002257,3,,,2025-08-30 05:19:34.024490,2025-09-01 05:19:34.024490
rev_00001972,order_00002258,4,,,2024-11-23 07:52:57.582678,2024-11-25 07:52:57.582678
rev_00001973,order_00002259,5,,,2025-08-27 10:20:10.854948,2025-08-29 10:20:10.854948
rev_00001974,order_00002260,4,,,2025-12-17 19:40:22.352932,2025-12-17 19:40:22.352932
rev_00001975,order_00002261,5,,,2024-09-07 18:39:16.790842,2024-09-08 18:39:16.790842
rev_00001976,order_00002262,4,,,2024-08-24 17:16:59.164830,2024-08-25 17:16:59.164830
rev_00001977,order_00002263,5,,,2024-06-04 08:15:03.053173,2024-06-06 08:15:03.053173
rev_00001978,order_00002264,4,,,2025-06-16 18:35:14.915642,2025-06-17 18:35:14.915642
rev_00001979,order_00002265,3,,,2024-08-31 10:23:51.493532,2024-09-01 10:23:51.493532
rev_00001980,order_00002267,4,,,2024-04-17 20:50:36.012848,2024-04-18 20:50:36.012848
rev_00001981,order_00002269,3,,,2024-10-23 13:36:44.815309,2024-10-24 13:36:44.815309
rev_00001982,order_00002270,4,,,2024-07-02 06:37:19.582192,2024-07-04 06:37:19.582192
rev_00001983,order_00002271,4,,,2024-02-24 06:42:02.180057,2024-02-25 06:42:02.180057
rev_00001984,order_00002272,4,,,2025-04-11 06:10:15.794857,2025-04-11 06:10:15.794857
rev_00001985,order_00002273,5,,,2025-06-13 12:39:54.703491,2025-06-14 12:39:54.703491
rev_00001986,order_00002274,5,,,2024-08-14 22:39:44.543085,2024-08-14 22:39:44.543085
rev_00001987,order_00002275,4,,,2024-03-05 16:02:19.493945,2024-03-07 16:02:19.493945
rev_00001988,order_00002276,5,,,2024-02-16 20:15:51.091901,2024-02-16 20:15:51.091901
rev_00001989,order_00002277,5,,,2025-01-03 02:39:49.775977,2025-01-03 02:39:49.775977
rev_00001990,order_00002278,5,,,2024-05-12 16:37:28.080319,2024-05-12 16:37:28.080319
rev_00001991,order_00002280,5,,,2024-02-17 19:56:29.229704,2024-02-17 19:56:29.229704
rev_00001992,order_00002281,4,,,2024-03-31 05:38:38.679685,2024-04-01 05:38:38.679685
rev_00001993,order_00002284,5,,,2024-12-05 16:16:55.235639,2024-12-07 16:16:55.235639
rev_00001994,order_00002285,4,,,2025-01-30 11:53:40.043643,2025-01-31 11:53:40.043643
rev_00001995,order_00002286,5,,,2025-11-21 00:49:37.757397,2025-11-23 00:49:37.757397
rev_00001996,order_00002288,4,,,2025-05-03 00:31:46.948393,2025-05-04 00:31:46.948393
rev_00001997,order_00002290,5,,,2025-12-22 04:07:47.417884,2025-12-23 04:07:47.417884
rev_00001998,order_00002291,4,,,2025-06-15 09:13:05.623705,2025-06-16 09:13:05.623705
rev_00001999,order_00002292,5,,,2024-10-06 23:09:07.338204,2024-10-06 23:09:07.338204
rev_00002000,order_00002293,3,,,2026-01-10 06:34:39.723410,2026-01-12 06:34:39.723410
rev_00002001,order_00002294,4,,,2024-02-09 22:32:25.218397,2024-02-09 22:32:25.218397
rev_00002002,order_00002295,3,,,2025-12-04 21:01:26.412115,2025-12-05 21:01:26.412115
rev_00002003,order_00002296,2,,,2025-01-26 14:10:08.450721,2025-01-26 14:10:08.450721
rev_00002004,order_00002297,4,,,2025-06-15 13:18:31.964685,2025-06-15 13:18:31.964685
rev_00002005,order_00002298,3,,,2024-01-20 18:47:30.239127,2024-01-20 18:47:30.239127
rev_00002006,order_00002299,3,,,2025-04-15 04:42:44.808203,2025-04-15 04:42:44.808203
rev_00002007,order_00002300,5,,,2024-09-03 09:14:28.000000,2024-09-03 09:14:28.000000
rev_00002008,order_00002301,3,,,2024-04-28 20:50:51.964229,2024-04-28 20:50:51.964229
rev_00002009,order_00002303,4,,,2024-07-16 09:52:05.533596,2024-07-18 09:52:05.533596
rev_00002010,order_00002305,2,,,2025-05-09 12:15:04.876138,2025-05-11 12:15:04.876138
rev_00002011,order_00002306,5,,,2025-05-28 04:51:26.920616,2025-05-29 04:51:26.920616
rev_00002012,order_00002307,5,,,2024-05-08 08:40:52.143134,2024-05-09 08:40:52.143134
rev_00002013,order_00002308,2,,,2024-08-31 09:26:52.447624,2024-09-01 09:26:52.447624
rev_00002014,order_00002310,4,,,2025-09-12 00:12:37.260319,2025-09-12 00:12:37.260319
rev_00002015,order_00002311,3,,,2025-06-21 13:03:48.801908,2025-06-23 13:03:48.801908
rev_00002016,order_00002312,5,,,2025-04-12 07:41:00.776475,2025-04-12 07:41:00.776475
rev_00002017,order_00002313,4,,,2024-09-26 15:19:53.968189,2024-09-28 15:19:53.968189
rev_00002018,order_00002314,2,,,2024-05-14 22:24:59.761507,2024-05-15 22:24:59.761507
rev_00002019,order_00002315,5,,,2024-11-27 04:30:15.010328,2024-11-29 04:30:15.010328
rev_00002020,order_00002316,3,,,2024-08-11 03:59:54.428475,2024-08-13 03:59:54.428475
rev_00002021,order_00002317,5,,,2024-02-04 22:30:53.970584,2024-02-05 22:30:53.970584
rev_00002022,order_00002318,4,,,2025-09-26 21:52:30.994186,2025-09-27 21:52:30.994186
rev_00002023,order_00002319,3,,,2025-06-02 00:18:21.092259,2025-06-03 00:18:21.092259
rev_00002024,order_00002321,3,,,2024-09-04 20:02:30.926744,2024-09-04 20:02:30.926744
rev_00002025,order_00002322,4,,,2025-02-18 03:17:07.385738,2025-02-20 03:17:07.385738
rev_00002026,order_00002323,3,,,2024-04-06 10:44:31.874673,2024-04-07 10:44:31.874673
rev_00002027,order_00002324,5,,,2024-04-09 02:54:52.857905,2024-04-10 02:54:52.857905
rev_00002028,order_00002325,2,,,2025-01-25 11:59:00.161980,2025-01-25 11:59:00.161980
rev_00002029,order_00002326,4,,,2024-04-08 15:44:28.000000,2024-04-09 15:44:28.000000
rev_00002030,order_00002327,4,,,2025-08-29 16:36:48.020321,2025-08-31 16:36:48.020321
rev_00002031,order_00002328,5,,,2024-02-13 21:10:58.566328,2024-02-13 21:10:58.566328
rev_00002032,order_00002330,5,,,2025-12-12 02:19:23.933535,2025-12-14 02:19:23.933535
rev_00002033,order_00002331,4,,,2024-04-10 06:56:58.198963,2024-04-10 06:56:58.198963
rev_00002034,order_00002332,4,,,2025-10-01 20:13:22.035477,2025-10-03 20:13:22.035477
rev_00002035,order_00002333,5,,,2024-07-10 14:57:44.041347,2024-07-11 14:57:44.041347
rev_00002036,order_00002334,5,,,2025-03-30 14:19:05.485033,2025-04-01 14:19:05.485033
rev_00002037,order_00002335,4,,,2024-04-27 20:56:35.806973,2024-04-29 20:56:35.806973
rev_00002038,order_00002336,5,,,2025-11-22 11:17:27.659738,2025-11-23 11:17:27.659738
rev_00002039,order_00002337,4,,,2025-11-06 18:12:21.207708,2025-11-08 18:12:21.207708
rev_00002040,order_00002339,5,,,2024-04-22 20:30:08.133337,2024-04-24 20:30:08.133337
rev_00002041,order_00002340,3,,,2025-10-19 19:26:32.041102,2025-10-21 19:26:32.041102
rev_00002042,order_00002341,4,,,2025-08-21 21:41:38.817654,2025-08-23 21:41:38.817654
rev_00002043,order_00002342,5,,,2024-09-14 05:04:48.385016,2024-09-14 05:04:48.385016
rev_00002044,order_00002343,5,,,2024-12-20 22:38:25.011486,2024-12-22 22:38:25.011486
rev_00002045,order_00002344,3,,,2025-05-19 06:52:28.743118,2025-05-19 06:52:28.743118
rev_00002046,order_00002347,5,,,2025-11-09 09:31:11.721438,2025-11-11 09:31:11.721438
rev_00002047,order_00002348,5,,,2024-08-26 07:16:27.879779,2024-08-26 07:16:27.879779
rev_00002048,order_00002349,3,,,2024-06-26 20:26:52.681629,2024-06-26 20:26:52.681629
rev_00002049,order_00002350,3,,,2025-01-24 21:28:55.769101,2025-01-25 21:28:55.769101
rev_00002050,order_00002351,5,,,2025-04-14 14:05:45.061685,2025-04-15 14:05:45.061685
rev_00002051,order_00002352,5,,,2024-10-10 08:30:46.753295,2024-10-12 08:30:46.753295
rev_00002052,order_00002353,4,,,2024-09-12 02:33:26.320231,2024-09-14 02:33:26.320231
rev_00002053,order_00002354,4,,,2024-09-22 02:03:18.925953,2024-09-22 02:03:18.925953
rev_00002054,order_00002355,3,,,2024-03-01 08:55:20.518132,2024-03-02 08:55:20.518132
rev_00002055,order_00002356,5,,,2024-04-06 01:24:31.051608,2024-04-07 01:24:31.051608
rev_00002056,order_00002357,4,,,2025-03-12 10:40:32.780740,2025-03-12 10:40:32.780740
rev_00002057,order_00002358,2,,,2024-07-15 11:37:50.281203,2024-07-16 11:37:50.281203
rev_00002058,order_00002359,4,,,2025-12-31 07:12:53.886969,2026-01-01 07:12:53.886969
rev_00002059,order_00002361,3,,,2024-12-31 18:33:13.004637,2025-01-02 18:33:13.004637
rev_00002060,order_00002362,4,,,2024-06-23 01:37:03.106098,2024-06-25 01:37:03.106098
rev_00002061,order_00002363,5,,,2025-01-30 03:23:33.507979,2025-01-30 03:23:33.507979
rev_00002062,order_00002364,3,,,2026-01-03 06:36:39.751042,2026-01-04 06:36:39.751042
rev_00002063,order_00002365,4,,,2025-11-29 04:18:29.699864,2025-11-29 04:18:29.699864
rev_00002064,order_00002367,5,,,2025-02-02 18:56:37.451118,2025-02-03 18:56:37.451118
rev_00002065,order_00002368,5,,,2025-05-07 18:44:15.836553,2025-05-07 18:44:15.836553
rev_00002066,order_00002369,2,,,2025-11-07 00:05:26.588779,2025-11-07 00:05:26.588779
rev_00002067,order_00002370,2,,,2026-01-13 07:15:49.748192,2026-01-14 07:15:49.748192
rev_00002068,order_00002371,4,,,2025-07-30 02:09:29.760618,2025-08-01 02:09:29.760618
rev_00002069,order_00002372,5,,,2025-10-08 18:27:16.901006,2025-10-10 18:27:16.901006
rev_00002070,order_00002373,5,,,2025-09-08 13:25:39.018351,2025-09-08 13:25:39.018351
rev_00002071,order_00002375,5,,,2025-06-15 00:15:40.598398,2025-06-16 00:15:40.598398
rev_00002072,order_00002376,5,,,2025-09-11 17:41:04.952434,2025-09-11 17:41:04.952434
rev_00002073,order_00002377,5,,,2024-10-02 12:00:58.432020,2024-10-02 12:00:58.432020
rev_00002074,order_00002378,3,,,2025-02-24 09:09:52.064993,2025-02-24 09:09:52.064993
rev_00002075,order_00002380,4,,,2025-10-26 18:40:51.097527,2025-10-26 18:40:51.097527
rev_00002076,order_00002381,5,,,2024-09-06 14:16:20.170833,2024-09-08 14:16:20.170833
rev_00002077,order_00002382,5,,,2025-10-27 03:52:09.954297,2025-10-29 03:52:09.954297
rev_00002078,order_00002383,4,,,2025-03-18 22:07:05.590275,2025-03-20 22:07:05.590275
rev_00002079,order_00002384,3,,,2024-02-22 11:58:25.552823,2024-02-22 11:58:25.552823
rev_00002080,order_00002385,5,,,2024-04-19 21:20:01.276002,2024-04-20 21:20:01.276002
rev_00002081,order_00002386,4,,,2024-06-10 05:58:23.888412,2024-06-12 05:58:23.888412
rev_00002082,order_00002387,5,,,2024-01-12 06:11:46.741730,2024-01-14 06:11:46.741730
rev_00002083,order_00002388,5,,,2024-08-21 13:44:45.372438,2024-08-23 13:44:45.372438
rev_00002084,order_00002389,5,,,2024-12-25 23:48:02.578212,2024-12-27 23:48:02.578212
rev_00002085,order_00002390,4,,,2025-09-25 20:53:17.145182,2025-09-27 20:53:17.145182
rev_00002086,order_00002391,5,,,2025-12-07 10:29:33.358999,2025-12-08 10:29:33.358999
rev_00002087,order_00002392,5,,,2024-12-09 00:24:50.453555,2024-12-10 00:24:50.453555
rev_00002088,order_00002393,4,,,2025-11-30 21:58:59.003947,2025-12-02 21:58:59.003947
rev_00002089,order_00002394,4,,,2024-04-06 14:33:06.503942,2024-04-08 14:33:06.503942
rev_00002090,order_00002395,4,,,2024-07-24 08:24:26.754508,2024-07-26 08:24:26.754508
rev_00002091,order_00002396,4,,,2025-07-11 04:46:12.133861,2025-07-13 04:46:12.133861
rev_00002092,order_00002397,5,,,2024-05-04 02:17:50.669428,2024-05-04 02:17:50.669428
rev_00002093,order_00002398,2,,,2025-05-30 22:53:46.000000,2025-05-31 22:53:46.000000
rev_00002094,order_00002399,5,,,2024-04-18 19:05:58.709703,2024-04-18 19:05:58.709703
rev_00002095,order_00002400,5,,,2024-09-28 20:40:34.054565,2024-09-30 20:40:34.054565
rev_00002096,order_00002401,4,,,2024-02-17 08:49:32.301303,2024-02-18 08:49:32.301303
rev_00002097,order_00002403,4,,,2025-07-28 10:02:32.214629,2025-07-29 10:02:32.214629
rev_00002098,order_00002404,5,,,2024-11-14 13:05:11.164540,2024-11-16 13:05:11.164540
rev_00002099,order_00002405,4,,,2024-07-29 03:39:14.965209,2024-07-31 03:39:14.965209
rev_00002100,order_00002408,4,,,2025-10-02 14:26:40.326413,2025-10-03 14:26:40.326413
rev_00002101,order_00002409,4,,,2024-07-14 12:24:12.975820,2024-07-15 12:24:12.975820
rev_00002102,order_00002410,4,,,2024-03-09 15:40:11.856081,2024-03-11 15:40:11.856081
rev_00002103,order_00002411,4,,,2025-09-23 14:06:03.115588,2025-09-25 14:06:03.115588
rev_00002104,order_00002412,4,,,2025-04-18 00:12:45.583964,2025-04-19 00:12:45.583964
rev_00002105,order_00002414,5,,,2025-03-17 10:41:41.866803,2025-03-18 10:41:41.866803
rev_00002106,order_00002415,4,,,2024-06-13 02:04:33.950579,2024-06-13 02:04:33.950579
rev_00002107,order_00002416,1,,,2024-03-16 03:50:49.767402,2024-03-17 03:50:49.767402
rev_00002108,order_00002417,4,,,2025-08-14 01:51:13.384030,2025-08-16 01:51:13.384030
rev_00002109,order_00002418,4,,,2025-02-09 21:13:00.189929,2025-02-10 21:13:00.189929
rev_00002110,order_00002419,4,,,2024-03-10 01:02:37.479183,2024-03-12 01:02:37.479183
rev_00002111,order_00002420,4,,,2025-01-29 22:10:40.540965,2025-01-30 22:10:40.540965
rev_00002112,order_00002421,4,,,2024-11-01 05:47:46.457065,2024-11-02 05:47:46.457065
rev_00002113,order_00002422,2,,,2024-02-14 12:30:42.151122,2024-02-14 12:30:42.151122
rev_00002114,order_00002424,4,,,2024-10-27 03:44:33.499441,2024-10-27 03:44:33.499441
rev_00002115,order_00002425,3,,,2025-11-30 06:25:55.282686,2025-12-01 06:25:55.282686
rev_00002116,order_00002426,4,,,2025-07-23 19:57:02.388057,2025-07-24 19:57:02.388057
rev_00002117,order_00002427,2,,,2025-08-28 22:56:48.938377,2025-08-28 22:56:48.938377
rev_00002118,order_00002428,4,,,2024-06-26 19:35:19.064719,2024-06-27 19:35:19.064719
rev_00002119,order_00002429,3,,,2024-05-25 01:10:19.048051,2024-05-26 01:10:19.048051
rev_00002120,order_00002430,3,,,2025-08-19 11:33:14.697901,2025-08-19 11:33:14.697901
rev_00002121,order_00002431,3,,,2025-12-05 03:00:06.325444,2025-12-07 03:00:06.325444
rev_00002122,order_00002432,4,,,2025-11-14 23:11:44.958258,2025-11-15 23:11:44.958258
rev_00002123,order_00002433,4,,,2025-03-02 09:25:14.883306,2025-03-03 09:25:14.883306
rev_00002124,order_00002434,5,,,2025-12-31 08:11:41.151653,2025-12-31 08:11:41.151653
rev_00002125,order_00002436,4,,,2024-09-26 09:55:55.713052,2024-09-28 09:55:55.713052
rev_00002126,order_00002438,4,,,2025-01-25 21:11:25.326481,2025-01-25 21:11:25.326481
rev_00002127,order_00002439,4,,,2026-01-14 06:21:56.061714,2026-01-14 06:21:56.061714
rev_00002128,order_00002440,5,,,2025-07-24 15:31:07.881466,2025-07-25 15:31:07.881466
rev_00002129,order_00002441,4,,,2024-08-02 20:35:29.544379,2024-08-03 20:35:29.544379
rev_00002130,order_00002442,4,,,2025-09-27 12:55:11.124502,2025-09-28 12:55:11.124502
rev_00002131,order_00002443,5,,,2025-10-16 15:43:10.546635,2025-10-16 15:43:10.546635
rev_00002132,order_00002444,4,,,2025-03-31 21:22:47.525972,2025-04-01 21:22:47.525972
rev_00002133,order_00002445,5,,,2024-11-29 09:48:53.000000,2024-11-29 09:48:53.000000
rev_00002134,order_00002446,3,,,2025-08-31 05:49:36.925066,2025-09-01 05:49:36.925066
rev_00002135,order_00002447,3,,,2025-04-20 03:26:34.441657,2025-04-22 03:26:34.441657
rev_00002136,order_00002449,5,,,2025-05-10 14:52:26.687094,2025-05-11 14:52:26.687094
rev_00002137,order_00002450,5,,,2024-07-08 18:02:17.859190,2024-07-09 18:02:17.859190
rev_00002138,order_00002452,4,,,2025-06-27 16:59:55.326060,2025-06-28 16:59:55.326060
rev_00002139,order_00002453,4,,,2025-06-27 09:48:59.126993,2025-06-28 09:48:59.126993
rev_00002140,order_00002454,2,,,2026-01-24 21:43:41.386454,2026-01-26 21:43:41.386454
rev_00002141,order_00002456,3,,,2025-03-17 23:07:12.865248,2025-03-19 23:07:12.865248
rev_00002142,order_00002457,4,,,2024-11-27 17:18:18.429214,2024-11-29 17:18:18.429214
rev_00002143,order_00002458,4,,,2025-06-21 18:28:54.845806,2025-06-22 18:28:54.845806
rev_00002144,order_00002459,5,,,2024-05-19 21:34:37.809126,2024-05-20 21:34:37.809126
rev_00002145,order_00002460,4,,,2024-10-29 19:16:03.621557,2024-10-29 19:16:03.621557
rev_00002146,order_00002461,5,,,2024-11-02 17:33:42.389741,2024-11-02 17:33:42.389741
rev_00002147,order_00002462,5,,,2024-12-29 23:51:02.024113,2024-12-30 23:51:02.024113
rev_00002148,order_00002463,3,,,2024-02-27 08:01:04.144565,2024-02-27 08:01:04.144565
rev_00002149,order_00002464,4,,,2025-09-19 01:54:21.771307,2025-09-20 01:54:21.771307
rev_00002150,order_00002465,3,,,2024-02-15 05:05:25.113455,2024-02-16 05:05:25.113455
rev_00002151,order_00002466,5,,,2025-08-18 01:03:36.926908,2025-08-18 01:03:36.926908
rev_00002152,order_00002467,3,,,2024-12-25 11:29:17.205512,2024-12-27 11:29:17.205512
rev_00002153,order_00002468,3,,,2024-10-29 00:58:44.404280,2024-10-29 00:58:44.404280
rev_00002154,order_00002469,5,,,2025-10-27 17:08:27.553309,2025-10-28 17:08:27.553309
rev_00002155,order_00002470,4,,,2025-03-21 06:53:40.076880,2025-03-21 06:53:40.076880
rev_00002156,order_00002471,5,,,2024-05-16 15:29:40.670668,2024-05-17 15:29:40.670668
rev_00002157,order_00002472,4,,,2025-10-30 23:47:22.448785,2025-10-30 23:47:22.448785
rev_00002158,order_00002473,2,,,2024-04-22 00:38:14.477477,2024-04-22 00:38:14.477477
rev_00002159,order_00002474,3,,,2025-11-28 22:32:38.803839,2025-11-29 22:32:38.803839
rev_00002160,order_00002475,5,,,2024-02-24 16:59:10.770863,2024-02-26 16:59:10.770863
rev_00002161,order_00002477,2,,,2025-06-18 02:17:25.020897,2025-06-18 02:17:25.020897
rev_00002162,order_00002478,5,,,2025-05-12 15:21:16.641510,2025-05-13 15:21:16.641510
rev_00002163,order_00002479,5,,,2024-10-21 01:04:54.276093,2024-10-23 01:04:54.276093
rev_00002164,order_00002480,5,,,2025-05-05 21:34:02.789684,2025-05-07 21:34:02.789684
rev_00002165,order_00002481,5,,,2025-05-01 23:53:48.240314,2025-05-01 23:53:48.240314
rev_00002166,order_00002482,3,,,2024-05-26 12:27:04.912296,2024-05-28 12:27:04.912296
rev_00002167,order_00002483,5,,,2025-06-15 03:10:10.575960,2025-06-17 03:10:10.575960
rev_00002168,order_00002484,5,,,2024-02-25 09:51:42.482994,2024-02-26 09:51:42.482994
rev_00002169,order_00002486,5,,,2025-04-28 23:00:53.748408,2025-04-28 23:00:53.748408
rev_00002170,order_00002487,3,,,2024-11-10 13:56:57.116093,2024-11-10 13:56:57.116093
rev_00002171,order_00002488,5,,,2024-04-08 23:31:33.795119,2024-04-09 23:31:33.795119
rev_00002172,order_00002489,3,,,2024-12-02 15:47:46.000000,2024-12-03 15:47:46.000000
rev_00002173,order_00002490,4,,,2025-10-11 11:08:07.900066,2025-10-12 11:08:07.900066
rev_00002174,order_00002491,5,,,2025-07-24 01:23:49.769597,2025-07-26 01:23:49.769597
rev_00002175,order_00002492,5,,,2024-09-14 04:36:22.505568,2024-09-16 04:36:22.505568
rev_00002176,order_00002493,4,,,2024-04-23 19:17:40.850759,2024-04-25 19:17:40.850759
rev_00002177,order_00002494,4,,,2025-08-20 10:11:51.649562,2025-08-20 10:11:51.649562
rev_00002178,order_00002495,5,,,2024-07-08 16:09:01.490110,2024-07-10 16:09:01.490110
rev_00002179,order_00002496,1,,,2024-05-05 09:05:02.346824,2024-05-07 09:05:02.346824
rev_00002180,order_00002497,5,,,2024-08-29 07:35:22.320679,2024-08-31 07:35:22.320679
rev_00002181,order_00002498,3,,,2025-04-12 20:44:40.690512,2025-04-13 20:44:40.690512
rev_00002182,order_00002500,3,,,2024-11-19 12:57:58.198209,2024-11-19 12:57:58.198209
rev_00002183,order_00002501,4,,,2024-01-29 07:07:18.664157,2024-01-29 07:07:18.664157
rev_00002184,order_00002502,5,,,2025-03-23 18:32:26.496895,2025-03-25 18:32:26.496895
rev_00002185,order_00002503,3,,,2024-08-03 05:13:07.416907,2024-08-04 05:13:07.416907
rev_00002186,order_00002504,2,,,2025-03-22 22:32:28.890679,2025-03-22 22:32:28.890679
rev_00002187,order_00002506,4,,,2024-07-15 18:29:30.654250,2024-07-16 18:29:30.654250
rev_00002188,order_00002507,5,,,2024-06-12 18:17:46.323587,2024-06-13 18:17:46.323587
rev_00002189,order_00002508,3,,,2025-08-19 22:19:17.868092,2025-08-20 22:19:17.868092
rev_00002190,order_00002509,4,,,2025-04-11 10:22:28.345730,2025-04-12 10:22:28.345730
rev_00002191,order_00002510,4,,,2024-10-25 21:24:48.709281,2024-10-25 21:24:48.709281
rev_00002192,order_00002511,4,,,2025-10-15 18:13:50.871690,2025-10-16 18:13:50.871690
rev_00002193,order_00002512,5,,,2024-11-26 06:19:09.597930,2024-11-26 06:19:09.597930
rev_00002194,order_00002515,5,,,2025-05-10 08:14:05.562141,2025-05-10 08:14:05.562141
rev_00002195,order_00002516,5,,,2024-05-19 19:27:51.980812,2024-05-19 19:27:51.980812
rev_00002196,order_00002517,5,,,2024-06-07 16:43:41.702367,2024-06-08 16:43:41.702367
rev_00002197,order_00002518,4,,,2025-11-11 04:49:52.078583,2025-11-13 04:49:52.078583
rev_00002198,order_00002519,5,,,2025-05-05 11:52:18.211282,2025-05-05 11:52:18.211282
rev_00002199,order_00002520,4,,,2025-01-29 14:23:34.899066,2025-01-29 14:23:34.899066
rev_00002200,order_00002521,5,,,2025-08-18 07:53:50.435786,2025-08-18 07:53:50.435786
rev_00002201,order_00002522,5,,,2024-01-23 09:44:16.781014,2024-01-24 09:44:16.781014
rev_00002202,order_00002523,3,,,2024-06-13 18:20:53.379911,2024-06-13 18:20:53.379911
rev_00002203,order_00002524,5,,,2024-06-07 08:25:53.707914,2024-06-08 08:25:53.707914
rev_00002204,order_00002525,4,,,2025-12-08 05:30:54.597307,2025-12-09 05:30:54.597307
rev_00002205,order_00002526,5,,,2024-02-29 08:31:04.295134,2024-02-29 08:31:04.295134
rev_00002206,order_00002527,5,,,2024-06-27 02:00:58.567482,2024-06-27 02:00:58.567482
rev_00002207,order_00002528,4,,,2024-05-04 01:38:48.563337,2024-05-04 01:38:48.563337
rev_00002208,order_00002529,2,,,2025-11-15 05:14:25.960329,2025-11-17 05:14:25.960329
rev_00002209,order_00002530,5,,,2024-12-17 10:42:53.731939,2024-12-18 10:42:53.731939
rev_00002210,order_00002531,4,,,2025-07-10 17:45:19.227521,2025-07-10 17:45:19.227521
rev_00002211,order_00002532,5,,,2024-12-16 18:32:45.076725,2024-12-17 18:32:45.076725
rev_00002212,order_00002533,4,,,2025-12-24 15:33:26.682914,2025-12-24 15:33:26.682914
rev_00002213,order_00002535,4,,,2024-07-05 15:06:15.855480,2024-07-05 15:06:15.855480
rev_00002214,order_00002536,4,,,2025-10-11 11:20:09.232891,2025-10-12 11:20:09.232891
rev_00002215,order_00002537,5,,,2025-03-09 11:34:25.713500,2025-03-11 11:34:25.713500
rev_00002216,order_00002538,5,,,2024-06-13 14:09:56.679552,2024-06-15 14:09:56.679552
rev_00002217,order_00002539,3,,,2025-11-14 21:08:59.793134,2025-11-15 21:08:59.793134
rev_00002218,order_00002540,4,,,2024-03-01 00:53:39.888506,2024-03-03 00:53:39.888506
rev_00002219,order_00002541,5,,,2024-06-19 04:22:03.277312,2024-06-20 04:22:03.277312
rev_00002220,order_00002542,5,,,2024-12-28 08:46:50.224659,2024-12-30 08:46:50.224659
rev_00002221,order_00002543,5,,,2024-08-14 04:37:00.070576,2024-08-16 04:37:00.070576
rev_00002222,order_00002544,4,,,2025-06-08 00:25:51.560972,2025-06-09 00:25:51.560972
rev_00002223,order_00002546,5,,,2024-08-18 17:20:36.670042,2024-08-19 17:20:36.670042
rev_00002224,order_00002547,4,,,2024-02-15 09:07:33.553156,2024-02-16 09:07:33.553156
rev_00002225,order_00002548,4,,,2024-06-28 21:10:01.464853,2024-06-29 21:10:01.464853
rev_00002226,order_00002549,5,,,2025-09-27 15:54:22.591104,2025-09-29 15:54:22.591104
rev_00002227,order_00002551,4,,,2024-11-26 18:28:09.843256,2024-11-26 18:28:09.843256
rev_00002228,order_00002552,3,,,2024-05-15 23:05:41.527128,2024-05-17 23:05:41.527128
rev_00002229,order_00002553,5,,,2025-01-09 21:09:12.731671,2025-01-11 21:09:12.731671
rev_00002230,order_00002554,5,,,2025-08-07 16:22:00.498305,2025-08-09 16:22:00.498305
rev_00002231,order_00002555,3,,,2024-09-15 16:03:43.919844,2024-09-16 16:03:43.919844
rev_00002232,order_00002556,5,,,2024-06-14 13:01:38.000000,2024-06-15 13:01:38.000000
rev_00002233,order_00002558,4,,,2024-04-25 17:30:31.001911,2024-04-25 17:30:31.001911
rev_00002234,order_00002559,4,,,2024-03-21 08:13:04.999210,2024-03-22 08:13:04.999210
rev_00002235,order_00002560,5,,,2025-11-04 03:54:57.537560,2025-11-04 03:54:57.537560
rev_00002236,order_00002561,5,,,2024-02-05 02:48:36.633590,2024-02-05 02:48:36.633590
rev_00002237,order_00002563,5,,,2024-06-22 10:32:49.971131,2024-06-24 10:32:49.971131
rev_00002238,order_00002564,4,,,2025-04-19 08:11:13.914875,2025-04-19 08:11:13.914875
rev_00002239,order_00002565,1,,,2025-05-20 22:52:06.712141,2025-05-22 22:52:06.712141
rev_00002240,order_00002566,3,,,2024-06-08 17:50:35.115428,2024-06-09 17:50:35.115428
rev_00002241,order_00002567,4,,,2024-03-01 21:55:51.847693,2024-03-03 21:55:51.847693
rev_00002242,order_00002568,5,,,2024-11-29 14:37:17.826290,2024-12-01 14:37:17.826290
rev_00002243,order_00002570,3,,,2025-09-06 22:05:11.439687,2025-09-08 22:05:11.439687
rev_00002244,order_00002571,5,,,2025-02-08 09:04:55.280178,2025-02-08 09:04:55.280178
rev_00002245,order_00002572,4,,,2024-11-30 07:14:39.893997,2024-12-02 07:14:39.893997
rev_00002246,order_00002573,2,,,2025-06-20 04:45:31.024576,2025-06-21 04:45:31.024576
rev_00002247,order_00002575,5,,,2024-03-09 13:02:16.530511,2024-03-09 13:02:16.530511
rev_00002248,order_00002576,2,,,2024-10-16 08:10:24.632756,2024-10-17 08:10:24.632756
rev_00002249,order_00002577,5,,,2025-02-13 09:42:03.968153,2025-02-15 09:42:03.968153
rev_00002250,order_00002578,5,,,2024-03-03 12:20:44.080180,2024-03-05 12:20:44.080180
rev_00002251,order_00002579,5,,,2024-04-27 23:58:22.925484,2024-04-27 23:58:22.925484
rev_00002252,order_00002580,4,,,2025-01-22 20:18:12.607143,2025-01-24 20:18:12.607143
rev_00002253,order_00002581,5,,,2024-09-19 16:49:16.442627,2024-09-21 16:49:16.442627
rev_00002254,order_00002582,3,,,2024-12-30 22:32:04.897562,2024-12-31 22:32:04.897562
rev_00002255,order_00002583,4,,,2024-07-09 04:21:39.610557,2024-07-11 04:21:39.610557
rev_00002256,order_00002584,4,,,2024-02-09 17:13:17.930629,2024-02-10 17:13:17.930629
rev_00002257,order_00002585,4,,,2025-04-04 08:45:51.265562,2025-04-06 08:45:51.265562
rev_00002258,order_00002586,5,,,2025-01-18 08:53:01.459537,2025-01-19 08:53:01.459537
rev_00002259,order_00002587,5,,,2025-10-06 05:16:10.204796,2025-10-08 05:16:10.204796
rev_00002260,order_00002588,4,,,2025-12-04 09:12:09.650852,2025-12-06 09:12:09.650852
rev_00002261,order_00002589,5,,,2024-01-15 11:22:43.075724,2024-01-15 11:22:43.075724
rev_00002262,order_00002591,4,,,2024-04-17 20:45:37.648704,2024-04-18 20:45:37.648704
rev_00002263,order_00002592,5,,,2024-06-10 13:59:36.302370,2024-06-12 13:59:36.302370
rev_00002264,order_00002593,5,,,2025-04-12 20:00:35.107903,2025-04-12 20:00:35.107903
rev_00002265,order_00002594,5,,,2025-08-13 03:11:37.030195,2025-08-13 03:11:37.030195
rev_00002266,order_00002596,4,,,2024-07-03 00:26:02.608093,2024-07-04 00:26:02.608093
rev_00002267,order_00002597,5,,,2024-06-11 17:42:15.000000,2024-06-12 17:42:15.000000
rev_00002268,order_00002598,3,,,2024-08-08 03:45:04.000000,2024-08-09 03:45:04.000000
rev_00002269,order_00002599,4,,,2025-05-15 00:16:25.335452,2025-05-15 00:16:25.335452
rev_00002270,order_00002600,2,,,2025-02-08 04:19:28.162200,2025-02-09 04:19:28.162200
rev_00002271,order_00002601,4,,,2024-06-16 10:05:51.415577,2024-06-16 10:05:51.415577
rev_00002272,order_00002602,4,,,2024-02-10 18:32:23.462849,2024-02-12 18:32:23.462849
rev_00002273,order_00002603,5,,,2025-02-05 18:06:27.958586,2025-02-07 18:06:27.958586
rev_00002274,order_00002604,1,,,2024-09-24 01:06:20.845081,2024-09-26 01:06:20.845081
rev_00002275,order_00002605,3,,,2025-12-22 23:49:23.305097,2025-12-22 23:49:23.305097
rev_00002276,order_00002606,4,,,2025-02-19 07:44:25.315765,2025-02-20 07:44:25.315765
rev_00002277,order_00002607,4,,,2024-12-09 14:41:10.000000,2024-12-10 14:41:10.000000
rev_00002278,order_00002608,4,,,2025-05-07 18:57:16.841781,2025-05-07 18:57:16.841781
rev_00002279,order_00002609,3,,,2025-09-01 05:09:46.498671,2025-09-01 05:09:46.498671
rev_00002280,order_00002610,4,,,2024-12-16 19:58:17.965492,2024-12-17 19:58:17.965492
rev_00002281,order_00002612,4,,,2024-04-14 05:40:52.054769,2024-04-15 05:40:52.054769
rev_00002282,order_00002613,4,,,2025-03-02 10:52:49.848482,2025-03-04 10:52:49.848482
rev_00002283,order_00002614,5,,,2024-05-27 13:51:13.565089,2024-05-29 13:51:13.565089
rev_00002284,order_00002615,5,,,2024-01-29 09:48:04.613846,2024-01-31 09:48:04.613846
rev_00002285,order_00002616,4,,,2024-05-17 12:02:26.898007,2024-05-19 12:02:26.898007
rev_00002286,order_00002617,4,,,2024-02-20 21:44:38.326915,2024-02-20 21:44:38.326915
rev_00002287,order_00002618,5,,,2024-10-08 11:18:00.270833,2024-10-09 11:18:00.270833
rev_00002288,order_00002619,2,,,2025-09-25 17:49:19.918965,2025-09-25 17:49:19.918965
rev_00002289,order_00002620,5,,,2024-11-09 13:36:05.350433,2024-11-11 13:36:05.350433
rev_00002290,order_00002621,5,,,2024-11-09 07:49:16.362914,2024-11-11 07:49:16.362914
rev_00002291,order_00002622,4,,,2025-10-23 21:25:34.593731,2025-10-25 21:25:34.593731
rev_00002292,order_00002623,3,,,2024-12-08 04:29:56.619111,2024-12-08 04:29:56.619111
rev_00002293,order_00002624,5,,,2024-09-16 10:51:25.959255,2024-09-18 10:51:25.959255
rev_00002294,order_00002625,4,,,2025-10-20 23:58:46.940988,2025-10-21 23:58:46.940988
rev_00002295,order_00002626,5,,,2025-02-03 16:29:06.489329,2025-02-05 16:29:06.489329
rev_00002296,order_00002627,5,,,2025-10-10 14:37:41.455614,2025-10-11 14:37:41.455614
rev_00002297,order_00002628,2,,,2025-06-13 10:51:14.873335,2025-06-14 10:51:14.873335
rev_00002298,order_00002629,5,,,2025-01-25 17:55:24.392132,2025-01-27 17:55:24.392132
rev_00002299,order_00002630,5,,,2025-04-19 00:13:45.089717,2025-04-21 00:13:45.089717
rev_00002300,order_00002631,4,,,2024-11-28 12:36:22.127967,2024-11-29 12:36:22.127967
rev_00002301,order_00002632,3,,,2025-05-13 10:43:28.440191,2025-05-13 10:43:28.440191
rev_00002302,order_00002633,2,,,2025-01-28 07:12:52.935944,2025-01-29 07:12:52.935944
rev_00002303,order_00002634,3,,,2025-12-23 02:27:00.445252,2025-12-25 02:27:00.445252
rev_00002304,order_00002636,4,,,2025-02-18 13:30:42.171636,2025-02-20 13:30:42.171636
rev_00002305,order_00002638,5,,,2025-05-22 10:39:18.700381,2025-05-23 10:39:18.700381
rev_00002306,order_00002639,5,,,2024-10-04 17:59:51.546433,2024-10-05 17:59:51.546433
rev_00002307,order_00002640,5,,,2025-10-17 14:24:14.510042,2025-10-17 14:24:14.510042
rev_00002308,order_00002641,5,,,2024-07-08 10:05:22.438681,2024-07-10 10:05:22.438681
rev_00002309,order_00002643,5,,,2025-06-05 04:56:29.911126,2025-06-05 04:56:29.911126
rev_00002310,order_00002644,4,,,2025-10-09 09:45:10.140501,2025-10-11 09:45:10.140501
rev_00002311,order_00002645,3,,,2024-11-20 00:42:38.010353,2024-11-21 00:42:38.010353
rev_00002312,order_00002646,3,,,2025-08-09 10:34:57.394605,2025-08-11 10:34:57.394605
rev_00002313,order_00002647,5,,,2024-03-03 18:21:22.581464,2024-03-04 18:21:22.581464
rev_00002314,order_00002649,4,,,2024-01-31 15:53:37.018639,2024-01-31 15:53:37.018639
rev_00002315,order_00002650,5,,,2025-06-19 11:34:52.151129,2025-06-21 11:34:52.151129
rev_00002316,order_00002652,5,,,2024-05-15 08:47:03.398961,2024-05-17 08:47:03.398961
rev_00002317,order_00002653,5,,,2024-12-25 08:46:34.000000,2024-12-25 08:46:34.000000
rev_00002318,order_00002654,4,,,2024-06-08 12:48:17.223300,2024-06-08 12:48:17.223300
rev_00002319,order_00002655,2,,,2024-05-17 23:31:44.821448,2024-05-19 23:31:44.821448
rev_00002320,order_00002656,4,,,2025-09-04 14:32:37.185524,2025-09-05 14:32:37.185524
rev_00002321,order_00002657,4,,,2025-11-08 01:19:59.891087,2025-11-10 01:19:59.891087
rev_00002322,order_00002658,4,,,2025-03-12 23:34:39.000000,2025-03-14 23:34:39.000000
rev_00002323,order_00002659,5,,,2024-03-05 04:19:02.574322,2024-03-05 04:19:02.574322
rev_00002324,order_00002660,5,,,2024-10-23 00:40:47.000000,2024-10-24 00:40:47.000000
rev_00002325,order_00002661,4,,,2024-10-19 18:42:14.147661,2024-10-21 18:42:14.147661
rev_00002326,order_00002662,5,,,2024-04-30 04:52:50.424533,2024-04-30 04:52:50.424533
rev_00002327,order_00002663,5,,,2025-04-03 09:05:43.553583,2025-04-03 09:05:43.553583
rev_00002328,order_00002664,4,,,2025-05-12 07:11:20.109368,2025-05-12 07:11:20.109368
rev_00002329,order_00002665,4,,,2025-11-23 07:51:09.306972,2025-11-25 07:51:09.306972
rev_00002330,order_00002666,4,,,2024-04-01 07:37:24.017058,2024-04-01 07:37:24.017058
rev_00002331,order_00002667,4,,,2024-11-01 03:07:10.451612,2024-11-03 03:07:10.451612
rev_00002332,order_00002668,5,,,2024-01-31 13:11:37.727680,2024-02-01 13:11:37.727680
rev_00002333,order_00002669,4,,,2024-08-18 01:49:51.848772,2024-08-18 01:49:51.848772
rev_00002334,order_00002670,4,,,2024-07-18 21:13:18.113372,2024-07-20 21:13:18.113372
rev_00002335,order_00002672,5,,,2025-07-04 04:39:00.722832,2025-07-05 04:39:00.722832
rev_00002336,order_00002673,5,,,2025-04-03 00:57:32.942544,2025-04-03 00:57:32.942544
rev_00002337,order_00002674,4,,,2025-02-19 07:05:21.388051,2025-02-21 07:05:21.388051
rev_00002338,order_00002675,4,,,2024-11-28 22:23:58.842769,2024-11-29 22:23:58.842769
rev_00002339,order_00002676,4,,,2025-11-22 20:55:32.848052,2025-11-23 20:55:32.848052
rev_00002340,order_00002677,5,,,2025-12-22 14:21:58.350455,2025-12-24 14:21:58.350455
rev_00002341,order_00002678,4,,,2025-12-17 13:09:48.978710,2025-12-19 13:09:48.978710
rev_00002342,order_00002680,5,,,2024-09-17 00:13:09.000000,2024-09-18 00:13:09.000000
rev_00002343,order_00002681,3,,,2024-04-05 04:15:39.017415,2024-04-07 04:15:39.017415
rev_00002344,order_00002682,3,,,2024-02-29 05:30:00.702511,2024-02-29 05:30:00.702511
rev_00002345,order_00002683,3,,,2024-02-02 03:10:53.733185,2024-02-04 03:10:53.733185
rev_00002346,order_00002684,4,,,2024-03-31 22:15:22.335490,2024-04-02 22:15:22.335490
rev_00002347,order_00002685,4,,,2024-12-27 11:26:31.637442,2024-12-27 11:26:31.637442
rev_00002348,order_00002686,4,,,2024-05-11 12:11:32.861138,2024-05-11 12:11:32.861138
rev_00002349,order_00002687,3,,,2025-12-03 04:17:08.181393,2025-12-04 04:17:08.181393
rev_00002350,order_00002688,5,,,2025-04-12 14:12:33.960128,2025-04-14 14:12:33.960128
rev_00002351,order_00002689,5,,,2025-07-15 14:02:04.059687,2025-07-15 14:02:04.059687
rev_00002352,order_00002690,5,,,2025-05-08 21:01:38.762707,2025-05-08 21:01:38.762707
rev_00002353,order_00002691,3,,,2025-06-19 13:10:33.815617,2025-06-20 13:10:33.815617
rev_00002354,order_00002692,4,,,2024-10-13 20:26:42.933784,2024-10-15 20:26:42.933784
rev_00002355,order_00002693,5,,,2024-06-12 20:37:40.556020,2024-06-12 20:37:40.556020
rev_00002356,order_00002694,3,,,2024-01-24 23:05:00.017982,2024-01-24 23:05:00.017982
rev_00002357,order_00002695,5,,,2025-05-17 20:10:18.049531,2025-05-18 20:10:18.049531
rev_00002358,order_00002696,5,,,2025-01-02 11:37:13.405088,2025-01-04 11:37:13.405088
rev_00002359,order_00002697,5,,,2024-08-27 11:54:01.569403,2024-08-29 11:54:01.569403
rev_00002360,order_00002698,3,,,2025-11-11 06:25:58.189005,2025-11-12 06:25:58.189005
rev_00002361,order_00002699,5,,,2024-10-21 14:04:10.042803,2024-10-21 14:04:10.042803
rev_00002362,order_00002700,4,,,2025-02-21 03:38:52.043500,2025-02-21 03:38:52.043500
rev_00002363,order_00002702,3,,,2025-03-08 05:04:05.759514,2025-03-10 05:04:05.759514
rev_00002364,order_00002703,4,,,2024-06-04 14:02:33.980107,2024-06-05 14:02:33.980107
rev_00002365,order_00002704,5,,,2025-08-18 22:42:36.893638,2025-08-20 22:42:36.893638
rev_00002366,order_00002705,5,,,2024-06-14 14:02:25.655716,2024-06-16 14:02:25.655716
rev_00002367,order_00002707,4,,,2024-02-15 08:06:18.508327,2024-02-16 08:06:18.508327
rev_00002368,order_00002708,3,,,2024-03-17 10:11:27.649426,2024-03-19 10:11:27.649426
rev_00002369,order_00002709,4,,,2025-07-10 09:36:58.458171,2025-07-12 09:36:58.458171
rev_00002370,order_00002710,5,,,2024-02-11 16:55:10.209326,2024-02-12 16:55:10.209326
rev_00002371,order_00002711,5,,,2025-08-30 10:44:04.083348,2025-09-01 10:44:04.083348
rev_00002372,order_00002712,2,,,2024-02-23 20:52:27.418514,2024-02-23 20:52:27.418514
rev_00002373,order_00002713,3,,,2025-05-18 23:16:20.573457,2025-05-20 23:16:20.573457
rev_00002374,order_00002714,4,,,2024-01-13 10:17:53.852730,2024-01-14 10:17:53.852730
rev_00002375,order_00002715,5,,,2024-08-02 04:16:18.915355,2024-08-04 04:16:18.915355
rev_00002376,order_00002716,4,,,2025-08-13 19:09:10.517371,2025-08-15 19:09:10.517371
rev_00002377,order_00002717,3,,,2024-02-20 14:46:09.835412,2024-02-21 14:46:09.835412
rev_00002378,order_00002718,4,,,2024-07-15 06:50:49.017737,2024-07-16 06:50:49.017737
rev_00002379,order_00002719,3,,,2024-04-09 03:47:22.265973,2024-04-09 03:47:22.265973
rev_00002380,order_00002720,5,,,2024-12-16 02:56:08.626624,2024-12-16 02:56:08.626624
rev_00002381,order_00002721,4,,,2024-03-18 21:41:00.821262,2024-03-18 21:41:00.821262
rev_00002382,order_00002722,5,,,2025-02-24 10:34:20.228594,2025-02-26 10:34:20.228594
rev_00002383,order_00002723,3,,,2025-03-30 17:17:16.957077,2025-03-30 17:17:16.957077
rev_00002384,order_00002724,5,,,2025-07-11 16:42:42.502633,2025-07-13 16:42:42.502633
rev_00002385,order_00002725,4,,,2025-05-26 00:15:04.558391,2025-05-28 00:15:04.558391
rev_00002386,order_00002726,5,,,2024-10-21 01:01:34.894757,2024-10-22 01:01:34.894757
rev_00002387,order_00002727,3,,,2025-09-16 02:38:09.012703,2025-09-18 02:38:09.012703
rev_00002388,order_00002728,5,,,2024-03-09 11:40:32.231251,2024-03-09 11:40:32.231251
rev_00002389,order_00002729,5,,,2025-12-11 10:24:03.852305,2025-12-11 10:24:03.852305
rev_00002390,order_00002730,5,,,2024-07-29 05:53:40.913220,2024-07-30 05:53:40.913220
rev_00002391,order_00002731,5,,,2024-04-08 14:09:50.510294,2024-04-08 14:09:50.510294
rev_00002392,order_00002732,4,,,2025-02-20 04:04:12.053259,2025-02-20 04:04:12.053259
rev_00002393,order_00002733,5,,,2025-09-21 07:47:08.361067,2025-09-21 07:47:08.361067
rev_00002394,order_00002734,3,,,2024-10-28 14:57:08.368926,2024-10-30 14:57:08.368926
rev_00002395,order_00002735,4,,,2025-03-30 10:14:00.406048,2025-04-01 10:14:00.406048
rev_00002396,order_00002736,3,,,2024-09-19 14:18:48.257937,2024-09-20 14:18:48.257937
rev_00002397,order_00002737,4,,,2024-12-09 20:28:40.089456,2024-12-11 20:28:40.089456
rev_00002398,order_00002738,4,,,2025-01-19 21:37:34.000000,2025-01-19 21:37:34.000000
rev_00002399,order_00002739,3,,,2025-04-16 20:24:36.476708,2025-04-17 20:24:36.476708
rev_00002400,order_00002740,3,,,2024-10-31 09:49:28.079180,2024-11-01 09:49:28.079180
rev_00002401,order_00002741,4,,,2025-02-20 15:09:24.095793,2025-02-21 15:09:24.095793
rev_00002402,order_00002742,4,,,2025-11-29 14:49:07.000000,2025-11-30 14:49:07.000000
rev_00002403,order_00002743,4,,,2025-08-18 07:08:44.466285,2025-08-20 07:08:44.466285
rev_00002404,order_00002744,5,,,2024-11-30 18:00:38.758763,2024-11-30 18:00:38.758763
rev_00002405,order_00002745,4,,,2024-07-08 11:18:30.115522,2024-07-10 11:18:30.115522
rev_00002406,order_00002746,4,,,2025-09-08 05:34:59.456589,2025-09-09 05:34:59.456589
rev_00002407,order_00002747,4,,,2025-12-03 09:50:54.872275,2025-12-05 09:50:54.872275
rev_00002408,order_00002749,4,,,2024-03-30 03:09:37.205229,2024-04-01 03:09:37.205229
rev_00002409,order_00002750,2,,,2025-05-31 11:42:20.277315,2025-06-02 11:42:20.277315
rev_00002410,order_00002751,5,,,2025-04-02 17:04:21.516309,2025-04-03 17:04:21.516309
rev_00002411,order_00002752,4,,,2025-09-04 04:39:57.594381,2025-09-05 04:39:57.594381
rev_00002412,order_00002753,4,,,2025-09-01 01:52:55.258436,2025-09-01 01:52:55.258436
rev_00002413,order_00002754,4,,,2024-05-27 15:17:57.773750,2024-05-27 15:17:57.773750
rev_00002414,order_00002755,5,,,2025-04-21 02:43:43.451107,2025-04-21 02:43:43.451107
rev_00002415,order_00002756,3,,,2024-12-02 03:56:57.237843,2024-12-02 03:56:57.237843
rev_00002416,order_00002757,5,,,2024-08-16 23:59:18.905776,2024-08-16 23:59:18.905776
rev_00002417,order_00002758,4,,,2024-07-03 09:29:29.508148,2024-07-04 09:29:29.508148
rev_00002418,order_00002759,3,,,2024-02-19 22:04:17.684653,2024-02-19 22:04:17.684653
rev_00002419,order_00002760,5,,,2024-07-23 06:25:23.874891,2024-07-23 06:25:23.874891
rev_00002420,order_00002761,4,,,2025-10-15 01:31:45.414352,2025-10-15 01:31:45.414352
rev_00002421,order_00002762,3,,,2025-08-08 11:14:17.319862,2025-08-08 11:14:17.319862
rev_00002422,order_00002763,4,,,2024-08-22 03:33:38.769832,2024-08-22 03:33:38.769832
rev_00002423,order_00002764,4,,,2024-06-21 23:15:57.849153,2024-06-22 23:15:57.849153
rev_00002424,order_00002765,5,,,2024-01-12 23:04:50.313621,2024-01-13 23:04:50.313621
rev_00002425,order_00002766,4,,,2025-10-03 22:22:56.825462,2025-10-03 22:22:56.825462
rev_00002426,order_00002767,4,,,2024-01-27 11:34:37.498926,2024-01-28 11:34:37.498926
rev_00002427,order_00002768,3,,,2025-02-08 05:57:28.771996,2025-02-08 05:57:28.771996
rev_00002428,order_00002769,4,,,2025-02-27 07:39:01.841222,2025-03-01 07:39:01.841222
rev_00002429,order_00002770,3,,,2025-10-10 04:08:42.761387,2025-10-11 04:08:42.761387
rev_00002430,order_00002771,5,,,2025-08-27 00:01:51.683038,2025-08-28 00:01:51.683038
rev_00002431,order_00002772,4,,,2024-10-18 04:30:49.470310,2024-10-19 04:30:49.470310
rev_00002432,order_00002773,3,,,2024-07-07 04:53:18.117399,2024-07-09 04:53:18.117399
rev_00002433,order_00002774,3,,,2024-03-28 02:39:55.115237,2024-03-30 02:39:55.115237
rev_00002434,order_00002777,3,,,2024-07-06 03:51:57.988380,2024-07-06 03:51:57.988380
rev_00002435,order_00002778,5,,,2025-04-21 14:05:52.884894,2025-04-22 14:05:52.884894
rev_00002436,order_00002780,3,,,2024-10-29 04:37:32.951200,2024-10-30 04:37:32.951200
rev_00002437,order_00002781,4,,,2024-07-30 01:46:19.105725,2024-07-31 01:46:19.105725
rev_00002438,order_00002782,4,,,2024-06-29 02:04:56.776385,2024-06-29 02:04:56.776385
rev_00002439,order_00002783,4,,,2024-03-03 03:02:22.499478,2024-03-04 03:02:22.499478
rev_00002440,order_00002784,5,,,2025-07-17 12:04:10.000000,2025-07-17 12:04:10.000000
rev_00002441,order_00002785,4,,,2025-02-04 06:19:34.526503,2025-02-06 06:19:34.526503
rev_00002442,order_00002786,3,,,2024-11-27 00:41:17.029185,2024-11-29 00:41:17.029185
rev_00002443,order_00002787,3,,,2024-09-01 19:37:54.732937,2024-09-03 19:37:54.732937
rev_00002444,order_00002788,5,,,2026-01-09 10:17:43.591776,2026-01-09 10:17:43.591776
rev_00002445,order_00002789,3,,,2025-08-26 08:19:53.506693,2025-08-27 08:19:53.506693
rev_00002446,order_00002791,4,,,2024-02-10 10:12:26.159005,2024-02-11 10:12:26.159005
rev_00002447,order_00002792,4,,,2025-03-31 16:05:59.341458,2025-04-01 16:05:59.341458
rev_00002448,order_00002793,3,,,2025-09-25 01:41:34.675881,2025-09-25 01:41:34.675881
rev_00002449,order_00002794,4,,,2025-07-29 11:40:29.053643,2025-07-31 11:40:29.053643
rev_00002450,order_00002795,4,,,2025-01-27 13:06:10.982306,2025-01-27 13:06:10.982306
rev_00002451,order_00002797,5,,,2025-01-12 07:54:36.936485,2025-01-12 07:54:36.936485
rev_00002452,order_00002798,4,,,2025-12-31 06:29:02.048950,2025-12-31 06:29:02.048950
rev_00002453,order_00002799,5,,,2025-04-01 14:31:52.059307,2025-04-01 14:31:52.059307
rev_00002454,order_00002800,1,,,2025-01-29 22:55:38.244160,2025-01-29 22:55:38.244160
rev_00002455,order_00002801,3,,,2024-08-17 16:16:13.161386,2024-08-19 16:16:13.161386
rev_00002456,order_00002802,5,,,2025-10-27 15:22:02.260422,2025-10-28 15:22:02.260422
rev_00002457,order_00002803,4,,,2025-08-05 08:39:09.451884,2025-08-05 08:39:09.451884
rev_00002458,order_00002804,5,,,2025-06-02 03:34:11.355952,2025-06-04 03:34:11.355952
rev_00002459,order_00002805,1,,,2025-06-20 05:03:36.679547,2025-06-20 05:03:36.679547
rev_00002460,order_00002806,2,,,2025-10-27 06:05:20.278656,2025-10-28 06:05:20.278656
rev_00002461,order_00002807,3,,,2025-04-13 04:32:41.309174,2025-04-14 04:32:41.309174
rev_00002462,order_00002808,4,,,2025-01-19 09:29:34.292974,2025-01-19 09:29:34.292974
rev_00002463,order_00002809,4,,,2024-08-26 10:35:22.971193,2024-08-28 10:35:22.971193
rev_00002464,order_00002810,5,,,2024-11-17 11:29:16.720481,2024-11-17 11:29:16.720481
rev_00002465,order_00002811,5,,,2025-12-15 09:41:53.981688,2025-12-16 09:41:53.981688
rev_00002466,order_00002812,3,,,2025-08-30 18:34:13.781375,2025-08-30 18:34:13.781375
rev_00002467,order_00002813,4,,,2024-11-27 14:53:53.630790,2024-11-29 14:53:53.630790
rev_00002468,order_00002814,3,,,2025-11-22 22:29:57.076553,2025-11-24 22:29:57.076553
rev_00002469,order_00002815,2,,,2025-05-24 02:11:00.980781,2025-05-25 02:11:00.980781
rev_00002470,order_00002816,5,,,2024-12-13 06:52:08.943708,2024-12-14 06:52:08.943708
rev_00002471,order_00002817,4,,,2024-11-18 03:19:56.487747,2024-11-19 03:19:56.487747
rev_00002472,order_00002818,5,,,2024-10-22 10:20:07.085935,2024-10-22 10:20:07.085935
rev_00002473,order_00002819,5,,,2024-04-29 19:21:07.273304,2024-04-30 19:21:07.273304
rev_00002474,order_00002820,5,,,2025-09-06 12:34:28.032264,2025-09-08 12:34:28.032264
rev_00002475,order_00002821,4,,,2024-09-07 08:39:12.787743,2024-09-09 08:39:12.787743
rev_00002476,order_00002822,4,,,2024-03-04 12:20:35.295051,2024-03-04 12:20:35.295051
rev_00002477,order_00002823,3,,,2024-02-11 06:01:42.251986,2024-02-11 06:01:42.251986
rev_00002478,order_00002825,3,,,2024-06-29 09:57:04.595938,2024-06-29 09:57:04.595938
rev_00002479,order_00002826,5,,,2024-04-11 14:20:58.987865,2024-04-11 14:20:58.987865
rev_00002480,order_00002827,4,,,2025-05-10 08:17:53.539055,2025-05-12 08:17:53.539055
rev_00002481,order_00002828,5,,,2025-09-12 13:23:27.798278,2025-09-12 13:23:27.798278
rev_00002482,order_00002829,4,,,2025-10-23 03:58:22.208371,2025-10-25 03:58:22.208371
rev_00002483,order_00002830,3,,,2025-03-13 13:48:50.802784,2025-03-13 13:48:50.802784
rev_00002484,order_00002831,3,,,2024-12-12 00:09:39.842876,2024-12-13 00:09:39.842876
rev_00002485,order_00002832,3,,,2025-10-10 07:16:16.835801,2025-10-12 07:16:16.835801
rev_00002486,order_00002833,4,,,2024-11-06 06:16:21.250534,2024-11-06 06:16:21.250534
rev_00002487,order_00002834,4,,,2024-07-16 19:55:21.898585,2024-07-17 19:55:21.898585
rev_00002488,order_00002835,4,,,2024-11-13 10:30:12.273122,2024-11-14 10:30:12.273122
rev_00002489,order_00002836,4,,,2025-11-07 13:57:05.366242,2025-11-08 13:57:05.366242
rev_00002490,order_00002837,5,,,2025-03-07 07:34:37.554101,2025-03-07 07:34:37.554101
rev_00002491,order_00002839,4,,,2024-04-20 12:53:55.354904,2024-04-21 12:53:55.354904
rev_00002492,order_00002840,3,,,2024-08-11 15:52:06.688343,2024-08-12 15:52:06.688343
rev_00002493,order_00002841,3,,,2024-09-13 04:38:44.355285,2024-09-15 04:38:44.355285
rev_00002494,order_00002842,5,,,2024-01-16 02:15:50.342166,2024-01-16 02:15:50.342166
rev_00002495,order_00002843,5,,,2024-05-01 10:26:02.204258,2024-05-01 10:26:02.204258
rev_00002496,order_00002844,5,,,2024-06-11 19:38:43.724051,2024-06-13 19:38:43.724051
rev_00002497,order_00002845,5,,,2024-02-23 14:07:14.319334,2024-02-24 14:07:14.319334
rev_00002498,order_00002846,5,,,2025-12-28 22:49:05.291149,2025-12-30 22:49:05.291149
rev_00002499,order_00002847,3,,,2025-03-12 22:48:52.886329,2025-03-13 22:48:52.886329
rev_00002500,order_00002848,5,,,2025-02-28 14:08:39.619252,2025-02-28 14:08:39.619252
rev_00002501,order_00002849,3,,,2024-10-20 22:41:36.984195,2024-10-21 22:41:36.984195
rev_00002502,order_00002850,3,,,2024-04-12 04:20:01.777742,2024-04-13 04:20:01.777742
rev_00002503,order_00002851,3,,,2024-02-04 07:24:41.834446,2024-02-04 07:24:41.834446
rev_00002504,order_00002854,4,,,2025-07-16 10:13:03.529524,2025-07-16 10:13:03.529524
rev_00002505,order_00002855,5,,,2024-04-10 19:48:43.212044,2024-04-12 19:48:43.212044
rev_00002506,order_00002856,1,,,2024-07-28 17:19:11.526864,2024-07-28 17:19:11.526864
rev_00002507,order_00002857,5,,,2025-07-02 05:34:33.156233,2025-07-02 05:34:33.156233
rev_00002508,order_00002858,4,,,2025-12-06 01:45:14.629370,2025-12-08 01:45:14.629370
rev_00002509,order_00002859,5,,,2024-11-12 14:01:29.751510,2024-11-14 14:01:29.751510
rev_00002510,order_00002860,5,,,2024-07-17 13:23:18.623220,2024-07-19 13:23:18.623220
rev_00002511,order_00002861,4,,,2024-10-27 09:48:07.856834,2024-10-28 09:48:07.856834
rev_00002512,order_00002862,5,,,2024-07-09 08:31:17.149924,2024-07-09 08:31:17.149924
rev_00002513,order_00002863,4,,,2025-12-16 04:11:03.595653,2025-12-17 04:11:03.595653
rev_00002514,order_00002864,5,,,2025-08-22 05:27:53.182993,2025-08-22 05:27:53.182993
rev_00002515,order_00002865,5,,,2025-11-27 00:33:40.693997,2025-11-28 00:33:40.693997
rev_00002516,order_00002866,5,,,2025-12-01 15:34:45.040654,2025-12-03 15:34:45.040654
rev_00002517,order_00002867,5,,,2025-11-02 22:49:35.653063,2025-11-04 22:49:35.653063
rev_00002518,order_00002868,5,,,2025-08-20 02:55:03.740114,2025-08-22 02:55:03.740114
rev_00002519,order_00002869,4,,,2025-10-07 23:52:26.640488,2025-10-08 23:52:26.640488
rev_00002520,order_00002870,4,,,2024-05-31 09:22:28.974219,2024-06-01 09:22:28.974219
rev_00002521,order_00002871,5,,,2025-05-18 21:26:19.537645,2025-05-20 21:26:19.537645
rev_00002522,order_00002872,5,,,2024-02-19 04:14:32.009707,2024-02-20 04:14:32.009707
rev_00002523,order_00002873,2,,,2024-07-28 21:59:18.122431,2024-07-28 21:59:18.122431
rev_00002524,order_00002874,4,,,2024-05-16 16:09:33.421858,2024-05-18 16:09:33.421858
rev_00002525,order_00002875,4,,,2025-04-06 21:20:41.325755,2025-04-07 21:20:41.325755
rev_00002526,order_00002876,5,,,2025-11-27 07:27:07.722143,2025-11-28 07:27:07.722143
rev_00002527,order_00002877,2,,,2024-05-17 14:51:18.154721,2024-05-17 14:51:18.154721
rev_00002528,order_00002879,4,,,2025-01-11 03:27:30.054343,2025-01-13 03:27:30.054343
rev_00002529,order_00002880,5,,,2025-10-19 01:58:13.223427,2025-10-21 01:58:13.223427
rev_00002530,order_00002881,4,,,2024-06-09 23:58:43.537269,2024-06-11 23:58:43.537269
rev_00002531,order_00002882,5,,,2025-10-16 12:29:59.898484,2025-10-16 12:29:59.898484
rev_00002532,order_00002883,5,,,2024-02-11 01:28:35.544495,2024-02-13 01:28:35.544495
rev_00002533,order_00002884,5,,,2025-02-07 08:25:01.793179,2025-02-08 08:25:01.793179
rev_00002534,order_00002885,5,,,2025-08-16 14:22:59.568810,2025-08-17 14:22:59.568810
rev_00002535,order_00002886,5,,,2025-06-22 22:37:48.461846,2025-06-22 22:37:48.461846
rev_00002536,order_00002887,4,,,2025-09-06 12:30:55.229174,2025-09-08 12:30:55.229174
rev_00002537,order_00002888,4,,,2025-05-24 22:58:01.848849,2025-05-24 22:58:01.848849
rev_00002538,order_00002889,3,,,2024-03-30 12:31:56.000000,2024-04-01 12:31:56.000000
rev_00002539,order_00002892,4,,,2025-05-24 12:49:50.819718,2025-05-24 12:49:50.819718
rev_00002540,order_00002894,5,,,2025-08-15 05:28:13.138911,2025-08-17 05:28:13.138911
rev_00002541,order_00002895,5,,,2024-10-09 05:50:29.599362,2024-10-09 05:50:29.599362
rev_00002542,order_00002896,5,,,2024-10-26 00:30:51.451438,2024-10-27 00:30:51.451438
rev_00002543,order_00002898,4,,,2024-04-22 02:30:23.132614,2024-04-23 02:30:23.132614
rev_00002544,order_00002899,4,,,2024-10-16 19:58:10.341559,2024-10-18 19:58:10.341559
rev_00002545,order_00002900,3,,,2024-06-30 11:37:34.497336,2024-07-01 11:37:34.497336
rev_00002546,order_00002901,3,,,2024-04-09 05:01:19.039777,2024-04-11 05:01:19.039777
rev_00002547,order_00002903,4,,,2025-01-30 02:45:43.348195,2025-01-31 02:45:43.348195
rev_00002548,order_00002904,2,,,2024-08-04 04:16:18.000000,2024-08-06 04:16:18.000000
rev_00002549,order_00002905,4,,,2025-06-13 06:20:16.401833,2025-06-13 06:20:16.401833
rev_00002550,order_00002906,3,,,2024-03-16 16:35:56.988671,2024-03-16 16:35:56.988671
rev_00002551,order_00002907,4,,,2024-06-01 18:53:34.588064,2024-06-01 18:53:34.588064
rev_00002552,order_00002910,5,,,2025-12-28 15:48:12.500221,2025-12-28 15:48:12.500221
rev_00002553,order_00002911,5,,,2024-11-10 19:34:52.308889,2024-11-11 19:34:52.308889
rev_00002554,order_00002912,5,,,2024-03-11 05:52:21.014317,2024-03-13 05:52:21.014317
rev_00002555,order_00002913,4,,,2025-07-15 03:01:36.233663,2025-07-16 03:01:36.233663
rev_00002556,order_00002914,1,,,2024-12-18 13:58:04.347675,2024-12-18 13:58:04.347675
rev_00002557,order_00002916,4,,,2024-07-06 21:26:10.065868,2024-07-08 21:26:10.065868
rev_00002558,order_00002917,5,,,2024-10-02 21:34:57.706823,2024-10-03 21:34:57.706823
rev_00002559,order_00002918,2,,,2025-08-15 22:26:32.042695,2025-08-16 22:26:32.042695
rev_00002560,order_00002919,4,,,2024-06-09 18:34:32.485823,2024-06-09 18:34:32.485823
rev_00002561,order_00002920,5,,,2025-08-08 20:05:59.998160,2025-08-09 20:05:59.998160
rev_00002562,order_00002921,4,,,2025-02-03 19:14:12.827800,2025-02-04 19:14:12.827800
rev_00002563,order_00002922,3,,,2025-07-20 07:29:25.112291,2025-07-21 07:29:25.112291
rev_00002564,order_00002923,4,,,2025-01-19 14:56:52.331260,2025-01-21 14:56:52.331260
rev_00002565,order_00002924,5,,,2024-05-02 00:46:49.670439,2024-05-04 00:46:49.670439
rev_00002566,order_00002925,5,,,2025-02-07 16:32:49.233493,2025-02-07 16:32:49.233493
rev_00002567,order_00002927,4,,,2025-03-29 13:54:02.170136,2025-03-29 13:54:02.170136
rev_00002568,order_00002929,5,,,2024-04-21 15:43:49.268090,2024-04-22 15:43:49.268090
rev_00002569,order_00002930,5,,,2024-12-03 10:45:47.009181,2024-12-04 10:45:47.009181
rev_00002570,order_00002931,5,,,2025-12-08 21:39:03.403861,2025-12-09 21:39:03.403861
rev_00002571,order_00002932,5,,,2025-06-06 02:45:27.128135,2025-06-07 02:45:27.128135
rev_00002572,order_00002933,3,,,2025-12-02 14:31:59.048895,2025-12-04 14:31:59.048895
rev_00002573,order_00002934,3,,,2024-09-07 10:59:34.071504,2024-09-09 10:59:34.071504
rev_00002574,order_00002935,4,,,2025-04-07 05:03:49.211951,2025-04-08 05:03:49.211951
rev_00002575,order_00002936,2,,,2024-08-07 21:08:36.369875,2024-08-09 21:08:36.369875
rev_00002576,order_00002937,5,,,2025-10-08 16:08:36.614592,2025-10-10 16:08:36.614592
rev_00002577,order_00002938,4,,,2024-02-04 19:12:47.755382,2024-02-04 19:12:47.755382
rev_00002578,order_00002939,3,,,2024-03-10 05:47:23.405323,2024-03-11 05:47:23.405323
rev_00002579,order_00002940,4,,,2024-01-30 19:25:41.835526,2024-01-30 19:25:41.835526
rev_00002580,order_00002941,3,,,2024-02-18 02:45:54.893898,2024-02-20 02:45:54.893898
rev_00002581,order_00002942,5,,,2025-03-15 17:38:12.362822,2025-03-17 17:38:12.362822
rev_00002582,order_00002943,3,,,2025-02-12 16:54:01.738910,2025-02-12 16:54:01.738910
rev_00002583,order_00002944,5,,,2025-10-01 02:15:45.657857,2025-10-03 02:15:45.657857
rev_00002584,order_00002945,4,,,2024-12-20 07:55:03.735297,2024-12-22 07:55:03.735297
rev_00002585,order_00002946,4,,,2025-10-28 19:18:59.502390,2025-10-29 19:18:59.502390
rev_00002586,order_00002947,4,,,2025-05-02 09:55:47.945616,2025-05-02 09:55:47.945616
rev_00002587,order_00002948,4,,,2025-02-21 04:47:48.070974,2025-02-21 04:47:48.070974
rev_00002588,order_00002949,3,,,2025-07-27 20:54:34.919565,2025-07-27 20:54:34.919565
rev_00002589,order_00002950,3,,,2025-08-19 08:00:34.651787,2025-08-20 08:00:34.651787
rev_00002590,order_00002951,4,,,2025-10-13 09:24:08.000000,2025-10-14 09:24:08.000000
rev_00002591,order_00002952,4,,,2024-09-21 17:28:50.621716,2024-09-23 17:28:50.621716
rev_00002592,order_00002953,5,,,2024-02-05 10:55:30.237451,2024-02-06 10:55:30.237451
rev_00002593,order_00002954,5,,,2025-01-10 18:38:51.009629,2025-01-11 18:38:51.009629
rev_00002594,order_00002955,3,,,2024-12-01 04:14:12.026391,2024-12-03 04:14:12.026391
rev_00002595,order_00002957,3,,,2024-02-27 15:34:15.015628,2024-02-28 15:34:15.015628
rev_00002596,order_00002958,4,,,2024-06-28 10:43:07.000000,2024-06-29 10:43:07.000000
rev_00002597,order_00002960,4,,,2025-01-29 15:38:18.187326,2025-01-30 15:38:18.187326
rev_00002598,order_00002961,3,,,2025-03-22 14:28:47.796814,2025-03-23 14:28:47.796814
rev_00002599,order_00002962,1,,,2025-03-21 09:27:29.848818,2025-03-22 09:27:29.848818
rev_00002600,order_00002963,5,,,2025-12-16 09:28:15.291046,2025-12-17 09:28:15.291046
rev_00002601,order_00002964,5,,,2024-04-28 10:54:28.382004,2024-04-29 10:54:28.382004
rev_00002602,order_00002965,4,,,2024-11-28 15:52:19.009337,2024-11-30 15:52:19.009337
rev_00002603,order_00002966,3,,,2024-09-07 22:14:27.000000,2024-09-07 22:14:27.000000
rev_00002604,order_00002968,5,,,2024-05-27 01:19:44.598526,2024-05-28 01:19:44.598526
rev_00002605,order_00002969,4,,,2024-12-10 17:39:21.085518,2024-12-12 17:39:21.085518
rev_00002606,order_00002970,5,,,2024-09-07 05:07:13.533088,2024-09-09 05:07:13.533088
rev_00002607,order_00002971,5,,,2025-12-26 15:20:01.111647,2025-12-28 15:20:01.111647
rev_00002608,order_00002972,3,,,2025-05-13 12:50:58.182880,2025-05-13 12:50:58.182880
rev_00002609,order_00002973,4,,,2024-04-30 16:25:34.789646,2024-04-30 16:25:34.789646
rev_00002610,order_00002974,4,,,2024-12-14 10:26:39.395477,2024-12-14 10:26:39.395477
rev_00002611,order_00002976,4,,,2025-05-01 15:17:23.416699,2025-05-01 15:17:23.416699
rev_00002612,order_00002977,5,,,2025-10-06 05:22:52.237557,2025-10-08 05:22:52.237557
rev_00002613,order_00002978,4,,,2024-11-04 17:48:24.450675,2024-11-04 17:48:24.450675
rev_00002614,order_00002979,3,,,2025-03-08 23:42:17.324285,2025-03-09 23:42:17.324285
rev_00002615,order_00002982,3,,,2025-12-07 20:22:59.325320,2025-12-09 20:22:59.325320
rev_00002616,order_00002983,5,,,2025-10-24 02:00:43.609183,2025-10-24 02:00:43.609183
rev_00002617,order_00002984,5,,,2024-12-06 14:25:44.585853,2024-12-08 14:25:44.585853
rev_00002618,order_00002985,4,,,2024-11-23 01:06:46.864883,2024-11-25 01:06:46.864883
rev_00002619,order_00002986,4,,,2025-01-05 14:58:39.687979,2025-01-06 14:58:39.687979
rev_00002620,order_00002987,4,,,2024-10-31 07:20:18.408299,2024-11-02 07:20:18.408299
rev_00002621,order_00002988,5,,,2025-05-05 14:02:30.259932,2025-05-05 14:02:30.259932
rev_00002622,order_00002989,3,,,2024-04-24 20:46:56.182310,2024-04-26 20:46:56.182310
rev_00002623,order_00002991,5,,,2025-04-30 17:25:45.165794,2025-05-01 17:25:45.165794
rev_00002624,order_00002992,2,,,2025-03-07 07:52:39.644510,2025-03-07 07:52:39.644510
rev_00002625,order_00002993,5,,,2025-03-23 16:06:59.774610,2025-03-25 16:06:59.774610
rev_00002626,order_00002994,2,,,2024-06-06 02:46:46.000000,2024-06-08 02:46:46.000000
rev_00002627,order_00002995,5,,,2024-02-19 09:47:05.952252,2024-02-21 09:47:05.952252
rev_00002628,order_00002996,3,,,2025-08-01 02:40:54.400146,2025-08-01 02:40:54.400146
rev_00002629,order_00002997,4,,,2025-08-30 03:08:56.251424,2025-08-30 03:08:56.251424
rev_00002630,order_00002998,4,,,2024-11-19 17:05:33.286293,2024-11-19 17:05:33.286293
rev_00002631,order_00002999,5,,,2025-04-16 11:36:53.917889,2025-04-17 11:36:53.917889
rev_00002632,order_00003000,5,,,2025-06-29 08:00:50.016683,2025-06-30 08:00:50.016683
rev_00002633,order_00003001,5,,,2024-09-12 02:19:59.381787,2024-09-14 02:19:59.381787
rev_00002634,order_00003002,5,,,2024-02-24 11:35:53.953856,2024-02-24 11:35:53.953856
rev_00002635,order_00003003,5,,,2025-06-13 03:41:44.865344,2025-06-13 03:41:44.865344
rev_00002636,order_00003004,5,,,2024-06-29 19:31:27.639076,2024-06-30 19:31:27.639076
rev_00002637,order_00003005,3,,,2025-10-14 02:15:18.802074,2025-10-16 02:15:18.802074
rev_00002638,order_00003006,5,,,2025-08-24 20:42:22.552670,2025-08-24 20:42:22.552670
rev_00002639,order_00003007,4,,,2025-10-04 12:44:12.824931,2025-10-05 12:44:12.824931
rev_00002640,order_00003008,4,,,2024-11-25 18:39:49.647727,2024-11-26 18:39:49.647727
rev_00002641,order_00003009,3,,,2025-01-19 12:25:19.773025,2025-01-21 12:25:19.773025
rev_00002642,order_00003010,2,,,2026-01-13 16:27:02.068727,2026-01-13 16:27:02.068727
rev_00002643,order_00003011,3,,,2025-12-20 06:58:20.813114,2025-12-20 06:58:20.813114
rev_00002644,order_00003012,4,,,2025-02-12 18:31:28.696367,2025-02-12 18:31:28.696367
rev_00002645,order_00003013,5,,,2025-01-12 19:47:56.985776,2025-01-13 19:47:56.985776
rev_00002646,order_00003014,4,,,2024-01-26 04:50:30.889929,2024-01-26 04:50:30.889929
rev_00002647,order_00003015,4,,,2025-12-27 19:04:46.808872,2025-12-29 19:04:46.808872
rev_00002648,order_00003016,4,,,2024-01-19 21:09:15.662620,2024-01-20 21:09:15.662620
rev_00002649,order_00003017,4,,,2024-10-08 06:34:29.052860,2024-10-09 06:34:29.052860
rev_00002650,order_00003018,5,,,2024-12-11 05:02:08.853362,2024-12-11 05:02:08.853362
rev_00002651,order_00003019,5,,,2025-01-08 11:15:52.814025,2025-01-08 11:15:52.814025
rev_00002652,order_00003020,2,,,2025-07-28 20:20:55.325830,2025-07-29 20:20:55.325830
rev_00002653,order_00003021,5,,,2024-02-28 06:01:45.233121,2024-02-28 06:01:45.233121
rev_00002654,order_00003022,5,,,2025-09-14 01:05:49.965701,2025-09-16 01:05:49.965701
rev_00002655,order_00003023,4,,,2024-11-21 05:23:21.305979,2024-11-22 05:23:21.305979
rev_00002656,order_00003024,4,,,2025-07-16 19:34:02.380814,2025-07-18 19:34:02.380814
rev_00002657,order_00003025,3,,,2024-05-30 11:02:46.700790,2024-06-01 11:02:46.700790
rev_00002658,order_00003026,1,,,2024-10-01 03:30:07.503368,2024-10-01 03:30:07.503368
rev_00002659,order_00003027,4,,,2025-02-27 18:32:33.592589,2025-02-28 18:32:33.592589
rev_00002660,order_00003028,5,,,2024-02-17 20:09:03.945021,2024-02-18 20:09:03.945021
rev_00002661,order_00003029,5,,,2025-03-26 01:01:03.063995,2025-03-28 01:01:03.063995
rev_00002662,order_00003030,5,,,2025-09-10 00:38:42.559565,2025-09-10 00:38:42.559565
rev_00002663,order_00003031,2,,,2025-06-14 18:58:05.645175,2025-06-16 18:58:05.645175
rev_00002664,order_00003032,4,,,2025-09-26 22:48:57.000000,2025-09-26 22:48:57.000000
rev_00002665,order_00003033,5,,,2024-03-03 18:28:40.957962,2024-03-03 18:28:40.957962
rev_00002666,order_00003034,1,,,2024-09-20 22:09:46.473935,2024-09-21 22:09:46.473935
rev_00002667,order_00003036,4,,,2024-04-18 09:53:46.071579,2024-04-20 09:53:46.071579
rev_00002668,order_00003037,5,,,2025-10-20 22:19:55.289886,2025-10-21 22:19:55.289886
rev_00002669,order_00003038,5,,,2024-06-19 09:45:01.105943,2024-06-19 09:45:01.105943
rev_00002670,order_00003040,5,,,2024-05-02 21:36:50.823214,2024-05-04 21:36:50.823214
rev_00002671,order_00003041,3,,,2025-11-01 04:13:48.986659,2025-11-02 04:13:48.986659
rev_00002672,order_00003042,3,,,2024-08-03 09:51:58.037690,2024-08-05 09:51:58.037690
rev_00002673,order_00003043,5,,,2024-06-22 22:41:18.701543,2024-06-22 22:41:18.701543
rev_00002674,order_00003044,5,,,2024-12-20 17:31:33.618232,2024-12-20 17:31:33.618232
rev_00002675,order_00003045,4,,,2025-08-01 08:55:28.833377,2025-08-03 08:55:28.833377
rev_00002676,order_00003046,4,,,2025-04-10 20:42:13.780057,2025-04-10 20:42:13.780057
rev_00002677,order_00003048,5,,,2025-07-24 05:31:11.782565,2025-07-25 05:31:11.782565
rev_00002678,order_00003049,4,,,2025-09-02 22:56:46.505712,2025-09-04 22:56:46.505712
rev_00002679,order_00003050,4,,,2024-10-11 21:38:46.824285,2024-10-12 21:38:46.824285
rev_00002680,order_00003051,2,,,2024-06-11 20:51:11.566217,2024-06-11 20:51:11.566217
rev_00002681,order_00003052,4,,,2024-02-16 23:17:34.466551,2024-02-17 23:17:34.466551
rev_00002682,order_00003053,5,,,2025-01-04 01:22:31.733884,2025-01-06 01:22:31.733884
rev_00002683,order_00003054,3,,,2025-12-27 06:17:12.000000,2025-12-28 06:17:12.000000
rev_00002684,order_00003055,5,,,2025-07-22 07:05:07.494352,2025-07-24 07:05:07.494352
rev_00002685,order_00003056,5,,,2024-08-10 20:40:27.618520,2024-08-10 20:40:27.618520
rev_00002686,order_00003057,4,,,2025-12-12 16:36:38.195191,2025-12-14 16:36:38.195191
rev_00002687,order_00003058,5,,,2025-01-26 02:38:48.505187,2025-01-26 02:38:48.505187
rev_00002688,order_00003059,3,,,2024-05-27 02:15:53.513228,2024-05-27 02:15:53.513228
rev_00002689,order_00003060,5,,,2025-07-31 20:31:39.769027,2025-08-01 20:31:39.769027
rev_00002690,order_00003062,5,,,2025-10-23 11:22:07.656434,2025-10-25 11:22:07.656434
rev_00002691,order_00003064,3,,,2024-09-02 10:37:44.052891,2024-09-02 10:37:44.052891
rev_00002692,order_00003065,5,,,2024-06-11 05:34:54.052319,2024-06-12 05:34:54.052319
rev_00002693,order_00003066,3,,,2025-06-07 11:03:00.907839,2025-06-09 11:03:00.907839
rev_00002694,order_00003067,3,,,2025-01-06 08:26:15.532236,2025-01-06 08:26:15.532236
rev_00002695,order_00003068,5,,,2025-08-07 13:24:18.392745,2025-08-09 13:24:18.392745
rev_00002696,order_00003070,5,,,2025-10-11 13:51:35.609728,2025-10-11 13:51:35.609728
rev_00002697,order_00003072,4,,,2024-09-25 23:58:30.312291,2024-09-25 23:58:30.312291
rev_00002698,order_00003073,3,,,2025-03-10 08:37:18.268636,2025-03-11 08:37:18.268636
rev_00002699,order_00003074,5,,,2025-02-15 22:49:06.421364,2025-02-17 22:49:06.421364
rev_00002700,order_00003075,4,,,2025-08-20 14:53:09.923307,2025-08-22 14:53:09.923307
rev_00002701,order_00003076,4,,,2024-08-20 02:12:13.067924,2024-08-21 02:12:13.067924
rev_00002702,order_00003077,4,,,2025-06-05 06:26:14.105704,2025-06-06 06:26:14.105704
rev_00002703,order_00003078,5,,,2024-01-13 15:49:58.000000,2024-01-14 15:49:58.000000
rev_00002704,order_00003079,3,,,2024-05-14 03:16:03.186130,2024-05-14 03:16:03.186130
rev_00002705,order_00003080,5,,,2024-12-10 19:18:04.182876,2024-12-12 19:18:04.182876
rev_00002706,order_00003081,4,,,2025-12-22 05:39:09.022365,2025-12-24 05:39:09.022365
rev_00002707,order_00003082,4,,,2024-06-21 23:34:46.258129,2024-06-22 23:34:46.258129
rev_00002708,order_00003084,5,,,2025-09-12 11:48:50.742987,2025-09-12 11:48:50.742987
rev_00002709,order_00003085,3,,,2024-04-24 14:41:42.929785,2024-04-24 14:41:42.929785
rev_00002710,order_00003086,4,,,2024-12-13 14:59:52.868047,2024-12-15 14:59:52.868047
rev_00002711,order_00003087,5,,,2025-04-02 02:26:41.143041,2025-04-02 02:26:41.143041
rev_00002712,order_00003090,3,,,2025-05-02 16:48:20.957900,2025-05-02 16:48:20.957900
rev_00002713,order_00003092,3,,,2024-09-24 15:32:17.240001,2024-09-24 15:32:17.240001
rev_00002714,order_00003093,4,,,2024-03-16 23:31:06.316442,2024-03-18 23:31:06.316442
rev_00002715,order_00003094,3,,,2024-03-01 21:24:45.359451,2024-03-02 21:24:45.359451
rev_00002716,order_00003095,4,,,2024-10-19 18:35:17.013000,2024-10-19 18:35:17.013000
rev_00002717,order_00003096,5,,,2024-05-12 01:59:08.794901,2024-05-13 01:59:08.794901
rev_00002718,order_00003097,5,,,2024-11-27 00:48:39.826016,2024-11-28 00:48:39.826016
rev_00002719,order_00003098,5,,,2024-10-30 08:07:26.929200,2024-10-31 08:07:26.929200
rev_00002720,order_00003099,4,,,2025-01-22 22:12:15.543235,2025-01-23 22:12:15.543235
rev_00002721,order_00003100,5,,,2025-12-01 13:18:58.226456,2025-12-03 13:18:58.226456
rev_00002722,order_00003101,5,,,2025-03-27 23:31:41.400900,2025-03-27 23:31:41.400900
rev_00002723,order_00003102,4,,,2025-12-27 10:52:59.562365,2025-12-27 10:52:59.562365
rev_00002724,order_00003103,5,,,2025-10-14 00:10:55.797416,2025-10-16 00:10:55.797416
rev_00002725,order_00003104,4,,,2024-12-10 06:17:16.551544,2024-12-10 06:17:16.551544
rev_00002726,order_00003105,5,,,2024-05-16 01:14:51.668014,2024-05-17 01:14:51.668014
rev_00002727,order_00003107,4,,,2024-01-15 19:43:29.795455,2024-01-15 19:43:29.795455
rev_00002728,order_00003108,5,,,2024-09-19 08:39:25.000000,2024-09-21 08:39:25.000000
rev_00002729,order_00003109,5,,,2024-12-21 00:23:12.170708,2024-12-21 00:23:12.170708
rev_00002730,order_00003110,3,,,2025-12-25 03:17:11.424229,2025-12-26 03:17:11.424229
rev_00002731,order_00003111,5,,,2025-10-17 14:39:06.654498,2025-10-19 14:39:06.654498
rev_00002732,order_00003112,5,,,2024-12-30 20:41:23.330584,2024-12-31 20:41:23.330584
rev_00002733,order_00003113,4,,,2024-12-13 06:55:52.685956,2024-12-13 06:55:52.685956
rev_00002734,order_00003114,4,,,2024-04-29 04:29:51.128270,2024-05-01 04:29:51.128270
rev_00002735,order_00003115,2,,,2025-10-16 04:19:34.093520,2025-10-16 04:19:34.093520
rev_00002736,order_00003116,3,,,2025-05-16 00:26:30.332855,2025-05-16 00:26:30.332855
rev_00002737,order_00003117,4,,,2025-10-19 07:01:48.000000,2025-10-19 07:01:48.000000
rev_00002738,order_00003118,3,,,2025-02-22 06:37:16.792542,2025-02-24 06:37:16.792542
rev_00002739,order_00003119,3,,,2024-06-20 15:50:46.475368,2024-06-20 15:50:46.475368
rev_00002740,order_00003120,4,,,2024-08-28 06:14:42.206455,2024-08-30 06:14:42.206455
rev_00002741,order_00003121,2,,,2025-10-22 02:33:41.240225,2025-10-22 02:33:41.240225
rev_00002742,order_00003123,4,,,2024-03-06 04:11:00.471511,2024-03-06 04:11:00.471511
rev_00002743,order_00003124,4,,,2025-10-31 11:40:48.028281,2025-11-02 11:40:48.028281
rev_00002744,order_00003125,5,,,2024-09-27 18:56:55.918791,2024-09-29 18:56:55.918791
rev_00002745,order_00003126,4,,,2024-06-02 02:26:53.177276,2024-06-02 02:26:53.177276
rev_00002746,order_00003127,5,,,2025-01-29 05:16:11.032998,2025-01-29 05:16:11.032998
rev_00002747,order_00003129,4,,,2024-12-30 23:50:38.743012,2024-12-30 23:50:38.743012
rev_00002748,order_00003130,5,,,2024-11-04 23:17:56.456545,2024-11-04 23:17:56.456545
rev_00002749,order_00003131,5,,,2025-12-11 08:52:46.265116,2025-12-13 08:52:46.265116
rev_00002750,order_00003132,4,,,2024-08-10 14:13:34.734728,2024-08-10 14:13:34.734728
rev_00002751,order_00003133,3,,,2025-05-12 14:31:51.754913,2025-05-14 14:31:51.754913
rev_00002752,order_00003134,4,,,2024-03-04 10:18:54.844146,2024-03-05 10:18:54.844146
rev_00002753,order_00003135,5,,,2025-05-07 02:54:00.629860,2025-05-09 02:54:00.629860
rev_00002754,order_00003136,4,,,2024-09-17 12:31:42.661563,2024-09-19 12:31:42.661563
rev_00002755,order_00003137,5,,,2024-10-25 14:35:00.352508,2024-10-26 14:35:00.352508
rev_00002756,order_00003138,5,,,2025-01-19 02:32:31.052753,2025-01-21 02:32:31.052753
rev_00002757,order_00003139,5,,,2024-08-19 03:54:23.947488,2024-08-21 03:54:23.947488
rev_00002758,order_00003140,5,,,2024-08-14 06:43:06.175172,2024-08-14 06:43:06.175172
rev_00002759,order_00003141,4,,,2025-12-07 10:05:38.239776,2025-12-09 10:05:38.239776
rev_00002760,order_00003142,4,,,2025-07-08 16:46:53.330655,2025-07-08 16:46:53.330655
rev_00002761,order_00003143,3,,,2025-03-10 11:28:43.558640,2025-03-11 11:28:43.558640
rev_00002762,order_00003144,4,,,2024-03-24 16:48:31.968113,2024-03-25 16:48:31.968113
rev_00002763,order_00003146,4,,,2025-09-27 10:02:38.983168,2025-09-28 10:02:38.983168
rev_00002764,order_00003148,3,,,2025-11-11 05:41:21.442917,2025-11-11 05:41:21.442917
rev_00002765,order_00003149,4,,,2024-04-28 22:25:07.553479,2024-04-29 22:25:07.553479
rev_00002766,order_00003151,5,,,2024-09-11 03:27:37.657320,2024-09-13 03:27:37.657320
rev_00002767,order_00003152,4,,,2025-06-15 05:16:45.298438,2025-06-17 05:16:45.298438
rev_00002768,order_00003153,4,,,2024-06-16 01:00:34.591163,2024-06-18 01:00:34.591163
rev_00002769,order_00003155,4,,,2025-01-26 00:40:10.174161,2025-01-28 00:40:10.174161
rev_00002770,order_00003156,5,,,2024-06-14 13:46:21.189458,2024-06-15 13:46:21.189458
rev_00002771,order_00003158,4,,,2025-04-03 01:00:26.355466,2025-04-03 01:00:26.355466
rev_00002772,order_00003159,4,,,2024-04-21 15:24:30.901579,2024-04-21 15:24:30.901579
rev_00002773,order_00003160,4,,,2024-04-04 12:27:58.315423,2024-04-06 12:27:58.315423
rev_00002774,order_00003161,5,,,2024-07-02 10:19:13.556531,2024-07-04 10:19:13.556531
rev_00002775,order_00003162,5,,,2025-09-11 00:12:51.736592,2025-09-11 00:12:51.736592
rev_00002776,order_00003163,4,,,2025-04-21 20:07:18.657902,2025-04-22 20:07:18.657902
rev_00002777,order_00003165,4,,,2024-04-29 05:05:48.801090,2024-04-29 05:05:48.801090
rev_00002778,order_00003166,5,,,2025-11-05 17:38:29.125598,2025-11-07 17:38:29.125598
rev_00002779,order_00003167,5,,,2025-01-30 12:57:38.247594,2025-01-30 12:57:38.247594
rev_00002780,order_00003168,5,,,2025-01-06 15:48:05.817269,2025-01-08 15:48:05.817269
rev_00002781,order_00003170,4,,,2024-06-16 02:28:44.170370,2024-06-18 02:28:44.170370
rev_00002782,order_00003171,5,,,2024-08-11 19:57:21.726062,2024-08-12 19:57:21.726062
rev_00002783,order_00003172,4,,,2024-06-14 02:15:03.175945,2024-06-16 02:15:03.175945
rev_00002784,order_00003174,5,,,2025-05-27 15:28:06.572079,2025-05-28 15:28:06.572079
rev_00002785,order_00003175,4,,,2024-12-08 00:03:30.461421,2024-12-09 00:03:30.461421
rev_00002786,order_00003177,4,,,2024-08-25 11:38:50.187878,2024-08-26 11:38:50.187878
rev_00002787,order_00003179,4,,,2025-11-04 10:02:50.885449,2025-11-05 10:02:50.885449
rev_00002788,order_00003180,4,,,2024-04-09 06:50:51.582624,2024-04-10 06:50:51.582624
rev_00002789,order_00003181,5,,,2024-08-26 07:50:12.618196,2024-08-28 07:50:12.618196
rev_00002790,order_00003182,5,,,2024-02-12 20:29:08.449257,2024-02-12 20:29:08.449257
rev_00002791,order_00003183,4,,,2025-08-08 17:43:21.599094,2025-08-10 17:43:21.599094
rev_00002792,order_00003184,5,,,2024-01-25 08:52:40.329202,2024-01-25 08:52:40.329202
rev_00002793,order_00003185,3,,,2024-11-27 19:05:52.698969,2024-11-27 19:05:52.698969
rev_00002794,order_00003186,4,,,2025-12-07 23:31:16.477426,2025-12-09 23:31:16.477426
rev_00002795,order_00003187,5,,,2024-06-05 22:41:02.218577,2024-06-07 22:41:02.218577
rev_00002796,order_00003188,3,,,2024-06-07 21:21:09.488618,2024-06-08 21:21:09.488618
rev_00002797,order_00003189,4,,,2025-01-26 10:28:46.864148,2025-01-28 10:28:46.864148
rev_00002798,order_00003190,4,,,2024-05-13 13:41:37.202126,2024-05-14 13:41:37.202126
rev_00002799,order_00003191,4,,,2025-01-24 12:21:30.748143,2025-01-24 12:21:30.748143
rev_00002800,order_00003194,4,,,2025-02-20 03:43:26.891106,2025-02-20 03:43:26.891106
rev_00002801,order_00003195,5,,,2025-01-23 23:54:58.396389,2025-01-23 23:54:58.396389
rev_00002802,order_00003196,4,,,2024-12-19 05:12:15.164580,2024-12-19 05:12:15.164580
rev_00002803,order_00003197,4,,,2024-10-24 02:58:48.446359,2024-10-25 02:58:48.446359
rev_00002804,order_00003199,4,,,2024-07-25 12:13:35.285963,2024-07-25 12:13:35.285963
rev_00002805,order_00003200,5,,,2024-08-06 02:24:32.891416,2024-08-07 02:24:32.891416
rev_00002806,order_00003201,5,,,2025-11-10 17:10:13.033115,2025-11-10 17:10:13.033115
rev_00002807,order_00003202,1,,,2025-05-28 07:30:54.202117,2025-05-30 07:30:54.202117
rev_00002808,order_00003203,5,,,2024-01-19 17:42:52.634057,2024-01-21 17:42:52.634057
rev_00002809,order_00003204,4,,,2025-12-30 09:51:05.208439,2026-01-01 09:51:05.208439
rev_00002810,order_00003205,5,,,2025-06-26 04:43:54.000000,2025-06-26 04:43:54.000000
rev_00002811,order_00003206,5,,,2024-07-10 06:04:51.000000,2024-07-11 06:04:51.000000
rev_00002812,order_00003207,3,,,2025-01-19 06:02:02.105933,2025-01-20 06:02:02.105933
rev_00002813,order_00003208,5,,,2025-07-05 06:23:11.686751,2025-07-06 06:23:11.686751
rev_00002814,order_00003209,5,,,2024-12-07 19:26:43.437722,2024-12-09 19:26:43.437722
rev_00002815,order_00003210,3,,,2024-09-06 02:01:51.920122,2024-09-08 02:01:51.920122
rev_00002816,order_00003211,4,,,2025-08-23 12:53:34.358479,2025-08-24 12:53:34.358479
rev_00002817,order_00003213,3,,,2025-04-26 19:18:01.664692,2025-04-28 19:18:01.664692
rev_00002818,order_00003214,4,,,2025-05-30 16:34:20.598167,2025-05-30 16:34:20.598167
rev_00002819,order_00003215,5,,,2024-05-26 08:55:55.974121,2024-05-26 08:55:55.974121
rev_00002820,order_00003216,4,,,2024-04-15 00:02:33.618427,2024-04-16 00:02:33.618427
rev_00002821,order_00003217,4,,,2025-02-02 20:46:32.429481,2025-02-02 20:46:32.429481
rev_00002822,order_00003218,4,,,2024-02-13 19:52:04.275564,2024-02-13 19:52:04.275564
rev_00002823,order_00003219,4,,,2024-05-19 12:19:58.133757,2024-05-21 12:19:58.133757
rev_00002824,order_00003220,4,,,2024-09-23 15:01:41.535919,2024-09-24 15:01:41.535919
rev_00002825,order_00003221,5,,,2024-04-03 04:24:23.492547,2024-04-05 04:24:23.492547
rev_00002826,order_00003222,5,,,2024-06-11 17:04:15.208353,2024-06-12 17:04:15.208353
rev_00002827,order_00003224,2,,,2024-04-19 18:35:12.369398,2024-04-21 18:35:12.369398
rev_00002828,order_00003225,4,,,2025-12-27 11:59:09.744112,2025-12-29 11:59:09.744112
rev_00002829,order_00003226,2,,,2025-08-02 16:16:47.951187,2025-08-03 16:16:47.951187
rev_00002830,order_00003227,5,,,2025-06-14 16:56:43.467764,2025-06-14 16:56:43.467764
rev_00002831,order_00003228,3,,,2024-05-11 06:33:19.085398,2024-05-13 06:33:19.085398
rev_00002832,order_00003229,5,,,2024-07-07 11:38:03.151779,2024-07-07 11:38:03.151779
rev_00002833,order_00003230,4,,,2025-02-14 02:58:35.177304,2025-02-14 02:58:35.177304
rev_00002834,order_00003231,4,,,2024-11-23 06:31:09.740937,2024-11-25 06:31:09.740937
rev_00002835,order_00003232,5,,,2024-09-09 10:53:55.422794,2024-09-09 10:53:55.422794
rev_00002836,order_00003233,5,,,2025-09-09 06:43:21.871210,2025-09-09 06:43:21.871210
rev_00002837,order_00003235,3,,,2024-06-04 03:20:02.774681,2024-06-04 03:20:02.774681
rev_00002838,order_00003236,5,,,2024-12-02 02:58:16.000000,2024-12-03 02:58:16.000000
rev_00002839,order_00003237,4,,,2025-07-10 03:44:46.319744,2025-07-11 03:44:46.319744
rev_00002840,order_00003238,4,,,2025-09-30 09:49:37.616199,2025-10-02 09:49:37.616199
rev_00002841,order_00003239,4,,,2024-03-03 20:07:31.968590,2024-03-04 20:07:31.968590
rev_00002842,order_00003240,5,,,2026-01-08 07:01:10.783173,2026-01-09 07:01:10.783173
rev_00002843,order_00003243,4,,,2025-12-07 10:43:10.390069,2025-12-07 10:43:10.390069
rev_00002844,order_00003244,4,,,2025-10-19 23:45:42.791527,2025-10-20 23:45:42.791527
rev_00002845,order_00003245,3,,,2025-03-19 06:04:56.254954,2025-03-19 06:04:56.254954
rev_00002846,order_00003247,5,,,2025-10-29 01:04:21.346144,2025-10-29 01:04:21.346144
rev_00002847,order_00003248,5,,,2025-08-28 21:21:19.349151,2025-08-30 21:21:19.349151
rev_00002848,order_00003249,2,,,2024-03-31 07:03:09.738713,2024-03-31 07:03:09.738713
rev_00002849,order_00003250,4,,,2024-04-23 22:46:48.391938,2024-04-25 22:46:48.391938
rev_00002850,order_00003251,5,,,2025-10-15 06:34:06.833865,2025-10-16 06:34:06.833865
rev_00002851,order_00003252,3,,,2025-07-18 15:02:24.374022,2025-07-18 15:02:24.374022
rev_00002852,order_00003253,4,,,2025-04-19 07:53:44.226585,2025-04-19 07:53:44.226585
rev_00002853,order_00003254,2,,,2025-10-20 20:36:25.016427,2025-10-21 20:36:25.016427
rev_00002854,order_00003255,4,,,2025-12-13 14:54:24.148085,2025-12-15 14:54:24.148085
rev_00002855,order_00003256,4,,,2024-06-13 13:56:35.095463,2024-06-15 13:56:35.095463
rev_00002856,order_00003257,2,,,2024-04-23 09:45:40.790508,2024-04-25 09:45:40.790508
rev_00002857,order_00003258,4,,,2024-02-29 18:29:19.961935,2024-02-29 18:29:19.961935
rev_00002858,order_00003260,3,,,2025-06-29 23:56:32.000000,2025-06-29 23:56:32.000000
rev_00002859,order_00003261,4,,,2024-11-26 03:20:27.073411,2024-11-28 03:20:27.073411
rev_00002860,order_00003262,4,,,2024-07-01 15:27:11.890432,2024-07-01 15:27:11.890432
rev_00002861,order_00003263,3,,,2024-01-17 01:31:30.836962,2024-01-18 01:31:30.836962
rev_00002862,order_00003264,4,,,2025-08-08 07:52:13.099731,2025-08-10 07:52:13.099731
rev_00002863,order_00003265,5,,,2025-08-18 11:48:04.515227,2025-08-18 11:48:04.515227
rev_00002864,order_00003266,4,,,2024-10-21 06:26:47.400676,2024-10-23 06:26:47.400676
rev_00002865,order_00003268,4,,,2025-01-28 23:57:37.793403,2025-01-30 23:57:37.793403
rev_00002866,order_00003269,4,,,2024-02-08 18:15:58.484265,2024-02-10 18:15:58.484265
rev_00002867,order_00003270,5,,,2024-08-09 21:59:40.857129,2024-08-10 21:59:40.857129
rev_00002868,order_00003271,3,,,2024-05-23 13:45:09.011865,2024-05-23 13:45:09.011865
rev_00002869,order_00003272,3,,,2024-02-01 00:48:18.311344,2024-02-03 00:48:18.311344
rev_00002870,order_00003273,5,,,2024-06-22 19:51:46.519903,2024-06-23 19:51:46.519903
rev_00002871,order_00003274,4,,,2025-07-04 14:46:32.343115,2025-07-05 14:46:32.343115
rev_00002872,order_00003275,5,,,2025-10-30 23:57:15.021048,2025-10-30 23:57:15.021048
rev_00002873,order_00003276,4,,,2024-07-13 12:17:09.218966,2024-07-15 12:17:09.218966
rev_00002874,order_00003277,5,,,2025-07-16 18:06:22.897865,2025-07-17 18:06:22.897865
rev_00002875,order_00003279,4,,,2025-01-29 21:32:32.338416,2025-01-31 21:32:32.338416
rev_00002876,order_00003280,5,,,2024-03-31 13:58:48.423673,2024-04-02 13:58:48.423673
rev_00002877,order_00003281,4,,,2025-02-12 04:08:14.703863,2025-02-14 04:08:14.703863
rev_00002878,order_00003282,2,,,2024-11-02 00:55:02.197107,2024-11-03 00:55:02.197107
rev_00002879,order_00003283,3,,,2025-02-28 21:15:29.098363,2025-03-01 21:15:29.098363
rev_00002880,order_00003284,5,,,2025-11-04 21:45:55.401798,2025-11-06 21:45:55.401798
rev_00002881,order_00003286,5,,,2024-10-03 14:55:26.317945,2024-10-04 14:55:26.317945
rev_00002882,order_00003287,5,,,2025-12-21 19:35:42.659091,2025-12-22 19:35:42.659091
rev_00002883,order_00003288,3,,,2025-07-29 21:41:36.469576,2025-07-31 21:41:36.469576
rev_00002884,order_00003289,4,,,2024-11-01 12:09:32.125818,2024-11-02 12:09:32.125818
rev_00002885,order_00003290,4,,,2024-05-08 15:24:46.816061,2024-05-08 15:24:46.816061
rev_00002886,order_00003291,3,,,2025-12-25 18:34:52.742941,2025-12-25 18:34:52.742941
rev_00002887,order_00003292,5,,,2025-04-04 20:26:36.830068,2025-04-04 20:26:36.830068
rev_00002888,order_00003293,3,,,2025-05-26 11:39:01.100931,2025-05-28 11:39:01.100931
rev_00002889,order_00003294,4,,,2025-10-03 07:52:39.658195,2025-10-04 07:52:39.658195
rev_00002890,order_00003295,5,,,2025-01-25 10:35:18.105646,2025-01-25 10:35:18.105646
rev_00002891,order_00003296,3,,,2025-04-07 01:43:37.000000,2025-04-07 01:43:37.000000
rev_00002892,order_00003297,5,,,2025-04-04 19:19:00.648621,2025-04-04 19:19:00.648621
rev_00002893,order_00003298,1,,,2024-07-27 06:03:57.034921,2024-07-29 06:03:57.034921
rev_00002894,order_00003299,5,,,2026-01-06 00:12:52.969813,2026-01-07 00:12:52.969813
rev_00002895,order_00003300,5,,,2024-12-24 03:52:32.331778,2024-12-25 03:52:32.331778
rev_00002896,order_00003301,5,,,2025-02-14 07:33:23.236840,2025-02-16 07:33:23.236840
rev_00002897,order_00003303,5,,,2024-09-21 18:19:41.908139,2024-09-22 18:19:41.908139
rev_00002898,order_00003304,5,,,2024-06-19 22:58:02.235775,2024-06-20 22:58:02.235775
rev_00002899,order_00003307,4,,,2024-09-15 16:15:19.759829,2024-09-17 16:15:19.759829
rev_00002900,order_00003308,4,,,2024-05-25 19:53:12.848468,2024-05-27 19:53:12.848468
rev_00002901,order_00003309,3,,,2024-04-21 12:51:47.585059,2024-04-22 12:51:47.585059
rev_00002902,order_00003310,5,,,2025-01-07 06:49:38.440804,2025-01-08 06:49:38.440804
rev_00002903,order_00003312,4,,,2024-09-11 22:22:42.554083,2024-09-12 22:22:42.554083
rev_00002904,order_00003313,4,,,2024-03-27 00:46:29.303175,2024-03-27 00:46:29.303175
rev_00002905,order_00003314,3,,,2025-10-24 06:13:29.798405,2025-10-26 06:13:29.798405
rev_00002906,order_00003315,5,,,2024-08-10 07:15:32.271737,2024-08-12 07:15:32.271737
rev_00002907,order_00003316,5,,,2025-05-22 13:24:20.001402,2025-05-23 13:24:20.001402
rev_00002908,order_00003317,4,,,2024-07-19 22:45:04.504439,2024-07-19 22:45:04.504439
rev_00002909,order_00003318,4,,,2024-10-25 02:36:57.444249,2024-10-26 02:36:57.444249
rev_00002910,order_00003319,3,,,2024-09-12 21:14:24.420601,2024-09-12 21:14:24.420601
rev_00002911,order_00003320,5,,,2024-06-16 16:16:18.618933,2024-06-17 16:16:18.618933
rev_00002912,order_00003321,2,,,2024-04-07 04:09:26.720852,2024-04-09 04:09:26.720852
rev_00002913,order_00003322,5,,,2025-05-29 10:47:20.993516,2025-05-31 10:47:20.993516
rev_00002914,order_00003324,4,,,2025-10-10 01:10:29.243034,2025-10-10 01:10:29.243034
rev_00002915,order_00003326,4,,,2025-02-15 00:37:45.724821,2025-02-15 00:37:45.724821
rev_00002916,order_00003327,1,,,2024-09-12 19:27:26.955582,2024-09-12 19:27:26.955582
rev_00002917,order_00003328,4,,,2024-01-27 19:18:21.596460,2024-01-27 19:18:21.596460
rev_00002918,order_00003329,4,,,2024-08-21 23:00:40.294360,2024-08-21 23:00:40.294360
rev_00002919,order_00003332,3,,,2025-10-16 06:55:06.871519,2025-10-16 06:55:06.871519
rev_00002920,order_00003333,5,,,2024-04-05 21:07:21.146154,2024-04-07 21:07:21.146154
rev_00002921,order_00003334,4,,,2024-08-22 11:56:44.931974,2024-08-23 11:56:44.931974
rev_00002922,order_00003335,2,,,2024-10-24 07:32:09.788472,2024-10-24 07:32:09.788472
rev_00002923,order_00003336,4,,,2025-07-18 17:17:17.420916,2025-07-18 17:17:17.420916
rev_00002924,order_00003337,5,,,2025-01-28 03:37:08.334103,2025-01-30 03:37:08.334103
rev_00002925,order_00003338,4,,,2024-03-18 11:18:41.851993,2024-03-18 11:18:41.851993
rev_00002926,order_00003339,5,,,2025-05-09 00:24:55.939186,2025-05-11 00:24:55.939186
rev_00002927,order_00003340,4,,,2025-10-04 10:58:01.090862,2025-10-06 10:58:01.090862
rev_00002928,order_00003342,5,,,2025-01-01 16:24:04.711870,2025-01-01 16:24:04.711870
rev_00002929,order_00003343,5,,,2025-09-12 03:27:57.835381,2025-09-12 03:27:57.835381
rev_00002930,order_00003344,5,,,2025-11-11 22:33:47.731863,2025-11-12 22:33:47.731863
rev_00002931,order_00003345,4,,,2025-09-13 00:46:30.869959,2025-09-15 00:46:30.869959
rev_00002932,order_00003346,5,,,2024-12-25 21:18:18.470198,2024-12-25 21:18:18.470198
rev_00002933,order_00003347,5,,,2025-01-21 08:09:49.334340,2025-01-21 08:09:49.334340
rev_00002934,order_00003348,3,,,2025-08-21 16:01:38.425170,2025-08-21 16:01:38.425170
rev_00002935,order_00003349,3,,,2025-03-28 01:36:44.413137,2025-03-30 01:36:44.413137
rev_00002936,order_00003350,3,,,2025-10-28 20:10:37.305948,2025-10-29 20:10:37.305948
rev_00002937,order_00003351,4,,,2024-06-07 04:04:03.338900,2024-06-08 04:04:03.338900
rev_00002938,order_00003352,3,,,2024-05-27 13:03:00.493528,2024-05-27 13:03:00.493528
rev_00002939,order_00003353,5,,,2024-07-27 10:49:50.421341,2024-07-27 10:49:50.421341
rev_00002940,order_00003354,2,,,2024-12-18 19:03:45.660507,2024-12-19 19:03:45.660507
rev_00002941,order_00003355,5,,,2024-12-14 14:18:38.022322,2024-12-16 14:18:38.022322
rev_00002942,order_00003356,4,,,2024-05-10 17:15:11.202174,2024-05-10 17:15:11.202174
rev_00002943,order_00003357,4,,,2025-02-20 07:26:03.000000,2025-02-22 07:26:03.000000
rev_00002944,order_00003358,3,,,2024-10-04 09:17:52.684748,2024-10-04 09:17:52.684748
rev_00002945,order_00003359,3,,,2025-10-25 20:29:33.810519,2025-10-26 20:29:33.810519
rev_00002946,order_00003360,2,,,2025-01-29 00:54:27.245703,2025-01-29 00:54:27.245703
rev_00002947,order_00003361,4,,,2024-07-07 23:28:42.970153,2024-07-07 23:28:42.970153
rev_00002948,order_00003363,2,,,2025-07-15 21:39:21.519231,2025-07-15 21:39:21.519231
rev_00002949,order_00003364,5,,,2025-01-14 09:30:49.671092,2025-01-15 09:30:49.671092
rev_00002950,order_00003365,3,,,2025-01-27 06:32:20.130329,2025-01-27 06:32:20.130329
rev_00002951,order_00003366,4,,,2025-05-27 18:42:35.209834,2025-05-27 18:42:35.209834
rev_00002952,order_00003367,4,,,2025-08-28 17:45:16.584206,2025-08-30 17:45:16.584206
rev_00002953,order_00003368,5,,,2024-04-25 08:52:59.435120,2024-04-26 08:52:59.435120
rev_00002954,order_00003369,5,,,2025-11-04 04:29:42.950688,2025-11-06 04:29:42.950688
rev_00002955,order_00003371,4,,,2025-06-03 12:27:48.515151,2025-06-03 12:27:48.515151
rev_00002956,order_00003372,5,,,2024-05-13 14:01:16.143409,2024-05-14 14:01:16.143409
rev_00002957,order_00003373,5,,,2024-06-01 16:05:25.000000,2024-06-03 16:05:25.000000
rev_00002958,order_00003374,5,,,2025-11-03 15:35:26.991202,2025-11-05 15:35:26.991202
rev_00002959,order_00003375,4,,,2024-03-15 23:01:39.058762,2024-03-15 23:01:39.058762
rev_00002960,order_00003377,4,,,2025-10-30 08:52:03.412971,2025-11-01 08:52:03.412971
rev_00002961,order_00003378,5,,,2024-11-25 09:03:46.383362,2024-11-25 09:03:46.383362
rev_00002962,order_00003379,3,,,2024-06-16 05:00:09.701363,2024-06-17 05:00:09.701363
rev_00002963,order_00003380,4,,,2025-10-21 13:53:57.985222,2025-10-22 13:53:57.985222
rev_00002964,order_00003381,4,,,2024-04-26 18:05:55.433992,2024-04-28 18:05:55.433992
rev_00002965,order_00003382,4,,,2025-04-19 13:27:56.773989,2025-04-19 13:27:56.773989
rev_00002966,order_00003383,4,,,2025-01-09 03:54:40.342449,2025-01-10 03:54:40.342449
rev_00002967,order_00003384,5,,,2026-01-03 07:31:40.301181,2026-01-03 07:31:40.301181
rev_00002968,order_00003385,4,,,2025-12-18 06:11:18.205603,2025-12-18 06:11:18.205603
rev_00002969,order_00003386,4,,,2024-07-06 04:28:59.099934,2024-07-06 04:28:59.099934
rev_00002970,order_00003389,5,,,2025-03-17 04:36:10.039899,2025-03-18 04:36:10.039899
rev_00002971,order_00003390,5,,,2025-12-01 09:23:56.909623,2025-12-02 09:23:56.909623
rev_00002972,order_00003392,4,,,2025-06-09 15:26:12.510504,2025-06-11 15:26:12.510504
rev_00002973,order_00003393,5,,,2024-06-22 09:06:24.364531,2024-06-22 09:06:24.364531
rev_00002974,order_00003395,4,,,2025-11-14 20:11:57.940785,2025-11-16 20:11:57.940785
rev_00002975,order_00003396,3,,,2025-02-02 11:16:42.000000,2025-02-03 11:16:42.000000
rev_00002976,order_00003397,1,,,2024-05-27 19:51:48.593392,2024-05-28 19:51:48.593392
rev_00002977,order_00003398,4,,,2025-05-25 07:36:11.000000,2025-05-27 07:36:11.000000
rev_00002978,order_00003399,5,,,2025-12-24 03:53:56.694372,2025-12-24 03:53:56.694372
rev_00002979,order_00003400,4,,,2025-03-12 18:50:25.296607,2025-03-13 18:50:25.296607
rev_00002980,order_00003401,5,,,2025-08-17 15:03:13.142571,2025-08-18 15:03:13.142571
rev_00002981,order_00003402,4,,,2024-09-13 16:09:45.058245,2024-09-13 16:09:45.058245
rev_00002982,order_00003403,4,,,2025-04-18 22:51:35.854515,2025-04-18 22:51:35.854515
rev_00002983,order_00003404,2,,,2025-06-05 11:27:35.548876,2025-06-05 11:27:35.548876
rev_00002984,order_00003405,4,,,2024-12-05 03:30:30.557462,2024-12-05 03:30:30.557462
rev_00002985,order_00003406,4,,,2024-10-29 16:05:14.240393,2024-10-31 16:05:14.240393
rev_00002986,order_00003407,5,,,2025-11-16 14:43:35.439545,2025-11-16 14:43:35.439545
rev_00002987,order_00003408,5,,,2024-07-08 16:21:00.156028,2024-07-09 16:21:00.156028
rev_00002988,order_00003409,4,,,2024-09-24 04:18:14.800667,2024-09-24 04:18:14.800667
rev_00002989,order_00003410,4,,,2024-03-10 14:30:58.936330,2024-03-11 14:30:58.936330
rev_00002990,order_00003411,4,,,2024-06-27 06:24:01.982624,2024-06-27 06:24:01.982624
rev_00002991,order_00003412,5,,,2025-12-04 16:25:01.542028,2025-12-05 16:25:01.542028
rev_00002992,order_00003414,4,,,2025-03-11 10:47:06.348095,2025-03-13 10:47:06.348095
rev_00002993,order_00003415,3,,,2024-06-10 19:30:32.264951,2024-06-12 19:30:32.264951
rev_00002994,order_00003416,4,,,2024-05-18 03:27:32.750173,2024-05-20 03:27:32.750173
rev_00002995,order_00003417,4,,,2024-07-04 12:21:26.006162,2024-07-06 12:21:26.006162
rev_00002996,order_00003418,3,,,2024-12-26 16:30:34.113342,2024-12-28 16:30:34.113342
rev_00002997,order_00003419,5,,,2024-02-15 10:34:01.581947,2024-02-15 10:34:01.581947
rev_00002998,order_00003420,5,,,2024-01-13 08:27:31.477583,2024-01-15 08:27:31.477583
rev_00002999,order_00003421,5,,,2024-03-20 18:50:05.691033,2024-03-20 18:50:05.691033
rev_00003000,order_00003422,5,,,2025-12-21 02:27:39.789099,2025-12-22 02:27:39.789099
rev_00003001,order_00003424,5,,,2025-09-12 08:40:40.135380,2025-09-13 08:40:40.135380
rev_00003002,order_00003425,4,,,2024-06-13 23:51:10.920158,2024-06-13 23:51:10.920158
rev_00003003,order_00003426,2,,,2024-09-04 18:25:12.152547,2024-09-06 18:25:12.152547
rev_00003004,order_00003427,4,,,2024-12-13 11:21:56.715890,2024-12-13 11:21:56.715890
rev_00003005,order_00003428,5,,,2024-09-20 09:28:29.032982,2024-09-20 09:28:29.032982
rev_00003006,order_00003429,5,,,2025-01-22 14:19:52.320211,2025-01-22 14:19:52.320211
rev_00003007,order_00003432,4,,,2024-10-26 15:10:55.240387,2024-10-28 15:10:55.240387
rev_00003008,order_00003433,3,,,2024-10-03 14:01:02.121869,2024-10-03 14:01:02.121869
rev_00003009,order_00003434,5,,,2024-07-13 19:18:57.853544,2024-07-14 19:18:57.853544
rev_00003010,order_00003435,4,,,2025-05-06 02:51:41.008789,2025-05-08 02:51:41.008789
rev_00003011,order_00003436,4,,,2024-03-01 23:26:36.849126,2024-03-02 23:26:36.849126
rev_00003012,order_00003437,3,,,2025-09-17 06:47:17.410604,2025-09-17 06:47:17.410604
rev_00003013,order_00003438,3,,,2025-06-27 20:44:45.568342,2025-06-29 20:44:45.568342
rev_00003014,order_00003439,5,,,2024-04-06 08:26:25.447752,2024-04-06 08:26:25.447752
rev_00003015,order_00003440,4,,,2025-07-21 10:35:51.186064,2025-07-22 10:35:51.186064
rev_00003016,order_00003441,3,,,2025-04-19 13:01:29.791269,2025-04-21 13:01:29.791269
rev_00003017,order_00003442,4,,,2024-12-17 20:39:03.665640,2024-12-18 20:39:03.665640
rev_00003018,order_00003445,5,,,2025-08-02 22:26:25.502913,2025-08-03 22:26:25.502913
rev_00003019,order_00003446,5,,,2025-09-26 10:49:35.491421,2025-09-27 10:49:35.491421
rev_00003020,order_00003447,4,,,2025-07-08 10:44:57.300484,2025-07-09 10:44:57.300484
rev_00003021,order_00003449,5,,,2025-10-16 08:10:55.618483,2025-10-17 08:10:55.618483
rev_00003022,order_00003451,4,,,2025-10-02 18:26:38.384228,2025-10-04 18:26:38.384228
rev_00003023,order_00003453,2,,,2024-01-17 12:27:15.604798,2024-01-19 12:27:15.604798
rev_00003024,order_00003454,4,,,2024-11-20 15:16:54.330025,2024-11-21 15:16:54.330025
rev_00003025,order_00003455,4,,,2024-12-04 04:15:38.176793,2024-12-06 04:15:38.176793
rev_00003026,order_00003456,3,,,2024-10-17 22:03:11.398613,2024-10-17 22:03:11.398613
rev_00003027,order_00003457,5,,,2025-04-11 09:51:14.452751,2025-04-12 09:51:14.452751
rev_00003028,order_00003458,4,,,2025-03-04 12:07:09.767154,2025-03-05 12:07:09.767154
rev_00003029,order_00003459,5,,,2024-03-02 18:48:33.219957,2024-03-03 18:48:33.219957
rev_00003030,order_00003460,4,,,2024-08-08 00:14:23.419307,2024-08-10 00:14:23.419307
rev_00003031,order_00003461,4,,,2024-11-28 18:34:13.318936,2024-11-28 18:34:13.318936
rev_00003032,order_00003462,5,,,2025-10-12 03:56:55.521341,2025-10-14 03:56:55.521341
rev_00003033,order_00003464,5,,,2025-02-28 00:27:21.867678,2025-03-01 00:27:21.867678
rev_00003034,order_00003465,4,,,2024-08-05 07:18:35.025151,2024-08-05 07:18:35.025151
rev_00003035,order_00003466,4,,,2025-02-23 17:04:03.709735,2025-02-25 17:04:03.709735
rev_00003036,order_00003467,5,,,2025-09-06 10:33:53.981346,2025-09-08 10:33:53.981346
rev_00003037,order_00003468,4,,,2025-04-18 14:15:48.042943,2025-04-19 14:15:48.042943
rev_00003038,order_00003469,4,,,2025-04-28 08:05:03.513729,2025-04-30 08:05:03.513729
rev_00003039,order_00003470,5,,,2024-08-08 17:11:56.621223,2024-08-09 17:11:56.621223
rev_00003040,order_00003471,5,,,2025-02-01 17:53:28.426570,2025-02-02 17:53:28.426570
rev_00003041,order_00003472,4,,,2025-11-21 22:31:07.000000,2025-11-22 22:31:07.000000
rev_00003042,order_00003473,4,,,2024-04-24 08:14:59.375304,2024-04-24 08:14:59.375304
rev_00003043,order_00003474,5,,,2024-10-07 05:48:15.269944,2024-10-07 05:48:15.269944
rev_00003044,order_00003476,4,,,2025-04-26 05:35:53.251645,2025-04-27 05:35:53.251645
rev_00003045,order_00003477,4,,,2025-10-03 15:12:34.360388,2025-10-04 15:12:34.360388
rev_00003046,order_00003478,4,,,2024-01-19 21:07:42.568571,2024-01-20 21:07:42.568571
rev_00003047,order_00003479,5,,,2024-09-17 05:45:05.823543,2024-09-18 05:45:05.823543
rev_00003048,order_00003480,5,,,2024-05-01 13:36:11.000000,2024-05-02 13:36:11.000000
rev_00003049,order_00003482,5,,,2025-09-15 15:01:22.031457,2025-09-16 15:01:22.031457
rev_00003050,order_00003484,4,,,2024-12-02 08:40:02.231510,2024-12-03 08:40:02.231510
rev_00003051,order_00003485,5,,,2025-08-02 14:19:50.247519,2025-08-03 14:19:50.247519
rev_00003052,order_00003486,3,,,2024-02-03 23:10:01.665827,2024-02-04 23:10:01.665827
rev_00003053,order_00003487,4,,,2025-11-26 09:04:01.877972,2025-11-28 09:04:01.877972
rev_00003054,order_00003488,4,,,2024-07-14 17:53:55.615351,2024-07-14 17:53:55.615351
rev_00003055,order_00003489,5,,,2024-05-04 16:17:22.047538,2024-05-05 16:17:22.047538
rev_00003056,order_00003491,5,,,2025-10-06 01:35:35.571222,2025-10-08 01:35:35.571222
rev_00003057,order_00003492,3,,,2024-07-28 15:01:22.567097,2024-07-28 15:01:22.567097
rev_00003058,order_00003493,4,,,2024-04-26 04:17:24.432717,2024-04-26 04:17:24.432717
rev_00003059,order_00003495,5,,,2025-07-08 11:28:29.542315,2025-07-08 11:28:29.542315
rev_00003060,order_00003496,2,,,2025-03-07 02:32:25.266296,2025-03-07 02:32:25.266296
rev_00003061,order_00003497,3,,,2024-07-17 13:53:03.354121,2024-07-19 13:53:03.354121
rev_00003062,order_00003498,4,,,2024-08-25 20:40:24.572444,2024-08-27 20:40:24.572444
rev_00003063,order_00003499,4,,,2024-10-02 02:40:35.086373,2024-10-04 02:40:35.086373
rev_00003064,order_00003500,3,,,2025-12-07 21:48:35.335438,2025-12-09 21:48:35.335438
rev_00003065,order_00003501,5,,,2025-03-20 01:06:33.646060,2025-03-21 01:06:33.646060
rev_00003066,order_00003502,5,,,2024-10-22 20:28:57.757634,2024-10-24 20:28:57.757634
rev_00003067,order_00003504,4,,,2025-08-16 08:14:29.729848,2025-08-18 08:14:29.729848
rev_00003068,order_00003505,4,,,2025-08-05 04:00:13.878909,2025-08-06 04:00:13.878909
rev_00003069,order_00003506,4,,,2024-03-16 14:45:01.696207,2024-03-17 14:45:01.696207
rev_00003070,order_00003507,5,,,2025-04-16 19:37:05.251344,2025-04-17 19:37:05.251344
rev_00003071,order_00003508,3,,,2024-01-28 22:29:46.933868,2024-01-30 22:29:46.933868
rev_00003072,order_00003510,5,,,2024-04-30 12:16:54.447034,2024-05-01 12:16:54.447034
rev_00003073,order_00003512,5,,,2025-10-26 06:03:28.705624,2025-10-26 06:03:28.705624
rev_00003074,order_00003513,5,,,2025-02-05 13:01:38.752704,2025-02-07 13:01:38.752704
rev_00003075,order_00003514,4,,,2025-05-21 20:14:09.438411,2025-05-23 20:14:09.438411
rev_00003076,order_00003515,4,,,2024-08-04 02:18:24.593041,2024-08-04 02:18:24.593041
rev_00003077,order_00003517,5,,,2024-12-16 17:14:51.497260,2024-12-16 17:14:51.497260
rev_00003078,order_00003518,3,,,2024-08-23 16:07:16.234179,2024-08-23 16:07:16.234179
rev_00003079,order_00003520,4,,,2024-07-22 03:26:13.319973,2024-07-23 03:26:13.319973
rev_00003080,order_00003523,5,,,2024-10-05 15:08:59.116129,2024-10-07 15:08:59.116129
rev_00003081,order_00003524,4,,,2025-07-01 05:00:12.389520,2025-07-01 05:00:12.389520
rev_00003082,order_00003525,4,,,2024-08-04 14:15:22.382772,2024-08-04 14:15:22.382772
rev_00003083,order_00003526,4,,,2024-02-20 03:40:42.282101,2024-02-21 03:40:42.282101
rev_00003084,order_00003527,5,,,2024-11-01 22:58:40.853998,2024-11-01 22:58:40.853998
rev_00003085,order_00003528,4,,,2024-08-15 16:23:14.000000,2024-08-16 16:23:14.000000
rev_00003086,order_00003529,4,,,2025-01-05 06:38:15.924491,2025-01-06 06:38:15.924491
rev_00003087,order_00003530,4,,,2025-09-12 10:25:41.231252,2025-09-13 10:25:41.231252
rev_00003088,order_00003531,5,,,2025-10-03 22:11:02.000000,2025-10-05 22:11:02.000000
rev_00003089,order_00003533,3,,,2025-08-05 16:40:49.832917,2025-08-07 16:40:49.832917
rev_00003090,order_00003534,4,,,2025-09-17 21:30:35.001727,2025-09-19 21:30:35.001727
rev_00003091,order_00003535,4,,,2025-05-29 12:29:55.114037,2025-05-30 12:29:55.114037
rev_00003092,order_00003536,4,,,2024-03-09 05:13:39.974271,2024-03-09 05:13:39.974271
rev_00003093,order_00003537,5,,,2025-11-26 18:07:03.856910,2025-11-28 18:07:03.856910
rev_00003094,order_00003538,5,,,2026-01-13 07:16:27.904697,2026-01-15 07:16:27.904697
rev_00003095,order_00003540,3,,,2025-07-11 05:58:18.020883,2025-07-13 05:58:18.020883
rev_00003096,order_00003541,5,,,2025-05-04 16:21:09.000000,2025-05-05 16:21:09.000000
rev_00003097,order_00003542,3,,,2025-10-24 10:15:47.516990,2025-10-24 10:15:47.516990
rev_00003098,order_00003544,5,,,2024-02-26 23:25:31.373732,2024-02-28 23:25:31.373732
rev_00003099,order_00003546,5,,,2024-05-10 02:04:30.628988,2024-05-10 02:04:30.628988
rev_00003100,order_00003547,5,,,2025-08-14 08:18:55.524545,2025-08-15 08:18:55.524545
rev_00003101,order_00003548,5,,,2025-01-04 20:33:53.503833,2025-01-04 20:33:53.503833
rev_00003102,order_00003549,4,,,2025-04-07 08:00:51.422510,2025-04-08 08:00:51.422510
rev_00003103,order_00003550,5,,,2025-12-08 15:54:02.577875,2025-12-08 15:54:02.577875
rev_00003104,order_00003551,3,,,2025-08-28 23:20:22.926246,2025-08-29 23:20:22.926246
rev_00003105,order_00003553,4,,,2025-06-25 00:47:16.927354,2025-06-26 00:47:16.927354
rev_00003106,order_00003554,4,,,2024-06-07 21:19:47.838396,2024-06-09 21:19:47.838396
rev_00003107,order_00003555,5,,,2025-12-10 22:07:45.867152,2025-12-10 22:07:45.867152
rev_00003108,order_00003556,5,,,2024-01-26 07:24:33.447342,2024-01-26 07:24:33.447342
rev_00003109,order_00003557,4,,,2024-02-15 09:12:17.268392,2024-02-15 09:12:17.268392
rev_00003110,order_00003558,5,,,2025-12-31 19:19:17.485495,2026-01-01 19:19:17.485495
rev_00003111,order_00003559,4,,,2024-05-16 03:37:33.161184,2024-05-17 03:37:33.161184
rev_00003112,order_00003560,4,,,2024-07-02 22:00:49.376518,2024-07-04 22:00:49.376518
rev_00003113,order_00003561,3,,,2025-11-26 16:03:38.632498,2025-11-28 16:03:38.632498
rev_00003114,order_00003562,5,,,2024-07-11 09:22:57.915988,2024-07-12 09:22:57.915988
rev_00003115,order_00003563,4,,,2025-02-05 13:18:37.373074,2025-02-05 13:18:37.373074
rev_00003116,order_00003564,5,,,2024-03-15 03:19:32.784999,2024-03-17 03:19:32.784999
rev_00003117,order_00003565,5,,,2025-09-17 15:04:46.614544,2025-09-19 15:04:46.614544
rev_00003118,order_00003566,3,,,2025-11-27 04:01:22.486583,2025-11-29 04:01:22.486583
rev_00003119,order_00003567,5,,,2024-12-03 00:34:58.804244,2024-12-04 00:34:58.804244
rev_00003120,order_00003568,4,,,2024-06-19 17:33:42.848668,2024-06-20 17:33:42.848668
rev_00003121,order_00003570,5,,,2024-08-13 23:51:31.007063,2024-08-13 23:51:31.007063
rev_00003122,order_00003571,4,,,2025-03-18 13:31:24.000000,2025-03-20 13:31:24.000000
rev_00003123,order_00003572,4,,,2024-04-26 02:45:19.058626,2024-04-26 02:45:19.058626
rev_00003124,order_00003573,5,,,2025-03-30 16:48:28.135749,2025-03-31 16:48:28.135749
rev_00003125,order_00003574,2,,,2025-08-05 20:14:45.810273,2025-08-06 20:14:45.810273
rev_00003126,order_00003575,4,,,2025-07-14 12:08:01.749280,2025-07-16 12:08:01.749280
rev_00003127,order_00003576,5,,,2025-05-31 21:56:31.298221,2025-06-01 21:56:31.298221
rev_00003128,order_00003577,5,,,2025-09-08 16:33:02.098958,2025-09-09 16:33:02.098958
rev_00003129,order_00003578,4,,,2025-10-07 15:03:53.000000,2025-10-09 15:03:53.000000
rev_00003130,order_00003579,5,,,2024-05-16 17:36:27.766318,2024-05-18 17:36:27.766318
rev_00003131,order_00003580,4,,,2024-07-24 19:26:06.050375,2024-07-24 19:26:06.050375
rev_00003132,order_00003581,3,,,2025-01-28 08:47:10.483832,2025-01-29 08:47:10.483832
rev_00003133,order_00003582,5,,,2024-03-05 10:56:01.724545,2024-03-05 10:56:01.724545
rev_00003134,order_00003583,5,,,2025-11-09 19:07:44.799311,2025-11-09 19:07:44.799311
rev_00003135,order_00003584,4,,,2025-01-20 17:39:46.951287,2025-01-22 17:39:46.951287
rev_00003136,order_00003585,5,,,2025-10-22 09:26:33.325041,2025-10-23 09:26:33.325041
rev_00003137,order_00003586,4,,,2025-04-28 19:08:32.778226,2025-04-28 19:08:32.778226
rev_00003138,order_00003587,4,,,2024-05-19 19:04:21.330387,2024-05-19 19:04:21.330387
rev_00003139,order_00003588,5,,,2025-10-04 05:15:17.122183,2025-10-04 05:15:17.122183
rev_00003140,order_00003589,5,,,2024-02-26 16:01:42.732159,2024-02-27 16:01:42.732159
rev_00003141,order_00003593,4,,,2025-08-05 01:30:54.446183,2025-08-05 01:30:54.446183
rev_00003142,order_00003594,5,,,2025-05-10 06:20:06.102020,2025-05-11 06:20:06.102020
rev_00003143,order_00003596,3,,,2025-03-28 11:03:08.703510,2025-03-28 11:03:08.703510
rev_00003144,order_00003597,2,,,2025-03-13 04:24:44.889309,2025-03-14 04:24:44.889309
rev_00003145,order_00003599,4,,,2024-03-10 05:51:45.523645,2024-03-11 05:51:45.523645
rev_00003146,order_00003601,1,,,2025-01-20 21:33:48.210453,2025-01-21 21:33:48.210453
rev_00003147,order_00003602,4,,,2024-10-29 19:55:22.301232,2024-10-31 19:55:22.301232
rev_00003148,order_00003603,4,,,2024-09-30 18:12:40.924966,2024-09-30 18:12:40.924966
rev_00003149,order_00003604,3,,,2024-10-07 15:11:52.932952,2024-10-07 15:11:52.932952
rev_00003150,order_00003605,3,,,2024-05-05 14:50:48.009435,2024-05-06 14:50:48.009435
rev_00003151,order_00003607,3,,,2025-12-21 00:55:40.523920,2025-12-21 00:55:40.523920
rev_00003152,order_00003608,3,,,2024-05-24 04:02:54.731432,2024-05-26 04:02:54.731432
rev_00003153,order_00003609,5,,,2025-10-08 15:47:35.627951,2025-10-10 15:47:35.627951
rev_00003154,order_00003610,4,,,2025-05-17 09:36:19.222431,2025-05-18 09:36:19.222431
rev_00003155,order_00003611,4,,,2024-03-21 12:18:33.161311,2024-03-22 12:18:33.161311
rev_00003156,order_00003612,5,,,2024-01-12 06:21:36.307861,2024-01-13 06:21:36.307861
rev_00003157,order_00003614,5,,,2024-01-27 04:01:05.654143,2024-01-29 04:01:05.654143
rev_00003158,order_00003615,2,,,2025-06-29 08:26:53.164286,2025-06-30 08:26:53.164286
rev_00003159,order_00003616,4,,,2024-07-02 04:25:58.026627,2024-07-04 04:25:58.026627
rev_00003160,order_00003617,5,,,2025-12-05 05:47:12.812916,2025-12-05 05:47:12.812916
rev_00003161,order_00003618,5,,,2025-10-14 17:52:25.260034,2025-10-16 17:52:25.260034
rev_00003162,order_00003620,5,,,2024-09-21 12:39:02.408451,2024-09-21 12:39:02.408451
rev_00003163,order_00003621,4,,,2024-12-07 07:14:52.650581,2024-12-09 07:14:52.650581
rev_00003164,order_00003622,4,,,2025-02-16 15:28:28.463624,2025-02-18 15:28:28.463624
rev_00003165,order_00003623,5,,,2024-03-08 07:09:45.375812,2024-03-08 07:09:45.375812
rev_00003166,order_00003625,5,,,2024-08-10 10:49:06.000000,2024-08-11 10:49:06.000000
rev_00003167,order_00003626,4,,,2025-08-16 20:41:38.302472,2025-08-16 20:41:38.302472
rev_00003168,order_00003628,5,,,2025-02-28 17:51:44.167480,2025-02-28 17:51:44.167480
rev_00003169,order_00003629,5,,,2024-04-09 20:58:17.557040,2024-04-11 20:58:17.557040
rev_00003170,order_00003630,4,,,2024-02-03 03:26:26.740191,2024-02-04 03:26:26.740191
rev_00003171,order_00003631,5,,,2024-12-10 14:50:56.498845,2024-12-10 14:50:56.498845
rev_00003172,order_00003632,5,,,2024-04-28 12:58:11.064769,2024-04-28 12:58:11.064769
rev_00003173,order_00003633,4,,,2025-07-28 04:04:59.139181,2025-07-28 04:04:59.139181
rev_00003174,order_00003635,2,,,2024-07-27 21:29:27.839738,2024-07-27 21:29:27.839738
rev_00003175,order_00003636,4,,,2025-12-14 10:45:29.013808,2025-12-16 10:45:29.013808
rev_00003176,order_00003637,5,,,2024-06-05 00:05:43.331962,2024-06-05 00:05:43.331962
rev_00003177,order_00003638,5,,,2025-07-25 12:37:19.655012,2025-07-27 12:37:19.655012
rev_00003178,order_00003639,4,,,2025-05-03 16:33:27.555401,2025-05-04 16:33:27.555401
rev_00003179,order_00003640,5,,,2025-11-10 06:04:10.215507,2025-11-11 06:04:10.215507
rev_00003180,order_00003641,5,,,2025-11-12 01:23:14.024968,2025-11-12 01:23:14.024968
rev_00003181,order_00003643,3,,,2024-06-11 21:05:11.485349,2024-06-12 21:05:11.485349
rev_00003182,order_00003644,4,,,2025-06-04 03:18:44.294116,2025-06-06 03:18:44.294116
rev_00003183,order_00003645,4,,,2025-12-29 22:29:34.327538,2025-12-30 22:29:34.327538
rev_00003184,order_00003647,3,,,2024-08-03 02:12:18.756181,2024-08-04 02:12:18.756181
rev_00003185,order_00003648,5,,,2025-06-05 15:03:02.158284,2025-06-05 15:03:02.158284
rev_00003186,order_00003650,5,,,2024-01-22 13:39:34.214288,2024-01-24 13:39:34.214288
rev_00003187,order_00003651,2,,,2025-10-09 06:25:55.035874,2025-10-09 06:25:55.035874
rev_00003188,order_00003652,4,,,2025-11-18 06:19:30.558400,2025-11-20 06:19:30.558400
rev_00003189,order_00003653,5,,,2024-04-16 20:58:03.139371,2024-04-18 20:58:03.139371
rev_00003190,order_00003654,2,,,2025-04-08 05:20:35.378431,2025-04-09 05:20:35.378431
rev_00003191,order_00003655,5,,,2024-06-05 12:15:31.173537,2024-06-07 12:15:31.173537
rev_00003192,order_00003656,4,,,2024-01-29 21:51:30.714036,2024-01-29 21:51:30.714036
rev_00003193,order_00003657,5,,,2024-01-31 23:31:26.002112,2024-01-31 23:31:26.002112
rev_00003194,order_00003658,4,,,2025-07-30 02:28:25.000000,2025-07-31 02:28:25.000000
rev_00003195,order_00003659,5,,,2025-03-11 20:05:59.700378,2025-03-11 20:05:59.700378
rev_00003196,order_00003660,3,,,2025-12-07 05:43:39.715931,2025-12-07 05:43:39.715931
rev_00003197,order_00003662,4,,,2024-09-04 03:21:46.000000,2024-09-06 03:21:46.000000
rev_00003198,order_00003663,5,,,2025-09-03 20:27:18.837115,2025-09-04 20:27:18.837115
rev_00003199,order_00003664,5,,,2024-04-24 19:14:09.929438,2024-04-25 19:14:09.929438
rev_00003200,order_00003665,3,,,2025-02-18 06:50:03.248720,2025-02-19 06:50:03.248720
rev_00003201,order_00003668,4,,,2025-10-14 02:00:08.225122,2025-10-15 02:00:08.225122
rev_00003202,order_00003669,3,,,2025-10-30 17:54:04.823967,2025-10-30 17:54:04.823967
rev_00003203,order_00003670,4,,,2025-10-28 20:35:48.128651,2025-10-29 20:35:48.128651
rev_00003204,order_00003671,5,,,2025-08-21 04:21:59.521361,2025-08-21 04:21:59.521361
rev_00003205,order_00003673,5,,,2025-08-03 14:35:53.583989,2025-08-04 14:35:53.583989
rev_00003206,order_00003675,3,,,2024-05-07 03:54:32.368757,2024-05-07 03:54:32.368757
rev_00003207,order_00003676,4,,,2025-06-19 16:01:27.606229,2025-06-19 16:01:27.606229
rev_00003208,order_00003677,3,,,2025-02-11 09:47:12.970332,2025-02-11 09:47:12.970332
rev_00003209,order_00003679,4,,,2025-04-08 02:10:04.620779,2025-04-10 02:10:04.620779
rev_00003210,order_00003680,2,,,2024-08-07 01:00:44.805007,2024-08-09 01:00:44.805007
rev_00003211,order_00003682,4,,,2024-04-24 15:37:38.251164,2024-04-25 15:37:38.251164
rev_00003212,order_00003683,5,,,2025-12-07 01:06:12.406583,2025-12-09 01:06:12.406583
rev_00003213,order_00003684,3,,,2024-06-29 15:54:48.275856,2024-06-30 15:54:48.275856
rev_00003214,order_00003686,5,,,2024-12-05 12:52:58.763980,2024-12-05 12:52:58.763980
rev_00003215,order_00003687,5,,,2024-05-12 08:32:01.700013,2024-05-13 08:32:01.700013
rev_00003216,order_00003688,4,,,2025-12-18 11:55:44.206566,2025-12-20 11:55:44.206566
rev_00003217,order_00003689,4,,,2024-07-16 13:12:31.815733,2024-07-18 13:12:31.815733
rev_00003218,order_00003690,5,,,2025-10-26 19:15:55.301191,2025-10-27 19:15:55.301191
rev_00003219,order_00003691,3,,,2024-04-04 12:00:26.177031,2024-04-04 12:00:26.177031
rev_00003220,order_00003693,4,,,2024-02-17 06:34:51.318787,2024-02-19 06:34:51.318787
rev_00003221,order_00003694,5,,,2025-10-21 22:08:26.141353,2025-10-22 22:08:26.141353
rev_00003222,order_00003695,4,,,2024-05-27 04:33:59.925157,2024-05-28 04:33:59.925157
rev_00003223,order_00003696,3,,,2024-04-21 01:32:59.849077,2024-04-21 01:32:59.849077
rev_00003224,order_00003697,4,,,2024-06-04 08:36:28.683795,2024-06-05 08:36:28.683795
rev_00003225,order_00003698,5,,,2024-01-26 16:47:01.160107,2024-01-26 16:47:01.160107
rev_00003226,order_00003699,4,,,2025-12-03 08:38:49.443270,2025-12-05 08:38:49.443270
rev_00003227,order_00003700,1,,,2025-10-16 23:23:38.374903,2025-10-18 23:23:38.374903
rev_00003228,order_00003701,5,,,2025-09-14 01:37:05.653243,2025-09-14 01:37:05.653243
rev_00003229,order_00003703,3,,,2024-06-14 20:14:52.325547,2024-06-15 20:14:52.325547
rev_00003230,order_00003704,5,,,2025-11-23 19:45:39.941766,2025-11-24 19:45:39.941766
rev_00003231,order_00003705,3,,,2024-03-10 20:19:00.857786,2024-03-12 20:19:00.857786
rev_00003232,order_00003706,5,,,2025-02-25 11:37:31.213426,2025-02-27 11:37:31.213426
rev_00003233,order_00003707,5,,,2024-03-04 20:38:47.533175,2024-03-04 20:38:47.533175
rev_00003234,order_00003708,5,,,2024-12-20 00:59:41.790719,2024-12-20 00:59:41.790719
rev_00003235,order_00003709,3,,,2025-11-18 01:02:19.037434,2025-11-20 01:02:19.037434
rev_00003236,order_00003710,4,,,2024-01-12 19:01:47.702499,2024-01-14 19:01:47.702499
rev_00003237,order_00003712,4,,,2025-09-26 21:45:23.913209,2025-09-28 21:45:23.913209
rev_00003238,order_00003713,4,,,2025-08-25 00:58:37.855632,2025-08-26 00:58:37.855632
rev_00003239,order_00003714,5,,,2024-05-14 22:47:46.661010,2024-05-14 22:47:46.661010
rev_00003240,order_00003716,4,,,2025-03-13 12:26:46.915021,2025-03-13 12:26:46.915021
rev_00003241,order_00003717,5,,,2024-06-07 03:21:25.639296,2024-06-08 03:21:25.639296
rev_00003242,order_00003720,5,,,2025-12-01 00:00:35.926114,2025-12-02 00:00:35.926114
rev_00003243,order_00003721,2,,,2025-04-02 10:12:13.814689,2025-04-02 10:12:13.814689
rev_00003244,order_00003722,3,,,2025-12-31 06:20:14.077612,2025-12-31 06:20:14.077612
rev_00003245,order_00003723,4,,,2025-09-26 16:22:18.773171,2025-09-26 16:22:18.773171
rev_00003246,order_00003724,3,,,2024-10-25 00:48:59.020271,2024-10-27 00:48:59.020271
rev_00003247,order_00003725,4,,,2025-05-02 22:53:28.240075,2025-05-03 22:53:28.240075
rev_00003248,order_00003726,3,,,2025-03-04 18:36:35.906601,2025-03-06 18:36:35.906601
rev_00003249,order_00003727,3,,,2025-01-29 17:50:56.040302,2025-01-29 17:50:56.040302
rev_00003250,order_00003728,3,,,2024-01-05 17:43:22.605839,2024-01-05 17:43:22.605839
rev_00003251,order_00003729,5,,,2025-04-12 05:22:30.000000,2025-04-13 05:22:30.000000
rev_00003252,order_00003730,5,,,2025-09-01 07:21:03.067282,2025-09-02 07:21:03.067282
rev_00003253,order_00003731,5,,,2025-06-13 07:33:07.491784,2025-06-13 07:33:07.491784
rev_00003254,order_00003732,3,,,2025-06-09 17:18:11.000315,2025-06-09 17:18:11.000315
rev_00003255,order_00003733,5,,,2025-07-20 00:04:33.984475,2025-07-20 00:04:33.984475
rev_00003256,order_00003734,4,,,2024-06-08 18:50:48.488171,2024-06-08 18:50:48.488171
rev_00003257,order_00003735,4,,,2024-06-05 18:01:18.041974,2024-06-05 18:01:18.041974
rev_00003258,order_00003736,5,,,2024-07-01 00:39:21.583646,2024-07-03 00:39:21.583646
rev_00003259,order_00003737,5,,,2024-11-09 11:32:56.400365,2024-11-11 11:32:56.400365
rev_00003260,order_00003738,5,,,2025-07-07 19:22:17.547513,2025-07-07 19:22:17.547513
rev_00003261,order_00003739,4,,,2025-02-01 02:03:01.455620,2025-02-01 02:03:01.455620
rev_00003262,order_00003740,5,,,2025-08-20 13:21:54.733822,2025-08-22 13:21:54.733822
rev_00003263,order_00003741,4,,,2025-02-11 02:38:27.048687,2025-02-13 02:38:27.048687
rev_00003264,order_00003742,4,,,2024-02-08 01:25:06.204270,2024-02-10 01:25:06.204270
rev_00003265,order_00003743,5,,,2025-11-10 10:57:14.714760,2025-11-11 10:57:14.714760
rev_00003266,order_00003744,4,,,2024-11-15 19:36:38.283035,2024-11-17 19:36:38.283035
rev_00003267,order_00003745,3,,,2024-12-04 11:32:16.214096,2024-12-04 11:32:16.214096
rev_00003268,order_00003747,3,,,2025-05-10 15:24:06.709139,2025-05-10 15:24:06.709139
rev_00003269,order_00003748,5,,,2025-08-12 22:34:57.260825,2025-08-13 22:34:57.260825
rev_00003270,order_00003749,5,,,2026-01-03 08:46:20.142836,2026-01-03 08:46:20.142836
rev_00003271,order_00003750,1,,,2025-09-18 06:12:46.855801,2025-09-18 06:12:46.855801
rev_00003272,order_00003751,5,,,2025-01-29 12:56:22.857931,2025-01-30 12:56:22.857931
rev_00003273,order_00003752,3,,,2024-10-03 16:43:03.137547,2024-10-05 16:43:03.137547
rev_00003274,order_00003753,5,,,2025-08-13 00:58:34.098031,2025-08-15 00:58:34.098031
rev_00003275,order_00003754,3,,,2025-11-10 11:54:49.944046,2025-11-12 11:54:49.944046
rev_00003276,order_00003755,4,,,2025-01-29 18:33:44.832430,2025-01-30 18:33:44.832430
rev_00003277,order_00003756,5,,,2024-07-04 03:38:17.354561,2024-07-04 03:38:17.354561
rev_00003278,order_00003757,5,,,2024-12-16 22:47:21.568780,2024-12-18 22:47:21.568780
rev_00003279,order_00003758,4,,,2024-03-13 15:56:47.256834,2024-03-14 15:56:47.256834
rev_00003280,order_00003759,5,,,2025-12-13 17:43:54.491571,2025-12-15 17:43:54.491571
rev_00003281,order_00003760,4,,,2024-05-16 06:56:07.997810,2024-05-18 06:56:07.997810
rev_00003282,order_00003761,5,,,2025-05-05 09:00:26.925006,2025-05-06 09:00:26.925006
rev_00003283,order_00003762,3,,,2025-11-25 10:55:14.427692,2025-11-25 10:55:14.427692
rev_00003284,order_00003763,5,,,2025-09-01 13:31:03.803282,2025-09-02 13:31:03.803282
rev_00003285,order_00003764,4,,,2025-11-20 15:51:26.655485,2025-11-22 15:51:26.655485
rev_00003286,order_00003765,4,,,2025-07-31 23:19:02.469779,2025-07-31 23:19:02.469779
rev_00003287,order_00003766,5,,,2025-10-16 07:39:55.482124,2025-10-17 07:39:55.482124
rev_00003288,order_00003767,5,,,2024-07-11 17:23:21.481301,2024-07-12 17:23:21.481301
rev_00003289,order_00003769,4,,,2025-04-02 06:04:23.230601,2025-04-02 06:04:23.230601
rev_00003290,order_00003770,5,,,2024-11-20 02:14:49.513815,2024-11-21 02:14:49.513815
rev_00003291,order_00003771,4,,,2024-12-08 04:05:47.775594,2024-12-09 04:05:47.775594
rev_00003292,order_00003772,5,,,2025-01-27 01:43:18.517930,2025-01-28 01:43:18.517930
rev_00003293,order_00003773,3,,,2024-04-16 20:08:50.585505,2024-04-16 20:08:50.585505
rev_00003294,order_00003774,3,,,2025-06-11 05:56:50.552039,2025-06-11 05:56:50.552039
rev_00003295,order_00003776,4,,,2024-07-22 04:10:04.896066,2024-07-24 04:10:04.896066
rev_00003296,order_00003777,5,,,2024-09-10 09:26:28.976259,2024-09-11 09:26:28.976259
rev_00003297,order_00003779,4,,,2024-12-19 22:48:38.437814,2024-12-21 22:48:38.437814
rev_00003298,order_00003781,5,,,2025-09-17 17:20:08.607901,2025-09-19 17:20:08.607901
rev_00003299,order_00003782,4,,,2025-01-16 04:40:57.674858,2025-01-17 04:40:57.674858
rev_00003300,order_00003783,5,,,2025-08-16 01:23:00.989415,2025-08-16 01:23:00.989415
rev_00003301,order_00003784,4,,,2025-04-14 19:43:04.024532,2025-04-15 19:43:04.024532
rev_00003302,order_00003785,5,,,2025-07-12 15:07:22.342335,2025-07-12 15:07:22.342335
rev_00003303,order_00003786,4,,,2024-11-24 18:31:15.431780,2024-11-24 18:31:15.431780
rev_00003304,order_00003787,4,,,2025-11-03 01:19:43.391174,2025-11-05 01:19:43.391174
rev_00003305,order_00003788,3,,,2025-08-19 08:17:30.641982,2025-08-19 08:17:30.641982
rev_00003306,order_00003789,5,,,2025-05-23 15:34:13.351817,2025-05-25 15:34:13.351817
rev_00003307,order_00003790,3,,,2025-12-26 15:46:44.837257,2025-12-27 15:46:44.837257
rev_00003308,order_00003791,2,,,2025-04-09 01:13:05.315154,2025-04-10 01:13:05.315154
rev_00003309,order_00003792,1,,,2025-06-13 05:58:44.882013,2025-06-14 05:58:44.882013
rev_00003310,order_00003793,3,,,2024-08-31 20:25:09.954062,2024-09-01 20:25:09.954062
rev_00003311,order_00003794,3,,,2024-11-17 15:02:10.939775,2024-11-19 15:02:10.939775
rev_00003312,order_00003795,3,,,2025-08-04 19:53:40.572238,2025-08-05 19:53:40.572238
rev_00003313,order_00003796,5,,,2024-07-30 00:55:35.463100,2024-07-30 00:55:35.463100
rev_00003314,order_00003797,5,,,2025-06-09 06:55:51.117140,2025-06-10 06:55:51.117140
rev_00003315,order_00003798,4,,,2024-12-21 04:59:43.023024,2024-12-21 04:59:43.023024
rev_00003316,order_00003799,4,,,2024-10-22 14:44:19.026870,2024-10-23 14:44:19.026870
rev_00003317,order_00003800,3,,,2025-06-16 09:31:24.001345,2025-06-18 09:31:24.001345
rev_00003318,order_00003801,3,,,2024-02-25 06:23:37.179502,2024-02-26 06:23:37.179502
rev_00003319,order_00003802,5,,,2025-09-15 16:30:50.903554,2025-09-15 16:30:50.903554
rev_00003320,order_00003804,3,,,2024-02-09 01:06:35.257995,2024-02-10 01:06:35.257995
rev_00003321,order_00003805,3,,,2024-05-02 00:32:17.763804,2024-05-04 00:32:17.763804
rev_00003322,order_00003806,5,,,2024-02-12 01:54:39.172846,2024-02-12 01:54:39.172846
rev_00003323,order_00003807,3,,,2025-05-11 14:15:29.244204,2025-05-12 14:15:29.244204
rev_00003324,order_00003808,4,,,2025-02-23 08:15:03.769606,2025-02-24 08:15:03.769606
rev_00003325,order_00003809,5,,,2024-09-22 01:14:41.267516,2024-09-23 01:14:41.267516
rev_00003326,order_00003810,3,,,2024-06-28 02:17:29.694736,2024-06-28 02:17:29.694736
rev_00003327,order_00003811,3,,,2024-09-04 20:56:07.000000,2024-09-05 20:56:07.000000
rev_00003328,order_00003812,3,,,2025-12-29 08:37:46.613486,2025-12-30 08:37:46.613486
rev_00003329,order_00003813,5,,,2025-06-27 18:14:31.431815,2025-06-27 18:14:31.431815
rev_00003330,order_00003814,5,,,2024-03-23 18:47:04.000000,2024-03-25 18:47:04.000000
rev_00003331,order_00003816,4,,,2024-11-17 07:42:07.397037,2024-11-18 07:42:07.397037
rev_00003332,order_00003817,5,,,2025-05-17 21:09:16.232091,2025-05-19 21:09:16.232091
rev_00003333,order_00003818,5,,,2024-12-23 04:38:21.877044,2024-12-25 04:38:21.877044
rev_00003334,order_00003820,3,,,2025-10-18 11:45:17.792044,2025-10-19 11:45:17.792044
rev_00003335,order_00003822,4,,,2025-10-05 17:23:06.805439,2025-10-05 17:23:06.805439
rev_00003336,order_00003823,4,,,2024-08-08 16:57:14.227150,2024-08-09 16:57:14.227150
rev_00003337,order_00003824,4,,,2025-08-31 08:45:32.492386,2025-09-02 08:45:32.492386
rev_00003338,order_00003825,3,,,2024-11-21 21:21:23.693767,2024-11-23 21:21:23.693767
rev_00003339,order_00003826,4,,,2025-02-11 17:17:16.203332,2025-02-12 17:17:16.203332
rev_00003340,order_00003827,4,,,2024-04-20 03:38:47.673962,2024-04-22 03:38:47.673962
rev_00003341,order_00003828,3,,,2024-05-03 15:05:58.323697,2024-05-05 15:05:58.323697
rev_00003342,order_00003829,3,,,2024-10-27 01:49:59.844851,2024-10-29 01:49:59.844851
rev_00003343,order_00003830,5,,,2025-01-23 10:52:17.249765,2025-01-24 10:52:17.249765
rev_00003344,order_00003831,5,,,2025-04-20 23:52:17.905467,2025-04-20 23:52:17.905467
rev_00003345,order_00003832,4,,,2024-08-24 11:41:19.043257,2024-08-24 11:41:19.043257
rev_00003346,order_00003834,3,,,2024-07-31 02:38:01.589998,2024-08-01 02:38:01.589998
rev_00003347,order_00003836,5,,,2024-01-31 20:59:42.077188,2024-01-31 20:59:42.077188
rev_00003348,order_00003837,5,,,2025-07-08 09:17:25.695191,2025-07-08 09:17:25.695191
rev_00003349,order_00003838,4,,,2025-09-20 23:37:27.811974,2025-09-22 23:37:27.811974
rev_00003350,order_00003839,4,,,2025-12-04 10:02:09.395047,2025-12-04 10:02:09.395047
rev_00003351,order_00003840,5,,,2024-02-18 04:12:16.157955,2024-02-20 04:12:16.157955
rev_00003352,order_00003841,3,,,2025-06-03 13:40:11.985531,2025-06-04 13:40:11.985531
rev_00003353,order_00003842,2,,,2025-06-29 19:29:56.249959,2025-06-29 19:29:56.249959
rev_00003354,order_00003844,5,,,2024-12-06 03:44:55.900892,2024-12-07 03:44:55.900892
rev_00003355,order_00003845,4,,,2024-07-30 18:34:28.722088,2024-07-31 18:34:28.722088
rev_00003356,order_00003846,5,,,2024-08-29 23:31:50.074030,2024-08-31 23:31:50.074030
rev_00003357,order_00003847,3,,,2024-05-02 07:10:34.251046,2024-05-04 07:10:34.251046
rev_00003358,order_00003848,4,,,2024-01-25 03:34:26.528184,2024-01-27 03:34:26.528184
rev_00003359,order_00003849,4,,,2025-01-10 05:06:56.640021,2025-01-10 05:06:56.640021
rev_00003360,order_00003850,3,,,2024-06-06 02:06:12.285110,2024-06-06 02:06:12.285110
rev_00003361,order_00003851,1,,,2025-07-24 23:57:23.177845,2025-07-25 23:57:23.177845
rev_00003362,order_00003852,5,,,2025-11-20 22:37:51.098409,2025-11-20 22:37:51.098409
rev_00003363,order_00003853,4,,,2025-06-28 09:07:14.763714,2025-06-30 09:07:14.763714
rev_00003364,order_00003854,5,,,2024-02-26 13:44:40.155115,2024-02-26 13:44:40.155115
rev_00003365,order_00003855,5,,,2024-07-12 13:30:49.323858,2024-07-12 13:30:49.323858
rev_00003366,order_00003856,4,,,2025-09-09 03:01:00.985591,2025-09-10 03:01:00.985591
rev_00003367,order_00003857,5,,,2024-09-18 13:36:42.408217,2024-09-20 13:36:42.408217
rev_00003368,order_00003858,3,,,2024-04-11 16:53:26.567273,2024-04-11 16:53:26.567273
rev_00003369,order_00003859,4,,,2024-05-28 19:41:29.582060,2024-05-29 19:41:29.582060
rev_00003370,order_00003860,5,,,2024-11-24 00:40:17.659275,2024-11-24 00:40:17.659275
rev_00003371,order_00003861,4,,,2024-06-16 07:14:17.520723,2024-06-17 07:14:17.520723
rev_00003372,order_00003862,5,,,2025-04-04 10:53:19.247322,2025-04-06 10:53:19.247322
rev_00003373,order_00003864,4,,,2024-02-26 08:37:06.727850,2024-02-28 08:37:06.727850
rev_00003374,order_00003865,3,,,2024-12-27 18:08:41.577309,2024-12-29 18:08:41.577309
rev_00003375,order_00003866,5,,,2025-07-25 04:48:50.003935,2025-07-25 04:48:50.003935
rev_00003376,order_00003867,4,,,2024-07-22 17:50:04.365227,2024-07-24 17:50:04.365227
rev_00003377,order_00003868,5,,,2024-11-04 08:30:32.343742,2024-11-04 08:30:32.343742
rev_00003378,order_00003869,5,,,2024-12-04 09:27:45.795790,2024-12-05 09:27:45.795790
rev_00003379,order_00003870,4,,,2025-07-10 21:58:01.893606,2025-07-11 21:58:01.893606
rev_00003380,order_00003872,5,,,2025-03-07 15:36:35.874438,2025-03-07 15:36:35.874438
rev_00003381,order_00003873,4,,,2025-09-28 13:41:29.427166,2025-09-29 13:41:29.427166
rev_00003382,order_00003874,3,,,2024-07-03 16:48:04.000000,2024-07-04 16:48:04.000000
rev_00003383,order_00003875,5,,,2025-02-02 03:55:59.159828,2025-02-02 03:55:59.159828
rev_00003384,order_00003876,3,,,2024-05-12 08:22:50.597791,2024-05-12 08:22:50.597791
rev_00003385,order_00003878,4,,,2025-04-09 02:01:42.427316,2025-04-09 02:01:42.427316
rev_00003386,order_00003879,3,,,2024-08-22 15:17:00.995236,2024-08-22 15:17:00.995236
rev_00003387,order_00003880,5,,,2025-03-11 17:55:12.906068,2025-03-11 17:55:12.906068
rev_00003388,order_00003881,4,,,2024-09-10 19:49:01.802192,2024-09-11 19:49:01.802192
rev_00003389,order_00003882,5,,,2025-06-16 05:56:43.972384,2025-06-16 05:56:43.972384
rev_00003390,order_00003883,5,,,2025-07-09 11:48:45.769159,2025-07-09 11:48:45.769159
rev_00003391,order_00003884,4,,,2025-02-28 18:45:00.069617,2025-03-02 18:45:00.069617
rev_00003392,order_00003885,4,,,2024-02-01 02:47:32.638672,2024-02-01 02:47:32.638672
rev_00003393,order_00003886,5,,,2024-06-05 23:35:13.703634,2024-06-07 23:35:13.703634
rev_00003394,order_00003888,4,,,2024-08-26 17:42:07.849573,2024-08-28 17:42:07.849573
rev_00003395,order_00003889,4,,,2024-11-27 04:22:07.963773,2024-11-27 04:22:07.963773
rev_00003396,order_00003890,5,,,2025-10-16 22:23:40.145371,2025-10-18 22:23:40.145371
rev_00003397,order_00003891,4,,,2024-11-25 02:20:44.323080,2024-11-26 02:20:44.323080
rev_00003398,order_00003892,5,,,2025-03-24 15:34:44.947265,2025-03-25 15:34:44.947265
rev_00003399,order_00003893,3,,,2025-09-27 15:03:43.553391,2025-09-29 15:03:43.553391
rev_00003400,order_00003894,5,,,2025-12-13 09:26:30.913646,2025-12-13 09:26:30.913646
rev_00003401,order_00003896,1,,,2024-10-21 20:51:45.067876,2024-10-21 20:51:45.067876
rev_00003402,order_00003897,4,,,2024-09-14 03:32:38.729820,2024-09-15 03:32:38.729820
rev_00003403,order_00003898,3,,,2024-12-20 06:33:03.537234,2024-12-20 06:33:03.537234
rev_00003404,order_00003899,4,,,2024-07-22 03:28:10.438849,2024-07-22 03:28:10.438849
rev_00003405,order_00003900,5,,,2024-08-07 03:45:06.743052,2024-08-08 03:45:06.743052
rev_00003406,order_00003901,5,,,2024-01-19 21:53:06.554332,2024-01-20 21:53:06.554332
rev_00003407,order_00003902,4,,,2024-07-12 14:27:51.332515,2024-07-13 14:27:51.332515
rev_00003408,order_00003903,4,,,2024-04-28 08:51:56.012311,2024-04-29 08:51:56.012311
rev_00003409,order_00003904,5,,,2025-07-07 11:12:27.686165,2025-07-08 11:12:27.686165
rev_00003410,order_00003905,5,,,2025-09-15 20:52:51.373814,2025-09-17 20:52:51.373814
rev_00003411,order_00003906,5,,,2025-01-16 07:38:45.739768,2025-01-16 07:38:45.739768
rev_00003412,order_00003907,4,,,2025-06-11 20:22:21.425772,2025-06-11 20:22:21.425772
rev_00003413,order_00003908,3,,,2025-02-02 08:26:45.845185,2025-02-04 08:26:45.845185
rev_00003414,order_00003909,5,,,2025-02-03 09:23:44.609913,2025-02-04 09:23:44.609913
rev_00003415,order_00003910,4,,,2024-01-11 12:59:51.223518,2024-01-12 12:59:51.223518
rev_00003416,order_00003912,5,,,2024-05-24 14:19:19.590233,2024-05-25 14:19:19.590233
rev_00003417,order_00003913,5,,,2025-02-11 22:00:01.688518,2025-02-12 22:00:01.688518
rev_00003418,order_00003914,3,,,2024-04-02 23:12:55.012464,2024-04-02 23:12:55.012464
rev_00003419,order_00003915,5,,,2025-10-12 07:33:02.275756,2025-10-14 07:33:02.275756
rev_00003420,order_00003916,5,,,2024-12-12 08:14:32.450187,2024-12-14 08:14:32.450187
rev_00003421,order_00003917,4,,,2024-07-28 13:31:22.694741,2024-07-30 13:31:22.694741
rev_00003422,order_00003918,5,,,2024-11-02 02:48:30.898712,2024-11-02 02:48:30.898712
rev_00003423,order_00003919,4,,,2024-07-20 03:22:20.362092,2024-07-20 03:22:20.362092
rev_00003424,order_00003920,5,,,2025-12-16 03:19:46.706075,2025-12-16 03:19:46.706075
rev_00003425,order_00003921,5,,,2024-10-03 02:51:30.727476,2024-10-04 02:51:30.727476
rev_00003426,order_00003922,5,,,2024-02-09 19:39:15.123295,2024-02-09 19:39:15.123295
rev_00003427,order_00003923,3,,,2025-03-01 13:53:54.128827,2025-03-02 13:53:54.128827
rev_00003428,order_00003924,5,,,2024-05-30 16:18:44.609500,2024-06-01 16:18:44.609500
rev_00003429,order_00003926,5,,,2025-07-28 18:55:53.000000,2025-07-29 18:55:53.000000
rev_00003430,order_00003927,4,,,2025-06-02 06:54:15.388568,2025-06-02 06:54:15.388568
rev_00003431,order_00003928,4,,,2024-06-09 02:19:45.145532,2024-06-11 02:19:45.145532
rev_00003432,order_00003930,5,,,2024-04-24 13:20:16.273535,2024-04-25 13:20:16.273535
rev_00003433,order_00003931,5,,,2024-10-10 21:17:39.000000,2024-10-12 21:17:39.000000
rev_00003434,order_00003932,4,,,2024-06-06 04:27:02.049792,2024-06-06 04:27:02.049792
rev_00003435,order_00003933,5,,,2024-04-27 11:18:31.058803,2024-04-28 11:18:31.058803
rev_00003436,order_00003934,5,,,2025-12-19 18:01:02.054395,2025-12-20 18:01:02.054395
rev_00003437,order_00003935,2,,,2025-01-16 02:32:21.529292,2025-01-17 02:32:21.529292
rev_00003438,order_00003936,3,,,2025-05-09 23:50:42.384116,2025-05-09 23:50:42.384116
rev_00003439,order_00003937,4,,,2024-08-07 04:38:35.022243,2024-08-09 04:38:35.022243
rev_00003440,order_00003938,3,,,2024-12-25 06:36:02.831972,2024-12-26 06:36:02.831972
rev_00003441,order_00003939,5,,,2025-11-03 07:30:07.220359,2025-11-03 07:30:07.220359
rev_00003442,order_00003940,5,,,2025-10-10 00:50:14.526110,2025-10-11 00:50:14.526110
rev_00003443,order_00003941,4,,,2024-10-15 01:45:22.473091,2024-10-16 01:45:22.473091
rev_00003444,order_00003942,3,,,2025-05-18 12:04:20.737201,2025-05-19 12:04:20.737201
rev_00003445,order_00003943,1,,,2025-12-23 03:55:10.537988,2025-12-24 03:55:10.537988
rev_00003446,order_00003944,5,,,2025-08-11 22:59:41.746300,2025-08-13 22:59:41.746300
rev_00003447,order_00003945,3,,,2025-10-10 12:02:52.512807,2025-10-11 12:02:52.512807
rev_00003448,order_00003947,4,,,2024-01-26 02:12:40.754584,2024-01-27 02:12:40.754584
rev_00003449,order_00003948,3,,,2024-11-03 11:59:34.812855,2024-11-03 11:59:34.812855
rev_00003450,order_00003949,5,,,2025-11-23 13:21:01.000000,2025-11-25 13:21:01.000000
rev_00003451,order_00003950,4,,,2026-01-06 17:36:48.885090,2026-01-06 17:36:48.885090
rev_00003452,order_00003951,5,,,2025-06-21 13:29:14.707406,2025-06-23 13:29:14.707406
rev_00003453,order_00003952,5,,,2024-06-01 06:23:08.043946,2024-06-02 06:23:08.043946
rev_00003454,order_00003953,5,,,2024-12-22 06:09:41.713045,2024-12-22 06:09:41.713045
rev_00003455,order_00003954,3,,,2024-03-08 05:44:12.633207,2024-03-08 05:44:12.633207
rev_00003456,order_00003955,1,,,2025-11-09 08:27:53.514549,2025-11-09 08:27:53.514549
rev_00003457,order_00003956,3,,,2024-08-10 09:54:06.222411,2024-08-11 09:54:06.222411
rev_00003458,order_00003957,3,,,2025-03-25 18:45:32.218000,2025-03-25 18:45:32.218000
rev_00003459,order_00003958,3,,,2024-07-03 15:25:59.236839,2024-07-04 15:25:59.236839
rev_00003460,order_00003960,3,,,2024-07-03 20:39:15.842407,2024-07-04 20:39:15.842407
rev_00003461,order_00003961,4,,,2024-03-02 17:48:41.000000,2024-03-02 17:48:41.000000
rev_00003462,order_00003962,5,,,2025-08-27 05:20:05.648419,2025-08-27 05:20:05.648419
rev_00003463,order_00003963,4,,,2026-01-03 04:35:19.664158,2026-01-04 04:35:19.664158
rev_00003464,order_00003964,4,,,2024-02-16 20:15:38.338280,2024-02-18 20:15:38.338280
rev_00003465,order_00003965,4,,,2025-09-13 22:54:21.407157,2025-09-14 22:54:21.407157
rev_00003466,order_00003966,5,,,2024-03-16 07:03:22.094218,2024-03-18 07:03:22.094218
rev_00003467,order_00003967,5,,,2025-05-21 01:43:18.584076,2025-05-21 01:43:18.584076
rev_00003468,order_00003968,4,,,2024-09-07 13:14:07.258581,2024-09-07 13:14:07.258581
rev_00003469,order_00003969,4,,,2025-06-16 21:53:25.114444,2025-06-16 21:53:25.114444
rev_00003470,order_00003970,4,,,2025-01-23 11:22:48.319700,2025-01-23 11:22:48.319700
rev_00003471,order_00003973,4,,,2025-04-21 17:18:39.857214,2025-04-21 17:18:39.857214
rev_00003472,order_00003975,2,,,2025-03-27 06:41:56.774808,2025-03-27 06:41:56.774808
rev_00003473,order_00003976,5,,,2025-10-12 13:08:06.714003,2025-10-13 13:08:06.714003
rev_00003474,order_00003977,3,,,2024-05-05 21:34:19.678533,2024-05-06 21:34:19.678533
rev_00003475,order_00003978,5,,,2024-07-28 14:07:05.222363,2024-07-29 14:07:05.222363
rev_00003476,order_00003979,4,,,2025-12-24 05:43:22.648782,2025-12-26 05:43:22.648782
rev_00003477,order_00003980,2,,,2025-04-02 00:27:59.442696,2025-04-02 00:27:59.442696
rev_00003478,order_00003982,5,,,2025-05-23 01:48:24.443844,2025-05-23 01:48:24.443844
rev_00003479,order_00003983,5,,,2025-06-24 15:03:35.163554,2025-06-26 15:03:35.163554
rev_00003480,order_00003984,5,,,2025-01-14 18:54:29.469464,2025-01-15 18:54:29.469464
rev_00003481,order_00003985,3,,,2025-12-12 03:06:47.241965,2025-12-14 03:06:47.241965
rev_00003482,order_00003986,5,,,2024-10-25 23:20:08.808346,2024-10-26 23:20:08.808346
rev_00003483,order_00003988,3,,,2024-04-19 03:56:45.216940,2024-04-21 03:56:45.216940
rev_00003484,order_00003989,5,,,2024-11-30 17:37:31.471146,2024-12-01 17:37:31.471146
rev_00003485,order_00003991,5,,,2025-06-06 07:18:21.503000,2025-06-08 07:18:21.503000
rev_00003486,order_00003992,5,,,2025-08-02 12:44:16.951207,2025-08-02 12:44:16.951207
rev_00003487,order_00003994,3,,,2024-08-26 01:10:12.989029,2024-08-27 01:10:12.989029
rev_00003488,order_00003995,5,,,2024-04-28 15:05:58.679823,2024-04-30 15:05:58.679823
rev_00003489,order_00003997,5,,,2025-11-01 22:25:01.663383,2025-11-03 22:25:01.663383
rev_00003490,order_00003998,4,,,2024-03-07 01:44:43.964623,2024-03-07 01:44:43.964623
rev_00003491,order_00003999,5,,,2024-04-17 06:32:59.087758,2024-04-19 06:32:59.087758
rev_00003492,order_00004000,3,,,2025-11-24 09:07:41.548434,2025-11-26 09:07:41.548434
rev_00003493,order_00004001,5,,,2025-09-12 00:06:08.294871,2025-09-12 00:06:08.294871
rev_00003494,order_00004002,5,,,2024-08-07 15:39:08.110571,2024-08-09 15:39:08.110571
rev_00003495,order_00004003,5,,,2025-04-25 12:15:19.418601,2025-04-25 12:15:19.418601
rev_00003496,order_00004004,3,,,2025-01-12 08:36:51.183360,2025-01-13 08:36:51.183360
rev_00003497,order_00004005,3,,,2025-12-22 03:31:31.987426,2025-12-23 03:31:31.987426
rev_00003498,order_00004006,4,,,2025-07-31 02:31:25.851025,2025-08-01 02:31:25.851025
rev_00003499,order_00004007,5,,,2025-07-18 04:33:05.944039,2025-07-19 04:33:05.944039
rev_00003500,order_00004008,4,,,2024-01-26 23:11:40.088279,2024-01-28 23:11:40.088279
rev_00003501,order_00004009,4,,,2025-03-02 01:58:58.689909,2025-03-03 01:58:58.689909
rev_00003502,order_00004011,5,,,2025-06-26 13:53:12.547044,2025-06-28 13:53:12.547044
rev_00003503,order_00004012,5,,,2024-08-14 16:50:32.435131,2024-08-15 16:50:32.435131
rev_00003504,order_00004013,3,,,2024-08-05 06:54:38.811456,2024-08-05 06:54:38.811456
rev_00003505,order_00004014,5,,,2024-05-30 00:46:04.189860,2024-05-31 00:46:04.189860
rev_00003506,order_00004015,3,,,2024-08-29 20:32:24.461872,2024-08-29 20:32:24.461872
rev_00003507,order_00004016,5,,,2024-05-13 23:41:36.072933,2024-05-15 23:41:36.072933
rev_00003508,order_00004017,1,,,2025-01-26 23:36:56.962624,2025-01-26 23:36:56.962624
rev_00003509,order_00004018,4,,,2024-02-05 15:24:07.309611,2024-02-06 15:24:07.309611
rev_00003510,order_00004019,4,,,2025-03-31 10:40:44.717106,2025-04-02 10:40:44.717106
rev_00003511,order_00004020,5,,,2025-06-04 20:00:26.113060,2025-06-05 20:00:26.113060
rev_00003512,order_00004021,5,,,2024-10-25 01:40:57.177653,2024-10-27 01:40:57.177653
rev_00003513,order_00004023,5,,,2025-05-27 13:38:51.263253,2025-05-29 13:38:51.263253
rev_00003514,order_00004024,3,,,2024-03-11 23:27:52.865614,2024-03-12 23:27:52.865614
rev_00003515,order_00004025,5,,,2025-03-10 02:43:31.187142,2025-03-11 02:43:31.187142
rev_00003516,order_00004026,3,,,2024-08-04 08:58:37.811219,2024-08-04 08:58:37.811219
rev_00003517,order_00004027,5,,,2025-02-04 12:51:03.298772,2025-02-06 12:51:03.298772
rev_00003518,order_00004028,3,,,2024-06-30 14:26:44.257651,2024-06-30 14:26:44.257651
rev_00003519,order_00004029,4,,,2025-08-12 19:00:28.415776,2025-08-14 19:00:28.415776
rev_00003520,order_00004030,3,,,2025-02-11 06:33:29.460843,2025-02-11 06:33:29.460843
rev_00003521,order_00004031,5,,,2025-06-09 11:09:21.599276,2025-06-11 11:09:21.599276
rev_00003522,order_00004032,3,,,2024-04-15 02:29:15.375090,2024-04-15 02:29:15.375090
rev_00003523,order_00004033,3,,,2024-06-05 19:41:57.902622,2024-06-05 19:41:57.902622
rev_00003524,order_00004034,3,,,2025-03-24 21:26:23.756895,2025-03-25 21:26:23.756895
rev_00003525,order_00004035,3,,,2026-01-02 02:59:51.777562,2026-01-02 02:59:51.777562
rev_00003526,order_00004036,5,,,2025-03-19 02:06:35.737599,2025-03-21 02:06:35.737599
rev_00003527,order_00004037,2,,,2025-02-04 20:49:30.928858,2025-02-06 20:49:30.928858
rev_00003528,order_00004038,4,,,2024-11-12 02:08:00.590369,2024-11-12 02:08:00.590369
rev_00003529,order_00004039,5,,,2024-09-29 18:01:09.407156,2024-10-01 18:01:09.407156
rev_00003530,order_00004040,3,,,2024-02-03 22:15:27.006093,2024-02-05 22:15:27.006093
rev_00003531,order_00004042,5,,,2024-10-27 16:23:01.348225,2024-10-28 16:23:01.348225
rev_00003532,order_00004043,4,,,2025-05-21 05:27:36.948427,2025-05-22 05:27:36.948427
rev_00003533,order_00004044,5,,,2024-11-24 04:42:28.980556,2024-11-25 04:42:28.980556
rev_00003534,order_00004045,3,,,2025-05-20 01:43:31.968125,2025-05-20 01:43:31.968125
rev_00003535,order_00004046,2,,,2025-06-19 05:37:11.443768,2025-06-19 05:37:11.443768
rev_00003536,order_00004047,4,,,2024-05-03 18:39:57.113413,2024-05-05 18:39:57.113413
rev_00003537,order_00004048,4,,,2024-01-29 21:56:56.761335,2024-01-30 21:56:56.761335
rev_00003538,order_00004049,4,,,2024-07-02 17:10:26.293221,2024-07-02 17:10:26.293221
rev_00003539,order_00004051,4,,,2025-06-01 04:46:47.279595,2025-06-02 04:46:47.279595
rev_00003540,order_00004052,5,,,2024-01-31 16:36:30.969050,2024-01-31 16:36:30.969050
rev_00003541,order_00004053,3,,,2024-02-15 14:05:40.723206,2024-02-15 14:05:40.723206
rev_00003542,order_00004054,5,,,2024-09-24 04:35:40.872703,2024-09-24 04:35:40.872703
rev_00003543,order_00004055,5,,,2024-09-03 05:11:17.000000,2024-09-04 05:11:17.000000
rev_00003544,order_00004056,5,,,2024-12-26 15:20:45.330710,2024-12-28 15:20:45.330710
rev_00003545,order_00004058,3,,,2024-07-18 11:47:42.359778,2024-07-20 11:47:42.359778
rev_00003546,order_00004059,3,,,2025-01-12 23:46:00.215929,2025-01-13 23:46:00.215929
rev_00003547,order_00004060,4,,,2025-08-01 10:51:43.112182,2025-08-02 10:51:43.112182
rev_00003548,order_00004061,4,,,2025-11-07 02:46:18.170679,2025-11-09 02:46:18.170679
rev_00003549,order_00004062,5,,,2024-09-27 13:51:01.594822,2024-09-27 13:51:01.594822
rev_00003550,order_00004064,5,,,2024-02-09 01:22:30.514132,2024-02-10 01:22:30.514132
rev_00003551,order_00004065,5,,,2024-06-23 23:54:03.000000,2024-06-24 23:54:03.000000
rev_00003552,order_00004066,4,,,2025-05-11 16:44:08.678544,2025-05-13 16:44:08.678544
rev_00003553,order_00004067,5,,,2025-12-16 03:31:18.527944,2025-12-18 03:31:18.527944
rev_00003554,order_00004068,5,,,2024-04-30 06:11:27.279402,2024-05-01 06:11:27.279402
rev_00003555,order_00004069,2,,,2024-04-08 03:38:22.937179,2024-04-09 03:38:22.937179
rev_00003556,order_00004074,1,,,2025-07-12 05:37:36.468991,2025-07-13 05:37:36.468991
rev_00003557,order_00004075,4,,,2025-12-08 13:20:59.543615,2025-12-09 13:20:59.543615
rev_00003558,order_00004076,4,,,2025-07-26 04:04:29.380313,2025-07-27 04:04:29.380313
rev_00003559,order_00004077,5,,,2025-09-10 08:48:55.548957,2025-09-10 08:48:55.548957
rev_00003560,order_00004078,3,,,2024-07-16 00:13:39.376930,2024-07-17 00:13:39.376930
rev_00003561,order_00004079,3,,,2025-11-28 00:19:43.000000,2025-11-30 00:19:43.000000
rev_00003562,order_00004080,4,,,2025-12-11 14:50:14.611417,2025-12-13 14:50:14.611417
rev_00003563,order_00004081,3,,,2025-09-14 04:25:00.621344,2025-09-15 04:25:00.621344
rev_00003564,order_00004082,5,,,2024-08-30 19:11:43.632295,2024-08-31 19:11:43.632295
rev_00003565,order_00004083,5,,,2025-03-27 20:20:02.420968,2025-03-27 20:20:02.420968
rev_00003566,order_00004084,5,,,2025-03-15 04:19:15.882023,2025-03-17 04:19:15.882023
rev_00003567,order_00004085,5,,,2025-09-01 22:21:34.342132,2025-09-01 22:21:34.342132
rev_00003568,order_00004086,4,,,2024-10-06 01:41:13.001139,2024-10-06 01:41:13.001139
rev_00003569,order_00004087,4,,,2024-03-11 14:44:38.569286,2024-03-13 14:44:38.569286
rev_00003570,order_00004088,5,,,2024-04-17 07:33:29.853848,2024-04-19 07:33:29.853848
rev_00003571,order_00004089,5,,,2025-05-26 20:05:20.243662,2025-05-27 20:05:20.243662
rev_00003572,order_00004090,3,,,2024-10-02 21:44:55.208690,2024-10-04 21:44:55.208690
rev_00003573,order_00004091,5,,,2024-06-04 19:47:58.079939,2024-06-06 19:47:58.079939
rev_00003574,order_00004092,5,,,2024-10-17 07:58:21.368381,2024-10-19 07:58:21.368381
rev_00003575,order_00004093,4,,,2024-08-06 06:18:20.261005,2024-08-07 06:18:20.261005
rev_00003576,order_00004094,5,,,2024-11-24 06:22:10.969880,2024-11-25 06:22:10.969880
rev_00003577,order_00004095,2,,,2025-01-31 15:03:44.756743,2025-02-01 15:03:44.756743
rev_00003578,order_00004096,3,,,2025-01-28 02:17:54.000000,2025-01-30 02:17:54.000000
rev_00003579,order_00004097,4,,,2025-02-26 15:51:03.827033,2025-02-26 15:51:03.827033
rev_00003580,order_00004098,5,,,2024-06-17 03:26:58.966458,2024-06-18 03:26:58.966458
rev_00003581,order_00004100,3,,,2025-04-24 05:51:12.948629,2025-04-26 05:51:12.948629
rev_00003582,order_00004101,5,,,2025-10-31 08:16:26.412654,2025-10-31 08:16:26.412654
rev_00003583,order_00004102,5,,,2025-11-16 02:11:37.000000,2025-11-17 02:11:37.000000
rev_00003584,order_00004103,3,,,2025-03-07 04:11:38.745080,2025-03-08 04:11:38.745080
rev_00003585,order_00004104,3,,,2024-01-22 05:54:09.570263,2024-01-23 05:54:09.570263
rev_00003586,order_00004105,5,,,2025-01-01 19:53:05.549025,2025-01-01 19:53:05.549025
rev_00003587,order_00004106,5,,,2025-05-31 04:11:31.118663,2025-06-02 04:11:31.118663
rev_00003588,order_00004107,4,,,2025-02-26 00:34:02.726455,2025-02-26 00:34:02.726455
rev_00003589,order_00004108,4,,,2025-05-28 01:09:08.315771,2025-05-28 01:09:08.315771
rev_00003590,order_00004109,4,,,2024-02-25 09:18:46.514735,2024-02-25 09:18:46.514735
rev_00003591,order_00004110,4,,,2025-04-12 17:09:26.490113,2025-04-13 17:09:26.490113
rev_00003592,order_00004111,2,,,2024-05-23 08:50:02.427505,2024-05-25 08:50:02.427505
rev_00003593,order_00004112,3,,,2025-02-21 23:47:16.376543,2025-02-23 23:47:16.376543
rev_00003594,order_00004113,5,,,2025-06-28 12:13:25.605556,2025-06-28 12:13:25.605556
rev_00003595,order_00004115,3,,,2025-09-02 00:18:45.293947,2025-09-02 00:18:45.293947
rev_00003596,order_00004116,5,,,2025-05-04 04:25:36.652861,2025-05-05 04:25:36.652861
rev_00003597,order_00004117,4,,,2025-10-02 07:08:43.242730,2025-10-03 07:08:43.242730
rev_00003598,order_00004118,4,,,2024-06-29 11:14:19.011146,2024-06-29 11:14:19.011146
rev_00003599,order_00004119,3,,,2024-06-01 04:15:33.903983,2024-06-02 04:15:33.903983
rev_00003600,order_00004120,3,,,2024-04-17 13:37:35.656481,2024-04-17 13:37:35.656481
rev_00003601,order_00004121,3,,,2025-03-05 12:29:01.906010,2025-03-05 12:29:01.906010
rev_00003602,order_00004122,5,,,2024-12-09 00:33:21.139060,2024-12-11 00:33:21.139060
rev_00003603,order_00004123,5,,,2026-01-02 19:36:41.810822,2026-01-02 19:36:41.810822
rev_00003604,order_00004124,5,,,2024-09-27 05:13:58.226065,2024-09-29 05:13:58.226065
rev_00003605,order_00004125,4,,,2024-08-05 13:24:39.650433,2024-08-05 13:24:39.650433
rev_00003606,order_00004126,5,,,2024-02-26 17:16:33.208220,2024-02-26 17:16:33.208220
rev_00003607,order_00004127,5,,,2024-05-04 14:26:26.782909,2024-05-06 14:26:26.782909
rev_00003608,order_00004128,4,,,2025-06-30 11:04:06.474422,2025-06-30 11:04:06.474422
rev_00003609,order_00004130,4,,,2025-11-22 06:07:04.803702,2025-11-22 06:07:04.803702
rev_00003610,order_00004131,4,,,2024-06-02 01:23:18.929867,2024-06-02 01:23:18.929867
rev_00003611,order_00004132,5,,,2025-05-21 07:30:14.005466,2025-05-22 07:30:14.005466
rev_00003612,order_00004133,2,,,2024-06-24 20:01:13.776119,2024-06-25 20:01:13.776119
rev_00003613,order_00004135,5,,,2025-01-07 05:07:49.804239,2025-01-07 05:07:49.804239
rev_00003614,order_00004136,3,,,2024-04-28 03:51:50.581614,2024-04-30 03:51:50.581614
rev_00003615,order_00004137,2,,,2025-05-14 12:24:13.826678,2025-05-14 12:24:13.826678
rev_00003616,order_00004138,5,,,2024-06-10 14:07:23.719079,2024-06-10 14:07:23.719079
rev_00003617,order_00004139,4,,,2025-10-04 11:33:58.370868,2025-10-05 11:33:58.370868
rev_00003618,order_00004140,5,,,2024-06-28 13:57:29.181901,2024-06-29 13:57:29.181901
rev_00003619,order_00004141,5,,,2024-03-11 23:59:02.026591,2024-03-13 23:59:02.026591
rev_00003620,order_00004142,4,,,2025-11-19 11:06:31.344825,2025-11-21 11:06:31.344825
rev_00003621,order_00004143,4,,,2025-06-04 07:17:38.786242,2025-06-06 07:17:38.786242
rev_00003622,order_00004144,5,,,2025-05-19 19:57:00.903842,2025-05-19 19:57:00.903842
rev_00003623,order_00004145,5,,,2024-07-29 02:11:46.420444,2024-07-31 02:11:46.420444
rev_00003624,order_00004146,4,,,2025-06-01 00:49:02.494503,2025-06-01 00:49:02.494503
rev_00003625,order_00004147,4,,,2024-06-16 14:14:31.207716,2024-06-17 14:14:31.207716
rev_00003626,order_00004148,5,,,2024-02-10 23:12:55.009061,2024-02-10 23:12:55.009061
rev_00003627,order_00004149,3,,,2025-02-27 00:24:36.132095,2025-02-27 00:24:36.132095
rev_00003628,order_00004150,5,,,2024-02-10 03:40:43.493430,2024-02-12 03:40:43.493430
rev_00003629,order_00004151,5,,,2024-10-17 05:45:34.000000,2024-10-19 05:45:34.000000
rev_00003630,order_00004153,4,,,2025-01-05 21:59:14.649064,2025-01-07 21:59:14.649064
rev_00003631,order_00004154,4,,,2024-03-17 17:16:15.452420,2024-03-19 17:16:15.452420
rev_00003632,order_00004155,4,,,2025-09-24 02:05:44.636159,2025-09-24 02:05:44.636159
rev_00003633,order_00004156,3,,,2024-09-05 12:08:27.520384,2024-09-05 12:08:27.520384
rev_00003634,order_00004157,2,,,2025-06-09 10:25:41.739629,2025-06-11 10:25:41.739629
rev_00003635,order_00004158,4,,,2025-06-23 11:08:48.756363,2025-06-23 11:08:48.756363
rev_00003636,order_00004159,4,,,2025-05-21 09:47:13.721295,2025-05-21 09:47:13.721295
rev_00003637,order_00004160,5,,,2025-03-09 10:22:07.660473,2025-03-10 10:22:07.660473
rev_00003638,order_00004161,4,,,2024-04-24 05:05:42.516606,2024-04-25 05:05:42.516606
rev_00003639,order_00004162,5,,,2025-08-28 03:22:23.685727,2025-08-30 03:22:23.685727
rev_00003640,order_00004163,5,,,2024-01-16 23:10:40.221014,2024-01-18 23:10:40.221014
rev_00003641,order_00004164,3,,,2024-07-03 15:03:09.938583,2024-07-03 15:03:09.938583
rev_00003642,order_00004165,5,,,2025-06-04 14:23:47.088406,2025-06-06 14:23:47.088406
rev_00003643,order_00004166,4,,,2024-05-13 12:11:03.705148,2024-05-15 12:11:03.705148
rev_00003644,order_00004167,4,,,2024-06-14 13:31:17.978038,2024-06-16 13:31:17.978038
rev_00003645,order_00004168,3,,,2024-05-17 13:31:04.725761,2024-05-18 13:31:04.725761
rev_00003646,order_00004169,3,,,2024-07-17 22:29:47.092460,2024-07-18 22:29:47.092460
rev_00003647,order_00004170,5,,,2024-09-12 23:58:23.551929,2024-09-14 23:58:23.551929
rev_00003648,order_00004171,4,,,2024-02-06 07:15:45.645877,2024-02-07 07:15:45.645877
rev_00003649,order_00004172,5,,,2025-04-10 22:10:20.468317,2025-04-12 22:10:20.468317
rev_00003650,order_00004173,5,,,2024-03-21 03:55:25.558624,2024-03-23 03:55:25.558624
rev_00003651,order_00004174,4,,,2024-09-25 02:59:34.631230,2024-09-27 02:59:34.631230
rev_00003652,order_00004175,4,,,2025-01-23 20:19:10.469388,2025-01-23 20:19:10.469388
rev_00003653,order_00004178,5,,,2025-03-07 08:07:39.834590,2025-03-09 08:07:39.834590
rev_00003654,order_00004179,5,,,2024-11-22 04:12:00.887087,2024-11-22 04:12:00.887087
rev_00003655,order_00004181,5,,,2024-12-03 22:21:54.098535,2024-12-05 22:21:54.098535
rev_00003656,order_00004183,2,,,2024-05-29 15:33:27.724544,2024-05-29 15:33:27.724544
rev_00003657,order_00004184,3,,,2025-11-09 08:17:48.657606,2025-11-10 08:17:48.657606
rev_00003658,order_00004185,4,,,2024-11-25 10:49:54.831079,2024-11-27 10:49:54.831079
rev_00003659,order_00004186,3,,,2025-09-18 10:23:21.159829,2025-09-18 10:23:21.159829
rev_00003660,order_00004187,5,,,2024-02-17 03:39:51.845205,2024-02-17 03:39:51.845205
rev_00003661,order_00004188,5,,,2025-08-15 05:32:55.589740,2025-08-15 05:32:55.589740
rev_00003662,order_00004189,4,,,2024-02-28 22:39:03.666745,2024-02-28 22:39:03.666745
rev_00003663,order_00004190,5,,,2025-06-07 08:53:04.640494,2025-06-09 08:53:04.640494
rev_00003664,order_00004191,3,,,2024-01-25 20:02:26.337702,2024-01-26 20:02:26.337702
rev_00003665,order_00004192,5,,,2024-04-07 16:34:48.955787,2024-04-08 16:34:48.955787
rev_00003666,order_00004193,4,,,2024-04-23 19:52:33.690503,2024-04-24 19:52:33.690503
rev_00003667,order_00004194,3,,,2025-01-14 13:57:36.632469,2025-01-16 13:57:36.632469
rev_00003668,order_00004196,4,,,2024-06-02 11:54:15.693593,2024-06-02 11:54:15.693593
rev_00003669,order_00004197,4,,,2025-09-15 17:30:33.650490,2025-09-17 17:30:33.650490
rev_00003670,order_00004198,4,,,2024-02-26 04:25:45.723720,2024-02-28 04:25:45.723720
rev_00003671,order_00004199,4,,,2024-04-07 13:04:00.506057,2024-04-07 13:04:00.506057
rev_00003672,order_00004201,3,,,2025-03-08 20:51:11.839342,2025-03-08 20:51:11.839342
rev_00003673,order_00004202,3,,,2025-09-15 02:32:20.594475,2025-09-16 02:32:20.594475
rev_00003674,order_00004203,5,,,2025-08-28 03:31:06.098651,2025-08-30 03:31:06.098651
rev_00003675,order_00004204,3,,,2025-08-04 20:55:01.558114,2025-08-05 20:55:01.558114
rev_00003676,order_00004208,5,,,2025-02-01 04:44:37.995362,2025-02-01 04:44:37.995362
rev_00003677,order_00004209,5,,,2024-06-04 09:04:35.800815,2024-06-04 09:04:35.800815
rev_00003678,order_00004210,4,,,2024-10-12 23:16:47.562133,2024-10-13 23:16:47.562133
rev_00003679,order_00004211,3,,,2024-03-12 06:21:57.416871,2024-03-14 06:21:57.416871
rev_00003680,order_00004212,4,,,2024-09-10 12:52:25.148024,2024-09-10 12:52:25.148024
rev_00003681,order_00004213,2,,,2025-11-24 02:39:00.071599,2025-11-24 02:39:00.071599
rev_00003682,order_00004214,4,,,2025-12-03 15:46:34.873012,2025-12-04 15:46:34.873012
rev_00003683,order_00004215,2,,,2025-12-10 14:12:11.870292,2025-12-10 14:12:11.870292
rev_00003684,order_00004216,4,,,2024-12-06 00:01:40.858155,2024-12-08 00:01:40.858155
rev_00003685,order_00004217,5,,,2025-03-30 10:52:51.701797,2025-04-01 10:52:51.701797
rev_00003686,order_00004218,5,,,2024-12-24 22:41:14.327788,2024-12-25 22:41:14.327788
rev_00003687,order_00004219,5,,,2025-10-26 11:18:07.585059,2025-10-28 11:18:07.585059
rev_00003688,order_00004220,3,,,2024-04-07 07:38:41.231639,2024-04-09 07:38:41.231639
rev_00003689,order_00004221,5,,,2024-12-27 01:40:14.753860,2024-12-28 01:40:14.753860
rev_00003690,order_00004222,4,,,2026-01-01 21:51:45.368442,2026-01-01 21:51:45.368442
rev_00003691,order_00004223,4,,,2024-08-04 08:20:20.250222,2024-08-05 08:20:20.250222
rev_00003692,order_00004225,4,,,2025-06-30 00:52:33.090713,2025-07-02 00:52:33.090713
rev_00003693,order_00004226,5,,,2025-06-12 18:50:01.307681,2025-06-12 18:50:01.307681
rev_00003694,order_00004227,3,,,2025-08-06 19:36:13.095306,2025-08-08 19:36:13.095306
rev_00003695,order_00004228,4,,,2024-02-17 03:44:40.201434,2024-02-19 03:44:40.201434
rev_00003696,order_00004231,3,,,2024-03-21 00:58:44.687317,2024-03-22 00:58:44.687317
rev_00003697,order_00004232,5,,,2024-03-06 17:37:30.453640,2024-03-07 17:37:30.453640
rev_00003698,order_00004233,3,,,2024-03-16 08:00:55.276060,2024-03-17 08:00:55.276060
rev_00003699,order_00004234,5,,,2025-01-28 21:21:54.874076,2025-01-29 21:21:54.874076
rev_00003700,order_00004236,4,,,2025-01-05 22:43:39.592399,2025-01-07 22:43:39.592399
rev_00003701,order_00004237,1,,,2024-08-14 08:53:25.703113,2024-08-14 08:53:25.703113
rev_00003702,order_00004238,4,,,2024-10-11 11:01:29.149374,2024-10-12 11:01:29.149374
rev_00003703,order_00004240,5,,,2025-11-04 15:40:48.990774,2025-11-04 15:40:48.990774
rev_00003704,order_00004241,3,,,2024-09-05 19:21:17.986529,2024-09-07 19:21:17.986529
rev_00003705,order_00004242,4,,,2025-04-02 09:07:08.821422,2025-04-04 09:07:08.821422
rev_00003706,order_00004243,5,,,2025-10-22 04:33:50.963743,2025-10-22 04:33:50.963743
rev_00003707,order_00004244,5,,,2025-05-10 22:02:41.276590,2025-05-11 22:02:41.276590
rev_00003708,order_00004245,5,,,2025-08-25 14:32:00.482498,2025-08-26 14:32:00.482498
rev_00003709,order_00004246,2,,,2024-10-21 20:25:25.304287,2024-10-21 20:25:25.304287
rev_00003710,order_00004247,2,,,2024-09-28 18:22:35.104059,2024-09-28 18:22:35.104059
rev_00003711,order_00004249,5,,,2024-04-27 17:44:15.329282,2024-04-29 17:44:15.329282
rev_00003712,order_00004250,3,,,2024-11-05 15:07:54.304085,2024-11-05 15:07:54.304085
rev_00003713,order_00004251,4,,,2024-05-01 23:08:32.564317,2024-05-03 23:08:32.564317
rev_00003714,order_00004252,5,,,2024-06-12 05:17:04.749772,2024-06-12 05:17:04.749772
rev_00003715,order_00004253,4,,,2024-10-16 16:54:53.924306,2024-10-18 16:54:53.924306
rev_00003716,order_00004256,2,,,2024-02-26 20:28:14.791724,2024-02-26 20:28:14.791724
rev_00003717,order_00004258,4,,,2025-05-20 08:06:02.333958,2025-05-22 08:06:02.333958
rev_00003718,order_00004259,5,,,2025-12-20 20:58:23.000000,2025-12-22 20:58:23.000000
rev_00003719,order_00004260,4,,,2025-10-30 23:54:43.373559,2025-10-30 23:54:43.373559
rev_00003720,order_00004261,4,,,2026-01-06 22:22:20.260633,2026-01-07 22:22:20.260633
rev_00003721,order_00004262,4,,,2024-12-13 00:21:23.789666,2024-12-15 00:21:23.789666
rev_00003722,order_00004263,4,,,2024-11-21 12:55:43.149346,2024-11-22 12:55:43.149346
rev_00003723,order_00004264,3,,,2025-06-08 06:51:32.898087,2025-06-09 06:51:32.898087
rev_00003724,order_00004265,3,,,2025-02-01 07:53:16.067507,2025-02-02 07:53:16.067507
rev_00003725,order_00004266,5,,,2025-11-11 00:35:47.449073,2025-11-13 00:35:47.449073
rev_00003726,order_00004267,5,,,2025-10-13 17:14:03.223965,2025-10-15 17:14:03.223965
rev_00003727,order_00004268,5,,,2024-03-15 14:47:01.868612,2024-03-16 14:47:01.868612
rev_00003728,order_00004270,5,,,2024-12-16 17:48:59.658251,2024-12-18 17:48:59.658251
rev_00003729,order_00004272,4,,,2025-06-16 06:02:33.525819,2025-06-16 06:02:33.525819
rev_00003730,order_00004273,5,,,2025-08-18 12:19:41.505596,2025-08-19 12:19:41.505596
rev_00003731,order_00004274,5,,,2024-07-23 10:25:51.746472,2024-07-25 10:25:51.746472
rev_00003732,order_00004275,5,,,2025-07-12 06:56:25.465536,2025-07-14 06:56:25.465536
rev_00003733,order_00004276,4,,,2024-03-22 22:05:02.516625,2024-03-22 22:05:02.516625
rev_00003734,order_00004277,3,,,2025-03-26 02:41:58.095443,2025-03-26 02:41:58.095443
rev_00003735,order_00004279,4,,,2024-12-30 02:02:40.239963,2024-12-31 02:02:40.239963
rev_00003736,order_00004280,4,,,2025-08-10 16:26:04.772920,2025-08-11 16:26:04.772920
rev_00003737,order_00004281,4,,,2024-06-26 16:13:27.000000,2024-06-26 16:13:27.000000
rev_00003738,order_00004282,4,,,2024-07-17 08:27:25.814532,2024-07-17 08:27:25.814532
rev_00003739,order_00004284,4,,,2025-10-03 07:47:39.000000,2025-10-03 07:47:39.000000
rev_00003740,order_00004286,4,,,2025-04-08 03:42:32.431393,2025-04-08 03:42:32.431393
rev_00003741,order_00004287,5,,,2024-06-18 07:07:58.378700,2024-06-19 07:07:58.378700
rev_00003742,order_00004288,5,,,2024-10-10 08:44:13.216443,2024-10-12 08:44:13.216443
rev_00003743,order_00004289,4,,,2025-07-13 15:44:41.399046,2025-07-13 15:44:41.399046
rev_00003744,order_00004290,4,,,2025-10-23 00:39:27.711470,2025-10-25 00:39:27.711470
rev_00003745,order_00004291,4,,,2024-03-03 10:31:29.819775,2024-03-03 10:31:29.819775
rev_00003746,order_00004292,5,,,2025-05-04 11:04:45.411403,2025-05-04 11:04:45.411403
rev_00003747,order_00004293,5,,,2024-05-29 05:29:15.000000,2024-05-30 05:29:15.000000
rev_00003748,order_00004294,5,,,2025-06-16 05:21:30.529202,2025-06-18 05:21:30.529202
rev_00003749,order_00004295,2,,,2025-08-13 13:11:07.621943,2025-08-13 13:11:07.621943
rev_00003750,order_00004296,4,,,2024-05-03 11:34:01.422484,2024-05-05 11:34:01.422484
rev_00003751,order_00004297,3,,,2025-07-12 19:09:50.496430,2025-07-13 19:09:50.496430
rev_00003752,order_00004298,4,,,2024-01-09 17:15:37.917477,2024-01-09 17:15:37.917477
rev_00003753,order_00004299,2,,,2024-02-18 04:15:03.896323,2024-02-18 04:15:03.896323
rev_00003754,order_00004300,4,,,2024-05-21 04:21:41.275612,2024-05-21 04:21:41.275612
rev_00003755,order_00004301,5,,,2024-08-17 19:02:50.747542,2024-08-18 19:02:50.747542
rev_00003756,order_00004302,5,,,2024-12-22 10:30:43.319413,2024-12-24 10:30:43.319413
rev_00003757,order_00004303,4,,,2024-10-28 04:13:43.725700,2024-10-30 04:13:43.725700
rev_00003758,order_00004304,2,,,2024-02-12 16:16:37.473624,2024-02-14 16:16:37.473624
rev_00003759,order_00004305,5,,,2024-06-03 10:43:13.870150,2024-06-03 10:43:13.870150
rev_00003760,order_00004306,5,,,2025-02-03 03:51:50.852957,2025-02-03 03:51:50.852957
rev_00003761,order_00004308,4,,,2024-04-11 05:51:33.324461,2024-04-12 05:51:33.324461
rev_00003762,order_00004309,3,,,2025-01-08 06:09:15.638882,2025-01-09 06:09:15.638882
rev_00003763,order_00004310,3,,,2024-09-27 04:49:09.390070,2024-09-29 04:49:09.390070
rev_00003764,order_00004311,5,,,2024-08-21 09:25:23.743485,2024-08-22 09:25:23.743485
rev_00003765,order_00004312,4,,,2024-11-08 12:11:55.735989,2024-11-09 12:11:55.735989
rev_00003766,order_00004313,4,,,2025-01-30 20:12:58.330018,2025-01-31 20:12:58.330018
rev_00003767,order_00004314,3,,,2025-02-25 17:35:41.214001,2025-02-27 17:35:41.214001
rev_00003768,order_00004315,5,,,2024-02-10 19:13:40.777244,2024-02-11 19:13:40.777244
rev_00003769,order_00004316,4,,,2024-06-12 11:30:54.659023,2024-06-14 11:30:54.659023
rev_00003770,order_00004317,3,,,2025-03-28 23:15:56.060329,2025-03-30 23:15:56.060329
rev_00003771,order_00004319,4,,,2025-12-30 23:23:47.751493,2025-12-30 23:23:47.751493
rev_00003772,order_00004320,5,,,2024-06-14 04:00:05.371236,2024-06-16 04:00:05.371236
rev_00003773,order_00004321,4,,,2025-11-03 01:01:36.855253,2025-11-03 01:01:36.855253
rev_00003774,order_00004322,5,,,2025-04-18 04:48:30.536625,2025-04-19 04:48:30.536625
rev_00003775,order_00004323,5,,,2024-05-27 05:57:54.304946,2024-05-29 05:57:54.304946
rev_00003776,order_00004324,3,,,2024-06-05 20:59:29.000000,2024-06-05 20:59:29.000000
rev_00003777,order_00004325,3,,,2025-11-06 15:31:50.261642,2025-11-07 15:31:50.261642
rev_00003778,order_00004326,4,,,2025-12-24 14:55:46.875631,2025-12-26 14:55:46.875631
rev_00003779,order_00004327,4,,,2024-07-19 16:04:58.260630,2024-07-21 16:04:58.260630
rev_00003780,order_00004328,5,,,2024-02-27 14:46:11.073833,2024-02-29 14:46:11.073833
rev_00003781,order_00004329,4,,,2024-03-19 02:14:39.890808,2024-03-21 02:14:39.890808
rev_00003782,order_00004330,5,,,2025-05-12 00:13:50.863516,2025-05-14 00:13:50.863516
rev_00003783,order_00004331,5,,,2025-02-14 21:57:33.189643,2025-02-15 21:57:33.189643
rev_00003784,order_00004332,3,,,2024-07-30 06:56:49.663805,2024-07-30 06:56:49.663805
rev_00003785,order_00004333,4,,,2024-09-10 20:50:45.973704,2024-09-11 20:50:45.973704
rev_00003786,order_00004334,5,,,2025-04-06 19:38:33.922846,2025-04-08 19:38:33.922846
rev_00003787,order_00004335,5,,,2025-08-30 18:20:17.534087,2025-08-30 18:20:17.534087
rev_00003788,order_00004336,3,,,2024-06-18 22:17:52.527664,2024-06-18 22:17:52.527664
rev_00003789,order_00004338,5,,,2024-04-06 01:38:39.545948,2024-04-06 01:38:39.545948
rev_00003790,order_00004339,4,,,2024-06-10 05:31:25.753379,2024-06-12 05:31:25.753379
rev_00003791,order_00004340,5,,,2025-02-28 15:40:10.860475,2025-02-28 15:40:10.860475
rev_00003792,order_00004341,4,,,2025-11-02 04:39:50.356747,2025-11-02 04:39:50.356747
rev_00003793,order_00004342,3,,,2025-01-21 06:30:49.902235,2025-01-23 06:30:49.902235
rev_00003794,order_00004343,3,,,2025-11-28 05:53:07.898785,2025-11-28 05:53:07.898785
rev_00003795,order_00004344,5,,,2025-06-15 15:35:09.046394,2025-06-15 15:35:09.046394
rev_00003796,order_00004345,4,,,2025-06-14 08:44:17.111189,2025-06-16 08:44:17.111189
rev_00003797,order_00004346,3,,,2024-05-02 03:54:54.196774,2024-05-03 03:54:54.196774
rev_00003798,order_00004347,4,,,2024-02-06 07:06:07.785514,2024-02-07 07:06:07.785514
rev_00003799,order_00004348,4,,,2024-06-27 17:19:46.364030,2024-06-27 17:19:46.364030
rev_00003800,order_00004350,5,,,2025-05-27 09:29:46.385503,2025-05-27 09:29:46.385503
rev_00003801,order_00004351,3,,,2025-10-08 22:02:03.009049,2025-10-09 22:02:03.009049
rev_00003802,order_00004352,5,,,2024-01-15 05:40:40.043630,2024-01-17 05:40:40.043630
rev_00003803,order_00004353,5,,,2025-07-27 05:26:52.918478,2025-07-29 05:26:52.918478
rev_00003804,order_00004354,3,,,2024-02-18 07:23:34.608685,2024-02-18 07:23:34.608685
rev_00003805,order_00004355,4,,,2024-03-09 22:06:34.383538,2024-03-11 22:06:34.383538
rev_00003806,order_00004356,4,,,2024-10-16 12:24:04.846898,2024-10-17 12:24:04.846898
rev_00003807,order_00004357,4,,,2024-10-18 20:19:59.161326,2024-10-18 20:19:59.161326
rev_00003808,order_00004359,3,,,2024-10-01 11:48:30.568312,2024-10-01 11:48:30.568312
rev_00003809,order_00004360,4,,,2024-10-12 07:00:20.692748,2024-10-14 07:00:20.692748
rev_00003810,order_00004361,4,,,2024-12-18 09:05:02.875933,2024-12-20 09:05:02.875933
rev_00003811,order_00004362,4,,,2025-07-22 08:13:54.547406,2025-07-22 08:13:54.547406
rev_00003812,order_00004364,5,,,2024-04-25 16:29:36.586463,2024-04-25 16:29:36.586463
rev_00003813,order_00004365,5,,,2025-06-26 15:43:24.388346,2025-06-27 15:43:24.388346
rev_00003814,order_00004366,5,,,2024-07-23 12:28:38.472788,2024-07-23 12:28:38.472788
rev_00003815,order_00004368,3,,,2025-05-11 15:27:50.784789,2025-05-11 15:27:50.784789
rev_00003816,order_00004370,3,,,2025-04-24 14:34:14.814713,2025-04-25 14:34:14.814713
rev_00003817,order_00004372,5,,,2024-07-04 09:47:35.198489,2024-07-04 09:47:35.198489
rev_00003818,order_00004373,3,,,2024-02-10 05:51:18.920531,2024-02-11 05:51:18.920531
rev_00003819,order_00004374,4,,,2025-02-11 21:49:49.271971,2025-02-11 21:49:49.271971
rev_00003820,order_00004375,5,,,2024-01-29 23:53:46.665325,2024-01-31 23:53:46.665325
rev_00003821,order_00004376,5,,,2025-03-28 16:12:49.484418,2025-03-30 16:12:49.484418
rev_00003822,order_00004377,5,,,2025-12-23 21:25:31.820674,2025-12-25 21:25:31.820674
rev_00003823,order_00004378,4,,,2024-11-01 19:51:58.915448,2024-11-01 19:51:58.915448
rev_00003824,order_00004379,4,,,2025-12-16 23:00:15.842319,2025-12-18 23:00:15.842319
rev_00003825,order_00004380,3,,,2025-05-01 04:49:32.072036,2025-05-03 04:49:32.072036
rev_00003826,order_00004381,5,,,2025-02-24 00:03:32.923635,2025-02-25 00:03:32.923635
rev_00003827,order_00004383,5,,,2024-09-26 21:49:16.484854,2024-09-26 21:49:16.484854
rev_00003828,order_00004384,3,,,2025-01-15 00:12:04.976828,2025-01-17 00:12:04.976828
rev_00003829,order_00004385,5,,,2024-05-11 23:52:46.762040,2024-05-13 23:52:46.762040
rev_00003830,order_00004386,4,,,2025-09-23 11:23:16.615642,2025-09-23 11:23:16.615642
rev_00003831,order_00004387,4,,,2024-05-29 10:16:51.063751,2024-05-29 10:16:51.063751
rev_00003832,order_00004388,4,,,2025-08-07 19:36:22.097149,2025-08-08 19:36:22.097149
rev_00003833,order_00004389,2,,,2025-06-03 19:33:51.383539,2025-06-05 19:33:51.383539
rev_00003834,order_00004390,5,,,2024-06-07 03:57:47.842238,2024-06-08 03:57:47.842238
rev_00003835,order_00004391,5,,,2024-11-13 08:51:56.823267,2024-11-15 08:51:56.823267
rev_00003836,order_00004392,5,,,2025-06-08 12:56:32.678915,2025-06-08 12:56:32.678915
rev_00003837,order_00004393,4,,,2024-12-09 08:45:21.101271,2024-12-11 08:45:21.101271
rev_00003838,order_00004394,5,,,2024-02-02 14:56:23.534726,2024-02-04 14:56:23.534726
rev_00003839,order_00004395,4,,,2025-07-14 01:56:13.839731,2025-07-16 01:56:13.839731
rev_00003840,order_00004396,4,,,2025-05-20 15:41:06.980550,2025-05-20 15:41:06.980550
rev_00003841,order_00004397,4,,,2025-09-02 06:17:20.328302,2025-09-04 06:17:20.328302
rev_00003842,order_00004400,5,,,2024-06-14 01:48:28.683544,2024-06-15 01:48:28.683544
rev_00003843,order_00004401,3,,,2024-05-25 01:11:27.898031,2024-05-25 01:11:27.898031
rev_00003844,order_00004402,5,,,2024-09-03 22:27:17.821543,2024-09-04 22:27:17.821543
rev_00003845,order_00004403,4,,,2025-12-20 06:49:57.771297,2025-12-22 06:49:57.771297
rev_00003846,order_00004404,4,,,2025-12-21 15:39:13.745411,2025-12-22 15:39:13.745411
rev_00003847,order_00004406,5,,,2024-06-16 18:36:55.262043,2024-06-18 18:36:55.262043
rev_00003848,order_00004407,4,,,2025-07-02 13:40:08.767818,2025-07-04 13:40:08.767818
rev_00003849,order_00004408,4,,,2025-09-01 08:02:39.183178,2025-09-01 08:02:39.183178
rev_00003850,order_00004409,4,,,2024-02-06 20:23:37.204052,2024-02-06 20:23:37.204052
rev_00003851,order_00004410,5,,,2025-04-19 16:29:37.559781,2025-04-19 16:29:37.559781
rev_00003852,order_00004411,2,,,2025-11-14 21:03:08.137751,2025-11-14 21:03:08.137751
rev_00003853,order_00004413,3,,,2024-12-24 04:59:14.115008,2024-12-26 04:59:14.115008
rev_00003854,order_00004414,5,,,2025-02-24 10:41:49.606591,2025-02-24 10:41:49.606591
rev_00003855,order_00004415,5,,,2024-12-16 11:30:31.347979,2024-12-18 11:30:31.347979
rev_00003856,order_00004416,2,,,2024-06-08 01:25:48.584615,2024-06-10 01:25:48.584615
rev_00003857,order_00004417,3,,,2025-07-22 21:50:59.929350,2025-07-23 21:50:59.929350
rev_00003858,order_00004420,5,,,2025-04-07 12:40:17.868522,2025-04-07 12:40:17.868522
rev_00003859,order_00004421,4,,,2024-07-30 22:32:15.765876,2024-07-31 22:32:15.765876
rev_00003860,order_00004422,3,,,2025-07-16 22:46:27.869789,2025-07-16 22:46:27.869789
rev_00003861,order_00004423,5,,,2025-12-19 15:17:06.806668,2025-12-19 15:17:06.806668
rev_00003862,order_00004424,4,,,2025-02-14 05:56:55.464234,2025-02-16 05:56:55.464234
rev_00003863,order_00004425,3,,,2025-03-21 08:11:27.238831,2025-03-22 08:11:27.238831
rev_00003864,order_00004426,3,,,2025-08-15 11:14:34.840803,2025-08-16 11:14:34.840803
rev_00003865,order_00004427,5,,,2024-02-16 18:04:48.329168,2024-02-18 18:04:48.329168
rev_00003866,order_00004428,4,,,2025-06-10 22:27:32.763080,2025-06-11 22:27:32.763080
rev_00003867,order_00004429,4,,,2024-10-23 03:56:06.277622,2024-10-23 03:56:06.277622
rev_00003868,order_00004430,5,,,2025-10-30 14:42:42.096796,2025-10-30 14:42:42.096796
rev_00003869,order_00004431,2,,,2024-09-08 20:23:45.871360,2024-09-08 20:23:45.871360
rev_00003870,order_00004432,4,,,2025-01-03 07:53:20.345178,2025-01-03 07:53:20.345178
rev_00003871,order_00004433,5,,,2025-01-06 11:17:34.373513,2025-01-08 11:17:34.373513
rev_00003872,order_00004434,4,,,2025-05-10 09:44:00.985498,2025-05-12 09:44:00.985498
rev_00003873,order_00004435,3,,,2025-03-11 18:46:04.295523,2025-03-13 18:46:04.295523
rev_00003874,order_00004436,5,,,2025-03-06 06:42:38.648120,2025-03-08 06:42:38.648120
rev_00003875,order_00004437,3,,,2024-07-11 16:52:39.001511,2024-07-11 16:52:39.001511
rev_00003876,order_00004438,5,,,2024-06-16 04:26:14.805418,2024-06-17 04:26:14.805418
rev_00003877,order_00004439,5,,,2025-05-22 13:39:35.347322,2025-05-24 13:39:35.347322
rev_00003878,order_00004440,3,,,2024-12-18 17:36:51.658742,2024-12-18 17:36:51.658742
rev_00003879,order_00004441,4,,,2025-07-10 20:23:26.059375,2025-07-10 20:23:26.059375
rev_00003880,order_00004443,3,,,2025-04-05 11:16:31.000000,2025-04-07 11:16:31.000000
rev_00003881,order_00004444,5,,,2025-09-03 18:45:44.522566,2025-09-03 18:45:44.522566
rev_00003882,order_00004445,3,,,2025-05-20 17:17:24.572978,2025-05-22 17:17:24.572978
rev_00003883,order_00004446,5,,,2025-02-08 01:33:39.205677,2025-02-09 01:33:39.205677
rev_00003884,order_00004448,5,,,2025-08-04 20:14:26.439180,2025-08-06 20:14:26.439180
rev_00003885,order_00004449,5,,,2025-10-27 15:24:44.000000,2025-10-28 15:24:44.000000
rev_00003886,order_00004450,5,,,2024-07-08 01:04:57.122985,2024-07-10 01:04:57.122985
rev_00003887,order_00004451,4,,,2025-12-28 03:21:47.406950,2025-12-29 03:21:47.406950
rev_00003888,order_00004455,4,,,2025-05-17 23:05:04.501778,2025-05-19 23:05:04.501778
rev_00003889,order_00004456,4,,,2025-01-27 21:00:39.417961,2025-01-27 21:00:39.417961
rev_00003890,order_00004459,5,,,2025-03-01 17:52:41.465764,2025-03-01 17:52:41.465764
rev_00003891,order_00004460,3,,,2024-09-17 08:51:38.526214,2024-09-19 08:51:38.526214
rev_00003892,order_00004461,4,,,2025-02-09 14:14:30.524366,2025-02-10 14:14:30.524366
rev_00003893,order_00004462,5,,,2025-06-10 12:50:16.860946,2025-06-10 12:50:16.860946
rev_00003894,order_00004463,4,,,2025-04-08 18:49:12.580472,2025-04-08 18:49:12.580472
rev_00003895,order_00004464,5,,,2024-07-25 04:46:16.578940,2024-07-25 04:46:16.578940
rev_00003896,order_00004465,5,,,2025-06-26 12:38:55.287934,2025-06-27 12:38:55.287934
rev_00003897,order_00004466,5,,,2024-07-16 19:32:47.547257,2024-07-16 19:32:47.547257
rev_00003898,order_00004467,4,,,2025-02-23 04:00:02.243252,2025-02-24 04:00:02.243252
rev_00003899,order_00004470,5,,,2024-04-13 18:22:33.116499,2024-04-14 18:22:33.116499
rev_00003900,order_00004472,3,,,2026-01-08 12:53:31.248211,2026-01-10 12:53:31.248211
rev_00003901,order_00004473,4,,,2024-03-22 10:55:28.815453,2024-03-23 10:55:28.815453
rev_00003902,order_00004474,5,,,2024-03-04 07:53:04.455391,2024-03-05 07:53:04.455391
rev_00003903,order_00004476,4,,,2024-12-13 00:03:26.267957,2024-12-14 00:03:26.267957
rev_00003904,order_00004477,3,,,2025-12-08 03:51:07.696116,2025-12-09 03:51:07.696116
rev_00003905,order_00004478,3,,,2024-04-01 06:35:01.147193,2024-04-03 06:35:01.147193
rev_00003906,order_00004480,4,,,2025-04-15 05:32:23.318988,2025-04-16 05:32:23.318988
rev_00003907,order_00004481,4,,,2025-01-23 03:47:17.250290,2025-01-24 03:47:17.250290
rev_00003908,order_00004482,4,,,2024-10-02 12:48:14.129041,2024-10-03 12:48:14.129041
rev_00003909,order_00004483,3,,,2025-07-16 17:16:51.842832,2025-07-17 17:16:51.842832
rev_00003910,order_00004484,4,,,2025-12-23 13:15:12.604100,2025-12-24 13:15:12.604100
rev_00003911,order_00004485,3,,,2025-02-25 08:14:22.380494,2025-02-26 08:14:22.380494
rev_00003912,order_00004486,3,,,2024-09-29 01:58:11.472139,2024-10-01 01:58:11.472139
rev_00003913,order_00004487,2,,,2024-03-13 19:14:48.240609,2024-03-14 19:14:48.240609
rev_00003914,order_00004488,3,,,2025-05-03 13:19:59.701838,2025-05-03 13:19:59.701838
rev_00003915,order_00004489,5,,,2025-01-19 15:17:18.278704,2025-01-21 15:17:18.278704
rev_00003916,order_00004491,4,,,2024-06-25 00:14:20.617826,2024-06-27 00:14:20.617826
rev_00003917,order_00004492,5,,,2024-03-28 04:01:19.473604,2024-03-28 04:01:19.473604
rev_00003918,order_00004493,4,,,2024-06-15 12:39:46.006436,2024-06-15 12:39:46.006436
rev_00003919,order_00004494,3,,,2025-09-07 17:43:02.910793,2025-09-08 17:43:02.910793
rev_00003920,order_00004496,3,,,2025-11-10 01:24:44.983654,2025-11-12 01:24:44.983654
rev_00003921,order_00004497,4,,,2024-07-16 18:58:16.336696,2024-07-16 18:58:16.336696
rev_00003922,order_00004500,5,,,2024-06-04 05:04:13.783739,2024-06-06 05:04:13.783739
rev_00003923,order_00004501,5,,,2024-02-12 04:55:49.201128,2024-02-12 04:55:49.201128
rev_00003924,order_00004502,5,,,2024-02-13 08:55:37.797736,2024-02-13 08:55:37.797736
rev_00003925,order_00004503,4,,,2025-10-17 06:01:08.559593,2025-10-18 06:01:08.559593
rev_00003926,order_00004504,4,,,2024-07-01 12:12:32.061333,2024-07-01 12:12:32.061333
rev_00003927,order_00004505,5,,,2025-03-09 19:45:02.819908,2025-03-09 19:45:02.819908
rev_00003928,order_00004506,4,,,2024-08-23 12:52:22.227835,2024-08-24 12:52:22.227835
rev_00003929,order_00004507,3,,,2024-05-20 19:07:12.612327,2024-05-22 19:07:12.612327
rev_00003930,order_00004508,4,,,2024-05-12 19:13:05.169269,2024-05-13 19:13:05.169269
rev_00003931,order_00004509,3,,,2024-08-28 14:01:37.748678,2024-08-30 14:01:37.748678
rev_00003932,order_00004510,3,,,2025-10-16 09:51:52.329483,2025-10-17 09:51:52.329483
rev_00003933,order_00004511,2,,,2025-12-22 04:44:06.705865,2025-12-23 04:44:06.705865
rev_00003934,order_00004512,4,,,2024-08-18 01:15:59.385659,2024-08-19 01:15:59.385659
rev_00003935,order_00004513,5,,,2025-10-19 16:48:00.000000,2025-10-20 16:48:00.000000
rev_00003936,order_00004514,4,,,2025-06-17 14:17:00.596986,2025-06-19 14:17:00.596986
rev_00003937,order_00004515,4,,,2024-03-28 06:39:57.107121,2024-03-30 06:39:57.107121
rev_00003938,order_00004516,3,,,2025-09-30 11:00:58.726675,2025-09-30 11:00:58.726675
rev_00003939,order_00004517,2,,,2024-09-15 02:47:41.409975,2024-09-15 02:47:41.409975
rev_00003940,order_00004518,4,,,2024-04-24 23:25:38.092701,2024-04-25 23:25:38.092701
rev_00003941,order_00004519,3,,,2024-10-10 01:20:40.199642,2024-10-11 01:20:40.199642
rev_00003942,order_00004520,4,,,2024-09-21 20:20:01.580459,2024-09-23 20:20:01.580459
rev_00003943,order_00004522,4,,,2025-11-24 12:26:43.246960,2025-11-24 12:26:43.246960
rev_00003944,order_00004523,5,,,2024-07-21 22:08:26.566995,2024-07-23 22:08:26.566995
rev_00003945,order_00004524,3,,,2024-05-28 13:16:24.896345,2024-05-29 13:16:24.896345
rev_00003946,order_00004525,5,,,2025-12-20 22:33:46.725474,2025-12-21 22:33:46.725474
rev_00003947,order_00004527,5,,,2024-12-30 05:53:23.797996,2025-01-01 05:53:23.797996
rev_00003948,order_00004528,5,,,2025-10-20 14:32:11.040715,2025-10-22 14:32:11.040715
rev_00003949,order_00004529,4,,,2025-11-29 04:01:35.259274,2025-11-30 04:01:35.259274
rev_00003950,order_00004530,5,,,2024-08-02 19:02:09.433178,2024-08-04 19:02:09.433178
rev_00003951,order_00004531,5,,,2024-10-20 10:58:24.339431,2024-10-22 10:58:24.339431
rev_00003952,order_00004532,4,,,2025-02-09 10:41:05.560705,2025-02-11 10:41:05.560705
rev_00003953,order_00004533,5,,,2024-07-03 17:05:16.804809,2024-07-03 17:05:16.804809
rev_00003954,order_00004534,5,,,2025-10-11 10:29:38.895673,2025-10-13 10:29:38.895673
rev_00003955,order_00004535,5,,,2024-10-15 08:13:45.601327,2024-10-16 08:13:45.601327
rev_00003956,order_00004536,5,,,2024-08-09 18:48:50.394119,2024-08-11 18:48:50.394119
rev_00003957,order_00004537,3,,,2025-11-07 09:20:17.510714,2025-11-09 09:20:17.510714
rev_00003958,order_00004538,4,,,2025-11-15 21:24:53.918935,2025-11-15 21:24:53.918935
rev_00003959,order_00004539,4,,,2025-11-10 22:23:24.061592,2025-11-10 22:23:24.061592
rev_00003960,order_00004541,5,,,2024-01-19 00:09:00.118412,2024-01-20 00:09:00.118412
rev_00003961,order_00004542,5,,,2024-07-01 07:38:32.241930,2024-07-01 07:38:32.241930
rev_00003962,order_00004543,3,,,2024-10-25 09:09:33.581568,2024-10-25 09:09:33.581568
rev_00003963,order_00004544,4,,,2024-12-02 18:39:32.726798,2024-12-03 18:39:32.726798
rev_00003964,order_00004546,5,,,2024-05-22 01:46:52.362406,2024-05-24 01:46:52.362406
rev_00003965,order_00004547,4,,,2024-03-21 14:09:50.727747,2024-03-23 14:09:50.727747
rev_00003966,order_00004548,4,,,2025-03-24 07:56:30.638000,2025-03-25 07:56:30.638000
rev_00003967,order_00004549,4,,,2025-07-07 04:07:46.170308,2025-07-07 04:07:46.170308
rev_00003968,order_00004550,3,,,2025-08-24 23:20:01.047716,2025-08-25 23:20:01.047716
rev_00003969,order_00004551,4,,,2024-03-23 12:40:37.389748,2024-03-24 12:40:37.389748
rev_00003970,order_00004552,4,,,2025-10-24 23:19:59.423825,2025-10-25 23:19:59.423825
rev_00003971,order_00004553,5,,,2024-01-23 13:29:46.928222,2024-01-24 13:29:46.928222
rev_00003972,order_00004554,2,,,2024-03-03 21:24:35.557865,2024-03-05 21:24:35.557865
rev_00003973,order_00004555,5,,,2024-08-17 10:30:20.852707,2024-08-17 10:30:20.852707
rev_00003974,order_00004556,3,,,2024-12-02 10:18:32.507252,2024-12-03 10:18:32.507252
rev_00003975,order_00004558,3,,,2024-03-11 04:17:44.454022,2024-03-12 04:17:44.454022
rev_00003976,order_00004559,4,,,2025-08-05 16:36:50.266570,2025-08-06 16:36:50.266570
rev_00003977,order_00004560,4,,,2025-08-30 17:20:00.612863,2025-08-31 17:20:00.612863
rev_00003978,order_00004561,4,,,2024-07-17 07:33:06.592718,2024-07-19 07:33:06.592718
rev_00003979,order_00004562,4,,,2025-01-26 19:48:51.248124,2025-01-26 19:48:51.248124
rev_00003980,order_00004563,4,,,2025-08-20 09:16:17.000000,2025-08-21 09:16:17.000000
rev_00003981,order_00004564,5,,,2024-03-01 04:30:30.751102,2024-03-03 04:30:30.751102
rev_00003982,order_00004565,5,,,2024-01-07 11:08:24.755077,2024-01-08 11:08:24.755077
rev_00003983,order_00004566,4,,,2024-11-13 14:02:19.348371,2024-11-15 14:02:19.348371
rev_00003984,order_00004567,5,,,2025-05-09 14:57:58.634599,2025-05-10 14:57:58.634599
rev_00003985,order_00004568,4,,,2025-11-22 22:41:11.364960,2025-11-23 22:41:11.364960
rev_00003986,order_00004569,3,,,2024-06-23 16:15:27.982886,2024-06-23 16:15:27.982886
rev_00003987,order_00004571,5,,,2024-10-09 05:00:59.000000,2024-10-11 05:00:59.000000
rev_00003988,order_00004572,4,,,2025-07-11 19:21:52.747503,2025-07-12 19:21:52.747503
rev_00003989,order_00004573,1,,,2024-05-03 15:31:42.012567,2024-05-03 15:31:42.012567
rev_00003990,order_00004576,4,,,2025-04-08 11:19:41.963861,2025-04-09 11:19:41.963861
rev_00003991,order_00004577,4,,,2024-05-19 15:26:43.790590,2024-05-20 15:26:43.790590
rev_00003992,order_00004578,3,,,2025-09-11 04:24:40.291515,2025-09-13 04:24:40.291515
rev_00003993,order_00004579,5,,,2024-09-16 04:03:13.587374,2024-09-16 04:03:13.587374
rev_00003994,order_00004580,3,,,2024-03-12 20:34:22.865729,2024-03-12 20:34:22.865729
rev_00003995,order_00004581,4,,,2024-01-13 23:52:16.950594,2024-01-14 23:52:16.950594
rev_00003996,order_00004583,4,,,2025-08-07 18:37:55.293178,2025-08-07 18:37:55.293178
rev_00003997,order_00004584,5,,,2024-10-27 05:11:41.577344,2024-10-27 05:11:41.577344
rev_00003998,order_00004585,3,,,2026-01-10 09:14:31.864222,2026-01-10 09:14:31.864222
rev_00003999,order_00004586,5,,,2025-07-09 11:03:56.861638,2025-07-10 11:03:56.861638
rev_00004000,order_00004587,4,,,2025-10-11 16:34:51.445731,2025-10-12 16:34:51.445731
rev_00004001,order_00004588,4,,,2024-04-21 01:22:55.000000,2024-04-21 01:22:55.000000
rev_00004002,order_00004590,5,,,2024-11-29 19:44:14.834087,2024-11-30 19:44:14.834087
rev_00004003,order_00004591,5,,,2025-01-30 16:14:25.737092,2025-01-31 16:14:25.737092
rev_00004004,order_00004592,5,,,2025-12-07 17:52:12.865918,2025-12-09 17:52:12.865918
rev_00004005,order_00004593,5,,,2025-05-26 11:39:05.439843,2025-05-27 11:39:05.439843
rev_00004006,order_00004594,5,,,2025-06-26 03:53:45.574220,2025-06-27 03:53:45.574220
rev_00004007,order_00004595,4,,,2024-01-12 01:20:35.648024,2024-01-13 01:20:35.648024
rev_00004008,order_00004596,3,,,2024-12-01 11:37:30.065468,2024-12-03 11:37:30.065468
rev_00004009,order_00004597,4,,,2025-05-14 05:47:29.256677,2025-05-16 05:47:29.256677
rev_00004010,order_00004598,2,,,2025-10-15 23:43:01.747605,2025-10-16 23:43:01.747605
rev_00004011,order_00004599,5,,,2025-04-15 16:05:23.722584,2025-04-15 16:05:23.722584
rev_00004012,order_00004600,3,,,2025-02-25 20:22:23.000000,2025-02-27 20:22:23.000000
rev_00004013,order_00004601,4,,,2025-07-28 01:02:34.912784,2025-07-30 01:02:34.912784
rev_00004014,order_00004603,5,,,2025-12-12 14:29:58.639457,2025-12-12 14:29:58.639457
rev_00004015,order_00004604,4,,,2025-03-25 21:36:53.772594,2025-03-27 21:36:53.772594
rev_00004016,order_00004605,4,,,2024-07-14 00:55:53.192291,2024-07-16 00:55:53.192291
rev_00004017,order_00004606,5,,,2024-12-14 10:32:27.275670,2024-12-15 10:32:27.275670
rev_00004018,order_00004607,3,,,2024-08-06 10:34:32.365836,2024-08-07 10:34:32.365836
rev_00004019,order_00004609,3,,,2025-10-08 23:15:06.935133,2025-10-08 23:15:06.935133
rev_00004020,order_00004610,4,,,2025-04-19 21:14:27.586410,2025-04-19 21:14:27.586410
rev_00004021,order_00004611,5,,,2025-06-05 14:58:25.515800,2025-06-05 14:58:25.515800
rev_00004022,order_00004612,4,,,2025-06-19 09:03:13.339851,2025-06-21 09:03:13.339851
rev_00004023,order_00004613,5,,,2025-04-18 20:13:44.459910,2025-04-18 20:13:44.459910
rev_00004024,order_00004614,2,,,2024-07-09 22:07:11.978142,2024-07-11 22:07:11.978142
rev_00004025,order_00004616,2,,,2025-03-03 18:02:09.090217,2025-03-04 18:02:09.090217
rev_00004026,order_00004617,3,,,2024-12-29 16:55:52.091576,2024-12-29 16:55:52.091576
rev_00004027,order_00004618,5,,,2024-02-22 17:31:54.278515,2024-02-23 17:31:54.278515
rev_00004028,order_00004619,4,,,2025-07-07 23:27:53.016955,2025-07-07 23:27:53.016955
rev_00004029,order_00004620,4,,,2025-02-10 04:35:16.108671,2025-02-11 04:35:16.108671
rev_00004030,order_00004621,5,,,2024-05-27 16:12:11.574777,2024-05-29 16:12:11.574777
rev_00004031,order_00004622,4,,,2025-10-03 21:20:30.750840,2025-10-03 21:20:30.750840
rev_00004032,order_00004626,4,,,2024-06-27 05:19:11.205804,2024-06-28 05:19:11.205804
rev_00004033,order_00004627,4,,,2025-08-11 15:44:28.603191,2025-08-12 15:44:28.603191
rev_00004034,order_00004628,5,,,2025-08-21 02:47:40.439406,2025-08-22 02:47:40.439406
rev_00004035,order_00004629,3,,,2025-12-04 16:35:34.814021,2025-12-06 16:35:34.814021
rev_00004036,order_00004630,4,,,2024-01-21 04:19:09.704929,2024-01-21 04:19:09.704929
rev_00004037,order_00004631,5,,,2025-06-23 03:09:24.914678,2025-06-25 03:09:24.914678
rev_00004038,order_00004632,4,,,2024-06-10 22:36:11.904771,2024-06-11 22:36:11.904771
rev_00004039,order_00004633,5,,,2025-01-06 06:10:42.846851,2025-01-08 06:10:42.846851
rev_00004040,order_00004634,4,,,2025-08-07 13:30:29.070726,2025-08-08 13:30:29.070726
rev_00004041,order_00004636,5,,,2025-11-26 12:22:04.561738,2025-11-28 12:22:04.561738
rev_00004042,order_00004637,3,,,2025-10-19 16:08:06.977525,2025-10-20 16:08:06.977525
rev_00004043,order_00004638,3,,,2025-08-14 11:20:29.024391,2025-08-14 11:20:29.024391
rev_00004044,order_00004641,5,,,2025-09-28 05:11:08.000000,2025-09-30 05:11:08.000000
rev_00004045,order_00004642,3,,,2024-07-10 00:44:57.307224,2024-07-12 00:44:57.307224
rev_00004046,order_00004643,5,,,2024-02-19 00:46:31.481450,2024-02-19 00:46:31.481450
rev_00004047,order_00004645,3,,,2024-04-14 16:12:45.415246,2024-04-14 16:12:45.415246
rev_00004048,order_00004646,5,,,2024-10-25 02:15:11.493912,2024-10-25 02:15:11.493912
rev_00004049,order_00004647,5,,,2024-07-25 00:09:49.045952,2024-07-26 00:09:49.045952
rev_00004050,order_00004648,5,,,2024-06-13 09:23:41.446911,2024-06-15 09:23:41.446911
rev_00004051,order_00004649,3,,,2024-10-27 07:15:14.066473,2024-10-27 07:15:14.066473
rev_00004052,order_00004650,4,,,2025-05-02 11:30:13.397472,2025-05-04 11:30:13.397472
rev_00004053,order_00004651,2,,,2024-10-14 22:18:03.179620,2024-10-16 22:18:03.179620
rev_00004054,order_00004652,3,,,2025-03-01 23:32:27.286945,2025-03-02 23:32:27.286945
rev_00004055,order_00004653,3,,,2025-10-13 17:15:13.357230,2025-10-15 17:15:13.357230
rev_00004056,order_00004654,5,,,2025-04-19 13:41:07.158765,2025-04-19 13:41:07.158765
rev_00004057,order_00004655,5,,,2025-02-10 17:01:31.989191,2025-02-10 17:01:31.989191
rev_00004058,order_00004656,5,,,2024-05-19 02:59:17.000000,2024-05-19 02:59:17.000000
rev_00004059,order_00004657,5,,,2024-09-25 09:25:03.121339,2024-09-26 09:25:03.121339
rev_00004060,order_00004658,5,,,2025-04-27 16:22:12.028179,2025-04-27 16:22:12.028179
rev_00004061,order_00004659,4,,,2024-12-27 18:44:27.000000,2024-12-28 18:44:27.000000
rev_00004062,order_00004660,5,,,2025-03-27 04:55:35.280030,2025-03-29 04:55:35.280030
rev_00004063,order_00004661,4,,,2024-12-18 16:21:41.935225,2024-12-20 16:21:41.935225
rev_00004064,order_00004662,4,,,2025-11-14 16:18:28.866098,2025-11-15 16:18:28.866098
rev_00004065,order_00004664,4,,,2024-08-05 21:18:22.978042,2024-08-07 21:18:22.978042
rev_00004066,order_00004665,2,,,2025-10-16 02:41:55.335797,2025-10-16 02:41:55.335797
rev_00004067,order_00004666,5,,,2025-07-23 00:11:50.911437,2025-07-24 00:11:50.911437
rev_00004068,order_00004667,5,,,2024-06-10 01:45:44.448895,2024-06-10 01:45:44.448895
rev_00004069,order_00004668,5,,,2024-09-11 07:36:20.414701,2024-09-12 07:36:20.414701
rev_00004070,order_00004669,5,,,2024-10-29 11:12:06.196775,2024-10-30 11:12:06.196775
rev_00004071,order_00004670,4,,,2024-06-20 07:29:25.629538,2024-06-21 07:29:25.629538
rev_00004072,order_00004671,5,,,2025-05-12 09:17:18.000000,2025-05-14 09:17:18.000000
rev_00004073,order_00004672,5,,,2025-06-12 01:30:28.566328,2025-06-14 01:30:28.566328
rev_00004074,order_00004673,4,,,2025-03-11 12:57:11.638446,2025-03-12 12:57:11.638446
rev_00004075,order_00004674,5,,,2024-12-12 07:45:13.546381,2024-12-13 07:45:13.546381
rev_00004076,order_00004675,5,,,2026-01-04 21:30:28.986981,2026-01-04 21:30:28.986981
rev_00004077,order_00004676,4,,,2025-07-11 15:06:55.105488,2025-07-12 15:06:55.105488
rev_00004078,order_00004677,4,,,2025-03-01 14:20:37.701052,2025-03-02 14:20:37.701052
rev_00004079,order_00004678,2,,,2024-08-19 23:54:43.726201,2024-08-20 23:54:43.726201
rev_00004080,order_00004679,5,,,2024-08-01 09:56:45.299798,2024-08-01 09:56:45.299798
rev_00004081,order_00004680,5,,,2025-07-09 12:39:16.697057,2025-07-09 12:39:16.697057
rev_00004082,order_00004681,1,,,2024-03-10 20:51:32.702492,2024-03-12 20:51:32.702492
rev_00004083,order_00004682,4,,,2024-04-17 00:45:39.633235,2024-04-17 00:45:39.633235
rev_00004084,order_00004683,4,,,2024-04-05 10:21:44.761189,2024-04-06 10:21:44.761189
rev_00004085,order_00004685,5,,,2026-01-06 10:43:01.734849,2026-01-08 10:43:01.734849
rev_00004086,order_00004686,4,,,2024-07-08 13:40:19.369606,2024-07-10 13:40:19.369606
rev_00004087,order_00004687,5,,,2025-01-07 14:13:15.563367,2025-01-07 14:13:15.563367
rev_00004088,order_00004688,3,,,2025-03-29 05:39:11.073309,2025-03-31 05:39:11.073309
rev_00004089,order_00004689,4,,,2025-10-22 19:17:13.916011,2025-10-23 19:17:13.916011
rev_00004090,order_00004690,4,,,2024-03-15 07:25:29.467206,2024-03-16 07:25:29.467206
rev_00004091,order_00004691,4,,,2024-01-10 12:35:09.000000,2024-01-12 12:35:09.000000
rev_00004092,order_00004692,5,,,2024-02-08 19:21:47.414001,2024-02-09 19:21:47.414001
rev_00004093,order_00004693,4,,,2024-01-12 00:47:34.674848,2024-01-12 00:47:34.674848
rev_00004094,order_00004695,4,,,2025-01-11 17:52:43.599337,2025-01-11 17:52:43.599337
rev_00004095,order_00004696,5,,,2024-04-10 15:13:42.000000,2024-04-11 15:13:42.000000
rev_00004096,order_00004698,3,,,2024-04-26 16:46:39.584247,2024-04-27 16:46:39.584247
rev_00004097,order_00004699,5,,,2024-07-15 14:30:34.622639,2024-07-15 14:30:34.622639
rev_00004098,order_00004700,2,,,2024-05-25 10:18:02.865837,2024-05-26 10:18:02.865837
rev_00004099,order_00004701,4,,,2024-02-26 09:11:31.435725,2024-02-26 09:11:31.435725
rev_00004100,order_00004702,5,,,2025-07-07 02:31:00.103129,2025-07-08 02:31:00.103129
rev_00004101,order_00004703,2,,,2025-04-09 06:39:50.697408,2025-04-09 06:39:50.697408
rev_00004102,order_00004704,4,,,2025-08-30 04:30:55.759324,2025-09-01 04:30:55.759324
rev_00004103,order_00004705,4,,,2024-03-18 01:42:52.908192,2024-03-19 01:42:52.908192
rev_00004104,order_00004706,5,,,2025-12-29 17:20:20.426195,2025-12-29 17:20:20.426195
rev_00004105,order_00004707,5,,,2024-06-12 09:59:59.187821,2024-06-13 09:59:59.187821
rev_00004106,order_00004708,4,,,2024-03-26 12:34:56.553041,2024-03-27 12:34:56.553041
rev_00004107,order_00004709,3,,,2025-11-16 01:32:44.170639,2025-11-18 01:32:44.170639
rev_00004108,order_00004710,5,,,2024-02-29 00:04:24.122741,2024-03-01 00:04:24.122741
rev_00004109,order_00004711,2,,,2025-07-29 20:01:33.074121,2025-07-30 20:01:33.074121
rev_00004110,order_00004712,4,,,2025-06-03 02:54:11.220158,2025-06-04 02:54:11.220158
rev_00004111,order_00004713,2,,,2025-07-31 05:22:14.048412,2025-08-01 05:22:14.048412
rev_00004112,order_00004714,5,,,2025-05-22 16:08:11.436182,2025-05-24 16:08:11.436182
rev_00004113,order_00004715,4,,,2024-01-13 20:14:49.891816,2024-01-14 20:14:49.891816
rev_00004114,order_00004716,5,,,2024-10-02 14:12:49.036268,2024-10-02 14:12:49.036268
rev_00004115,order_00004717,5,,,2024-11-23 03:09:41.936961,2024-11-24 03:09:41.936961
rev_00004116,order_00004718,5,,,2024-07-28 22:33:17.550860,2024-07-28 22:33:17.550860
rev_00004117,order_00004719,4,,,2025-06-30 07:53:27.555149,2025-07-01 07:53:27.555149
rev_00004118,order_00004720,4,,,2025-05-07 13:03:34.614450,2025-05-09 13:03:34.614450
rev_00004119,order_00004722,5,,,2025-07-24 15:57:37.082656,2025-07-24 15:57:37.082656
rev_00004120,order_00004723,5,,,2024-02-28 14:13:43.495498,2024-03-01 14:13:43.495498
rev_00004121,order_00004725,4,,,2025-12-04 21:54:53.000000,2025-12-05 21:54:53.000000
rev_00004122,order_00004726,5,,,2025-07-09 20:57:48.285392,2025-07-09 20:57:48.285392
rev_00004123,order_00004727,4,,,2025-02-26 20:11:04.753131,2025-02-27 20:11:04.753131
rev_00004124,order_00004728,3,,,2024-09-22 10:49:11.703317,2024-09-24 10:49:11.703317
rev_00004125,order_00004729,5,,,2024-10-08 07:03:58.831268,2024-10-10 07:03:58.831268
rev_00004126,order_00004730,5,,,2024-09-09 23:13:25.868903,2024-09-10 23:13:25.868903
rev_00004127,order_00004731,5,,,2025-11-05 16:43:16.137795,2025-11-06 16:43:16.137795
rev_00004128,order_00004732,4,,,2025-09-14 09:44:25.068387,2025-09-15 09:44:25.068387
rev_00004129,order_00004733,4,,,2024-08-06 11:07:04.064499,2024-08-08 11:07:04.064499
rev_00004130,order_00004735,1,,,2025-09-22 06:11:41.317737,2025-09-22 06:11:41.317737
rev_00004131,order_00004737,4,,,2025-10-24 03:08:09.896819,2025-10-26 03:08:09.896819
rev_00004132,order_00004738,4,,,2024-07-12 07:36:30.807773,2024-07-12 07:36:30.807773
rev_00004133,order_00004739,4,,,2025-01-07 16:43:39.844157,2025-01-07 16:43:39.844157
rev_00004134,order_00004740,5,,,2025-04-03 22:22:34.331621,2025-04-05 22:22:34.331621
rev_00004135,order_00004741,5,,,2025-12-07 03:22:53.091809,2025-12-08 03:22:53.091809
rev_00004136,order_00004743,2,,,2024-11-03 07:15:14.998984,2024-11-03 07:15:14.998984
rev_00004137,order_00004744,3,,,2024-06-10 04:42:00.766241,2024-06-10 04:42:00.766241
rev_00004138,order_00004746,5,,,2024-12-30 04:43:47.686852,2025-01-01 04:43:47.686852
rev_00004139,order_00004748,4,,,2024-02-07 18:58:21.960189,2024-02-07 18:58:21.960189
rev_00004140,order_00004749,4,,,2025-04-25 21:50:08.729452,2025-04-25 21:50:08.729452
rev_00004141,order_00004750,5,,,2024-03-06 04:23:24.789759,2024-03-07 04:23:24.789759
rev_00004142,order_00004751,4,,,2024-09-22 07:46:03.000000,2024-09-24 07:46:03.000000
rev_00004143,order_00004752,5,,,2025-12-21 13:18:31.448684,2025-12-22 13:18:31.448684
rev_00004144,order_00004753,5,,,2024-02-04 03:51:14.764638,2024-02-05 03:51:14.764638
rev_00004145,order_00004754,5,,,2025-07-17 13:54:03.983927,2025-07-17 13:54:03.983927
rev_00004146,order_00004755,5,,,2024-04-12 11:44:42.680495,2024-04-12 11:44:42.680495
rev_00004147,order_00004756,5,,,2024-04-28 04:19:36.932275,2024-04-30 04:19:36.932275
rev_00004148,order_00004758,5,,,2025-11-28 19:48:36.373469,2025-11-29 19:48:36.373469
rev_00004149,order_00004759,4,,,2025-05-12 17:21:57.595786,2025-05-14 17:21:57.595786
rev_00004150,order_00004760,3,,,2025-06-06 03:48:21.231496,2025-06-08 03:48:21.231496
rev_00004151,order_00004761,5,,,2025-06-21 15:36:02.798736,2025-06-21 15:36:02.798736
rev_00004152,order_00004762,5,,,2024-03-22 16:20:44.918307,2024-03-23 16:20:44.918307
rev_00004153,order_00004764,4,,,2024-05-16 10:15:51.439380,2024-05-17 10:15:51.439380
rev_00004154,order_00004765,2,,,2025-05-21 02:21:12.545114,2025-05-21 02:21:12.545114
rev_00004155,order_00004766,3,,,2025-04-14 19:56:22.716851,2025-04-15 19:56:22.716851
rev_00004156,order_00004767,3,,,2025-06-20 08:18:37.394150,2025-06-20 08:18:37.394150
rev_00004157,order_00004768,5,,,2025-10-08 21:26:26.746123,2025-10-10 21:26:26.746123
rev_00004158,order_00004769,2,,,2025-09-15 21:30:16.685673,2025-09-15 21:30:16.685673
rev_00004159,order_00004770,5,,,2024-03-16 15:37:08.844471,2024-03-16 15:37:08.844471
rev_00004160,order_00004771,5,,,2024-11-18 23:13:54.432200,2024-11-19 23:13:54.432200
rev_00004161,order_00004772,5,,,2024-03-05 04:00:47.173181,2024-03-05 04:00:47.173181
rev_00004162,order_00004773,5,,,2025-02-23 15:15:14.185336,2025-02-23 15:15:14.185336
rev_00004163,order_00004774,5,,,2024-05-20 14:27:23.448217,2024-05-22 14:27:23.448217
rev_00004164,order_00004775,3,,,2024-07-28 00:07:54.856230,2024-07-29 00:07:54.856230
rev_00004165,order_00004776,5,,,2024-10-11 16:11:44.490517,2024-10-12 16:11:44.490517
rev_00004166,order_00004777,3,,,2025-06-24 05:19:43.174038,2025-06-24 05:19:43.174038
rev_00004167,order_00004778,4,,,2024-04-04 02:26:03.735226,2024-04-05 02:26:03.735226
rev_00004168,order_00004779,5,,,2024-09-24 14:02:04.220878,2024-09-26 14:02:04.220878
rev_00004169,order_00004780,4,,,2024-04-10 15:58:58.816493,2024-04-11 15:58:58.816493
rev_00004170,order_00004781,5,,,2025-06-07 13:43:41.285750,2025-06-09 13:43:41.285750
rev_00004171,order_00004783,3,,,2025-05-03 11:23:56.000000,2025-05-03 11:23:56.000000
rev_00004172,order_00004784,5,,,2025-02-13 01:49:28.537305,2025-02-14 01:49:28.537305
rev_00004173,order_00004785,5,,,2025-02-25 08:42:58.985997,2025-02-27 08:42:58.985997
rev_00004174,order_00004787,4,,,2025-10-29 10:19:30.220060,2025-10-29 10:19:30.220060
rev_00004175,order_00004788,4,,,2025-11-02 22:42:55.776816,2025-11-03 22:42:55.776816
rev_00004176,order_00004789,5,,,2025-09-25 23:12:56.827450,2025-09-25 23:12:56.827450
rev_00004177,order_00004790,5,,,2024-11-09 09:55:15.533846,2024-11-10 09:55:15.533846
rev_00004178,order_00004791,5,,,2025-01-31 04:20:55.279060,2025-01-31 04:20:55.279060
rev_00004179,order_00004792,3,,,2024-03-29 06:34:24.820802,2024-03-29 06:34:24.820802
rev_00004180,order_00004793,3,,,2025-04-19 19:21:46.657143,2025-04-20 19:21:46.657143
rev_00004181,order_00004795,5,,,2025-07-16 15:45:18.573999,2025-07-17 15:45:18.573999
rev_00004182,order_00004796,5,,,2025-10-18 04:12:21.448663,2025-10-20 04:12:21.448663
rev_00004183,order_00004797,5,,,2024-06-02 15:06:28.466821,2024-06-04 15:06:28.466821
rev_00004184,order_00004798,3,,,2025-05-20 08:39:32.635479,2025-05-20 08:39:32.635479
rev_00004185,order_00004799,5,,,2025-04-14 17:15:08.080577,2025-04-14 17:15:08.080577
rev_00004186,order_00004800,4,,,2025-08-10 05:50:09.147007,2025-08-11 05:50:09.147007
rev_00004187,order_00004801,5,,,2024-12-15 11:10:14.242623,2024-12-17 11:10:14.242623
rev_00004188,order_00004802,4,,,2025-10-04 11:59:33.098391,2025-10-04 11:59:33.098391
rev_00004189,order_00004803,4,,,2024-08-05 23:40:27.871732,2024-08-06 23:40:27.871732
rev_00004190,order_00004804,2,,,2024-06-07 21:31:29.740521,2024-06-07 21:31:29.740521
rev_00004191,order_00004805,5,,,2025-03-24 20:38:30.035100,2025-03-24 20:38:30.035100
rev_00004192,order_00004806,4,,,2025-03-01 20:57:19.000000,2025-03-02 20:57:19.000000
rev_00004193,order_00004808,4,,,2024-04-14 07:50:23.984778,2024-04-15 07:50:23.984778
rev_00004194,order_00004809,3,,,2024-04-16 16:33:08.325883,2024-04-16 16:33:08.325883
rev_00004195,order_00004810,4,,,2025-01-04 22:41:23.220642,2025-01-04 22:41:23.220642
rev_00004196,order_00004811,4,,,2025-01-21 05:02:23.691913,2025-01-21 05:02:23.691913
rev_00004197,order_00004812,5,,,2024-08-08 14:04:17.000000,2024-08-09 14:04:17.000000
rev_00004198,order_00004813,3,,,2024-04-08 12:14:29.516636,2024-04-10 12:14:29.516636
rev_00004199,order_00004815,5,,,2025-03-11 13:19:14.527988,2025-03-12 13:19:14.527988
rev_00004200,order_00004816,5,,,2024-04-15 05:20:00.882937,2024-04-17 05:20:00.882937
rev_00004201,order_00004821,3,,,2025-04-17 19:11:34.349371,2025-04-19 19:11:34.349371
rev_00004202,order_00004822,5,,,2024-03-02 07:26:54.036071,2024-03-02 07:26:54.036071
rev_00004203,order_00004823,5,,,2024-09-06 15:17:14.720121,2024-09-08 15:17:14.720121
rev_00004204,order_00004824,4,,,2025-12-21 11:42:11.739961,2025-12-23 11:42:11.739961
rev_00004205,order_00004825,5,,,2025-05-26 20:02:33.240943,2025-05-26 20:02:33.240943
rev_00004206,order_00004826,4,,,2024-11-04 20:02:53.579662,2024-11-05 20:02:53.579662
rev_00004207,order_00004827,3,,,2024-09-25 19:35:06.274004,2024-09-25 19:35:06.274004
rev_00004208,order_00004828,5,,,2024-02-01 05:54:20.751833,2024-02-03 05:54:20.751833
rev_00004209,order_00004829,4,,,2025-03-28 07:17:45.870578,2025-03-29 07:17:45.870578
rev_00004210,order_00004830,5,,,2024-01-10 04:35:07.399357,2024-01-12 04:35:07.399357
rev_00004211,order_00004831,5,,,2025-01-18 19:25:37.874879,2025-01-19 19:25:37.874879
rev_00004212,order_00004832,5,,,2025-08-16 16:08:17.203453,2025-08-18 16:08:17.203453
rev_00004213,order_00004833,3,,,2024-04-28 01:59:09.363915,2024-04-30 01:59:09.363915
rev_00004214,order_00004834,4,,,2024-04-19 19:03:23.599207,2024-04-21 19:03:23.599207
rev_00004215,order_00004835,5,,,2024-07-08 12:23:15.827808,2024-07-10 12:23:15.827808
rev_00004216,order_00004836,5,,,2024-12-26 20:32:24.628004,2024-12-26 20:32:24.628004
rev_00004217,order_00004837,5,,,2024-02-25 13:09:39.450313,2024-02-26 13:09:39.450313
rev_00004218,order_00004838,5,,,2024-06-26 15:41:15.566371,2024-06-27 15:41:15.566371
rev_00004219,order_00004839,3,,,2025-09-15 00:24:14.361276,2025-09-17 00:24:14.361276
rev_00004220,order_00004840,4,,,2024-06-05 18:52:10.025495,2024-06-05 18:52:10.025495
rev_00004221,order_00004841,4,,,2025-12-27 04:21:32.089786,2025-12-27 04:21:32.089786
rev_00004222,order_00004842,5,,,2024-08-16 08:09:49.837846,2024-08-18 08:09:49.837846
rev_00004223,order_00004844,3,,,2024-08-20 23:37:17.957417,2024-08-20 23:37:17.957417
rev_00004224,order_00004845,3,,,2025-12-04 04:13:04.434869,2025-12-06 04:13:04.434869
rev_00004225,order_00004846,5,,,2025-10-13 03:27:38.311649,2025-10-13 03:27:38.311649
rev_00004226,order_00004847,4,,,2025-03-06 13:02:33.274481,2025-03-07 13:02:33.274481
rev_00004227,order_00004848,3,,,2024-06-02 13:46:01.517810,2024-06-04 13:46:01.517810
rev_00004228,order_00004849,3,,,2024-08-02 00:32:28.251671,2024-08-02 00:32:28.251671
rev_00004229,order_00004850,4,,,2025-06-17 07:13:24.317871,2025-06-18 07:13:24.317871
rev_00004230,order_00004851,3,,,2024-02-09 16:57:27.000000,2024-02-11 16:57:27.000000
rev_00004231,order_00004852,2,,,2025-08-31 17:07:06.799250,2025-08-31 17:07:06.799250
rev_00004232,order_00004853,1,,,2025-02-28 17:37:20.191200,2025-03-01 17:37:20.191200
rev_00004233,order_00004854,4,,,2024-05-28 14:35:12.108121,2024-05-28 14:35:12.108121
rev_00004234,order_00004855,4,,,2025-06-19 18:25:01.018649,2025-06-20 18:25:01.018649
rev_00004235,order_00004856,3,,,2024-07-12 01:42:31.278770,2024-07-13 01:42:31.278770
rev_00004236,order_00004857,5,,,2025-06-20 06:13:56.960905,2025-06-22 06:13:56.960905
rev_00004237,order_00004858,5,,,2025-03-29 13:34:51.026860,2025-03-29 13:34:51.026860
rev_00004238,order_00004859,5,,,2025-07-16 17:59:04.622809,2025-07-17 17:59:04.622809
rev_00004239,order_00004860,4,,,2024-04-02 07:50:59.168240,2024-04-03 07:50:59.168240
rev_00004240,order_00004861,2,,,2024-12-31 23:40:41.457449,2025-01-02 23:40:41.457449
rev_00004241,order_00004862,4,,,2024-04-11 03:46:39.755788,2024-04-11 03:46:39.755788
rev_00004242,order_00004863,2,,,2025-11-24 03:20:19.739904,2025-11-26 03:20:19.739904
rev_00004243,order_00004864,5,,,2025-01-02 05:22:32.591651,2025-01-03 05:22:32.591651
rev_00004244,order_00004865,4,,,2024-10-21 06:06:51.840707,2024-10-22 06:06:51.840707
rev_00004245,order_00004866,5,,,2025-02-22 08:25:26.583636,2025-02-22 08:25:26.583636
rev_00004246,order_00004867,5,,,2024-08-05 17:14:08.000000,2024-08-07 17:14:08.000000
rev_00004247,order_00004868,4,,,2024-07-01 11:58:10.562579,2024-07-01 11:58:10.562579
rev_00004248,order_00004869,4,,,2024-04-24 16:32:06.442109,2024-04-26 16:32:06.442109
rev_00004249,order_00004870,4,,,2025-09-09 09:35:12.567841,2025-09-09 09:35:12.567841
rev_00004250,order_00004871,4,,,2024-10-02 03:22:04.000000,2024-10-04 03:22:04.000000
rev_00004251,order_00004872,5,,,2024-09-21 21:41:45.257445,2024-09-22 21:41:45.257445
rev_00004252,order_00004873,5,,,2025-06-09 02:09:13.057982,2025-06-10 02:09:13.057982
rev_00004253,order_00004874,5,,,2025-11-25 18:04:27.183832,2025-11-25 18:04:27.183832
rev_00004254,order_00004875,4,,,2024-05-28 03:21:15.777304,2024-05-29 03:21:15.777304
rev_00004255,order_00004876,4,,,2024-04-02 02:45:03.365951,2024-04-04 02:45:03.365951
rev_00004256,order_00004877,5,,,2024-08-22 05:34:11.000000,2024-08-24 05:34:11.000000
rev_00004257,order_00004878,3,,,2025-10-25 08:31:13.322632,2025-10-27 08:31:13.322632
rev_00004258,order_00004880,5,,,2025-06-15 15:13:01.380149,2025-06-17 15:13:01.380149
rev_00004259,order_00004881,5,,,2025-01-13 01:32:50.000000,2025-01-13 01:32:50.000000
rev_00004260,order_00004882,4,,,2025-12-22 06:32:18.559429,2025-12-23 06:32:18.559429
rev_00004261,order_00004884,5,,,2025-11-08 10:47:20.494396,2025-11-08 10:47:20.494396
rev_00004262,order_00004885,5,,,2025-05-31 18:15:57.432273,2025-05-31 18:15:57.432273
rev_00004263,order_00004886,5,,,2025-01-07 14:54:58.225824,2025-01-07 14:54:58.225824
rev_00004264,order_00004887,4,,,2024-07-11 22:55:17.616529,2024-07-12 22:55:17.616529
rev_00004265,order_00004888,5,,,2024-07-23 19:06:23.825051,2024-07-24 19:06:23.825051
rev_00004266,order_00004889,4,,,2024-05-12 19:05:38.000000,2024-05-14 19:05:38.000000
rev_00004267,order_00004890,4,,,2024-06-23 23:24:15.119632,2024-06-23 23:24:15.119632
rev_00004268,order_00004891,4,,,2025-09-28 22:01:39.062964,2025-09-30 22:01:39.062964
rev_00004269,order_00004892,4,,,2025-06-17 03:35:17.494911,2025-06-17 03:35:17.494911
rev_00004270,order_00004893,4,,,2025-07-14 07:16:03.134104,2025-07-16 07:16:03.134104
rev_00004271,order_00004894,3,,,2024-12-31 19:27:29.323948,2025-01-02 19:27:29.323948
rev_00004272,order_00004895,5,,,2024-04-04 10:13:28.142435,2024-04-05 10:13:28.142435
rev_00004273,order_00004896,5,,,2024-07-06 19:09:47.645298,2024-07-07 19:09:47.645298
rev_00004274,order_00004897,5,,,2026-01-09 18:43:38.793685,2026-01-10 18:43:38.793685
rev_00004275,order_00004899,5,,,2025-08-08 04:21:56.872663,2025-08-10 04:21:56.872663
rev_00004276,order_00004900,5,,,2024-02-18 12:12:47.640545,2024-02-20 12:12:47.640545
rev_00004277,order_00004901,4,,,2025-09-17 11:26:49.523716,2025-09-17 11:26:49.523716
rev_00004278,order_00004902,4,,,2024-01-31 09:30:41.128375,2024-01-31 09:30:41.128375
rev_00004279,order_00004903,5,,,2025-07-29 14:57:49.667046,2025-07-31 14:57:49.667046
rev_00004280,order_00004904,4,,,2024-11-02 07:44:06.000000,2024-11-02 07:44:06.000000
rev_00004281,order_00004905,4,,,2025-09-07 17:36:25.800896,2025-09-09 17:36:25.800896
rev_00004282,order_00004906,2,,,2024-07-17 05:38:13.886021,2024-07-19 05:38:13.886021
rev_00004283,order_00004907,4,,,2024-07-09 01:17:12.949734,2024-07-10 01:17:12.949734
rev_00004284,order_00004908,4,,,2025-08-19 04:13:28.962193,2025-08-19 04:13:28.962193
rev_00004285,order_00004909,3,,,2024-07-13 17:30:34.970484,2024-07-14 17:30:34.970484
rev_00004286,order_00004910,5,,,2025-06-08 16:44:52.637823,2025-06-09 16:44:52.637823
rev_00004287,order_00004914,4,,,2025-05-26 01:42:53.159584,2025-05-28 01:42:53.159584
rev_00004288,order_00004915,4,,,2024-03-03 04:23:20.599398,2024-03-04 04:23:20.599398
rev_00004289,order_00004916,3,,,2025-10-25 06:30:00.177676,2025-10-25 06:30:00.177676
rev_00004290,order_00004917,5,,,2024-05-11 17:09:30.879039,2024-05-12 17:09:30.879039
rev_00004291,order_00004919,1,,,2024-02-07 21:35:19.731946,2024-02-09 21:35:19.731946
rev_00004292,order_00004920,4,,,2024-09-04 08:32:16.316906,2024-09-04 08:32:16.316906
rev_00004293,order_00004921,5,,,2024-03-10 18:29:46.240818,2024-03-12 18:29:46.240818
rev_00004294,order_00004922,4,,,2024-07-15 04:53:18.328693,2024-07-17 04:53:18.328693
rev_00004295,order_00004923,4,,,2025-12-28 00:15:37.145196,2025-12-28 00:15:37.145196
rev_00004296,order_00004924,4,,,2024-10-18 09:14:06.336394,2024-10-20 09:14:06.336394
rev_00004297,order_00004925,4,,,2024-08-12 17:13:39.271776,2024-08-12 17:13:39.271776
rev_00004298,order_00004928,5,,,2024-10-17 10:12:49.363698,2024-10-19 10:12:49.363698
rev_00004299,order_00004929,5,,,2025-09-04 10:15:48.554925,2025-09-05 10:15:48.554925
rev_00004300,order_00004930,3,,,2024-03-04 18:30:07.120901,2024-03-06 18:30:07.120901
rev_00004301,order_00004931,5,,,2024-10-24 05:18:00.282404,2024-10-25 05:18:00.282404
rev_00004302,order_00004932,3,,,2025-09-11 01:31:38.281429,2025-09-11 01:31:38.281429
rev_00004303,order_00004933,5,,,2025-06-19 12:51:27.496520,2025-06-21 12:51:27.496520
rev_00004304,order_00004934,1,,,2024-04-10 08:36:03.146333,2024-04-11 08:36:03.146333
rev_00004305,order_00004935,4,,,2024-08-06 08:44:13.638402,2024-08-07 08:44:13.638402
rev_00004306,order_00004936,5,,,2024-07-28 14:52:08.837330,2024-07-30 14:52:08.837330
rev_00004307,order_00004939,3,,,2024-06-23 17:13:35.226130,2024-06-23 17:13:35.226130
rev_00004308,order_00004940,4,,,2025-09-15 14:58:14.141084,2025-09-15 14:58:14.141084
rev_00004309,order_00004942,2,,,2024-02-26 08:07:29.375301,2024-02-28 08:07:29.375301
rev_00004310,order_00004943,4,,,2024-04-24 13:58:31.881728,2024-04-26 13:58:31.881728
rev_00004311,order_00004944,3,,,2024-07-23 06:53:53.694246,2024-07-24 06:53:53.694246
rev_00004312,order_00004948,4,,,2024-10-30 23:36:09.003154,2024-10-31 23:36:09.003154
rev_00004313,order_00004949,4,,,2024-11-22 19:16:37.691764,2024-11-23 19:16:37.691764
rev_00004314,order_00004950,4,,,2025-02-09 14:42:52.750011,2025-02-11 14:42:52.750011
rev_00004315,order_00004951,4,,,2024-10-04 00:53:30.595304,2024-10-04 00:53:30.595304
rev_00004316,order_00004952,3,,,2024-07-28 17:11:40.819189,2024-07-29 17:11:40.819189
rev_00004317,order_00004953,3,,,2025-09-17 03:28:02.638057,2025-09-17 03:28:02.638057
rev_00004318,order_00004954,5,,,2024-10-08 22:14:04.904478,2024-10-10 22:14:04.904478
rev_00004319,order_00004955,5,,,2025-12-10 19:07:52.104528,2025-12-11 19:07:52.104528
rev_00004320,order_00004956,5,,,2026-01-04 11:36:13.550664,2026-01-04 11:36:13.550664
rev_00004321,order_00004957,5,,,2024-10-21 23:33:34.096513,2024-10-23 23:33:34.096513
rev_00004322,order_00004958,4,,,2024-11-21 15:09:09.894603,2024-11-21 15:09:09.894603
rev_00004323,order_00004959,5,,,2025-12-11 04:26:34.244345,2025-12-13 04:26:34.244345
rev_00004324,order_00004960,5,,,2024-06-19 01:18:08.980186,2024-06-20 01:18:08.980186
rev_00004325,order_00004961,5,,,2024-08-15 09:36:15.721834,2024-08-17 09:36:15.721834
rev_00004326,order_00004962,5,,,2024-08-10 16:56:10.139998,2024-08-12 16:56:10.139998
rev_00004327,order_00004963,4,,,2025-02-22 19:59:45.782806,2025-02-23 19:59:45.782806
rev_00004328,order_00004964,4,,,2025-02-20 08:17:26.154455,2025-02-22 08:17:26.154455
rev_00004329,order_00004965,5,,,2024-03-20 18:16:27.058994,2024-03-22 18:16:27.058994
rev_00004330,order_00004966,4,,,2025-08-26 19:43:25.906543,2025-08-27 19:43:25.906543
rev_00004331,order_00004967,4,,,2025-01-31 09:34:00.187696,2025-02-02 09:34:00.187696
rev_00004332,order_00004969,2,,,2025-04-19 01:33:34.508084,2025-04-21 01:33:34.508084
rev_00004333,order_00004970,4,,,2025-02-09 12:28:38.482124,2025-02-10 12:28:38.482124
rev_00004334,order_00004971,5,,,2024-05-31 01:00:53.280632,2024-06-02 01:00:53.280632
rev_00004335,order_00004972,5,,,2025-12-31 22:07:12.813034,2026-01-01 22:07:12.813034
rev_00004336,order_00004973,3,,,2025-10-12 16:19:02.584923,2025-10-14 16:19:02.584923
rev_00004337,order_00004974,5,,,2024-06-03 00:09:24.929647,2024-06-04 00:09:24.929647
rev_00004338,order_00004975,3,,,2024-01-09 18:45:17.409252,2024-01-11 18:45:17.409252
rev_00004339,order_00004976,5,,,2025-01-03 13:28:01.715809,2025-01-04 13:28:01.715809
rev_00004340,order_00004977,2,,,2024-11-21 02:32:27.547145,2024-11-22 02:32:27.547145
rev_00004341,order_00004978,4,,,2024-03-04 14:51:14.589158,2024-03-04 14:51:14.589158
rev_00004342,order_00004979,5,,,2024-11-22 01:11:49.497098,2024-11-24 01:11:49.497098
rev_00004343,order_00004980,2,,,2024-03-18 23:15:19.489454,2024-03-20 23:15:19.489454
rev_00004344,order_00004981,5,,,2024-09-10 14:39:31.372618,2024-09-12 14:39:31.372618
rev_00004345,order_00004982,5,,,2024-03-27 05:16:39.235298,2024-03-27 05:16:39.235298
rev_00004346,order_00004983,4,,,2025-06-16 08:03:28.645083,2025-06-16 08:03:28.645083
rev_00004347,order_00004984,4,,,2025-08-01 20:10:45.000000,2025-08-03 20:10:45.000000
rev_00004348,order_00004985,4,,,2024-04-15 13:36:17.572713,2024-04-16 13:36:17.572713
rev_00004349,order_00004986,5,,,2025-04-28 22:43:14.379459,2025-04-30 22:43:14.379459
rev_00004350,order_00004987,5,,,2025-04-17 16:07:11.528335,2025-04-18 16:07:11.528335
rev_00004351,order_00004989,5,,,2025-03-02 17:18:02.003352,2025-03-03 17:18:02.003352
rev_00004352,order_00004991,4,,,2025-01-26 20:41:23.862450,2025-01-27 20:41:23.862450
rev_00004353,order_00004992,4,,,2024-05-16 07:05:08.505246,2024-05-18 07:05:08.505246
rev_00004354,order_00004993,5,,,2025-12-10 04:58:25.873156,2025-12-11 04:58:25.873156
rev_00004355,order_00004994,4,,,2025-07-11 13:44:17.002595,2025-07-13 13:44:17.002595
rev_00004356,order_00004996,4,,,2025-03-13 14:08:43.478121,2025-03-13 14:08:43.478121
rev_00004357,order_00004997,4,,,2024-04-28 22:32:50.658756,2024-04-30 22:32:50.658756
rev_00004358,order_00004998,5,,,2025-09-30 13:56:54.312788,2025-09-30 13:56:54.312788
rev_00004359,order_00004999,5,,,2024-02-06 20:33:17.356384,2024-02-08 20:33:17.356384
