order_id,order_item_id,product_id,seller_id,shipping_limit_date,price,freight_value
order_00000000,1,prod_00000314,sell_00000059,2024-12-13 23:52:15,44.18,3.57
order_00000001,1,prod_00000739,sell_00000189,2025-05-12 10:04:14,226.72,40.7
order_00000001,2,prod_00000530,sell_00000136,2025-05-10 10:04:14,85.18,7.96
order_00000002,1,prod_00000555,sell_00000067,2024-07-20 09:22:08,112.84,14.76
order_00000003,1,prod_00000104,sell_00000036,2024-11-02 07:28:43,64.75,5.7
order_00000004,1,prod_00000001,sell_00000029,2024-05-28 18:02:32,77.7,5.41
order_00000005,1,prod_00000187,sell_00000064,2025-12-20 10:32:49,80.13,11.85
order_00000005,2,prod_00000150,sell_00000080,2025-12-19 10:32:49,55.49,2.92
order_00000005,3,prod_00000190,sell_00000030,2025-12-19 10:32:49,57.65,5.72
order_00000006,1,prod_00000202,sell_00000017,2025-02-14 14:40:12,55.55,5.56
order_00000007,1,prod_00000537,sell_00000097,2025-04-17 07:20:44,53.06,7.36
order_00000008,1,prod_00000299,sell_00000227,2024-02-24 09:54:08,167.79,28.09
order_00000009,1,prod_00000060,sell_00000211,2024-09-02 09:02:04,17.24,1.65
order_00000010,1,prod_00000501,sell_00000065,2025-08-16 15:33:37,10.34,1.76
order_00000010,2,prod_00000344,sell_00000055,2025-08-13 15:33:37,45.36,7.66
order_00000010,3,prod_00000729,sell_00000118,2025-08-15 15:33:37,18.09,2.79
order_00000011,1,prod_00000361,sell_00000240,2024-09-04 09:47:51,32.17,4.48
order_00000011,2,prod_00000692,sell_00000198,2024-08-31 09:47:51,17.64,2.69
order_00000012,1,prod_00000659,sell_00000102,2025-09-16 11:48:01,91.49,6.64
order_00000012,2,prod_00000341,sell_00000061,2025-09-14 11:48:01,70.77,9.97
order_00000012,3,prod_00000266,sell_00000152,2025-09-15 11:48:01,43.09,4.0
order_00000012,4,prod_00000337,sell_00000247,2025-09-15 11:48:01,33.37,1.59
order_00000013,1,prod_00000275,sell_00000219,2024-11-21 04:05:56,58.35,8.81
order_00000014,1,prod_00000495,sell_00000033,2025-01-26 05:40:09,27.97,3.56
order_00000015,1,prod_00000692,sell_00000155,2025-12-17 20:36:06,79.77,12.38
order_00000016,1,prod_00000786,sell_00000118,2025-02-15 14:42:49,53.34,7.14
order_00000017,1,prod_00000005,sell_00000079,2024-02-23 02:56:09,71.92,12.08
order_00000018,1,prod_00000726,sell_00000058,2024-06-19 23:13:33,67.93,9.48
order_00000019,1,prod_00000110,sell_00000064,2024-10-03 02:16:35,72.77,2.52
order_00000020,1,prod_00000614,sell_00000120,2025-04-25 02:07:28,49.36,2.47
order_00000021,1,prod_00000567,sell_00000201,2024-10-06 01:16:46,67.71,4.53
order_00000022,1,prod_00000219,sell_00000024,2025-10-25 20:47:39,74.25,10.61
order_00000023,1,prod_00000501,sell_00000163,2024-10-01 22:09:23,23.42,3.46
order_00000024,1,prod_00000202,sell_00000238,2025-12-31 17:30:29,72.72,6.56
order_00000025,1,prod_00000763,sell_00000141,2025-01-02 06:28:28,144.1,11.61
order_00000026,1,prod_00000351,sell_00000190,2025-01-27 02:08:14,37.16,4.42
order_00000026,2,prod_00000375,sell_00000070,2025-01-29 02:08:14,96.54,11.5
order_00000026,3,prod_00000585,sell_00000144,2025-01-29 02:08:14,34.45,1.68
order_00000027,1,prod_00000471,sell_00000073,2025-07-25 13:27:26,115.85,20.12
order_00000028,1,prod_00000257,sell_00000099,2025-12-29 03:09:09,14.47,1.58
order_00000029,1,prod_00000552,sell_00000219,2025-06-09 18:16:30,52.61,7.13
order_00000029,2,prod_00000341,sell_00000153,2025-06-09 18:16:30,62.72,10.32
order_00000030,1,prod_00000614,sell_00000160,2025-03-08 23:58:12,10.05,1.39
order_00000031,1,prod_00000130,sell_00000007,2024-06-05 05:32:24,25.99,2.56
order_00000032,1,prod_00000397,sell_00000014,2025-06-06 02:10:36,38.64,3.96
order_00000033,1,prod_00000450,sell_00000159,2025-03-24 15:40:27,211.72,20.94
order_00000033,2,prod_00000668,sell_00000074,2025-03-22 15:40:27,43.08,6.8
order_00000034,1,prod_00000528,sell_00000050,2024-08-22 19:52:31,48.7,2.35
order_00000035,1,prod_00000660,sell_00000219,2024-06-17 20:54:18,52.12,1.66
order_00000036,1,prod_00000557,sell_00000006,2025-07-03 12:43:07,18.44,2.52
order_00000037,1,prod_00000068,sell_00000085,2024-07-06 17:07:37,163.0,10.89
order_00000038,1,prod_00000362,sell_00000097,2024-11-26 10:14:35,77.22,10.6
order_00000039,1,prod_00000548,sell_00000050,2024-07-29 19:30:47,53.63,2.6
order_00000040,1,prod_00000678,sell_00000164,2024-05-12 04:45:26,54.98,7.19
order_00000041,1,prod_00000536,sell_00000151,2024-11-13 04:29:53,224.0,34.85
order_00000042,1,prod_00000770,sell_00000173,2024-05-18 04:41:09,116.06,10.96
order_00000042,2,prod_00000160,sell_00000139,2024-05-18 04:41:09,70.07,10.75
order_00000043,1,prod_00000394,sell_00000164,2024-01-31 18:29:55,21.24,1.8
order_00000043,2,prod_00000686,sell_00000009,2024-01-27 18:29:55,14.79,1.13
order_00000043,3,prod_00000532,sell_00000190,2024-01-28 18:29:55,29.51,1.84
order_00000044,1,prod_00000292,sell_00000049,2024-08-22 17:52:10,168.0,21.02
order_00000044,2,prod_00000529,sell_00000046,2024-08-21 17:52:10,18.65,2.38
order_00000045,1,prod_00000001,sell_00000186,2024-04-10 00:46:07,17.95,1.63
order_00000046,1,prod_00000518,sell_00000230,2024-06-14 23:23:07,40.8,5.18
order_00000046,2,prod_00000387,sell_00000176,2024-06-12 23:23:07,75.57,7.86
order_00000047,1,prod_00000706,sell_00000044,2024-12-18 12:38:58,66.59,5.36
order_00000047,2,prod_00000322,sell_00000012,2024-12-16 12:38:58,77.74,7.76
order_00000048,1,prod_00000460,sell_00000140,2025-05-01 20:41:05,25.0,2.41
order_00000049,1,prod_00000111,sell_00000042,2025-11-01 00:53:12,17.29,1.81
order_00000049,2,prod_00000772,sell_00000065,2025-11-01 00:53:12,46.05,2.42
order_00000050,1,prod_00000565,sell_00000087,2024-12-21 01:36:51,65.09,6.92
order_00000051,1,prod_00000646,sell_00000242,2024-08-17 14:43:38,131.95,8.23
order_00000051,2,prod_00000754,sell_00000175,2024-08-15 14:43:38,27.8,4.26
order_00000052,1,prod_00000081,sell_00000068,2025-05-30 06:02:12,101.09,8.28
order_00000052,2,prod_00000480,sell_00000028,2025-05-28 06:02:12,10.96,1.08
order_00000053,1,prod_00000587,sell_00000137,2025-05-29 04:38:59,52.09,7.56
order_00000054,1,prod_00000367,sell_00000180,2025-04-06 14:37:33,21.39,3.68
order_00000054,2,prod_00000581,sell_00000223,2025-04-05 14:37:33,76.0,12.89
order_00000055,1,prod_00000269,sell_00000121,2024-06-25 09:12:50,15.33,2.45
order_00000056,1,prod_00000788,sell_00000086,2025-09-18 09:32:37,26.45,3.28
order_00000057,1,prod_00000726,sell_00000152,2025-07-24 09:00:18,14.62,2.3
order_00000058,1,prod_00000030,sell_00000086,2024-01-07 08:31:12,74.53,6.95
order_00000059,1,prod_00000659,sell_00000095,2024-11-21 14:56:53,384.71,52.49
order_00000059,2,prod_00000503,sell_00000013,2024-11-23 14:56:53,26.48,3.08
order_00000059,3,prod_00000154,sell_00000147,2024-11-23 14:56:53,223.2,21.36
order_00000060,1,prod_00000687,sell_00000006,2024-08-15 12:56:52,73.67,6.26
order_00000061,1,prod_00000235,sell_00000075,2025-04-08 01:40:47,73.34,5.34
order_00000062,1,prod_00000155,sell_00000050,2025-12-14 03:32:52,77.82,10.0
order_00000062,2,prod_00000020,sell_00000013,2025-12-11 03:32:52,42.94,4.41
order_00000063,1,prod_00000272,sell_00000197,2024-10-10 04:05:28,97.69,16.37
order_00000064,1,prod_00000424,sell_00000121,2025-01-17 18:04:20,71.65,2.25
order_00000065,1,prod_00000064,sell_00000222,2024-01-25 16:40:19,12.71,0.42
order_00000065,2,prod_00000718,sell_00000176,2024-01-22 16:40:19,92.12,3.75
order_00000065,3,prod_00000656,sell_00000218,2024-01-23 16:40:19,23.59,3.33
order_00000066,1,prod_00000642,sell_00000074,2024-10-11 23:31:33,51.6,4.02
order_00000066,2,prod_00000370,sell_00000240,2024-10-15 23:31:33,51.22,5.02
order_00000067,1,prod_00000340,sell_00000177,2025-10-01 00:32:11,58.7,2.64
order_00000068,1,prod_00000103,sell_00000126,2025-10-12 05:24:12,27.95,1.13
order_00000068,2,prod_00000025,sell_00000234,2025-10-17 05:24:12,27.39,4.43
order_00000068,3,prod_00000708,sell_00000073,2025-10-13 05:24:12,57.06,6.3
order_00000068,4,prod_00000158,sell_00000050,2025-10-16 05:24:12,70.94,10.92
order_00000069,1,prod_00000366,sell_00000054,2025-11-27 18:54:53,46.81,6.17
order_00000070,1,prod_00000537,sell_00000075,2025-01-15 21:42:39,14.66,1.15
order_00000070,2,prod_00000585,sell_00000071,2025-01-16 21:42:39,126.93,14.49
order_00000071,1,prod_00000561,sell_00000208,2024-07-22 09:54:16,15.21,2.35
order_00000072,1,prod_00000759,sell_00000202,2025-11-13 13:24:59,78.99,11.49
order_00000073,1,prod_00000444,sell_00000047,2025-01-01 03:36:45,35.18,2.72
order_00000074,1,prod_00000284,sell_00000083,2024-11-01 14:02:26,65.75,8.41
order_00000075,1,prod_00000279,sell_00000009,2024-01-16 00:59:05,40.31,7.02
order_00000075,2,prod_00000776,sell_00000141,2024-01-20 00:59:05,46.77,1.82
order_00000075,3,prod_00000235,sell_00000075,2024-01-20 00:59:05,229.16,26.0
order_00000075,4,prod_00000235,sell_00000079,2024-01-17 00:59:05,366.42,46.41
order_00000076,1,prod_00000205,sell_00000045,2024-12-27 09:28:36,159.97,7.87
order_00000077,1,prod_00000727,sell_00000174,2025-12-03 19:27:43,57.93,6.9
order_00000078,1,prod_00000342,sell_00000100,2024-01-16 04:31:11,63.53,2.0
order_00000078,2,prod_00000790,sell_00000042,2024-01-21 04:31:11,44.77,2.46
order_00000079,1,prod_00000747,sell_00000224,2024-01-07 16:12:34,58.44,9.69
order_00000080,1,prod_00000717,sell_00000011,2024-09-07 18:56:29,56.93,7.36
order_00000081,1,prod_00000359,sell_00000135,2025-11-14 00:39:06,151.71,20.54
order_00000082,1,prod_00000751,sell_00000154,2025-08-27 23:38:43,29.15,1.59
order_00000082,2,prod_00000656,sell_00000011,2025-08-29 23:38:43,28.54,3.34
order_00000082,3,prod_00000003,sell_00000168,2025-09-01 23:38:43,88.74,5.23
order_00000083,1,prod_00000519,sell_00000002,2025-02-10 04:51:26,248.72,40.5
order_00000083,2,prod_00000274,sell_00000228,2025-02-12 04:51:26,34.26,5.33
order_00000084,1,prod_00000008,sell_00000228,2025-12-07 08:44:27,70.82,6.54
order_00000084,2,prod_00000704,sell_00000078,2025-12-07 08:44:27,13.13,2.35
order_00000085,1,prod_00000022,sell_00000070,2024-02-05 09:13:52,50.99,5.58
order_00000086,1,prod_00000443,sell_00000163,2025-05-15 17:40:52,17.77,0.54
order_00000087,1,prod_00000513,sell_00000130,2024-11-11 14:42:55,138.44,15.28
order_00000087,2,prod_00000027,sell_00000029,2024-11-08 14:42:55,15.34,0.55
order_00000088,1,prod_00000660,sell_00000152,2025-11-21 07:01:55,239.84,29.3
order_00000088,2,prod_00000478,sell_00000021,2025-11-23 07:01:55,72.31,4.9
order_00000088,3,prod_00000632,sell_00000128,2025-11-25 07:01:55,40.79,5.58
order_00000089,1,prod_00000142,sell_00000022,2024-01-14 13:13:57,29.09,3.78
order_00000090,1,prod_00000679,sell_00000220,2024-02-27 02:59:14,283.12,9.98
order_00000091,1,prod_00000615,sell_00000222,2024-09-20 00:23:14,56.65,9.46
order_00000091,2,prod_00000310,sell_00000157,2024-09-19 00:23:14,51.29,2.74
order_00000092,1,prod_00000236,sell_00000086,2024-06-26 03:37:39,21.39,1.36
order_00000093,1,prod_00000536,sell_00000246,2025-11-16 12:53:05,82.09,7.78
order_00000094,1,prod_00000461,sell_00000104,2024-02-26 12:10:10,94.39,5.42
order_00000095,1,prod_00000165,sell_00000130,2025-01-11 21:43:15,45.25,7.84
order_00000095,2,prod_00000211,sell_00000210,2025-01-08 21:43:15,69.16,3.69
order_00000096,1,prod_00000185,sell_00000116,2025-03-11 19:33:56,48.46,5.24
order_00000097,1,prod_00000140,sell_00000001,2025-01-09 01:27:56,81.59,12.93
order_00000097,2,prod_00000649,sell_00000055,2025-01-12 01:27:56,70.34,7.11
order_00000097,3,prod_00000275,sell_00000208,2025-01-08 01:27:56,95.99,5.99
order_00000097,4,prod_00000048,sell_00000200,2025-01-07 01:27:56,7.96,0.62
order_00000098,1,prod_00000387,sell_00000192,2025-03-07 01:22:38,82.07,12.81
order_00000099,1,prod_00000434,sell_00000097,2024-06-28 12:59:46,29.24,4.58
order_00000100,1,prod_00000568,sell_00000109,2024-03-03 01:22:30,12.08,1.69
order_00000100,2,prod_00000474,sell_00000220,2024-03-01 01:22:30,49.42,3.36
order_00000101,1,prod_00000281,sell_00000181,2025-01-28 14:11:57,26.38,3.93
order_00000101,2,prod_00000242,sell_00000213,2025-01-29 14:11:57,102.99,18.42
order_00000101,3,prod_00000661,sell_00000193,2025-02-01 14:11:57,36.09,6.25
order_00000102,1,prod_00000362,sell_00000193,2024-05-20 16:01:40,125.32,8.88
order_00000103,1,prod_00000066,sell_00000221,2025-11-03 02:50:29,100.37,4.84
order_00000104,1,prod_00000435,sell_00000088,2025-02-21 21:30:11,20.12,2.67
order_00000105,1,prod_00000146,sell_00000198,2025-11-23 01:17:13,76.6,12.56
order_00000105,2,prod_00000145,sell_00000168,2025-11-27 01:17:13,14.6,1.17
order_00000105,3,prod_00000459,sell_00000006,2025-11-23 01:17:13,35.6,5.8
order_00000106,1,prod_00000078,sell_00000223,2024-08-13 02:16:06,19.07,1.6
order_00000106,2,prod_00000535,sell_00000244,2024-08-14 02:16:06,45.76,7.2
order_00000107,1,prod_00000616,sell_00000125,2024-07-31 05:39:48,27.39,4.1
order_00000107,2,prod_00000579,sell_00000219,2024-08-04 05:39:48,69.62,12.49
order_00000108,1,prod_00000602,sell_00000123,2024-08-30 23:25:34,214.66,25.48
order_00000109,1,prod_00000648,sell_00000215,2024-07-21 05:02:12,196.94,9.75
order_00000109,2,prod_00000298,sell_00000177,2024-07-23 05:02:12,48.82,7.98
order_00000110,1,prod_00000398,sell_00000186,2025-12-24 22:31:45,24.99,3.38
order_00000111,1,prod_00000371,sell_00000122,2024-05-15 01:20:09,32.61,2.2
order_00000112,1,prod_00000161,sell_00000052,2025-04-22 01:17:09,101.68,17.32
order_00000112,2,prod_00000072,sell_00000119,2025-04-22 01:17:09,9.14,0.55
order_00000113,1,prod_00000009,sell_00000249,2025-11-14 11:10:39,40.19,6.86
order_00000113,2,prod_00000063,sell_00000127,2025-11-12 11:10:39,220.97,31.24
order_00000114,1,prod_00000116,sell_00000029,2025-06-28 22:58:39,17.9,1.58
order_00000114,2,prod_00000312,sell_00000221,2025-06-26 22:58:39,158.22,6.03
order_00000115,1,prod_00000334,sell_00000228,2024-05-24 17:53:33,73.33,7.75
order_00000116,1,prod_00000289,sell_00000013,2024-01-28 12:21:50,133.8,22.65
order_00000117,1,prod_00000569,sell_00000024,2024-10-23 20:25:45,34.16,1.81
order_00000118,1,prod_00000233,sell_00000112,2024-05-01 22:29:36,33.44,5.12
order_00000119,1,prod_00000470,sell_00000156,2024-03-04 18:59:40,36.11,3.68
order_00000120,1,prod_00000033,sell_00000079,2024-01-29 03:26:32,71.23,7.84
order_00000121,1,prod_00000551,sell_00000100,2025-02-12 03:13:12,129.19,7.47
order_00000121,2,prod_00000223,sell_00000217,2025-02-11 03:13:12,95.54,15.34
order_00000121,3,prod_00000434,sell_00000017,2025-02-07 03:13:12,105.3,14.8
order_00000121,4,prod_00000793,sell_00000248,2025-02-08 03:13:12,73.45,12.84
order_00000122,1,prod_00000065,sell_00000199,2024-10-01 05:31:30,62.96,5.32
order_00000123,1,prod_00000535,sell_00000172,2024-04-28 19:09:37,10.32,1.33
order_00000123,2,prod_00000508,sell_00000023,2024-04-29 19:09:37,123.53,10.91
order_00000124,1,prod_00000355,sell_00000159,2025-08-07 10:45:10,64.53,4.48
order_00000125,1,prod_00000369,sell_00000195,2025-04-03 05:02:21,76.32,10.12
order_00000126,1,prod_00000755,sell_00000157,2025-02-05 22:44:31,111.77,5.46
order_00000127,1,prod_00000424,sell_00000146,2025-10-27 20:27:24,10.09,1.02
order_00000127,2,prod_00000671,sell_00000227,2025-10-29 20:27:24,111.42,19.16
order_00000128,1,prod_00000226,sell_00000068,2025-07-21 19:07:58,70.19,8.45
order_00000128,2,prod_00000729,sell_00000126,2025-07-18 19:07:58,38.53,6.0
order_00000128,3,prod_00000069,sell_00000189,2025-07-22 19:07:58,56.76,8.95
order_00000129,1,prod_00000205,sell_00000195,2024-07-16 21:36:02,30.07,1.74
order_00000130,1,prod_00000055,sell_00000239,2025-12-25 19:24:00,27.04,4.55
order_00000131,1,prod_00000223,sell_00000025,2025-12-19 07:10:30,75.75,9.94
order_00000132,1,prod_00000681,sell_00000150,2024-09-15 16:33:11,13.23,1.62
order_00000133,1,prod_00000337,sell_00000062,2024-07-02 10:55:37,63.33,11.18
order_00000134,1,prod_00000797,sell_00000141,2024-01-16 10:11:23,55.42,6.02
order_00000135,1,prod_00000214,sell_00000210,2024-06-21 15:39:27,87.84,13.39
order_00000136,1,prod_00000294,sell_00000057,2024-02-08 22:54:22,88.51,10.42
order_00000137,1,prod_00000548,sell_00000040,2024-02-29 21:52:25,74.67,8.24
order_00000138,1,prod_00000109,sell_00000202,2024-02-06 00:49:38,30.2,2.9
order_00000138,2,prod_00000581,sell_00000166,2024-02-08 00:49:38,70.32,3.37
order_00000138,3,prod_00000277,sell_00000079,2024-02-08 00:49:38,29.67,3.97
order_00000139,1,prod_00000039,sell_00000232,2025-04-05 03:37:52,102.82,7.16
order_00000140,1,prod_00000069,sell_00000076,2026-01-01 04:04:36,40.58,2.7
order_00000140,2,prod_00000684,sell_00000228,2026-01-01 04:04:36,19.62,2.29
order_00000141,1,prod_00000680,sell_00000236,2024-11-08 10:00:56,263.09,45.0
order_00000141,2,prod_00000431,sell_00000032,2024-11-07 10:00:56,139.27,8.56
order_00000142,1,prod_00000388,sell_00000052,2024-07-02 12:41:05,105.71,6.02
order_00000143,1,prod_00000407,sell_00000139,2024-12-21 10:29:42,24.5,1.71
order_00000144,1,prod_00000052,sell_00000002,2024-03-31 00:29:46,12.07,1.33
order_00000144,2,prod_00000611,sell_00000177,2024-03-31 00:29:46,25.87,2.77
order_00000145,1,prod_00000273,sell_00000075,2024-08-22 04:18:34,91.89,14.89
order_00000146,1,prod_00000597,sell_00000149,2024-05-18 03:02:45,89.42,8.44
order_00000147,1,prod_00000261,sell_00000127,2025-01-07 21:28:10,94.53,14.5
order_00000147,2,prod_00000401,sell_00000203,2025-01-06 21:28:10,180.05,14.05
order_00000148,1,prod_00000668,sell_00000089,2025-08-31 15:44:05,22.47,3.93
order_00000149,1,prod_00000566,sell_00000195,2025-07-25 17:21:17,124.92,16.92
order_00000150,1,prod_00000022,sell_00000137,2025-12-31 18:39:59,31.84,2.77
order_00000150,2,prod_00000236,sell_00000224,2026-01-04 18:39:59,19.48,1.22
order_00000150,3,prod_00000771,sell_00000067,2026-01-03 18:39:59,28.69,3.25
order_00000150,4,prod_00000683,sell_00000054,2026-01-03 18:39:59,12.82,1.25
order_00000151,1,prod_00000586,sell_00000082,2024-07-26 10:10:03,60.54,8.23
order_00000152,1,prod_00000225,sell_00000096,2025-04-17 04:09:40,30.56,4.86
order_00000153,1,prod_00000485,sell_00000136,2025-04-25 15:17:58,34.9,2.46
order_00000154,1,prod_00000711,sell_00000199,2024-11-12 02:17:34,32.21,5.14
order_00000154,2,prod_00000714,sell_00000056,2024-11-11 02:17:34,47.84,6.96
order_00000155,1,prod_00000105,sell_00000180,2025-08-18 09:12:38,31.74,4.99
order_00000156,1,prod_00000428,sell_00000004,2025-04-08 09:38:56,186.88,27.49
order_00000156,2,prod_00000579,sell_00000101,2025-04-12 09:38:56,83.84,6.36
order_00000156,3,prod_00000710,sell_00000134,2025-04-10 09:38:56,124.58,11.28
order_00000156,4,prod_00000542,sell_00000152,2025-04-09 09:38:56,149.56,20.28
order_00000157,1,prod_00000182,sell_00000013,2024-07-04 06:01:07,40.2,5.66
order_00000157,2,prod_00000143,sell_00000125,2024-06-30 06:01:07,42.1,3.32
order_00000158,1,prod_00000556,sell_00000106,2025-10-13 04:37:44,152.61,24.54
order_00000159,1,prod_00000730,sell_00000010,2025-08-14 07:22:19,28.91,1.0
order_00000159,2,prod_00000083,sell_00000101,2025-08-15 07:22:19,78.68,3.38
order_00000160,1,prod_00000061,sell_00000236,2024-04-12 16:45:16,467.74,34.36
order_00000161,1,prod_00000453,sell_00000096,2025-11-01 22:59:04,35.86,4.66
order_00000161,2,prod_00000491,sell_00000183,2025-11-04 22:59:04,42.63,5.82
order_00000162,1,prod_00000529,sell_00000039,2025-05-25 20:21:25,132.35,5.68
order_00000163,1,prod_00000065,sell_00000240,2024-12-28 09:02:54,32.94,2.99
order_00000163,2,prod_00000737,sell_00000031,2024-12-31 09:02:54,79.17,7.11
order_00000163,3,prod_00000392,sell_00000143,2024-12-30 09:02:54,29.61,5.12
order_00000164,1,prod_00000193,sell_00000126,2024-01-21 02:05:30,20.01,2.4
order_00000165,1,prod_00000549,sell_00000141,2024-03-31 02:51:35,77.0,10.27
order_00000165,2,prod_00000211,sell_00000017,2024-03-29 02:51:35,43.06,6.66
order_00000165,3,prod_00000551,sell_00000085,2024-03-30 02:51:35,40.72,3.55
order_00000166,1,prod_00000052,sell_00000083,2025-01-27 00:43:39,28.27,4.76
order_00000166,2,prod_00000024,sell_00000134,2025-01-24 00:43:39,265.21,11.9
order_00000166,3,prod_00000152,sell_00000035,2025-01-25 00:43:39,69.84,8.84
order_00000167,1,prod_00000305,sell_00000123,2025-06-09 01:09:31,37.02,4.77
order_00000168,1,prod_00000425,sell_00000019,2024-10-18 00:44:29,96.77,7.34
order_00000169,1,prod_00000444,sell_00000181,2024-04-30 01:45:30,27.88,3.89
order_00000169,2,prod_00000654,sell_00000006,2024-04-27 01:45:30,35.25,5.68
order_00000169,3,prod_00000733,sell_00000007,2024-05-02 01:45:30,53.14,5.28
order_00000170,1,prod_00000206,sell_00000179,2025-12-17 07:05:13,32.34,3.91
order_00000170,2,prod_00000238,sell_00000233,2025-12-13 07:05:13,141.27,14.03
order_00000171,1,prod_00000448,sell_00000141,2025-11-09 02:49:58,70.39,2.44
order_00000172,1,prod_00000181,sell_00000102,2024-09-11 09:33:50,23.47,1.0
order_00000173,1,prod_00000691,sell_00000071,2025-12-12 02:47:11,9.0,0.32
order_00000173,2,prod_00000125,sell_00000124,2025-12-13 02:47:11,225.43,18.4
order_00000173,3,prod_00000789,sell_00000220,2025-12-13 02:47:11,99.76,5.77
order_00000174,1,prod_00000276,sell_00000152,2024-07-19 05:27:17,34.84,2.7
order_00000175,1,prod_00000318,sell_00000246,2025-12-05 07:21:17,62.3,11.04
order_00000176,1,prod_00000128,sell_00000162,2025-11-17 00:31:27,24.91,3.21
order_00000177,1,prod_00000086,sell_00000081,2024-03-10 00:43:00,109.63,5.45
order_00000178,1,prod_00000614,sell_00000202,2024-05-10 18:28:31,135.1,16.59
order_00000178,2,prod_00000265,sell_00000215,2024-05-08 18:28:31,22.12,0.84
order_00000178,3,prod_00000651,sell_00000080,2024-05-06 18:28:31,84.21,5.09
order_00000179,1,prod_00000209,sell_00000112,2025-08-13 19:58:44,18.77,0.93
order_00000180,1,prod_00000459,sell_00000147,2025-05-05 22:23:03,40.33,6.43
order_00000181,1,prod_00000319,sell_00000200,2024-01-12 10:05:26,19.61,1.75
order_00000182,1,prod_00000105,sell_00000160,2025-04-15 18:27:38,47.37,4.59
order_00000183,1,prod_00000578,sell_00000135,2025-10-12 04:32:11,214.13,31.92
order_00000184,1,prod_00000375,sell_00000073,2025-03-30 02:36:39,136.57,14.07
order_00000184,2,prod_00000326,sell_00000101,2025-03-31 02:36:39,124.24,16.59
order_00000184,3,prod_00000389,sell_00000229,2025-03-29 02:36:39,36.29,1.23
order_00000185,1,prod_00000456,sell_00000148,2024-04-29 01:20:01,256.49,13.83
order_00000185,2,prod_00000014,sell_00000242,2024-04-28 01:20:01,45.09,6.77
order_00000185,3,prod_00000559,sell_00000049,2024-05-03 01:20:01,22.49,4.04
order_00000185,4,prod_00000293,sell_00000138,2024-04-30 01:20:01,16.2,2.76
order_00000186,1,prod_00000457,sell_00000119,2024-01-09 03:31:21,69.37,2.7
order_00000186,2,prod_00000240,sell_00000152,2024-01-12 03:31:21,13.17,0.66
order_00000187,1,prod_00000286,sell_00000004,2025-05-26 05:07:14,57.56,9.89
order_00000188,1,prod_00000355,sell_00000198,2025-09-06 19:35:24,30.6,4.26
order_00000188,2,prod_00000775,sell_00000165,2025-09-07 19:35:24,26.35,2.25
order_00000188,3,prod_00000109,sell_00000079,2025-09-08 19:35:24,51.34,1.81
order_00000188,4,prod_00000289,sell_00000185,2025-09-05 19:35:24,48.12,7.21
order_00000189,1,prod_00000590,sell_00000034,2024-02-19 20:20:08,47.04,2.86
order_00000190,1,prod_00000651,sell_00000195,2024-06-15 15:49:24,16.98,1.93
order_00000191,1,prod_00000241,sell_00000165,2025-05-25 05:13:05,13.2,1.49
order_00000192,1,prod_00000739,sell_00000074,2024-06-07 19:50:42,107.18,10.07
order_00000193,1,prod_00000292,sell_00000245,2024-09-11 10:59:13,33.52,5.21
order_00000194,1,prod_00000081,sell_00000051,2024-11-05 09:05:51,68.65,2.21
order_00000195,1,prod_00000585,sell_00000001,2025-07-21 02:21:41,25.58,2.55
order_00000196,1,prod_00000259,sell_00000065,2024-10-24 22:31:40,65.81,11.42
order_00000197,1,prod_00000308,sell_00000206,2024-02-07 07:39:19,21.16,1.79
order_00000198,1,prod_00000319,sell_00000217,2025-09-12 02:20:40,25.66,4.52
order_00000198,2,prod_00000159,sell_00000157,2025-09-10 02:20:40,38.53,4.18
order_00000199,1,prod_00000758,sell_00000083,2025-08-07 17:20:26,87.32,3.16
order_00000200,1,prod_00000491,sell_00000205,2024-02-20 22:51:12,28.91,4.31
order_00000201,1,prod_00000713,sell_00000067,2024-12-22 06:52:59,25.16,4.42
order_00000202,1,prod_00000180,sell_00000047,2025-12-13 09:40:37,47.02,4.27
order_00000203,1,prod_00000214,sell_00000103,2024-01-18 08:28:30,46.9,7.89
order_00000204,1,prod_00000119,sell_00000139,2024-04-21 12:33:31,32.77,3.8
order_00000205,1,prod_00000604,sell_00000159,2024-10-04 00:25:45,51.24,2.65
order_00000206,1,prod_00000454,sell_00000111,2025-04-08 21:01:35,31.09,2.72
order_00000206,2,prod_00000751,sell_00000203,2025-04-10 21:01:35,81.95,6.83
order_00000207,1,prod_00000682,sell_00000204,2025-05-01 19:04:27,50.41,1.99
order_00000207,2,prod_00000357,sell_00000236,2025-05-04 19:04:27,51.13,2.73
order_00000208,1,prod_00000294,sell_00000015,2025-09-19 18:59:29,74.67,8.46
order_00000209,1,prod_00000775,sell_00000048,2024-04-21 19:35:39,61.04,4.41
order_00000209,2,prod_00000469,sell_00000154,2024-04-26 19:35:39,24.32,3.06
order_00000210,1,prod_00000103,sell_00000168,2025-03-06 04:15:21,27.96,2.0
order_00000211,1,prod_00000548,sell_00000076,2025-07-28 20:46:16,30.88,3.56
order_00000211,2,prod_00000552,sell_00000085,2025-07-28 20:46:16,66.94,8.39
order_00000212,1,prod_00000007,sell_00000010,2024-01-25 08:42:35,92.13,13.21
order_00000213,1,prod_00000614,sell_00000063,2025-10-17 02:45:59,28.91,2.04
order_00000214,1,prod_00000136,sell_00000150,2024-02-29 13:18:53,226.67,16.94
order_00000215,1,prod_00000518,sell_00000032,2025-06-14 14:57:39,65.77,10.84
order_00000216,1,prod_00000066,sell_00000111,2025-06-18 14:31:47,32.84,1.9
order_00000217,1,prod_00000498,sell_00000085,2024-08-06 00:52:08,38.04,6.44
order_00000218,1,prod_00000359,sell_00000099,2025-10-12 22:30:36,127.2,15.85
order_00000218,2,prod_00000065,sell_00000092,2025-10-12 22:30:36,86.84,10.21
order_00000218,3,prod_00000241,sell_00000023,2025-10-17 22:30:36,95.63,3.42
order_00000218,4,prod_00000292,sell_00000139,2025-10-16 22:30:36,79.26,8.67
order_00000219,1,prod_00000730,sell_00000249,2024-11-01 21:18:53,57.63,9.59
order_00000220,1,prod_00000374,sell_00000236,2024-02-13 08:20:03,139.04,17.37
order_00000221,1,prod_00000786,sell_00000064,2025-03-23 20:28:54,119.12,7.22
order_00000222,1,prod_00000560,sell_00000233,2025-11-07 08:34:23,35.08,5.99
order_00000223,1,prod_00000193,sell_00000116,2024-04-12 20:37:30,25.61,3.1
order_00000223,2,prod_00000717,sell_00000091,2024-04-14 20:37:30,262.52,14.16
order_00000224,1,prod_00000731,sell_00000125,2025-07-24 07:14:57,43.09,4.35
order_00000225,1,prod_00000240,sell_00000155,2025-05-01 16:17:46,82.98,14.49
order_00000226,1,prod_00000473,sell_00000195,2024-12-19 13:38:18,73.23,2.75
order_00000227,1,prod_00000348,sell_00000002,2024-05-29 16:50:00,14.97,0.88
order_00000228,1,prod_00000789,sell_00000055,2025-09-11 03:59:47,19.08,1.39
order_00000229,1,prod_00000124,sell_00000109,2024-07-31 13:25:24,8.93,1.38
order_00000230,1,prod_00000594,sell_00000058,2025-07-18 07:25:40,45.87,3.0
order_00000231,1,prod_00000492,sell_00000159,2024-04-11 20:53:45,37.31,3.09
order_00000232,1,prod_00000291,sell_00000023,2025-12-12 03:22:57,22.91,2.91
order_00000233,1,prod_00000313,sell_00000045,2024-05-19 07:00:39,14.68,2.6
order_00000234,1,prod_00000179,sell_00000000,2025-12-12 04:06:41,78.89,11.22
order_00000235,1,prod_00000616,sell_00000119,2025-02-25 23:02:46,32.5,2.7
order_00000236,1,prod_00000428,sell_00000024,2025-02-27 09:03:31,25.43,3.91
order_00000237,1,prod_00000343,sell_00000243,2025-11-22 01:55:37,596.1,20.15
order_00000237,2,prod_00000312,sell_00000187,2025-11-21 01:55:37,27.21,2.97
order_00000238,1,prod_00000223,sell_00000017,2024-06-07 04:33:59,72.94,11.05
order_00000238,2,prod_00000204,sell_00000146,2024-06-07 04:33:59,39.74,2.89
order_00000238,3,prod_00000305,sell_00000049,2024-06-10 04:33:59,77.25,10.43
order_00000239,1,prod_00000091,sell_00000165,2025-09-28 13:42:40,44.52,2.9
order_00000240,1,prod_00000124,sell_00000002,2024-01-31 12:08:55,91.39,5.57
order_00000241,1,prod_00000334,sell_00000176,2025-03-08 01:36:51,195.75,19.77
order_00000242,1,prod_00000066,sell_00000001,2025-01-03 18:24:35,16.13,1.34
order_00000243,1,prod_00000499,sell_00000205,2025-04-30 06:22:46,20.76,3.34
order_00000244,1,prod_00000634,sell_00000042,2025-11-13 17:33:12,20.6,1.67
order_00000245,1,prod_00000490,sell_00000167,2024-01-08 13:11:20,21.16,0.99
order_00000246,1,prod_00000786,sell_00000140,2024-10-20 21:33:16,59.43,4.57
order_00000247,1,prod_00000297,sell_00000023,2025-07-19 13:16:54,27.53,2.52
order_00000247,2,prod_00000210,sell_00000091,2025-07-18 13:16:54,185.88,10.06
order_00000248,1,prod_00000706,sell_00000081,2024-02-06 09:48:34,16.87,2.63
order_00000249,1,prod_00000411,sell_00000119,2025-02-05 05:08:06,31.23,3.34
order_00000250,1,prod_00000306,sell_00000163,2024-09-02 10:05:55,117.98,20.43
order_00000251,1,prod_00000171,sell_00000071,2025-05-18 08:10:49,51.05,4.23
order_00000252,1,prod_00000173,sell_00000150,2024-12-17 12:29:09,46.12,6.22
order_00000253,1,prod_00000336,sell_00000190,2025-11-10 04:59:32,13.84,0.89
order_00000254,1,prod_00000444,sell_00000111,2024-10-03 05:16:00,144.48,7.0
order_00000255,1,prod_00000019,sell_00000117,2025-11-09 17:27:52,311.96,9.82
order_00000256,1,prod_00000150,sell_00000213,2025-02-05 18:26:43,13.42,1.17
order_00000256,2,prod_00000600,sell_00000045,2025-02-01 18:26:43,16.15,1.59
order_00000257,1,prod_00000677,sell_00000010,2025-11-11 14:51:56,96.52,12.77
order_00000257,2,prod_00000596,sell_00000248,2025-11-10 14:51:56,53.54,4.38
order_00000258,1,prod_00000644,sell_00000072,2024-04-14 11:39:00,129.99,22.91
order_00000258,2,prod_00000609,sell_00000106,2024-04-09 11:39:00,31.45,1.64
order_00000258,3,prod_00000151,sell_00000038,2024-04-10 11:39:00,36.18,4.06
order_00000259,1,prod_00000434,sell_00000073,2025-10-06 03:57:07,61.94,5.82
order_00000260,1,prod_00000617,sell_00000163,2025-12-03 03:28:42,36.08,6.2
order_00000261,1,prod_00000441,sell_00000045,2024-01-24 13:42:36,18.8,0.78
order_00000261,2,prod_00000603,sell_00000150,2024-01-24 13:42:36,131.32,8.48
order_00000261,3,prod_00000182,sell_00000063,2024-01-21 13:42:36,340.47,17.48
order_00000262,1,prod_00000704,sell_00000185,2025-09-16 02:09:50,15.78,1.92
order_00000262,2,prod_00000467,sell_00000153,2025-09-16 02:09:50,81.12,8.6
order_00000263,1,prod_00000424,sell_00000031,2024-12-18 23:22:49,71.73,2.34
order_00000264,1,prod_00000215,sell_00000249,2024-05-27 09:39:58,75.88,6.53
order_00000265,1,prod_00000205,sell_00000137,2024-03-29 02:23:50,84.13,8.68
order_00000266,1,prod_00000465,sell_00000080,2024-09-27 08:25:10,57.2,7.06
order_00000267,1,prod_00000485,sell_00000054,2025-08-21 12:48:14,118.55,16.32
order_00000268,1,prod_00000311,sell_00000114,2024-08-21 06:48:00,34.07,5.42
order_00000269,1,prod_00000719,sell_00000055,2025-03-25 08:35:41,141.39,9.94
order_00000270,1,prod_00000155,sell_00000081,2024-09-25 01:51:14,26.08,1.77
order_00000270,2,prod_00000117,sell_00000175,2024-09-28 01:51:14,244.61,15.29
order_00000270,3,prod_00000539,sell_00000086,2024-09-27 01:51:14,21.04,2.88
order_00000270,4,prod_00000514,sell_00000006,2024-09-27 01:51:14,60.48,6.19
order_00000271,1,prod_00000466,sell_00000073,2024-03-03 17:02:28,127.52,5.84
order_00000272,1,prod_00000113,sell_00000213,2025-05-19 19:50:59,138.8,20.41
order_00000273,1,prod_00000570,sell_00000172,2025-08-28 07:09:32,33.76,3.3
order_00000273,2,prod_00000562,sell_00000178,2025-09-01 07:09:32,13.17,1.42
order_00000274,1,prod_00000570,sell_00000008,2024-06-04 11:05:41,138.85,13.37
order_00000274,2,prod_00000261,sell_00000166,2024-06-06 11:05:41,22.08,3.15
order_00000274,3,prod_00000788,sell_00000191,2024-06-04 11:05:41,149.78,25.65
order_00000275,1,prod_00000591,sell_00000119,2024-02-03 12:06:44,15.73,1.82
order_00000276,1,prod_00000678,sell_00000242,2024-05-09 23:20:03,19.82,1.43
order_00000277,1,prod_00000737,sell_00000069,2024-12-22 05:43:50,68.55,2.36
order_00000278,1,prod_00000305,sell_00000191,2025-11-02 22:00:08,36.36,1.34
order_00000279,1,prod_00000763,sell_00000243,2024-10-13 08:53:26,115.92,4.74
order_00000280,1,prod_00000797,sell_00000037,2025-08-23 21:55:58,23.35,1.36
order_00000281,1,prod_00000009,sell_00000202,2025-02-14 14:33:54,26.75,2.77
order_00000281,2,prod_00000377,sell_00000071,2025-02-15 14:33:54,126.38,4.18
order_00000281,3,prod_00000337,sell_00000201,2025-02-17 14:33:54,42.16,6.24
order_00000281,4,prod_00000752,sell_00000155,2025-02-19 14:33:54,172.91,13.58
order_00000282,1,prod_00000512,sell_00000182,2024-09-05 04:40:16,94.14,5.18
order_00000283,1,prod_00000706,sell_00000114,2024-09-30 23:07:28,46.72,1.53
order_00000284,1,prod_00000040,sell_00000204,2024-12-19 12:15:15,30.32,3.03
order_00000285,1,prod_00000075,sell_00000033,2024-02-03 09:47:40,24.87,1.72
order_00000285,2,prod_00000706,sell_00000128,2024-02-04 09:47:40,193.11,33.15
order_00000286,1,prod_00000459,sell_00000094,2025-08-19 19:23:33,128.12,13.83
order_00000286,2,prod_00000560,sell_00000039,2025-08-17 19:23:33,198.45,28.21
order_00000287,1,prod_00000181,sell_00000242,2024-06-05 18:35:50,56.49,8.53
order_00000288,1,prod_00000085,sell_00000139,2025-01-16 05:46:04,56.46,5.56
order_00000289,1,prod_00000273,sell_00000199,2024-08-15 17:31:04,94.86,16.57
order_00000289,2,prod_00000012,sell_00000148,2024-08-13 17:31:04,57.38,2.01
order_00000289,3,prod_00000367,sell_00000163,2024-08-16 17:31:04,93.5,16.76
order_00000290,1,prod_00000138,sell_00000190,2025-05-15 08:48:23,25.56,1.46
order_00000290,2,prod_00000344,sell_00000245,2025-05-18 08:48:23,175.56,24.39
order_00000290,3,prod_00000469,sell_00000218,2025-05-14 08:48:23,83.28,13.51
order_00000291,1,prod_00000475,sell_00000228,2024-07-23 17:19:35,35.54,4.95
order_00000292,1,prod_00000247,sell_00000234,2024-03-23 07:01:07,193.62,14.08
order_00000293,1,prod_00000426,sell_00000221,2025-03-03 13:02:48,14.28,0.84
order_00000293,2,prod_00000361,sell_00000002,2025-02-28 13:02:48,76.57,12.36
order_00000293,3,prod_00000375,sell_00000161,2025-03-03 13:02:48,219.65,32.09
order_00000293,4,prod_00000142,sell_00000175,2025-03-03 13:02:48,52.81,4.79
order_00000294,1,prod_00000648,sell_00000111,2025-06-24 09:46:08,23.73,1.72
order_00000295,1,prod_00000022,sell_00000035,2025-04-04 10:47:01,50.7,1.71
order_00000295,2,prod_00000286,sell_00000188,2025-04-07 10:47:01,54.23,7.71
order_00000295,3,prod_00000130,sell_00000108,2025-04-07 10:47:01,142.2,18.44
order_00000295,4,prod_00000222,sell_00000112,2025-04-05 10:47:01,163.08,17.18
order_00000296,1,prod_00000484,sell_00000146,2024-10-24 14:14:41,88.57,5.75
order_00000296,2,prod_00000445,sell_00000021,2024-10-26 14:14:41,46.56,4.1
order_00000297,1,prod_00000303,sell_00000098,2025-05-15 20:45:29,140.86,17.24
order_00000297,2,prod_00000195,sell_00000180,2025-05-16 20:45:29,56.14,6.71
order_00000298,1,prod_00000611,sell_00000122,2025-01-06 10:08:34,32.12,5.39
order_00000298,2,prod_00000121,sell_00000217,2025-01-07 10:08:34,29.67,5.17
order_00000298,3,prod_00000799,sell_00000135,2025-01-02 10:08:34,55.36,6.49
order_00000299,1,prod_00000638,sell_00000162,2024-10-13 01:56:03,17.23,2.69
order_00000300,1,prod_00000709,sell_00000073,2024-01-05 00:26:45,30.85,3.9
order_00000301,1,prod_00000311,sell_00000004,2024-02-05 22:21:55,80.86,13.27
order_00000302,1,prod_00000085,sell_00000213,2025-08-25 01:31:44,23.08,2.48
order_00000303,1,prod_00000658,sell_00000012,2024-12-14 14:51:57,100.65,13.8
order_00000303,2,prod_00000421,sell_00000172,2024-12-11 14:51:57,122.16,4.08
order_00000303,3,prod_00000640,sell_00000004,2024-12-13 14:51:57,36.01,3.35
order_00000303,4,prod_00000076,sell_00000144,2024-12-13 14:51:57,78.99,13.73
order_00000304,1,prod_00000123,sell_00000204,2024-10-23 13:03:00,52.4,7.35
order_00000305,1,prod_00000169,sell_00000070,2024-11-05 17:03:52,102.47,12.22
order_00000306,1,prod_00000010,sell_00000155,2025-11-21 09:26:35,30.13,1.17
order_00000306,2,prod_00000241,sell_00000069,2025-11-21 09:26:35,42.56,2.42
order_00000307,1,prod_00000753,sell_00000231,2025-01-29 02:18:34,18.33,2.52
order_00000308,1,prod_00000318,sell_00000018,2024-12-09 23:18:46,31.88,3.26
order_00000309,1,prod_00000495,sell_00000041,2025-09-20 04:19:09,46.25,4.47
order_00000310,1,prod_00000635,sell_00000031,2024-08-11 07:25:10,18.97,1.94
order_00000311,1,prod_00000607,sell_00000091,2025-02-03 01:27:09,82.54,13.26
order_00000311,2,prod_00000340,sell_00000194,2025-02-04 01:27:09,19.97,1.47
order_00000312,1,prod_00000200,sell_00000127,2025-06-29 18:52:32,38.21,3.75
order_00000312,2,prod_00000519,sell_00000030,2025-06-29 18:52:32,31.46,1.04
order_00000312,3,prod_00000335,sell_00000109,2025-06-30 18:52:32,125.61,9.4
order_00000312,4,prod_00000644,sell_00000139,2025-07-03 18:52:32,55.3,5.32
order_00000313,1,prod_00000251,sell_00000127,2024-03-04 22:12:48,69.06,11.62
order_00000313,2,prod_00000318,sell_00000223,2024-03-01 22:12:48,77.13,6.17
order_00000314,1,prod_00000430,sell_00000082,2025-01-25 13:28:23,43.27,1.98
order_00000315,1,prod_00000572,sell_00000232,2025-06-13 20:00:53,88.78,6.82
order_00000316,1,prod_00000433,sell_00000225,2024-11-23 20:51:32,36.04,1.48
order_00000316,2,prod_00000191,sell_00000030,2024-11-23 20:51:32,91.89,11.97
order_00000316,3,prod_00000360,sell_00000170,2024-11-25 20:51:32,44.89,1.65
order_00000317,1,prod_00000364,sell_00000144,2024-06-02 11:18:44,46.51,6.95
order_00000318,1,prod_00000531,sell_00000017,2024-05-26 05:35:23,109.3,13.47
order_00000319,1,prod_00000525,sell_00000167,2025-03-31 19:31:08,22.92,3.86
order_00000319,2,prod_00000224,sell_00000213,2025-03-29 19:31:08,47.88,7.69
order_00000319,3,prod_00000670,sell_00000115,2025-03-31 19:31:08,14.95,2.07
order_00000320,1,prod_00000466,sell_00000090,2025-11-07 02:31:16,90.36,13.75
order_00000321,1,prod_00000624,sell_00000128,2025-08-16 03:27:38,21.61,2.0
order_00000321,2,prod_00000018,sell_00000025,2025-08-17 03:27:38,40.7,2.69
order_00000322,1,prod_00000367,sell_00000014,2025-03-04 15:48:58,108.29,10.78
order_00000323,1,prod_00000127,sell_00000104,2024-11-14 21:59:09,84.44,7.83
order_00000324,1,prod_00000183,sell_00000248,2024-04-22 03:27:01,38.46,2.27
order_00000325,1,prod_00000081,sell_00000246,2024-01-30 02:45:35,54.0,6.03
order_00000325,2,prod_00000381,sell_00000003,2024-01-30 02:45:35,47.17,3.72
order_00000325,3,prod_00000482,sell_00000232,2024-01-30 02:45:35,34.57,2.86
order_00000325,4,prod_00000651,sell_00000210,2024-01-27 02:45:35,82.13,8.49
order_00000326,1,prod_00000581,sell_00000202,2024-10-23 08:10:48,128.93,18.79
order_00000327,1,prod_00000667,sell_00000201,2025-09-29 02:11:05,59.69,9.31
order_00000328,1,prod_00000504,sell_00000041,2025-05-27 22:30:14,37.31,6.33
order_00000329,1,prod_00000314,sell_00000077,2025-02-12 08:54:21,202.66,22.31
order_00000330,1,prod_00000572,sell_00000077,2024-09-23 20:29:23,283.94,44.54
order_00000331,1,prod_00000038,sell_00000006,2026-01-02 15:39:07,35.85,1.47
order_00000331,2,prod_00000752,sell_00000046,2026-01-04 15:39:07,61.98,6.07
order_00000331,3,prod_00000288,sell_00000226,2026-01-04 15:39:07,156.32,6.23
order_00000332,1,prod_00000052,sell_00000236,2024-09-30 11:10:20,19.34,1.91
order_00000333,1,prod_00000156,sell_00000102,2025-08-09 19:07:58,37.27,3.02
order_00000334,1,prod_00000307,sell_00000243,2025-12-07 18:38:28,502.8,74.99
order_00000335,1,prod_00000008,sell_00000065,2025-11-02 17:39:45,71.67,3.15
order_00000336,1,prod_00000520,sell_00000068,2025-11-14 18:06:04,14.96,0.99
order_00000337,1,prod_00000621,sell_00000233,2025-10-19 21:10:49,36.29,2.7
order_00000338,1,prod_00000216,sell_00000058,2024-11-12 07:58:37,126.1,6.83
order_00000339,1,prod_00000757,sell_00000083,2025-05-21 13:34:21,36.61,6.05
order_00000340,1,prod_00000469,sell_00000189,2025-07-26 05:01:19,104.04,11.85
order_00000341,1,prod_00000379,sell_00000189,2024-04-05 09:34:10,55.82,4.03
order_00000341,2,prod_00000251,sell_00000031,2024-04-07 09:34:10,76.96,11.87
order_00000342,1,prod_00000298,sell_00000068,2024-10-09 05:51:46,31.38,2.69
order_00000343,1,prod_00000678,sell_00000247,2025-02-06 21:43:11,112.38,16.42
order_00000344,1,prod_00000486,sell_00000038,2025-06-25 19:30:28,15.32,1.46
order_00000344,2,prod_00000436,sell_00000151,2025-06-26 19:30:28,35.61,6.08
order_00000344,3,prod_00000113,sell_00000180,2025-06-30 19:30:28,111.48,16.02
order_00000344,4,prod_00000380,sell_00000196,2025-06-28 19:30:28,42.41,6.5
order_00000345,1,prod_00000088,sell_00000123,2025-06-24 13:19:01,47.07,4.27
order_00000346,1,prod_00000231,sell_00000082,2024-09-16 16:25:43,197.98,29.34
order_00000346,2,prod_00000332,sell_00000001,2024-09-15 16:25:43,44.89,3.59
order_00000346,3,prod_00000701,sell_00000179,2024-09-15 16:25:43,54.73,4.41
order_00000347,1,prod_00000314,sell_00000196,2024-02-27 09:39:11,94.37,16.45
order_00000348,1,prod_00000730,sell_00000159,2024-02-14 18:23:35,227.01,22.35
order_00000349,1,prod_00000158,sell_00000023,2025-05-19 17:12:06,134.87,10.41
order_00000350,1,prod_00000319,sell_00000119,2024-07-06 23:46:12,121.65,10.37
order_00000351,1,prod_00000163,sell_00000049,2024-09-11 05:32:57,135.76,13.31
order_00000351,2,prod_00000018,sell_00000132,2024-09-16 05:32:57,47.4,7.65
order_00000351,3,prod_00000052,sell_00000173,2024-09-13 05:32:57,35.25,2.54
order_00000351,4,prod_00000697,sell_00000024,2024-09-12 05:32:57,53.78,5.24
order_00000352,1,prod_00000675,sell_00000066,2025-11-11 15:44:35,46.98,3.85
order_00000353,1,prod_00000585,sell_00000222,2024-12-02 13:55:27,19.87,3.11
order_00000354,1,prod_00000218,sell_00000088,2024-11-04 12:06:04,9.71,0.29
order_00000355,1,prod_00000590,sell_00000070,2024-02-08 11:20:06,49.39,3.62
order_00000356,1,prod_00000531,sell_00000199,2024-02-10 08:29:55,17.69,0.73
order_00000356,2,prod_00000371,sell_00000118,2024-02-10 08:29:55,278.61,36.34
order_00000356,3,prod_00000666,sell_00000001,2024-02-12 08:29:55,33.04,5.24
order_00000357,1,prod_00000193,sell_00000122,2025-02-15 21:23:09,173.66,7.81
order_00000358,1,prod_00000207,sell_00000181,2025-01-04 06:14:33,30.79,3.04
order_00000359,1,prod_00000308,sell_00000019,2025-11-14 12:31:57,17.09,2.97
order_00000360,1,prod_00000185,sell_00000107,2025-11-04 12:58:13,36.44,3.97
order_00000361,1,prod_00000035,sell_00000210,2024-09-21 09:06:26,38.79,6.39
order_00000362,1,prod_00000035,sell_00000039,2025-05-18 12:22:54,32.17,4.67
order_00000363,1,prod_00000690,sell_00000112,2025-09-12 07:11:36,48.22,3.24
order_00000364,1,prod_00000207,sell_00000006,2024-09-06 16:36:59,135.63,10.22
order_00000365,1,prod_00000594,sell_00000160,2025-09-21 10:37:24,68.48,11.7
order_00000366,1,prod_00000349,sell_00000241,2024-11-26 08:12:19,28.46,2.37
order_00000366,2,prod_00000517,sell_00000165,2024-11-28 08:12:19,49.35,8.31
order_00000366,3,prod_00000170,sell_00000150,2024-11-24 08:12:19,52.46,5.0
order_00000367,1,prod_00000345,sell_00000221,2025-09-11 02:00:44,41.46,3.16
order_00000367,2,prod_00000447,sell_00000078,2025-09-13 02:00:44,119.47,18.83
order_00000368,1,prod_00000703,sell_00000098,2024-01-09 18:40:39,45.26,6.46
order_00000369,1,prod_00000564,sell_00000053,2025-09-14 07:22:41,102.13,6.51
order_00000369,2,prod_00000069,sell_00000230,2025-09-14 07:22:41,151.97,17.18
order_00000369,3,prod_00000067,sell_00000025,2025-09-16 07:22:41,114.98,6.37
order_00000370,1,prod_00000611,sell_00000191,2024-03-05 17:49:28,34.22,4.72
order_00000370,2,prod_00000080,sell_00000102,2024-03-03 17:49:28,46.35,4.19
order_00000371,1,prod_00000544,sell_00000000,2025-10-15 22:11:39,38.41,6.84
order_00000372,1,prod_00000065,sell_00000156,2025-07-19 21:33:06,41.39,3.1
order_00000373,1,prod_00000302,sell_00000142,2024-12-17 19:41:37,15.83,0.79
order_00000374,1,prod_00000480,sell_00000077,2025-05-12 06:23:43,81.01,5.27
order_00000375,1,prod_00000183,sell_00000245,2025-11-15 06:44:36,65.44,9.04
order_00000376,1,prod_00000063,sell_00000017,2024-10-15 03:24:06,80.71,7.53
order_00000377,1,prod_00000776,sell_00000225,2025-01-03 07:49:24,142.89,20.52
order_00000378,1,prod_00000623,sell_00000216,2025-12-25 08:40:36,57.23,8.94
order_00000378,2,prod_00000119,sell_00000156,2025-12-27 08:40:36,89.29,3.86
order_00000379,1,prod_00000528,sell_00000072,2024-07-10 04:48:24,62.18,2.81
order_00000380,1,prod_00000616,sell_00000197,2024-10-25 22:06:33,33.54,1.08
order_00000380,2,prod_00000328,sell_00000093,2024-10-25 22:06:33,31.36,5.51
order_00000380,3,prod_00000155,sell_00000043,2024-10-21 22:06:33,16.03,1.5
order_00000381,1,prod_00000611,sell_00000144,2025-11-10 13:48:28,155.69,12.15
order_00000382,1,prod_00000139,sell_00000127,2025-05-06 11:12:10,84.08,14.93
order_00000383,1,prod_00000251,sell_00000016,2025-07-15 07:50:19,45.02,7.44
order_00000383,2,prod_00000490,sell_00000195,2025-07-17 07:50:19,43.07,5.37
order_00000384,1,prod_00000738,sell_00000115,2024-09-10 16:20:26,64.2,2.45
order_00000385,1,prod_00000136,sell_00000021,2025-09-17 18:00:22,76.28,6.25
order_00000386,1,prod_00000774,sell_00000101,2025-08-04 04:07:35,46.49,2.07
order_00000386,2,prod_00000365,sell_00000062,2025-07-31 04:07:35,47.35,7.38
order_00000386,3,prod_00000249,sell_00000058,2025-08-02 04:07:35,140.02,9.14
order_00000387,1,prod_00000051,sell_00000152,2025-05-21 11:20:19,74.99,11.12
order_00000388,1,prod_00000189,sell_00000138,2024-11-04 18:55:38,33.16,3.36
order_00000388,2,prod_00000606,sell_00000241,2024-11-07 18:55:38,62.84,5.62
order_00000389,1,prod_00000641,sell_00000052,2024-09-16 18:17:59,114.21,9.88
order_00000390,1,prod_00000581,sell_00000214,2024-07-09 09:46:27,251.1,16.99
order_00000391,1,prod_00000755,sell_00000231,2024-08-24 00:57:37,43.02,7.05
order_00000391,2,prod_00000117,sell_00000245,2024-08-27 00:57:37,44.18,2.06
order_00000391,3,prod_00000795,sell_00000200,2024-08-29 00:57:37,61.97,3.86
order_00000391,4,prod_00000240,sell_00000152,2024-08-27 00:57:37,160.26,9.81
order_00000392,1,prod_00000335,sell_00000177,2025-06-24 02:07:26,14.91,0.79
order_00000392,2,prod_00000673,sell_00000091,2025-06-26 02:07:26,34.68,6.0
order_00000392,3,prod_00000572,sell_00000152,2025-06-29 02:07:26,11.5,1.54
order_00000392,4,prod_00000059,sell_00000209,2025-06-27 02:07:26,146.99,17.62
order_00000393,1,prod_00000224,sell_00000181,2025-10-21 19:41:07,59.31,5.01
order_00000393,2,prod_00000345,sell_00000212,2025-10-20 19:41:07,159.48,8.02
order_00000393,3,prod_00000235,sell_00000236,2025-10-21 19:41:07,61.66,10.12
order_00000394,1,prod_00000048,sell_00000211,2024-01-18 17:38:38,152.7,18.53
order_00000395,1,prod_00000368,sell_00000016,2025-04-05 16:29:30,29.96,3.28
order_00000396,1,prod_00000055,sell_00000124,2024-01-21 23:31:39,366.57,44.25
order_00000397,1,prod_00000570,sell_00000204,2025-12-20 16:18:24,49.97,7.15
order_00000398,1,prod_00000417,sell_00000196,2024-04-02 13:29:03,149.03,16.43
order_00000398,2,prod_00000326,sell_00000022,2024-03-31 13:29:03,50.17,3.08
order_00000399,1,prod_00000326,sell_00000218,2024-03-13 13:07:01,28.94,0.89
order_00000399,2,prod_00000485,sell_00000001,2024-03-13 13:07:01,76.93,5.18
order_00000399,3,prod_00000314,sell_00000119,2024-03-15 13:07:01,123.99,6.81
order_00000399,4,prod_00000092,sell_00000101,2024-03-14 13:07:01,77.47,8.88
order_00000400,1,prod_00000197,sell_00000229,2024-10-04 17:31:44,65.71,2.93
order_00000401,1,prod_00000419,sell_00000105,2025-03-01 15:17:20,73.72,10.89
order_00000402,1,prod_00000386,sell_00000169,2024-12-21 09:03:31,19.38,3.45
order_00000403,1,prod_00000216,sell_00000052,2024-08-19 00:20:57,32.36,3.66
order_00000404,1,prod_00000090,sell_00000194,2024-12-29 06:05:32,33.04,4.74
order_00000404,2,prod_00000511,sell_00000055,2024-12-26 06:05:32,74.36,11.37
order_00000404,3,prod_00000012,sell_00000155,2024-12-29 06:05:32,193.66,19.5
order_00000404,4,prod_00000517,sell_00000166,2024-12-26 06:05:32,19.16,3.41
order_00000405,1,prod_00000770,sell_00000126,2024-10-13 11:32:33,108.39,10.73
order_00000405,2,prod_00000666,sell_00000203,2024-10-11 11:32:33,120.05,14.31
order_00000405,3,prod_00000753,sell_00000153,2024-10-12 11:32:33,20.69,3.2
order_00000406,1,prod_00000257,sell_00000182,2024-09-03 05:48:52,79.18,8.15
order_00000407,1,prod_00000313,sell_00000083,2025-03-09 09:42:38,54.53,9.09
order_00000408,1,prod_00000596,sell_00000084,2025-08-18 13:16:52,100.91,8.33
order_00000409,1,prod_00000731,sell_00000135,2024-01-03 20:07:32,46.78,8.23
order_00000409,2,prod_00000205,sell_00000175,2024-01-03 20:07:32,24.81,2.8
order_00000409,3,prod_00000721,sell_00000124,2024-01-07 20:07:32,173.59,17.07
order_00000410,1,prod_00000711,sell_00000216,2025-09-13 12:40:20,31.55,4.82
order_00000410,2,prod_00000678,sell_00000153,2025-09-13 12:40:20,51.42,7.74
order_00000410,3,prod_00000288,sell_00000040,2025-09-11 12:40:20,39.39,5.89
order_00000410,4,prod_00000713,sell_00000215,2025-09-11 12:40:20,109.32,6.29
order_00000411,1,prod_00000068,sell_00000113,2025-08-17 15:07:23,34.49,5.65
order_00000411,2,prod_00000491,sell_00000235,2025-08-18 15:07:23,114.37,10.27
order_00000411,3,prod_00000186,sell_00000141,2025-08-21 15:07:23,63.21,6.84
order_00000412,1,prod_00000460,sell_00000008,2025-06-22 21:14:11,41.97,7.26
order_00000413,1,prod_00000226,sell_00000147,2024-07-27 23:40:26,71.63,9.31
order_00000414,1,prod_00000304,sell_00000127,2024-08-08 15:46:27,17.86,3.05
order_00000415,1,prod_00000586,sell_00000110,2025-08-10 04:54:53,25.23,1.23
order_00000415,2,prod_00000070,sell_00000036,2025-08-15 04:54:53,108.55,18.0
order_00000416,1,prod_00000011,sell_00000099,2025-10-07 07:02:52,101.34,13.71
order_00000416,2,prod_00000010,sell_00000100,2025-10-07 07:02:52,154.93,18.7
order_00000416,3,prod_00000159,sell_00000054,2025-10-05 07:02:52,52.19,5.61
order_00000416,4,prod_00000603,sell_00000104,2025-10-02 07:02:52,54.11,2.35
order_00000417,1,prod_00000360,sell_00000032,2024-06-05 12:30:46,67.92,3.75
order_00000418,1,prod_00000073,sell_00000238,2025-10-02 20:35:18,34.71,5.37
order_00000418,2,prod_00000544,sell_00000214,2025-10-04 20:35:18,50.95,6.34
order_00000418,3,prod_00000185,sell_00000104,2025-10-02 20:35:18,42.45,6.22
order_00000418,4,prod_00000606,sell_00000162,2025-10-03 20:35:18,39.98,5.52
order_00000419,1,prod_00000643,sell_00000173,2025-01-30 12:25:51,39.33,2.27
order_00000420,1,prod_00000001,sell_00000153,2025-08-26 01:35:01,19.17,3.08
order_00000421,1,prod_00000322,sell_00000127,2024-05-03 06:15:47,132.9,13.43
order_00000422,1,prod_00000401,sell_00000221,2024-04-07 13:12:58,81.28,11.06
order_00000423,1,prod_00000023,sell_00000147,2025-03-08 06:29:48,23.4,2.35
order_00000424,1,prod_00000696,sell_00000065,2024-08-30 04:21:24,18.77,1.01
order_00000424,2,prod_00000176,sell_00000237,2024-09-01 04:21:24,83.64,4.88
order_00000425,1,prod_00000789,sell_00000053,2025-11-10 04:37:15,119.41,19.3
order_00000425,2,prod_00000425,sell_00000084,2025-11-11 04:37:15,119.66,4.57
order_00000426,1,prod_00000404,sell_00000239,2024-09-25 23:49:37,35.72,6.15
order_00000426,2,prod_00000357,sell_00000105,2024-09-24 23:49:37,90.74,13.13
order_00000427,1,prod_00000162,sell_00000059,2024-06-02 05:24:57,32.13,2.64
order_00000427,2,prod_00000259,sell_00000182,2024-06-01 05:24:57,50.25,5.6
order_00000427,3,prod_00000126,sell_00000086,2024-06-03 05:24:57,17.25,2.14
order_00000427,4,prod_00000171,sell_00000050,2024-06-03 05:24:57,37.5,5.98
order_00000428,1,prod_00000251,sell_00000170,2024-09-24 10:10:40,73.91,12.34
order_00000428,2,prod_00000747,sell_00000068,2024-09-25 10:10:40,132.6,11.24
order_00000429,1,prod_00000350,sell_00000042,2025-11-02 09:24:46,92.45,2.92
order_00000430,1,prod_00000075,sell_00000050,2024-08-29 12:00:46,46.74,6.18
order_00000430,2,prod_00000544,sell_00000245,2024-08-30 12:00:46,181.69,5.6
order_00000431,1,prod_00000351,sell_00000047,2025-07-04 04:26:03,16.37,1.28
order_00000432,1,prod_00000673,sell_00000243,2025-01-08 21:59:39,99.67,13.13
order_00000433,1,prod_00000797,sell_00000020,2025-02-10 18:16:54,31.77,2.53
order_00000434,1,prod_00000139,sell_00000177,2025-02-25 12:06:21,22.77,2.0
order_00000435,1,prod_00000432,sell_00000141,2025-03-19 22:42:28,64.25,7.32
order_00000436,1,prod_00000433,sell_00000105,2024-09-05 01:41:18,160.55,19.83
order_00000437,1,prod_00000681,sell_00000127,2025-07-15 12:15:26,91.15,7.58
order_00000438,1,prod_00000605,sell_00000069,2024-10-02 21:10:10,76.26,13.65
order_00000439,1,prod_00000175,sell_00000089,2025-11-13 07:56:47,67.72,3.04
order_00000439,2,prod_00000231,sell_00000174,2025-11-13 07:56:47,46.9,4.62
order_00000440,1,prod_00000193,sell_00000130,2025-08-19 10:55:15,99.27,16.63
order_00000440,2,prod_00000201,sell_00000060,2025-08-20 10:55:15,90.08,9.3
order_00000441,1,prod_00000369,sell_00000179,2025-03-23 14:28:16,61.41,3.26
order_00000442,1,prod_00000348,sell_00000158,2024-09-12 23:15:26,41.78,3.11
order_00000442,2,prod_00000199,sell_00000201,2024-09-14 23:15:26,92.9,4.65
order_00000442,3,prod_00000636,sell_00000068,2024-09-13 23:15:26,39.97,4.07
order_00000443,1,prod_00000595,sell_00000110,2024-01-11 00:49:53,42.57,5.77
order_00000443,2,prod_00000416,sell_00000184,2024-01-08 00:49:53,19.59,1.64
order_00000444,1,prod_00000092,sell_00000220,2024-04-01 07:52:19,47.62,1.57
order_00000445,1,prod_00000258,sell_00000100,2024-12-10 00:35:17,116.86,9.13
order_00000445,2,prod_00000316,sell_00000068,2024-12-09 00:35:17,218.23,31.74
order_00000445,3,prod_00000702,sell_00000096,2024-12-10 00:35:17,97.93,7.37
order_00000446,1,prod_00000484,sell_00000050,2025-01-27 18:17:53,315.89,11.4
order_00000446,2,prod_00000213,sell_00000037,2025-01-30 18:17:53,34.05,2.33
order_00000446,3,prod_00000515,sell_00000172,2025-01-27 18:17:53,24.45,2.9
order_00000446,4,prod_00000202,sell_00000219,2025-01-28 18:17:53,43.0,2.3
order_00000447,1,prod_00000049,sell_00000121,2024-08-26 17:04:14,185.05,32.86
order_00000448,1,prod_00000139,sell_00000165,2025-06-29 11:14:39,29.51,2.15
order_00000449,1,prod_00000141,sell_00000052,2024-10-12 13:15:03,47.63,3.81
order_00000450,1,prod_00000466,sell_00000192,2025-09-17 09:46:30,36.88,1.74
order_00000451,1,prod_00000640,sell_00000181,2025-08-23 22:14:15,237.79,37.53
order_00000452,1,prod_00000142,sell_00000031,2025-03-07 11:33:28,30.7,2.51
order_00000453,1,prod_00000620,sell_00000193,2025-12-02 10:26:21,106.63,16.91
order_00000454,1,prod_00000775,sell_00000072,2025-11-16 20:33:08,61.42,2.95
order_00000454,2,prod_00000221,sell_00000057,2025-11-13 20:33:08,118.89,7.39
order_00000454,3,prod_00000593,sell_00000190,2025-11-15 20:33:08,77.75,2.39
order_00000454,4,prod_00000322,sell_00000131,2025-11-16 20:33:08,30.84,5.52
order_00000455,1,prod_00000530,sell_00000073,2024-08-10 17:04:31,24.79,2.2
order_00000456,1,prod_00000124,sell_00000003,2025-08-25 13:41:50,21.41,2.2
order_00000457,1,prod_00000270,sell_00000111,2024-02-24 06:51:42,21.85,2.82
order_00000457,2,prod_00000639,sell_00000206,2024-02-28 06:51:42,9.39,0.38
order_00000458,1,prod_00000220,sell_00000230,2024-01-31 07:43:09,49.72,3.83
order_00000459,1,prod_00000483,sell_00000108,2024-10-14 09:17:26,102.46,9.73
order_00000459,2,prod_00000187,sell_00000025,2024-10-13 09:17:26,30.07,2.89
order_00000460,1,prod_00000427,sell_00000168,2024-08-19 03:22:04,74.69,3.21
order_00000461,1,prod_00000535,sell_00000125,2025-11-26 14:25:37,41.59,2.02
order_00000461,2,prod_00000169,sell_00000129,2025-11-26 14:25:37,16.62,1.59
order_00000461,3,prod_00000287,sell_00000027,2025-11-26 14:25:37,19.86,1.49
order_00000462,1,prod_00000394,sell_00000037,2025-09-11 08:57:41,37.47,6.17
order_00000463,1,prod_00000547,sell_00000025,2025-05-14 11:10:21,72.14,12.75
order_00000464,1,prod_00000091,sell_00000066,2024-05-21 14:04:15,50.85,1.58
order_00000464,2,prod_00000405,sell_00000144,2024-05-25 14:04:15,14.28,2.24
order_00000465,1,prod_00000753,sell_00000149,2024-12-23 16:28:20,30.21,3.42
order_00000466,1,prod_00000357,sell_00000070,2025-04-29 06:10:20,35.91,3.87
order_00000467,1,prod_00000674,sell_00000196,2025-11-23 05:07:58,64.69,3.21
order_00000468,1,prod_00000143,sell_00000035,2026-01-02 10:57:27,73.0,9.55
order_00000469,1,prod_00000181,sell_00000057,2024-02-20 22:48:26,44.27,4.19
order_00000469,2,prod_00000297,sell_00000194,2024-02-23 22:48:26,139.0,7.75
order_00000469,3,prod_00000300,sell_00000071,2024-02-19 22:48:26,161.3,17.84
order_00000470,1,prod_00000330,sell_00000225,2025-06-03 07:23:23,132.13,6.97
order_00000471,1,prod_00000769,sell_00000220,2025-02-21 12:49:30,22.07,1.3
order_00000472,1,prod_00000380,sell_00000057,2024-05-25 04:23:36,34.3,3.53
order_00000473,1,prod_00000702,sell_00000235,2025-06-06 19:17:19,195.47,33.16
order_00000473,2,prod_00000575,sell_00000109,2025-06-02 19:17:19,62.45,4.54
order_00000473,3,prod_00000089,sell_00000066,2025-06-02 19:17:19,31.03,1.9
order_00000473,4,prod_00000749,sell_00000170,2025-06-04 19:17:19,14.31,1.59
order_00000474,1,prod_00000685,sell_00000053,2024-07-01 19:36:54,270.04,15.44
order_00000475,1,prod_00000650,sell_00000123,2024-11-07 19:53:39,84.69,13.33
order_00000475,2,prod_00000475,sell_00000221,2024-11-05 19:53:39,59.92,2.56
order_00000476,1,prod_00000246,sell_00000030,2025-11-24 18:48:56,72.29,9.22
order_00000477,1,prod_00000158,sell_00000106,2024-03-01 02:11:20,56.51,6.74
order_00000478,1,prod_00000098,sell_00000131,2024-05-31 16:23:23,61.24,3.59
order_00000479,1,prod_00000167,sell_00000115,2024-02-14 08:35:13,76.23,10.51
order_00000480,1,prod_00000738,sell_00000222,2025-12-29 23:33:09,288.77,15.05
order_00000480,2,prod_00000578,sell_00000031,2025-12-27 23:33:09,33.8,5.18
order_00000481,1,prod_00000786,sell_00000199,2024-12-12 21:07:17,46.16,4.94
order_00000482,1,prod_00000592,sell_00000146,2025-04-15 09:40:53,5.8,0.27
order_00000482,2,prod_00000371,sell_00000020,2025-04-12 09:40:53,31.58,1.92
order_00000482,3,prod_00000727,sell_00000171,2025-04-11 09:40:53,11.46,0.53
order_00000483,1,prod_00000083,sell_00000126,2025-04-26 13:05:39,240.92,27.36
order_00000484,1,prod_00000750,sell_00000133,2025-11-15 21:55:19,10.87,1.61
order_00000485,1,prod_00000676,sell_00000170,2025-07-30 20:24:24,76.92,11.98
order_00000486,1,prod_00000394,sell_00000105,2024-03-02 19:36:40,94.86,5.26
order_00000487,1,prod_00000118,sell_00000206,2024-06-20 17:36:47,15.26,1.53
order_00000488,1,prod_00000179,sell_00000040,2024-11-04 12:00:57,70.94,9.09
order_00000489,1,prod_00000317,sell_00000123,2024-03-22 18:58:50,32.4,4.03
order_00000489,2,prod_00000733,sell_00000158,2024-03-22 18:58:50,46.48,6.32
order_00000490,1,prod_00000136,sell_00000185,2025-10-27 19:40:57,124.44,11.66
order_00000491,1,prod_00000291,sell_00000209,2025-04-03 22:14:15,32.16,1.13
order_00000491,2,prod_00000609,sell_00000065,2025-03-31 22:14:15,90.29,6.27
order_00000492,1,prod_00000659,sell_00000224,2025-07-13 23:30:20,79.9,7.34
order_00000493,1,prod_00000146,sell_00000204,2024-02-21 23:34:31,46.24,1.68
order_00000494,1,prod_00000497,sell_00000083,2025-10-03 23:19:45,37.83,5.47
order_00000494,2,prod_00000038,sell_00000169,2025-10-04 23:19:45,34.43,1.04
order_00000495,1,prod_00000432,sell_00000087,2025-12-17 00:58:28,41.04,3.73
order_00000496,1,prod_00000712,sell_00000006,2025-03-04 03:12:11,64.2,10.66
order_00000496,2,prod_00000789,sell_00000015,2025-03-03 03:12:11,27.93,2.06
order_00000496,3,prod_00000246,sell_00000034,2025-03-03 03:12:11,3.65,0.49
order_00000497,1,prod_00000402,sell_00000081,2024-07-31 15:44:43,57.7,5.79
order_00000497,2,prod_00000124,sell_00000248,2024-07-31 15:44:43,128.33,16.93
order_00000498,1,prod_00000277,sell_00000232,2024-12-13 06:05:07,96.81,3.3
order_00000499,1,prod_00000030,sell_00000213,2024-04-06 08:58:56,152.27,8.09
order_00000500,1,prod_00000760,sell_00000149,2024-04-08 03:46:25,109.17,8.05
order_00000501,1,prod_00000718,sell_00000106,2025-08-03 21:40:20,47.81,8.08
order_00000502,1,prod_00000625,sell_00000206,2024-09-29 20:32:30,110.68,9.23
order_00000503,1,prod_00000038,sell_00000025,2025-11-20 15:03:24,48.86,3.98
order_00000504,1,prod_00000635,sell_00000049,2025-04-20 17:04:20,23.99,1.07
order_00000504,2,prod_00000278,sell_00000203,2025-04-19 17:04:20,118.61,4.4
order_00000505,1,prod_00000573,sell_00000029,2025-05-03 06:50:14,51.68,5.35
order_00000505,2,prod_00000486,sell_00000161,2025-05-04 06:50:14,12.99,1.25
order_00000506,1,prod_00000439,sell_00000048,2025-02-08 06:38:51,71.57,6.0
order_00000507,1,prod_00000741,sell_00000165,2024-04-07 01:17:43,187.01,28.86
order_00000508,1,prod_00000348,sell_00000214,2025-12-13 18:55:10,89.18,4.74
order_00000508,2,prod_00000514,sell_00000201,2025-12-15 18:55:10,21.38,0.72
order_00000509,1,prod_00000265,sell_00000193,2025-03-26 09:14:07,49.9,7.95
order_00000509,2,prod_00000381,sell_00000156,2025-03-26 09:14:07,41.51,5.05
order_00000510,1,prod_00000632,sell_00000034,2025-11-11 14:21:36,25.83,1.26
order_00000510,2,prod_00000369,sell_00000121,2025-11-10 14:21:36,29.79,2.64
order_00000510,3,prod_00000737,sell_00000195,2025-11-12 14:21:36,102.22,13.74
order_00000510,4,prod_00000412,sell_00000198,2025-11-13 14:21:36,92.86,13.26
order_00000511,1,prod_00000097,sell_00000227,2024-12-23 19:20:51,59.25,4.74
order_00000511,2,prod_00000521,sell_00000053,2024-12-22 19:20:51,143.32,22.65
order_00000512,1,prod_00000156,sell_00000080,2024-02-17 21:21:52,54.24,8.2
order_00000513,1,prod_00000281,sell_00000135,2024-01-17 06:00:49,51.15,4.28
order_00000514,1,prod_00000514,sell_00000173,2024-01-26 21:35:40,141.27,6.99
order_00000515,1,prod_00000490,sell_00000036,2024-11-24 09:43:14,39.95,3.38
order_00000516,1,prod_00000389,sell_00000058,2025-11-20 06:21:00,64.53,7.18
order_00000517,1,prod_00000133,sell_00000159,2025-10-14 02:35:03,54.45,5.04
order_00000518,1,prod_00000024,sell_00000134,2025-04-10 21:43:50,53.43,3.7
order_00000519,1,prod_00000310,sell_00000085,2025-07-16 06:27:38,26.6,3.31
order_00000520,1,prod_00000102,sell_00000173,2024-11-18 20:05:30,28.13,2.72
order_00000521,1,prod_00000569,sell_00000242,2025-01-26 20:28:46,18.7,2.73
order_00000521,2,prod_00000744,sell_00000082,2025-01-26 20:28:46,82.91,14.57
order_00000522,1,prod_00000513,sell_00000070,2025-09-02 19:35:45,35.66,5.75
order_00000523,1,prod_00000195,sell_00000056,2025-06-08 15:23:37,44.99,2.95
order_00000523,2,prod_00000599,sell_00000129,2025-06-07 15:23:37,34.23,5.05
order_00000523,3,prod_00000664,sell_00000237,2025-06-09 15:23:37,36.36,3.77
order_00000524,1,prod_00000753,sell_00000205,2025-01-17 14:59:02,290.61,36.46
order_00000525,1,prod_00000797,sell_00000076,2025-09-13 05:07:31,16.21,2.29
order_00000525,2,prod_00000425,sell_00000195,2025-09-10 05:07:31,147.44,23.99
order_00000526,1,prod_00000766,sell_00000105,2025-10-25 16:04:13,111.9,7.35
order_00000527,1,prod_00000337,sell_00000148,2024-08-03 09:25:00,113.66,5.39
order_00000528,1,prod_00000083,sell_00000199,2025-01-23 05:38:17,119.97,6.13
order_00000529,1,prod_00000693,sell_00000064,2025-08-31 08:00:35,57.48,2.47
order_00000530,1,prod_00000476,sell_00000072,2025-05-05 09:15:45,12.11,0.95
order_00000531,1,prod_00000154,sell_00000130,2024-02-06 01:00:55,25.94,2.18
order_00000532,1,prod_00000041,sell_00000138,2025-08-05 08:18:36,60.2,2.65
order_00000533,1,prod_00000046,sell_00000144,2024-03-17 06:13:43,65.86,10.27
order_00000534,1,prod_00000081,sell_00000161,2024-05-31 00:40:35,54.03,2.84
order_00000534,2,prod_00000509,sell_00000003,2024-05-31 00:40:35,71.25,3.42
order_00000535,1,prod_00000414,sell_00000037,2025-04-26 22:54:59,95.82,10.3
order_00000536,1,prod_00000036,sell_00000004,2025-01-21 08:57:09,44.22,4.78
order_00000537,1,prod_00000173,sell_00000239,2025-01-18 18:28:50,171.91,13.47
order_00000537,2,prod_00000153,sell_00000201,2025-01-20 18:28:50,47.56,4.72
order_00000537,3,prod_00000613,sell_00000225,2025-01-20 18:28:50,12.28,0.44
order_00000538,1,prod_00000492,sell_00000050,2024-01-08 22:14:32,98.38,5.78
order_00000538,2,prod_00000366,sell_00000195,2024-01-10 22:14:32,46.33,5.47
order_00000539,1,prod_00000095,sell_00000057,2025-05-17 23:24:30,45.39,7.65
order_00000540,1,prod_00000369,sell_00000005,2024-02-03 23:42:48,168.41,14.1
order_00000541,1,prod_00000232,sell_00000069,2024-05-02 22:25:50,22.06,0.74
order_00000542,1,prod_00000269,sell_00000090,2024-04-01 01:41:12,16.76,2.16
order_00000542,2,prod_00000602,sell_00000185,2024-04-04 01:41:12,21.8,1.76
order_00000542,3,prod_00000691,sell_00000082,2024-04-02 01:41:12,119.27,19.94
order_00000542,4,prod_00000688,sell_00000014,2024-04-06 01:41:12,30.18,4.77
order_00000543,1,prod_00000245,sell_00000165,2024-10-13 19:42:55,37.78,2.58
order_00000543,2,prod_00000233,sell_00000002,2024-10-15 19:42:55,12.32,1.17
order_00000544,1,prod_00000712,sell_00000045,2025-06-01 18:37:39,25.91,1.67
order_00000545,1,prod_00000606,sell_00000088,2024-06-12 17:09:04,29.87,2.44
order_00000546,1,prod_00000412,sell_00000048,2025-07-28 17:42:36,62.91,10.55
order_00000546,2,prod_00000777,sell_00000155,2025-07-29 17:42:36,58.95,7.46
order_00000546,3,prod_00000112,sell_00000213,2025-08-02 17:42:36,104.89,13.13
order_00000546,4,prod_00000171,sell_00000209,2025-07-31 17:42:36,34.75,6.19
order_00000547,1,prod_00000603,sell_00000063,2025-10-01 08:30:51,35.23,3.98
order_00000547,2,prod_00000467,sell_00000007,2025-10-01 08:30:51,44.25,7.82
order_00000548,1,prod_00000287,sell_00000154,2024-12-29 20:25:23,42.67,6.46
order_00000549,1,prod_00000091,sell_00000093,2025-10-06 23:23:39,82.29,6.88
order_00000550,1,prod_00000289,sell_00000166,2024-09-09 04:16:59,281.41,32.93
order_00000551,1,prod_00000760,sell_00000142,2025-09-25 14:26:31,8.84,0.58
order_00000552,1,prod_00000176,sell_00000070,2024-08-08 20:25:50,24.2,2.25
order_00000553,1,prod_00000550,sell_00000130,2025-04-06 00:43:28,102.47,15.11
order_00000554,1,prod_00000509,sell_00000169,2024-02-28 20:33:16,23.67,1.48
order_00000555,1,prod_00000729,sell_00000038,2025-07-30 13:44:17,93.63,13.44
order_00000556,1,prod_00000736,sell_00000075,2025-01-02 16:09:30,108.73,5.87
order_00000557,1,prod_00000741,sell_00000225,2024-03-19 05:15:16,81.84,12.76
order_00000558,1,prod_00000706,sell_00000164,2024-02-24 10:24:02,76.77,9.47
order_00000559,1,prod_00000002,sell_00000215,2024-03-22 02:55:01,90.07,11.97
order_00000560,1,prod_00000723,sell_00000010,2025-02-07 12:14:14,25.76,1.28
order_00000561,1,prod_00000561,sell_00000197,2024-09-15 03:33:18,399.47,69.6
order_00000561,2,prod_00000181,sell_00000088,2024-09-11 03:33:18,158.99,21.98
order_00000561,3,prod_00000310,sell_00000202,2024-09-11 03:33:18,35.18,5.12
order_00000561,4,prod_00000533,sell_00000066,2024-09-11 03:33:18,136.61,12.96
order_00000562,1,prod_00000259,sell_00000045,2025-04-03 04:48:06,47.76,5.44
order_00000562,2,prod_00000400,sell_00000221,2025-04-02 04:48:06,75.54,12.4
order_00000562,3,prod_00000153,sell_00000012,2025-04-04 04:48:06,66.71,9.04
order_00000563,1,prod_00000493,sell_00000076,2024-11-20 22:19:05,134.72,20.33
order_00000564,1,prod_00000791,sell_00000029,2025-12-28 10:11:55,163.92,16.01
order_00000564,2,prod_00000226,sell_00000104,2025-12-27 10:11:55,67.56,11.73
order_00000565,1,prod_00000193,sell_00000013,2025-09-05 18:57:12,27.82,2.65
order_00000565,2,prod_00000204,sell_00000050,2025-09-02 18:57:12,45.64,2.29
order_00000566,1,prod_00000094,sell_00000081,2025-05-25 00:30:49,63.67,3.12
order_00000567,1,prod_00000250,sell_00000227,2024-03-18 11:13:00,89.59,7.66
order_00000567,2,prod_00000014,sell_00000048,2024-03-16 11:13:00,16.32,2.64
order_00000568,1,prod_00000232,sell_00000084,2024-05-16 18:08:41,57.27,7.84
order_00000569,1,prod_00000669,sell_00000189,2024-05-17 11:25:07,81.57,13.4
order_00000570,1,prod_00000789,sell_00000134,2025-07-25 15:25:02,45.89,2.4
order_00000570,2,prod_00000502,sell_00000121,2025-07-25 15:25:02,61.19,9.57
order_00000570,3,prod_00000035,sell_00000234,2025-07-23 15:25:02,50.08,5.76
order_00000571,1,prod_00000140,sell_00000172,2024-08-05 21:03:09,55.74,7.79
order_00000572,1,prod_00000671,sell_00000089,2024-08-20 18:59:14,137.93,21.57
order_00000573,1,prod_00000026,sell_00000224,2025-01-01 15:44:01,15.19,0.98
order_00000573,2,prod_00000246,sell_00000037,2024-12-31 15:44:01,79.73,2.56
order_00000573,3,prod_00000548,sell_00000232,2024-12-29 15:44:01,75.8,6.89
order_00000573,4,prod_00000270,sell_00000098,2025-01-01 15:44:01,17.32,2.76
order_00000574,1,prod_00000461,sell_00000246,2025-12-03 22:13:59,53.06,7.85
order_00000575,1,prod_00000591,sell_00000126,2025-11-13 03:51:46,12.41,1.47
order_00000575,2,prod_00000398,sell_00000074,2025-11-13 03:51:46,52.33,2.74
order_00000575,3,prod_00000310,sell_00000223,2025-11-09 03:51:46,40.8,1.48
order_00000575,4,prod_00000253,sell_00000132,2025-11-10 03:51:46,87.15,4.58
order_00000576,1,prod_00000332,sell_00000171,2024-08-23 07:38:24,321.48,39.86
order_00000576,2,prod_00000752,sell_00000037,2024-08-20 07:38:24,36.25,2.0
order_00000576,3,prod_00000001,sell_00000235,2024-08-23 07:38:24,57.52,4.24
order_00000577,1,prod_00000669,sell_00000147,2025-02-03 18:36:29,219.28,21.3
order_00000577,2,prod_00000618,sell_00000146,2025-02-04 18:36:29,52.74,3.61
order_00000578,1,prod_00000149,sell_00000013,2025-06-23 21:15:11,30.75,4.19
order_00000578,2,prod_00000660,sell_00000229,2025-06-19 21:15:11,117.08,3.8
order_00000579,1,prod_00000166,sell_00000028,2025-05-24 18:28:50,17.28,2.16
order_00000579,2,prod_00000021,sell_00000079,2025-05-27 18:28:50,559.61,17.22
order_00000580,1,prod_00000106,sell_00000209,2025-11-25 02:26:47,82.17,7.71
order_00000581,1,prod_00000051,sell_00000131,2024-01-10 05:53:20,74.93,3.34
order_00000582,1,prod_00000530,sell_00000159,2025-07-11 05:10:19,63.58,8.38
order_00000582,2,prod_00000484,sell_00000087,2025-07-10 05:10:19,11.26,1.13
order_00000583,1,prod_00000734,sell_00000013,2025-02-22 20:18:07,37.22,2.4
order_00000584,1,prod_00000443,sell_00000021,2024-10-23 18:09:36,54.13,8.81
order_00000584,2,prod_00000125,sell_00000208,2024-10-21 18:09:36,28.17,3.05
order_00000585,1,prod_00000714,sell_00000040,2024-01-24 17:53:44,136.9,13.83
order_00000586,1,prod_00000496,sell_00000192,2025-05-27 01:09:49,49.98,3.87
order_00000587,1,prod_00000736,sell_00000240,2024-07-27 12:12:02,14.7,0.66
order_00000587,2,prod_00000761,sell_00000218,2024-07-30 12:12:02,22.01,1.68
order_00000588,1,prod_00000771,sell_00000185,2026-01-04 23:22:10,81.43,12.53
order_00000588,2,prod_00000046,sell_00000055,2026-01-02 23:22:10,47.49,7.5
order_00000588,3,prod_00000267,sell_00000117,2026-01-04 23:22:10,30.69,2.74
order_00000589,1,prod_00000581,sell_00000144,2025-04-25 06:05:15,61.7,2.12
order_00000590,1,prod_00000301,sell_00000191,2025-09-04 23:55:57,119.05,16.2
order_00000591,1,prod_00000525,sell_00000065,2024-06-08 17:30:14,86.68,9.11
order_00000591,2,prod_00000176,sell_00000041,2024-06-07 17:30:14,174.97,8.72
order_00000591,3,prod_00000179,sell_00000078,2024-06-09 17:30:14,42.82,2.95
order_00000592,1,prod_00000578,sell_00000047,2025-01-17 17:55:57,31.65,2.63
order_00000593,1,prod_00000627,sell_00000075,2025-02-16 04:35:30,95.13,13.96
order_00000594,1,prod_00000511,sell_00000031,2025-01-08 20:40:12,14.74,2.64
order_00000594,2,prod_00000552,sell_00000019,2025-01-07 20:40:12,136.08,17.74
order_00000595,1,prod_00000028,sell_00000218,2025-07-14 23:19:13,90.19,4.21
order_00000596,1,prod_00000695,sell_00000018,2025-02-03 17:38:44,110.22,17.27
order_00000597,1,prod_00000610,sell_00000161,2024-11-09 12:48:31,39.04,6.82
order_00000598,1,prod_00000107,sell_00000173,2026-01-04 08:40:20,26.75,1.95
order_00000599,1,prod_00000678,sell_00000035,2024-02-28 06:09:38,54.12,8.1
order_00000600,1,prod_00000146,sell_00000038,2025-03-02 09:20:31,84.27,9.2
order_00000601,1,prod_00000089,sell_00000172,2024-03-31 10:45:53,10.54,1.52
order_00000602,1,prod_00000405,sell_00000055,2025-04-18 08:38:56,23.99,1.89
order_00000603,1,prod_00000733,sell_00000134,2024-01-16 10:12:57,49.7,1.89
order_00000603,2,prod_00000188,sell_00000223,2024-01-16 10:12:57,17.47,1.07
order_00000604,1,prod_00000443,sell_00000050,2025-02-04 11:17:53,40.53,4.17
order_00000604,2,prod_00000368,sell_00000158,2025-02-05 11:17:53,44.26,5.32
order_00000604,3,prod_00000749,sell_00000168,2025-02-04 11:17:53,291.96,9.15
order_00000604,4,prod_00000064,sell_00000135,2025-02-04 11:17:53,26.31,2.86
order_00000605,1,prod_00000786,sell_00000048,2024-02-22 18:51:17,92.53,5.66
order_00000606,1,prod_00000684,sell_00000043,2024-05-20 04:18:19,215.09,26.8
order_00000606,2,prod_00000591,sell_00000241,2024-05-18 04:18:19,50.73,4.74
order_00000606,3,prod_00000044,sell_00000214,2024-05-16 04:18:19,74.38,9.86
order_00000607,1,prod_00000282,sell_00000078,2024-04-05 11:19:47,48.28,7.58
order_00000608,1,prod_00000503,sell_00000105,2024-07-03 23:54:27,59.69,5.07
order_00000609,1,prod_00000223,sell_00000103,2024-10-03 18:24:09,5.88,0.43
order_00000610,1,prod_00000553,sell_00000040,2024-12-07 11:58:26,89.17,8.61
order_00000610,2,prod_00000104,sell_00000158,2024-12-06 11:58:26,14.44,0.68
order_00000610,3,prod_00000314,sell_00000112,2024-12-09 11:58:26,38.1,3.63
order_00000610,4,prod_00000024,sell_00000217,2024-12-09 11:58:26,27.66,4.05
order_00000611,1,prod_00000621,sell_00000224,2024-12-02 11:14:49,39.18,2.39
order_00000611,2,prod_00000601,sell_00000019,2024-12-02 11:14:49,88.75,8.31
order_00000612,1,prod_00000243,sell_00000226,2024-07-12 14:06:38,36.03,3.17
order_00000613,1,prod_00000554,sell_00000056,2024-09-07 07:49:19,19.85,2.79
order_00000613,2,prod_00000762,sell_00000230,2024-09-10 07:49:19,18.87,3.13
order_00000614,1,prod_00000447,sell_00000192,2024-12-09 13:41:35,92.98,13.78
order_00000615,1,prod_00000097,sell_00000104,2025-05-15 06:38:57,36.11,3.52
order_00000616,1,prod_00000167,sell_00000098,2025-05-11 06:35:58,139.53,20.2
order_00000617,1,prod_00000694,sell_00000079,2025-05-25 12:00:54,95.91,14.02
order_00000617,2,prod_00000766,sell_00000197,2025-05-25 12:00:54,80.66,4.65
order_00000618,1,prod_00000230,sell_00000119,2025-10-16 04:53:03,66.42,10.58
order_00000619,1,prod_00000284,sell_00000145,2025-04-20 19:01:45,96.82,8.13
order_00000619,2,prod_00000691,sell_00000035,2025-04-18 19:01:45,39.33,4.63
order_00000620,1,prod_00000229,sell_00000207,2025-06-22 15:41:50,20.13,3.33
order_00000621,1,prod_00000223,sell_00000171,2025-09-04 16:57:49,29.07,2.54
order_00000622,1,prod_00000517,sell_00000170,2025-08-17 03:45:25,132.14,17.62
order_00000623,1,prod_00000708,sell_00000056,2025-09-27 01:25:36,135.45,7.74
order_00000624,1,prod_00000604,sell_00000178,2025-07-15 03:27:59,14.28,0.87
order_00000624,2,prod_00000093,sell_00000160,2025-07-14 03:27:59,140.13,25.17
order_00000624,3,prod_00000781,sell_00000207,2025-07-17 03:27:59,138.12,20.13
order_00000625,1,prod_00000330,sell_00000081,2024-01-19 19:11:51,23.72,2.26
order_00000625,2,prod_00000009,sell_00000227,2024-01-20 19:11:51,22.15,2.5
order_00000626,1,prod_00000610,sell_00000079,2025-09-02 01:33:36,46.77,5.19
order_00000627,1,prod_00000089,sell_00000221,2025-11-27 01:49:10,65.02,4.46
order_00000628,1,prod_00000394,sell_00000149,2025-07-05 22:01:47,66.04,2.84
order_00000629,1,prod_00000342,sell_00000024,2024-12-18 10:40:16,52.44,6.86
order_00000629,2,prod_00000434,sell_00000136,2024-12-17 10:40:16,68.88,6.06
order_00000630,1,prod_00000113,sell_00000161,2024-05-21 09:43:56,48.31,5.34
order_00000630,2,prod_00000562,sell_00000016,2024-05-20 09:43:56,177.05,27.49
order_00000630,3,prod_00000722,sell_00000134,2024-05-16 09:43:56,103.48,13.41
order_00000631,1,prod_00000160,sell_00000029,2025-11-07 21:05:40,28.08,4.76
order_00000631,2,prod_00000203,sell_00000177,2025-11-11 21:05:40,19.7,2.55
order_00000632,1,prod_00000038,sell_00000221,2025-04-23 21:26:25,41.27,5.53
order_00000633,1,prod_00000358,sell_00000128,2025-05-13 11:30:30,21.61,2.68
order_00000633,2,prod_00000648,sell_00000041,2025-05-13 11:30:30,18.72,3.23
order_00000633,3,prod_00000659,sell_00000107,2025-05-17 11:30:30,31.83,2.92
order_00000634,1,prod_00000734,sell_00000156,2024-03-10 16:38:44,65.84,6.49
order_00000635,1,prod_00000678,sell_00000219,2025-12-02 22:26:13,104.23,7.05
order_00000636,1,prod_00000152,sell_00000178,2024-07-31 17:57:57,151.5,9.79
order_00000636,2,prod_00000253,sell_00000024,2024-08-01 17:57:57,39.29,2.13
order_00000637,1,prod_00000065,sell_00000205,2024-03-17 05:53:06,39.77,4.97
order_00000637,2,prod_00000318,sell_00000098,2024-03-19 05:53:06,72.67,4.46
order_00000637,3,prod_00000697,sell_00000192,2024-03-17 05:53:06,13.82,2.07
order_00000637,4,prod_00000323,sell_00000090,2024-03-15 05:53:06,42.17,5.77
order_00000638,1,prod_00000595,sell_00000053,2025-01-09 04:36:45,9.22,1.37
order_00000638,2,prod_00000295,sell_00000107,2025-01-08 04:36:45,177.09,19.83
order_00000638,3,prod_00000064,sell_00000081,2025-01-07 04:36:45,53.17,7.33
order_00000638,4,prod_00000213,sell_00000181,2025-01-08 04:36:45,64.09,6.46
order_00000639,1,prod_00000192,sell_00000224,2025-01-25 10:04:13,29.28,0.96
order_00000640,1,prod_00000764,sell_00000215,2024-06-01 01:24:11,36.09,2.83
order_00000640,2,prod_00000059,sell_00000129,2024-06-03 01:24:11,36.73,6.54
order_00000640,3,prod_00000025,sell_00000228,2024-06-01 01:24:11,93.2,3.63
order_00000641,1,prod_00000391,sell_00000094,2025-02-18 03:59:25,19.79,2.54
order_00000642,1,prod_00000649,sell_00000248,2024-01-30 04:25:52,29.4,2.53
order_00000643,1,prod_00000703,sell_00000126,2024-07-18 10:23:27,123.59,21.4
order_00000644,1,prod_00000711,sell_00000182,2025-09-18 07:51:15,167.2,27.43
order_00000645,1,prod_00000741,sell_00000124,2025-08-10 12:10:51,54.7,3.91
order_00000646,1,prod_00000409,sell_00000172,2024-05-19 01:23:13,74.76,4.72
order_00000647,1,prod_00000500,sell_00000116,2024-01-26 01:18:07,67.92,10.97
order_00000647,2,prod_00000484,sell_00000083,2024-01-26 01:18:07,17.1,2.84
order_00000647,3,prod_00000156,sell_00000122,2024-01-26 01:18:07,31.02,3.82
order_00000647,4,prod_00000739,sell_00000201,2024-01-26 01:18:07,80.71,6.26
order_00000648,1,prod_00000396,sell_00000081,2025-05-22 22:22:11,17.42,0.85
order_00000648,2,prod_00000221,sell_00000056,2025-05-17 22:22:11,19.79,1.25
order_00000648,3,prod_00000076,sell_00000110,2025-05-22 22:22:11,98.16,9.44
order_00000649,1,prod_00000504,sell_00000247,2025-11-19 00:32:52,60.49,3.23
order_00000649,2,prod_00000245,sell_00000117,2025-11-16 00:32:52,106.82,17.08
order_00000650,1,prod_00000785,sell_00000048,2024-02-11 19:21:50,25.45,3.47
order_00000650,2,prod_00000540,sell_00000036,2024-02-08 19:21:50,7.15,0.53
order_00000651,1,prod_00000190,sell_00000156,2025-10-21 22:50:42,117.49,12.03
order_00000651,2,prod_00000389,sell_00000173,2025-10-23 22:50:42,25.07,2.76
order_00000651,3,prod_00000417,sell_00000221,2025-10-21 22:50:42,25.53,1.87
order_00000651,4,prod_00000116,sell_00000077,2025-10-22 22:50:42,106.29,7.21
order_00000652,1,prod_00000461,sell_00000231,2024-06-29 11:29:31,3.39,0.34
order_00000653,1,prod_00000234,sell_00000206,2024-07-22 10:43:07,150.1,22.21
order_00000654,1,prod_00000194,sell_00000181,2025-07-03 06:04:05,111.19,12.21
order_00000655,1,prod_00000232,sell_00000185,2025-11-05 10:44:33,54.43,7.0
order_00000656,1,prod_00000327,sell_00000053,2024-12-04 00:22:08,77.67,6.74
order_00000657,1,prod_00000139,sell_00000091,2025-04-08 22:55:21,73.53,9.07
order_00000657,2,prod_00000328,sell_00000107,2025-04-07 22:55:21,30.84,4.5
order_00000658,1,prod_00000738,sell_00000075,2024-09-24 21:51:55,67.79,4.31
order_00000659,1,prod_00000589,sell_00000100,2024-03-01 22:22:28,9.44,1.65
order_00000659,2,prod_00000292,sell_00000155,2024-02-26 22:22:28,58.47,10.37
order_00000660,1,prod_00000338,sell_00000166,2024-07-11 05:43:13,19.94,3.48
order_00000660,2,prod_00000204,sell_00000240,2024-07-15 05:43:13,32.19,3.6
order_00000661,1,prod_00000475,sell_00000235,2025-04-08 15:42:00,55.73,2.35
order_00000661,2,prod_00000350,sell_00000203,2025-04-10 15:42:00,19.47,3.23
order_00000662,1,prod_00000083,sell_00000000,2025-01-07 13:30:27,417.99,34.08
order_00000663,1,prod_00000081,sell_00000105,2024-02-14 10:41:19,351.06,30.28
order_00000664,1,prod_00000678,sell_00000024,2024-04-27 03:00:24,82.02,14.69
order_00000665,1,prod_00000283,sell_00000097,2024-05-10 07:15:27,75.11,4.02
order_00000665,2,prod_00000270,sell_00000138,2024-05-08 07:15:27,37.9,6.23
order_00000665,3,prod_00000774,sell_00000178,2024-05-08 07:15:27,51.56,2.34
order_00000666,1,prod_00000247,sell_00000015,2024-04-07 23:38:33,73.77,10.76
order_00000666,2,prod_00000780,sell_00000097,2024-04-06 23:38:33,30.76,3.2
order_00000667,1,prod_00000554,sell_00000012,2025-05-09 07:33:43,122.1,6.79
order_00000667,2,prod_00000726,sell_00000227,2025-05-09 07:33:43,10.49,1.36
order_00000668,1,prod_00000249,sell_00000154,2025-05-06 04:10:59,20.82,1.87
order_00000669,1,prod_00000039,sell_00000182,2025-10-03 00:31:26,14.59,1.7
order_00000669,2,prod_00000551,sell_00000074,2025-10-04 00:31:26,111.77,14.86
order_00000669,3,prod_00000357,sell_00000065,2025-10-06 00:31:26,181.22,17.94
order_00000669,4,prod_00000116,sell_00000038,2025-10-03 00:31:26,39.47,2.58
order_00000670,1,prod_00000414,sell_00000182,2025-03-25 11:16:34,123.38,4.59
order_00000671,1,prod_00000757,sell_00000172,2025-08-05 15:09:12,41.7,5.43
order_00000672,1,prod_00000764,sell_00000106,2024-05-28 05:42:06,57.68,8.72
order_00000673,1,prod_00000753,sell_00000209,2024-03-28 09:37:00,44.21,3.42
order_00000674,1,prod_00000099,sell_00000191,2024-12-08 00:24:20,36.05,4.68
order_00000675,1,prod_00000328,sell_00000100,2025-06-08 23:17:22,98.79,16.87
order_00000675,2,prod_00000248,sell_00000021,2025-06-13 23:17:22,22.24,2.29
order_00000675,3,prod_00000404,sell_00000138,2025-06-08 23:17:22,69.18,3.68
order_00000676,1,prod_00000666,sell_00000109,2024-03-27 01:35:01,51.75,5.86
order_00000676,2,prod_00000130,sell_00000046,2024-03-30 01:35:01,39.83,3.98
order_00000676,3,prod_00000647,sell_00000198,2024-03-28 01:35:01,93.96,12.55
order_00000677,1,prod_00000245,sell_00000239,2025-07-22 03:36:28,24.5,3.17
order_00000678,1,prod_00000085,sell_00000239,2024-06-28 08:34:52,60.53,3.45
order_00000679,1,prod_00000787,sell_00000169,2024-04-16 17:49:31,36.57,5.72
order_00000679,2,prod_00000098,sell_00000246,2024-04-17 17:49:31,85.26,6.15
order_00000680,1,prod_00000365,sell_00000196,2024-08-02 02:20:27,60.86,2.82
order_00000681,1,prod_00000510,sell_00000231,2025-05-02 22:27:56,109.54,17.4
order_00000682,1,prod_00000563,sell_00000196,2025-03-21 22:01:45,40.56,4.21
order_00000683,1,prod_00000646,sell_00000196,2025-10-04 01:01:55,138.13,12.51
order_00000683,2,prod_00000124,sell_00000020,2025-10-05 01:01:55,37.06,1.41
order_00000683,3,prod_00000604,sell_00000125,2025-10-05 01:01:55,13.54,2.23
order_00000684,1,prod_00000443,sell_00000063,2024-04-10 14:51:26,65.46,8.77
order_00000685,1,prod_00000732,sell_00000000,2025-05-08 17:52:02,89.06,12.54
order_00000686,1,prod_00000064,sell_00000025,2024-09-29 06:53:41,38.63,2.33
order_00000687,1,prod_00000284,sell_00000152,2024-03-16 10:09:42,26.05,3.08
order_00000687,2,prod_00000703,sell_00000139,2024-03-16 10:09:42,28.29,4.33
order_00000688,1,prod_00000356,sell_00000169,2025-06-07 20:51:00,94.37,15.31
order_00000688,2,prod_00000580,sell_00000148,2025-06-06 20:51:00,51.61,7.33
order_00000688,3,prod_00000375,sell_00000017,2025-06-09 20:51:00,87.23,11.85
order_00000689,1,prod_00000605,sell_00000056,2024-08-17 07:30:45,50.87,5.3
order_00000690,1,prod_00000259,sell_00000003,2025-10-06 13:57:16,41.32,7.05
order_00000691,1,prod_00000664,sell_00000064,2025-02-11 01:43:36,50.62,7.75
order_00000692,1,prod_00000283,sell_00000038,2024-10-16 16:26:27,110.34,17.25
order_00000693,1,prod_00000639,sell_00000178,2025-08-21 20:51:58,47.15,2.82
order_00000694,1,prod_00000224,sell_00000151,2025-01-16 14:24:25,83.89,13.59
order_00000695,1,prod_00000028,sell_00000094,2025-03-10 11:32:18,134.41,12.83
order_00000696,1,prod_00000311,sell_00000018,2025-10-10 11:07:04,13.51,0.6
order_00000697,1,prod_00000116,sell_00000176,2025-12-30 02:05:05,28.67,4.81
order_00000698,1,prod_00000475,sell_00000197,2025-02-20 00:45:46,57.08,4.83
order_00000698,2,prod_00000598,sell_00000119,2025-02-23 00:45:46,131.54,18.5
order_00000698,3,prod_00000702,sell_00000015,2025-02-22 00:45:46,97.37,12.42
order_00000698,4,prod_00000797,sell_00000130,2025-02-24 00:45:46,97.86,9.15
order_00000699,1,prod_00000466,sell_00000242,2024-08-11 05:25:52,46.4,6.53
order_00000700,1,prod_00000519,sell_00000011,2025-06-09 08:16:43,61.32,2.81
order_00000701,1,prod_00000041,sell_00000042,2024-06-04 23:19:44,83.01,14.89
order_00000702,1,prod_00000235,sell_00000030,2024-01-30 15:51:23,265.76,9.65
order_00000702,2,prod_00000570,sell_00000081,2024-01-29 15:51:23,38.97,6.88
order_00000703,1,prod_00000777,sell_00000086,2024-05-26 11:46:39,53.0,3.57
order_00000704,1,prod_00000060,sell_00000012,2024-12-11 02:09:52,168.94,20.85
order_00000705,1,prod_00000299,sell_00000012,2025-10-15 14:03:44,122.46,8.72
order_00000706,1,prod_00000111,sell_00000050,2025-04-26 23:27:04,165.71,5.24
order_00000707,1,prod_00000114,sell_00000006,2024-02-12 16:29:01,48.54,2.87
order_00000708,1,prod_00000026,sell_00000006,2024-10-07 15:44:00,135.22,5.28
order_00000708,2,prod_00000431,sell_00000110,2024-10-08 15:44:00,634.98,56.36
order_00000709,1,prod_00000768,sell_00000249,2024-08-16 16:55:32,18.86,2.07
order_00000710,1,prod_00000006,sell_00000206,2025-09-14 08:23:53,31.06,5.01
order_00000710,2,prod_00000011,sell_00000178,2025-09-17 08:23:53,20.11,2.79
order_00000711,1,prod_00000155,sell_00000203,2024-12-24 08:14:42,139.39,9.27
order_00000712,1,prod_00000004,sell_00000163,2024-10-23 16:50:02,39.48,6.22
order_00000712,2,prod_00000137,sell_00000042,2024-10-22 16:50:02,113.63,11.01
order_00000712,3,prod_00000716,sell_00000070,2024-10-23 16:50:02,45.16,2.81
order_00000713,1,prod_00000468,sell_00000054,2025-10-05 04:24:59,62.43,6.97
order_00000714,1,prod_00000297,sell_00000167,2025-05-05 02:52:09,149.28,19.23
order_00000714,2,prod_00000074,sell_00000240,2025-05-04 02:52:09,156.0,20.57
order_00000715,1,prod_00000146,sell_00000111,2025-01-17 19:46:22,93.3,16.48
order_00000716,1,prod_00000048,sell_00000025,2025-05-09 14:14:15,38.4,1.28
order_00000716,2,prod_00000141,sell_00000211,2025-05-07 14:14:15,21.95,1.99
order_00000717,1,prod_00000125,sell_00000136,2025-11-18 22:44:44,32.41,4.56
order_00000718,1,prod_00000214,sell_00000035,2024-08-20 18:12:26,30.34,3.78
order_00000719,1,prod_00000389,sell_00000057,2025-09-29 03:33:02,70.44,10.36
order_00000720,1,prod_00000478,sell_00000065,2025-08-21 05:39:59,21.46,2.43
order_00000721,1,prod_00000630,sell_00000089,2025-09-06 23:32:46,21.77,2.95
order_00000721,2,prod_00000144,sell_00000180,2025-09-10 23:32:46,87.34,6.0
order_00000721,3,prod_00000592,sell_00000185,2025-09-08 23:32:46,133.34,4.82
order_00000722,1,prod_00000638,sell_00000089,2024-06-17 17:00:53,109.09,13.29
order_00000723,1,prod_00000092,sell_00000199,2024-09-16 17:31:57,62.37,6.24
order_00000723,2,prod_00000613,sell_00000171,2024-09-13 17:31:57,165.57,22.67
order_00000723,3,prod_00000141,sell_00000020,2024-09-16 17:31:57,13.62,0.68
order_00000724,1,prod_00000104,sell_00000176,2024-04-06 18:51:55,17.58,0.84
order_00000724,2,prod_00000000,sell_00000165,2024-04-06 18:51:55,37.54,3.99
order_00000724,3,prod_00000211,sell_00000143,2024-04-05 18:51:55,55.22,6.78
order_00000724,4,prod_00000278,sell_00000178,2024-04-06 18:51:55,180.32,28.7
order_00000725,1,prod_00000558,sell_00000216,2024-03-19 06:49:00,97.11,10.74
order_00000726,1,prod_00000013,sell_00000089,2025-04-20 15:44:55,33.79,2.15
order_00000726,2,prod_00000298,sell_00000056,2025-04-21 15:44:55,22.76,1.18
order_00000726,3,prod_00000077,sell_00000014,2025-04-20 15:44:55,96.58,8.23
order_00000727,1,prod_00000177,sell_00000121,2025-09-08 09:27:46,187.36,10.04
order_00000727,2,prod_00000017,sell_00000157,2025-09-10 09:27:46,66.99,5.32
order_00000727,3,prod_00000230,sell_00000196,2025-09-10 09:27:46,74.22,11.45
order_00000728,1,prod_00000072,sell_00000179,2024-03-23 15:49:55,123.27,16.57
order_00000729,1,prod_00000768,sell_00000030,2024-07-04 04:25:23,89.92,5.26
order_00000730,1,prod_00000313,sell_00000090,2024-03-31 18:52:56,69.24,10.17
order_00000731,1,prod_00000353,sell_00000163,2024-06-26 21:25:38,260.26,26.56
order_00000731,2,prod_00000134,sell_00000001,2024-06-28 21:25:38,323.18,36.59
order_00000732,1,prod_00000222,sell_00000114,2024-09-10 07:57:14,96.01,13.92
order_00000732,2,prod_00000639,sell_00000022,2024-09-14 07:57:14,59.05,10.55
order_00000732,3,prod_00000635,sell_00000049,2024-09-11 07:57:14,70.24,7.29
order_00000733,1,prod_00000616,sell_00000194,2024-10-21 14:07:40,52.76,7.18
order_00000734,1,prod_00000751,sell_00000029,2025-02-20 06:18:43,19.98,1.78
order_00000735,1,prod_00000118,sell_00000096,2024-07-08 12:39:12,256.61,43.58
order_00000736,1,prod_00000761,sell_00000156,2024-05-12 07:51:17,48.38,2.87
order_00000737,1,prod_00000366,sell_00000249,2024-01-24 21:24:49,130.74,13.73
order_00000738,1,prod_00000136,sell_00000109,2025-11-11 14:14:21,100.51,14.28
order_00000739,1,prod_00000727,sell_00000112,2025-03-16 10:20:58,88.07,13.26
order_00000740,1,prod_00000607,sell_00000065,2024-03-13 04:15:01,27.85,1.1
order_00000741,1,prod_00000137,sell_00000212,2024-09-19 02:26:09,15.38,0.8
order_00000741,2,prod_00000317,sell_00000119,2024-09-19 02:26:09,24.67,1.18
order_00000741,3,prod_00000379,sell_00000070,2024-09-20 02:26:09,31.18,5.54
order_00000742,1,prod_00000498,sell_00000124,2024-02-23 14:21:20,131.29,13.71
order_00000742,2,prod_00000657,sell_00000073,2024-02-21 14:21:20,45.23,1.57
order_00000743,1,prod_00000288,sell_00000048,2025-11-13 15:11:52,88.33,10.93
order_00000743,2,prod_00000130,sell_00000160,2025-11-09 15:11:52,56.75,7.03
order_00000744,1,prod_00000331,sell_00000199,2024-11-19 01:37:57,37.92,4.59
order_00000745,1,prod_00000682,sell_00000142,2024-11-02 07:34:14,88.87,10.23
order_00000745,2,prod_00000227,sell_00000194,2024-11-01 07:34:14,42.58,7.26
order_00000745,3,prod_00000544,sell_00000116,2024-11-03 07:34:14,30.32,3.91
order_00000745,4,prod_00000285,sell_00000111,2024-11-03 07:34:14,66.69,4.41
order_00000746,1,prod_00000688,sell_00000201,2024-01-28 22:41:33,128.19,5.15
order_00000747,1,prod_00000494,sell_00000186,2024-02-12 12:05:08,48.08,2.8
order_00000748,1,prod_00000454,sell_00000216,2025-04-25 03:38:15,26.6,3.47
order_00000748,2,prod_00000243,sell_00000118,2025-04-28 03:38:15,65.53,9.27
order_00000748,3,prod_00000765,sell_00000155,2025-04-27 03:38:15,60.09,7.68
order_00000749,1,prod_00000009,sell_00000241,2024-02-08 11:31:45,30.3,2.11
order_00000750,1,prod_00000767,sell_00000132,2024-07-26 01:28:34,44.53,1.56
order_00000751,1,prod_00000191,sell_00000015,2024-11-09 20:54:26,208.32,23.61
order_00000751,2,prod_00000221,sell_00000093,2024-11-09 20:54:26,28.66,3.72
order_00000751,3,prod_00000229,sell_00000142,2024-11-09 20:54:26,33.9,5.12
order_00000752,1,prod_00000449,sell_00000229,2024-04-04 03:37:52,135.22,4.88
order_00000753,1,prod_00000205,sell_00000189,2024-08-07 05:08:39,127.36,7.36
order_00000754,1,prod_00000379,sell_00000117,2025-07-08 01:03:54,226.7,40.75
order_00000755,1,prod_00000572,sell_00000041,2025-12-31 02:53:07,42.73,1.78
order_00000756,1,prod_00000174,sell_00000054,2024-05-12 13:20:01,22.48,1.49
order_00000756,2,prod_00000640,sell_00000205,2024-05-11 13:20:01,68.15,9.16
order_00000756,3,prod_00000349,sell_00000087,2024-05-10 13:20:01,50.89,7.06
order_00000757,1,prod_00000136,sell_00000183,2025-06-14 08:12:34,55.88,8.46
order_00000757,2,prod_00000694,sell_00000113,2025-06-14 08:12:34,29.31,1.43
order_00000757,3,prod_00000084,sell_00000036,2025-06-10 08:12:34,72.96,11.58
order_00000757,4,prod_00000080,sell_00000211,2025-06-09 08:12:34,52.46,5.91
order_00000758,1,prod_00000183,sell_00000093,2024-09-24 17:07:30,75.44,8.5
order_00000758,2,prod_00000591,sell_00000095,2024-09-21 17:07:30,51.71,4.91
order_00000758,3,prod_00000140,sell_00000139,2024-09-25 17:07:30,30.09,5.16
order_00000758,4,prod_00000744,sell_00000118,2024-09-26 17:07:30,44.34,6.19
order_00000759,1,prod_00000234,sell_00000165,2025-12-19 18:51:39,91.43,7.87
order_00000760,1,prod_00000101,sell_00000202,2025-11-29 07:58:34,71.69,12.0
order_00000761,1,prod_00000532,sell_00000019,2025-04-22 20:40:27,94.74,13.34
order_00000761,2,prod_00000551,sell_00000027,2025-04-21 20:40:27,52.4,9.4
order_00000761,3,prod_00000643,sell_00000127,2025-04-20 20:40:27,54.08,6.93
order_00000762,1,prod_00000127,sell_00000148,2025-02-08 04:42:35,36.97,5.06
order_00000762,2,prod_00000359,sell_00000074,2025-02-09 04:42:35,35.87,3.67
order_00000763,1,prod_00000354,sell_00000237,2025-10-26 21:42:26,36.46,1.52
order_00000764,1,prod_00000261,sell_00000238,2025-11-30 08:59:47,170.82,10.5
order_00000765,1,prod_00000773,sell_00000167,2025-08-24 13:14:45,19.27,3.01
order_00000766,1,prod_00000117,sell_00000068,2024-12-30 18:03:35,155.95,10.42
order_00000767,1,prod_00000434,sell_00000224,2024-04-03 14:25:52,42.68,3.13
order_00000767,2,prod_00000308,sell_00000160,2024-04-01 14:25:52,70.09,8.16
order_00000768,1,prod_00000799,sell_00000159,2024-01-07 05:40:30,30.51,4.58
order_00000768,2,prod_00000450,sell_00000077,2024-01-08 05:40:30,64.79,2.98
order_00000769,1,prod_00000124,sell_00000120,2024-02-26 03:47:52,60.58,5.5
order_00000769,2,prod_00000779,sell_00000188,2024-02-23 03:47:52,76.72,11.23
order_00000770,1,prod_00000640,sell_00000040,2024-03-05 08:22:23,13.74,1.75
order_00000770,2,prod_00000530,sell_00000101,2024-03-03 08:22:23,65.87,9.36
order_00000770,3,prod_00000111,sell_00000200,2024-03-08 08:22:23,109.65,17.45
order_00000771,1,prod_00000305,sell_00000106,2025-09-06 08:55:47,166.68,7.47
order_00000772,1,prod_00000366,sell_00000073,2024-07-10 09:40:35,35.71,5.4
order_00000773,1,prod_00000245,sell_00000128,2024-09-15 02:55:10,50.21,8.2
order_00000774,1,prod_00000635,sell_00000100,2025-08-01 20:29:20,84.94,6.7
order_00000775,1,prod_00000477,sell_00000015,2025-01-20 03:54:23,17.23,2.17
order_00000775,2,prod_00000061,sell_00000204,2025-01-21 03:54:23,233.45,8.76
order_00000776,1,prod_00000022,sell_00000029,2025-04-25 11:16:36,52.88,1.89
order_00000777,1,prod_00000354,sell_00000175,2024-08-08 08:26:47,84.38,5.38
order_00000778,1,prod_00000491,sell_00000027,2024-11-25 17:12:21,70.33,5.36
order_00000779,1,prod_00000357,sell_00000170,2025-08-24 12:16:51,164.33,11.39
order_00000780,1,prod_00000067,sell_00000152,2025-06-15 05:08:32,20.63,0.8
order_00000781,1,prod_00000433,sell_00000227,2025-02-11 17:01:20,73.76,12.28
order_00000781,2,prod_00000750,sell_00000186,2025-02-11 17:01:20,50.28,8.63
order_00000782,1,prod_00000660,sell_00000238,2024-12-16 00:54:11,62.57,10.09
order_00000783,1,prod_00000124,sell_00000058,2025-02-23 21:29:32,60.51,10.5
order_00000784,1,prod_00000447,sell_00000113,2024-11-06 23:06:52,106.64,10.76
order_00000785,1,prod_00000094,sell_00000208,2024-12-12 15:22:52,78.12,12.6
order_00000786,1,prod_00000767,sell_00000172,2024-05-22 10:03:48,35.46,2.49
order_00000787,1,prod_00000120,sell_00000040,2024-02-01 00:42:07,69.17,5.39
order_00000787,2,prod_00000169,sell_00000210,2024-01-28 00:42:07,45.26,5.35
order_00000787,3,prod_00000255,sell_00000230,2024-01-30 00:42:07,32.8,3.73
order_00000788,1,prod_00000676,sell_00000115,2024-02-07 17:37:38,326.27,20.34
order_00000789,1,prod_00000566,sell_00000201,2025-02-05 10:12:37,272.67,27.84
order_00000789,2,prod_00000470,sell_00000008,2025-02-05 10:12:37,81.71,5.52
order_00000790,1,prod_00000006,sell_00000173,2024-06-14 22:02:37,14.8,0.73
order_00000790,2,prod_00000341,sell_00000035,2024-06-10 22:02:37,216.17,19.67
order_00000790,3,prod_00000387,sell_00000108,2024-06-10 22:02:37,117.15,11.77
order_00000790,4,prod_00000449,sell_00000068,2024-06-13 22:02:37,39.24,4.7
order_00000791,1,prod_00000175,sell_00000095,2025-03-25 15:18:31,200.58,6.22
order_00000792,1,prod_00000281,sell_00000046,2024-01-23 06:36:53,34.27,3.45
order_00000793,1,prod_00000487,sell_00000102,2024-02-02 05:23:17,149.95,12.3
order_00000794,1,prod_00000171,sell_00000050,2024-07-26 11:06:50,6.11,0.97
order_00000795,1,prod_00000123,sell_00000175,2025-10-17 07:42:14,49.87,7.37
order_00000795,2,prod_00000450,sell_00000131,2025-10-15 07:42:14,62.47,6.79
order_00000796,1,prod_00000768,sell_00000085,2024-10-02 08:27:00,13.78,0.93
order_00000796,2,prod_00000529,sell_00000078,2024-10-06 08:27:00,26.89,2.74
order_00000797,1,prod_00000425,sell_00000083,2025-08-20 20:41:22,129.23,16.93
order_00000798,1,prod_00000017,sell_00000022,2024-12-17 11:14:12,89.54,7.28
order_00000798,2,prod_00000112,sell_00000097,2024-12-19 11:14:12,34.01,2.51
order_00000799,1,prod_00000709,sell_00000199,2025-11-12 21:42:59,52.93,6.33
order_00000800,1,prod_00000359,sell_00000165,2024-12-22 03:59:54,11.64,1.43
order_00000800,2,prod_00000301,sell_00000026,2024-12-23 03:59:54,97.52,7.96
order_00000800,3,prod_00000255,sell_00000060,2024-12-22 03:59:54,35.94,4.29
order_00000801,1,prod_00000295,sell_00000164,2024-10-07 09:47:14,21.46,2.94
order_00000802,1,prod_00000613,sell_00000203,2024-05-13 19:33:53,42.17,2.42
order_00000802,2,prod_00000687,sell_00000238,2024-05-13 19:33:53,32.71,2.56
order_00000802,3,prod_00000393,sell_00000125,2024-05-13 19:33:53,93.88,11.83
order_00000802,4,prod_00000590,sell_00000234,2024-05-15 19:33:53,167.17,25.13
order_00000803,1,prod_00000710,sell_00000199,2025-08-12 05:12:38,58.56,7.51
order_00000804,1,prod_00000649,sell_00000227,2025-05-23 17:56:40,67.57,3.87
order_00000805,1,prod_00000685,sell_00000213,2024-03-04 22:05:06,28.38,2.82
order_00000806,1,prod_00000183,sell_00000103,2024-10-25 11:06:09,95.41,14.78
order_00000807,1,prod_00000638,sell_00000118,2025-09-28 17:51:20,40.55,4.82
order_00000808,1,prod_00000423,sell_00000161,2025-07-21 03:25:16,6.28,0.31
order_00000809,1,prod_00000232,sell_00000110,2024-09-07 19:32:18,79.5,13.16
order_00000809,2,prod_00000124,sell_00000194,2024-09-07 19:32:18,88.12,5.72
order_00000810,1,prod_00000130,sell_00000212,2024-09-26 14:16:47,104.32,10.41
order_00000810,2,prod_00000736,sell_00000220,2024-09-26 14:16:47,38.53,2.19
order_00000810,3,prod_00000653,sell_00000020,2024-09-24 14:16:47,36.72,1.4
order_00000810,4,prod_00000792,sell_00000191,2024-09-27 14:16:47,42.93,6.39
order_00000811,1,prod_00000042,sell_00000210,2024-05-03 03:05:28,35.95,5.68
order_00000812,1,prod_00000626,sell_00000124,2026-01-03 11:20:30,25.1,3.26
order_00000813,1,prod_00000490,sell_00000058,2024-04-11 23:14:03,144.48,7.69
order_00000813,2,prod_00000226,sell_00000228,2024-04-09 23:14:03,18.21,0.76
order_00000814,1,prod_00000630,sell_00000062,2024-03-18 20:28:38,28.88,3.08
order_00000815,1,prod_00000117,sell_00000027,2024-12-27 17:24:23,20.39,1.89
order_00000816,1,prod_00000698,sell_00000248,2024-10-10 14:31:45,220.52,10.71
order_00000817,1,prod_00000388,sell_00000170,2024-03-03 04:47:17,77.68,10.77
order_00000818,1,prod_00000169,sell_00000210,2024-04-26 01:01:27,25.57,2.64
order_00000819,1,prod_00000573,sell_00000107,2025-07-22 18:55:42,266.1,28.08
order_00000820,1,prod_00000513,sell_00000166,2024-09-19 12:34:10,107.44,18.57
order_00000821,1,prod_00000660,sell_00000220,2025-09-08 11:12:37,20.29,2.98
order_00000822,1,prod_00000377,sell_00000057,2025-12-20 20:19:08,61.13,6.37
order_00000822,2,prod_00000642,sell_00000125,2025-12-21 20:19:08,60.42,3.58
order_00000822,3,prod_00000468,sell_00000099,2025-12-23 20:19:08,169.89,21.15
order_00000822,4,prod_00000729,sell_00000080,2025-12-21 20:19:08,412.06,73.51
order_00000823,1,prod_00000043,sell_00000104,2025-11-13 22:44:15,63.76,2.36
order_00000823,2,prod_00000460,sell_00000174,2025-11-18 22:44:15,113.72,20.37
order_00000824,1,prod_00000470,sell_00000175,2024-04-19 00:35:39,59.83,4.57
order_00000824,2,prod_00000574,sell_00000116,2024-04-17 00:35:39,97.49,15.19
order_00000824,3,prod_00000010,sell_00000209,2024-04-18 00:35:39,81.81,7.18
order_00000825,1,prod_00000565,sell_00000174,2024-10-22 05:48:21,29.91,4.03
order_00000826,1,prod_00000231,sell_00000122,2025-02-06 22:51:00,43.3,3.24
order_00000827,1,prod_00000648,sell_00000020,2024-11-30 03:50:40,114.12,19.78
order_00000828,1,prod_00000128,sell_00000018,2025-04-14 16:21:08,69.51,10.81
order_00000829,1,prod_00000332,sell_00000217,2025-06-21 08:54:18,65.19,4.9
order_00000830,1,prod_00000143,sell_00000230,2024-04-17 14:39:34,99.36,8.19
order_00000831,1,prod_00000725,sell_00000195,2024-10-02 21:28:26,67.82,5.71
order_00000831,2,prod_00000352,sell_00000002,2024-10-04 21:28:26,60.69,2.47
order_00000831,3,prod_00000422,sell_00000209,2024-09-29 21:28:26,109.67,4.44
order_00000832,1,prod_00000349,sell_00000055,2025-11-17 10:12:02,65.9,11.79
order_00000833,1,prod_00000349,sell_00000186,2024-07-03 16:02:17,27.74,3.33
order_00000834,1,prod_00000216,sell_00000028,2024-04-08 23:03:17,79.94,10.12
order_00000835,1,prod_00000780,sell_00000127,2025-10-12 13:08:52,29.07,1.19
order_00000836,1,prod_00000151,sell_00000129,2024-02-19 04:21:14,184.11,24.94
order_00000837,1,prod_00000669,sell_00000037,2024-07-09 18:53:23,35.44,2.1
order_00000838,1,prod_00000567,sell_00000238,2024-04-23 14:33:47,87.82,4.28
order_00000839,1,prod_00000263,sell_00000137,2025-08-22 17:21:54,67.12,3.42
order_00000840,1,prod_00000096,sell_00000115,2025-05-23 05:39:55,10.99,1.53
order_00000840,2,prod_00000306,sell_00000200,2025-05-19 05:39:55,138.68,6.53
order_00000841,1,prod_00000482,sell_00000225,2024-07-19 14:59:20,83.49,5.26
order_00000842,1,prod_00000620,sell_00000145,2024-09-28 13:31:55,39.81,6.42
order_00000843,1,prod_00000543,sell_00000099,2024-11-18 22:18:53,49.49,4.95
order_00000844,1,prod_00000015,sell_00000019,2025-10-10 20:40:05,43.37,4.39
order_00000845,1,prod_00000356,sell_00000161,2025-09-16 08:23:09,83.43,11.37
order_00000845,2,prod_00000245,sell_00000107,2025-09-20 08:23:09,16.84,2.05
order_00000845,3,prod_00000137,sell_00000140,2025-09-20 08:23:09,123.72,11.22
order_00000846,1,prod_00000734,sell_00000135,2024-01-25 05:38:36,33.49,4.79
order_00000846,2,prod_00000646,sell_00000007,2024-01-30 05:38:36,77.38,10.47
order_00000846,3,prod_00000287,sell_00000114,2024-01-28 05:38:36,47.35,7.17
order_00000847,1,prod_00000044,sell_00000224,2025-02-04 18:15:47,68.82,12.04
order_00000847,2,prod_00000777,sell_00000225,2025-02-02 18:15:47,71.48,11.07
order_00000848,1,prod_00000274,sell_00000235,2025-02-15 09:20:13,270.29,13.83
order_00000849,1,prod_00000263,sell_00000173,2024-07-18 09:47:03,36.23,4.53
order_00000850,1,prod_00000303,sell_00000187,2025-09-08 15:09:47,42.95,6.87
order_00000851,1,prod_00000128,sell_00000085,2025-03-20 00:16:41,159.93,14.64
order_00000851,2,prod_00000257,sell_00000064,2025-03-21 00:16:41,61.46,8.43
order_00000852,1,prod_00000500,sell_00000155,2024-11-10 14:40:21,408.5,65.6
order_00000853,1,prod_00000162,sell_00000161,2024-12-25 22:21:07,47.4,5.72
order_00000854,1,prod_00000763,sell_00000173,2024-05-10 12:46:56,141.53,15.6
order_00000855,1,prod_00000587,sell_00000218,2024-12-05 11:56:42,33.63,2.46
order_00000856,1,prod_00000444,sell_00000145,2024-03-19 14:16:17,41.95,3.96
order_00000857,1,prod_00000294,sell_00000024,2025-07-15 14:30:19,98.58,15.4
order_00000857,2,prod_00000608,sell_00000185,2025-07-15 14:30:19,44.35,6.24
order_00000858,1,prod_00000561,sell_00000163,2024-07-15 16:39:06,10.07,0.43
order_00000858,2,prod_00000776,sell_00000071,2024-07-11 16:39:06,103.58,17.22
order_00000858,3,prod_00000493,sell_00000205,2024-07-13 16:39:06,49.07,3.23
order_00000858,4,prod_00000794,sell_00000072,2024-07-13 16:39:06,77.97,10.17
order_00000859,1,prod_00000185,sell_00000177,2025-11-23 22:51:53,75.68,6.14
order_00000860,1,prod_00000309,sell_00000146,2024-06-29 16:37:41,169.83,6.01
order_00000861,1,prod_00000267,sell_00000020,2024-11-20 16:00:03,28.85,1.81
order_00000862,1,prod_00000445,sell_00000216,2024-12-07 20:07:13,48.17,2.84
order_00000863,1,prod_00000436,sell_00000022,2024-06-12 10:34:33,27.03,1.15
order_00000864,1,prod_00000083,sell_00000162,2024-05-03 10:19:37,50.64,2.09
order_00000865,1,prod_00000757,sell_00000002,2024-03-13 22:36:08,24.88,2.54
order_00000866,1,prod_00000094,sell_00000119,2025-05-30 04:48:27,52.98,8.34
order_00000867,1,prod_00000654,sell_00000022,2025-02-12 06:28:47,13.4,2.04
order_00000868,1,prod_00000025,sell_00000127,2024-04-25 19:48:10,98.06,17.37
order_00000869,1,prod_00000799,sell_00000117,2025-02-09 15:05:52,10.24,0.99
order_00000870,1,prod_00000380,sell_00000244,2024-09-10 08:05:34,40.49,4.35
order_00000871,1,prod_00000225,sell_00000016,2025-08-31 00:07:29,132.5,4.57
order_00000872,1,prod_00000538,sell_00000128,2025-12-29 06:32:17,30.4,5.05
order_00000873,1,prod_00000466,sell_00000113,2024-03-23 02:22:21,42.08,5.03
order_00000874,1,prod_00000131,sell_00000046,2025-03-04 19:43:49,48.97,5.62
order_00000875,1,prod_00000658,sell_00000149,2024-06-05 21:09:14,14.25,2.41
order_00000876,1,prod_00000565,sell_00000186,2024-05-14 22:16:51,75.85,9.87
order_00000876,2,prod_00000006,sell_00000248,2024-05-16 22:16:51,11.63,1.26
order_00000876,3,prod_00000666,sell_00000107,2024-05-12 22:16:51,58.85,8.06
order_00000876,4,prod_00000745,sell_00000001,2024-05-14 22:16:51,41.05,7.28
order_00000877,1,prod_00000672,sell_00000127,2024-08-20 08:36:59,73.46,11.06
order_00000877,2,prod_00000431,sell_00000223,2024-08-23 08:36:59,65.47,6.1
order_00000877,3,prod_00000288,sell_00000173,2024-08-19 08:36:59,208.03,26.72
order_00000877,4,prod_00000594,sell_00000030,2024-08-18 08:36:59,76.75,11.56
order_00000878,1,prod_00000366,sell_00000194,2024-09-12 00:46:30,64.75,6.85
order_00000878,2,prod_00000190,sell_00000098,2024-09-15 00:46:30,28.28,3.96
order_00000878,3,prod_00000280,sell_00000055,2024-09-15 00:46:30,95.21,10.9
order_00000878,4,prod_00000320,sell_00000134,2024-09-12 00:46:30,19.27,2.45
order_00000879,1,prod_00000133,sell_00000056,2025-02-15 00:45:12,42.66,6.67
order_00000880,1,prod_00000410,sell_00000111,2025-05-21 23:34:29,119.02,8.04
order_00000881,1,prod_00000571,sell_00000021,2025-08-01 20:20:50,46.73,5.55
order_00000882,1,prod_00000593,sell_00000040,2024-08-10 15:05:18,31.18,5.54
order_00000882,2,prod_00000019,sell_00000060,2024-08-12 15:05:18,73.17,13.08
order_00000883,1,prod_00000432,sell_00000185,2025-04-17 18:01:29,148.48,5.44
order_00000884,1,prod_00000558,sell_00000102,2025-11-26 01:23:18,18.71,1.07
order_00000885,1,prod_00000193,sell_00000183,2024-05-13 04:07:00,13.82,1.85
order_00000886,1,prod_00000318,sell_00000073,2025-04-28 16:52:22,36.35,1.32
order_00000887,1,prod_00000146,sell_00000153,2024-03-05 15:30:56,57.58,3.65
order_00000888,1,prod_00000687,sell_00000013,2024-04-12 04:34:10,37.81,6.62
order_00000889,1,prod_00000548,sell_00000227,2024-10-13 07:53:24,62.7,2.27
order_00000889,2,prod_00000645,sell_00000147,2024-10-09 07:53:24,12.33,1.55
order_00000890,1,prod_00000624,sell_00000190,2024-01-07 03:41:09,100.36,13.02
order_00000891,1,prod_00000200,sell_00000014,2025-07-30 18:16:34,36.38,6.25
order_00000892,1,prod_00000634,sell_00000085,2024-09-28 06:06:33,70.99,12.67
order_00000893,1,prod_00000642,sell_00000200,2025-08-02 11:05:58,46.29,5.82
order_00000893,2,prod_00000712,sell_00000139,2025-07-29 11:05:58,43.96,4.11
order_00000893,3,prod_00000553,sell_00000095,2025-07-28 11:05:58,69.21,8.93
order_00000893,4,prod_00000346,sell_00000113,2025-07-29 11:05:58,70.56,3.56
order_00000894,1,prod_00000223,sell_00000055,2024-09-24 15:32:07,15.42,0.58
order_00000895,1,prod_00000545,sell_00000090,2025-12-31 00:15:46,80.26,5.27
order_00000895,2,prod_00000373,sell_00000055,2026-01-02 00:15:46,45.37,7.84
order_00000896,1,prod_00000435,sell_00000033,2024-11-01 20:01:13,152.43,18.31
order_00000896,2,prod_00000553,sell_00000142,2024-11-05 20:01:13,20.48,1.01
order_00000896,3,prod_00000179,sell_00000003,2024-11-06 20:01:13,75.66,9.5
order_00000897,1,prod_00000152,sell_00000050,2025-07-18 17:55:55,67.03,10.32
order_00000897,2,prod_00000401,sell_00000235,2025-07-20 17:55:55,155.41,24.25
order_00000897,3,prod_00000459,sell_00000179,2025-07-19 17:55:55,50.17,4.45
order_00000897,4,prod_00000742,sell_00000004,2025-07-20 17:55:55,15.4,1.96
order_00000898,1,prod_00000121,sell_00000112,2024-01-05 14:33:35,99.04,16.12
order_00000898,2,prod_00000190,sell_00000037,2024-01-06 14:33:35,67.09,10.3
order_00000899,1,prod_00000498,sell_00000179,2024-12-08 18:59:17,18.15,1.27
order_00000900,1,prod_00000667,sell_00000208,2024-08-06 14:28:23,20.18,2.51
order_00000900,2,prod_00000328,sell_00000087,2024-08-02 14:28:23,212.9,8.81
order_00000900,3,prod_00000485,sell_00000242,2024-08-05 14:28:23,93.82,15.72
order_00000900,4,prod_00000152,sell_00000100,2024-08-04 14:28:23,172.69,14.41
order_00000901,1,prod_00000062,sell_00000149,2025-05-21 16:42:33,66.39,5.42
order_00000902,1,prod_00000111,sell_00000214,2024-10-16 07:52:22,174.23,28.45
order_00000903,1,prod_00000667,sell_00000138,2024-08-05 11:39:16,156.47,15.89
order_00000904,1,prod_00000337,sell_00000109,2025-09-14 09:36:56,54.29,5.95
order_00000905,1,prod_00000739,sell_00000122,2025-09-17 18:46:07,15.03,1.71
order_00000906,1,prod_00000642,sell_00000181,2025-11-29 20:41:45,135.94,6.59
order_00000906,2,prod_00000359,sell_00000139,2025-11-28 20:41:45,106.88,13.95
order_00000906,3,prod_00000243,sell_00000012,2025-11-24 20:41:45,28.4,3.97
order_00000907,1,prod_00000576,sell_00000092,2025-11-26 11:31:34,60.37,6.13
order_00000908,1,prod_00000023,sell_00000136,2025-01-07 18:04:02,43.15,1.38
order_00000908,2,prod_00000068,sell_00000049,2025-01-09 18:04:02,353.76,25.53
order_00000909,1,prod_00000757,sell_00000182,2024-06-29 11:43:53,23.67,1.27
order_00000910,1,prod_00000137,sell_00000011,2025-10-13 13:54:34,32.58,4.3
order_00000911,1,prod_00000350,sell_00000145,2025-05-05 02:36:21,8.19,0.36
order_00000911,2,prod_00000416,sell_00000105,2025-05-09 02:36:21,61.86,8.29
order_00000911,3,prod_00000094,sell_00000134,2025-05-09 02:36:21,84.81,10.65
order_00000911,4,prod_00000046,sell_00000247,2025-05-07 02:36:21,72.62,9.86
order_00000912,1,prod_00000244,sell_00000236,2025-06-12 08:02:14,24.18,2.95
order_00000913,1,prod_00000272,sell_00000234,2025-09-27 02:35:05,47.6,7.61
order_00000913,2,prod_00000698,sell_00000203,2025-09-24 02:35:05,109.99,3.31
order_00000914,1,prod_00000492,sell_00000204,2024-10-12 08:44:57,118.28,15.37
order_00000915,1,prod_00000099,sell_00000028,2025-11-12 23:45:36,141.65,11.38
order_00000916,1,prod_00000750,sell_00000138,2024-07-19 07:49:33,17.96,2.49
order_00000917,1,prod_00000043,sell_00000075,2024-06-19 06:17:36,82.33,4.0
order_00000918,1,prod_00000685,sell_00000215,2024-04-08 18:30:22,36.6,1.12
order_00000919,1,prod_00000124,sell_00000225,2025-09-21 02:27:30,75.47,3.78
order_00000920,1,prod_00000477,sell_00000064,2025-02-27 23:07:10,27.59,3.3
order_00000920,2,prod_00000039,sell_00000048,2025-02-27 23:07:10,18.58,2.49
order_00000920,3,prod_00000688,sell_00000209,2025-02-25 23:07:10,53.47,6.25
order_00000920,4,prod_00000589,sell_00000050,2025-02-24 23:07:10,51.94,7.32
order_00000921,1,prod_00000679,sell_00000242,2024-03-11 09:02:45,42.56,4.58
order_00000921,2,prod_00000316,sell_00000006,2024-03-09 09:02:45,58.24,7.57
order_00000921,3,prod_00000707,sell_00000215,2024-03-10 09:02:45,128.28,13.22
order_00000921,4,prod_00000637,sell_00000205,2024-03-09 09:02:45,65.49,3.27
order_00000922,1,prod_00000500,sell_00000093,2024-01-20 09:05:07,20.61,1.5
order_00000923,1,prod_00000776,sell_00000141,2025-03-22 10:08:18,42.37,2.11
order_00000923,2,prod_00000316,sell_00000176,2025-03-24 10:08:18,67.54,5.34
order_00000923,3,prod_00000139,sell_00000211,2025-03-22 10:08:18,145.05,22.56
order_00000924,1,prod_00000783,sell_00000207,2024-09-19 12:57:28,137.97,11.33
order_00000924,2,prod_00000663,sell_00000044,2024-09-16 12:57:28,45.85,4.56
order_00000924,3,prod_00000150,sell_00000211,2024-09-18 12:57:28,87.87,14.54
order_00000925,1,prod_00000782,sell_00000118,2025-01-11 01:01:25,40.11,2.11
order_00000926,1,prod_00000261,sell_00000028,2025-02-28 15:15:28,69.83,11.04
order_00000927,1,prod_00000625,sell_00000072,2025-04-05 01:44:29,58.84,2.53
order_00000928,1,prod_00000431,sell_00000092,2025-01-23 00:31:49,47.86,2.02
order_00000929,1,prod_00000172,sell_00000220,2025-06-12 08:41:02,44.42,2.26
order_00000930,1,prod_00000354,sell_00000206,2025-11-04 00:47:08,13.42,0.94
order_00000931,1,prod_00000471,sell_00000189,2024-05-27 00:20:08,82.91,7.25
order_00000932,1,prod_00000289,sell_00000083,2024-12-07 07:59:08,28.36,2.18
order_00000932,2,prod_00000703,sell_00000045,2024-12-05 07:59:08,81.78,13.78
order_00000933,1,prod_00000240,sell_00000060,2025-03-30 05:45:58,13.62,1.07
order_00000934,1,prod_00000531,sell_00000019,2025-11-06 23:06:11,27.39,2.38
order_00000935,1,prod_00000119,sell_00000204,2024-12-19 20:59:24,34.43,3.47
order_00000935,2,prod_00000102,sell_00000028,2024-12-17 20:59:24,100.65,13.93
order_00000936,1,prod_00000340,sell_00000018,2024-03-09 17:39:00,7.39,0.54
order_00000937,1,prod_00000670,sell_00000091,2025-05-06 12:38:24,15.0,0.84
order_00000938,1,prod_00000037,sell_00000028,2025-12-16 14:19:08,19.18,1.32
order_00000939,1,prod_00000017,sell_00000166,2025-08-05 15:51:37,41.75,5.08
order_00000940,1,prod_00000130,sell_00000201,2024-09-21 07:03:12,13.02,1.52
order_00000941,1,prod_00000718,sell_00000109,2024-03-22 11:18:01,19.27,0.87
order_00000942,1,prod_00000661,sell_00000087,2025-06-08 08:56:05,68.17,8.44
order_00000943,1,prod_00000639,sell_00000012,2025-01-02 07:56:17,48.27,5.95
order_00000944,1,prod_00000371,sell_00000052,2024-05-05 15:26:10,30.49,5.08
order_00000945,1,prod_00000647,sell_00000072,2024-03-15 02:47:07,11.71,1.7
order_00000946,1,prod_00000140,sell_00000148,2024-11-06 04:44:28,143.54,9.91
order_00000947,1,prod_00000194,sell_00000100,2024-10-17 14:57:12,35.46,5.16
order_00000948,1,prod_00000632,sell_00000153,2024-02-08 16:22:10,79.91,6.95
order_00000948,2,prod_00000755,sell_00000173,2024-02-09 16:22:10,112.79,9.09
order_00000949,1,prod_00000206,sell_00000093,2025-02-21 08:23:31,116.33,18.34
order_00000950,1,prod_00000733,sell_00000110,2024-02-05 03:20:56,309.4,38.34
order_00000950,2,prod_00000411,sell_00000235,2024-02-07 03:20:56,195.02,25.83
order_00000950,3,prod_00000093,sell_00000142,2024-02-09 03:20:56,28.25,2.81
order_00000951,1,prod_00000680,sell_00000094,2024-10-05 08:36:22,28.74,4.36
order_00000951,2,prod_00000381,sell_00000113,2024-10-03 08:36:22,41.88,4.32
order_00000952,1,prod_00000658,sell_00000087,2024-09-07 13:06:47,56.22,8.22
order_00000953,1,prod_00000169,sell_00000160,2025-03-03 08:56:09,25.7,3.65
order_00000954,1,prod_00000565,sell_00000019,2025-08-01 20:15:53,27.34,4.12
order_00000955,1,prod_00000645,sell_00000019,2025-06-21 04:42:33,95.57,14.61
order_00000955,2,prod_00000528,sell_00000068,2025-06-22 04:42:33,47.21,3.14
order_00000955,3,prod_00000261,sell_00000218,2025-06-22 04:42:33,37.12,2.56
order_00000956,1,prod_00000661,sell_00000144,2025-12-19 12:55:49,69.25,6.61
order_00000957,1,prod_00000626,sell_00000039,2025-05-08 10:33:54,25.89,3.4
order_00000958,1,prod_00000266,sell_00000213,2024-03-20 21:41:06,37.58,4.05
order_00000959,1,prod_00000254,sell_00000062,2024-07-05 01:37:43,75.78,3.38
order_00000959,2,prod_00000181,sell_00000178,2024-07-06 01:37:43,45.78,2.86
order_00000960,1,prod_00000362,sell_00000105,2025-06-11 12:48:22,34.34,5.59
order_00000961,1,prod_00000002,sell_00000053,2025-10-17 13:34:38,63.62,7.71
order_00000962,1,prod_00000444,sell_00000063,2024-05-26 22:35:16,48.78,4.31
order_00000963,1,prod_00000257,sell_00000007,2025-08-22 00:23:41,44.41,5.78
order_00000964,1,prod_00000088,sell_00000113,2025-01-10 16:12:26,43.95,5.03
order_00000965,1,prod_00000083,sell_00000043,2025-01-09 10:53:13,30.38,5.02
order_00000965,2,prod_00000086,sell_00000231,2025-01-09 10:53:13,48.47,5.92
order_00000965,3,prod_00000394,sell_00000168,2025-01-05 10:53:13,40.32,7.02
order_00000966,1,prod_00000451,sell_00000177,2024-03-17 13:57:24,97.6,7.93
order_00000967,1,prod_00000251,sell_00000026,2024-05-22 22:12:18,37.48,5.64
order_00000968,1,prod_00000610,sell_00000127,2025-08-26 19:26:32,32.82,1.13
order_00000969,1,prod_00000671,sell_00000086,2024-03-11 08:53:53,19.55,1.54
order_00000970,1,prod_00000160,sell_00000047,2024-06-13 17:40:30,97.18,12.31
order_00000971,1,prod_00000680,sell_00000246,2025-09-15 17:47:44,94.41,10.36
order_00000972,1,prod_00000721,sell_00000007,2024-09-22 16:20:31,65.66,5.41
order_00000972,2,prod_00000042,sell_00000074,2024-09-23 16:20:31,104.66,3.21
order_00000973,1,prod_00000318,sell_00000059,2025-06-17 19:36:45,51.1,1.68
order_00000974,1,prod_00000490,sell_00000230,2025-05-12 22:04:12,35.29,6.22
order_00000975,1,prod_00000748,sell_00000042,2025-05-20 22:40:57,41.05,7.38
order_00000975,2,prod_00000449,sell_00000141,2025-05-21 22:40:57,5.46,0.29
order_00000976,1,prod_00000702,sell_00000019,2025-04-06 12:38:04,72.27,10.34
order_00000977,1,prod_00000295,sell_00000126,2024-03-29 10:57:53,16.72,2.45
order_00000978,1,prod_00000048,sell_00000240,2025-07-20 20:22:31,56.03,8.93
order_00000978,2,prod_00000068,sell_00000177,2025-07-20 20:22:31,39.44,3.18
order_00000978,3,prod_00000092,sell_00000182,2025-07-19 20:22:31,73.16,7.48
order_00000979,1,prod_00000429,sell_00000014,2024-11-26 19:47:15,71.87,5.63
order_00000979,2,prod_00000015,sell_00000233,2024-11-28 19:47:15,191.54,33.47
order_00000979,3,prod_00000600,sell_00000121,2024-11-26 19:47:15,70.24,3.31
order_00000979,4,prod_00000516,sell_00000140,2024-11-24 19:47:15,23.2,1.96
order_00000980,1,prod_00000480,sell_00000013,2024-04-19 09:51:55,55.15,9.72
order_00000981,1,prod_00000550,sell_00000197,2024-06-12 08:17:24,89.81,12.72
order_00000982,1,prod_00000388,sell_00000046,2025-06-17 07:43:02,146.72,23.04
order_00000982,2,prod_00000656,sell_00000152,2025-06-17 07:43:02,30.95,3.7
order_00000983,1,prod_00000097,sell_00000142,2024-01-09 13:41:20,12.8,1.87
order_00000984,1,prod_00000781,sell_00000039,2024-01-10 13:26:20,39.68,3.06
order_00000985,1,prod_00000215,sell_00000231,2024-10-06 09:45:19,92.17,9.36
order_00000986,1,prod_00000141,sell_00000199,2024-05-23 06:39:46,60.79,3.32
order_00000987,1,prod_00000092,sell_00000132,2024-02-29 07:41:28,34.9,4.13
order_00000988,1,prod_00000558,sell_00000048,2024-12-14 18:56:13,68.51,6.72
order_00000988,2,prod_00000216,sell_00000112,2024-12-12 18:56:13,173.44,13.16
order_00000989,1,prod_00000294,sell_00000228,2025-01-20 16:14:39,23.25,4.12
order_00000990,1,prod_00000655,sell_00000117,2025-01-14 08:36:59,16.61,2.07
order_00000990,2,prod_00000714,sell_00000048,2025-01-16 08:36:59,96.33,9.4
order_00000991,1,prod_00000619,sell_00000148,2024-03-22 17:34:05,132.69,5.08
order_00000992,1,prod_00000724,sell_00000031,2024-09-17 08:38:47,41.5,7.36
order_00000992,2,prod_00000761,sell_00000169,2024-09-17 08:38:47,38.88,6.32
order_00000993,1,prod_00000094,sell_00000020,2024-10-26 12:29:39,32.16,3.81
order_00000994,1,prod_00000632,sell_00000247,2025-09-11 21:28:08,65.12,4.37
order_00000995,1,prod_00000734,sell_00000074,2024-03-25 13:32:14,52.47,8.81
order_00000996,1,prod_00000798,sell_00000070,2025-06-11 10:54:27,83.19,7.31
order_00000997,1,prod_00000435,sell_00000234,2025-02-04 08:19:17,164.96,25.57
order_00000997,2,prod_00000507,sell_00000048,2025-01-31 08:19:17,21.72,1.65
order_00000997,3,prod_00000130,sell_00000192,2025-02-03 08:19:17,106.92,16.36
order_00000998,1,prod_00000166,sell_00000202,2024-05-19 13:42:19,61.27,2.22
order_00000999,1,prod_00000361,sell_00000229,2024-12-23 07:21:13,71.74,8.42
order_00000999,2,prod_00000451,sell_00000062,2024-12-28 07:21:13,69.31,11.9
order_00001000,1,prod_00000534,sell_00000249,2025-05-12 07:24:47,55.45,8.98
order_00001001,1,prod_00000222,sell_00000195,2024-06-22 15:27:22,59.22,8.7
order_00001002,1,prod_00000294,sell_00000162,2024-06-14 07:08:51,35.95,3.48
order_00001002,2,prod_00000312,sell_00000051,2024-06-16 07:08:51,10.14,0.31
order_00001002,3,prod_00000301,sell_00000002,2024-06-18 07:08:51,111.81,19.42
order_00001003,1,prod_00000598,sell_00000069,2024-12-03 01:44:02,32.31,2.77
order_00001004,1,prod_00000716,sell_00000026,2025-12-19 10:00:22,98.87,7.8
order_00001004,2,prod_00000251,sell_00000023,2025-12-19 10:00:22,41.86,3.85
order_00001005,1,prod_00000666,sell_00000218,2025-11-04 12:35:11,92.43,12.68
order_00001006,1,prod_00000186,sell_00000071,2025-06-08 00:28:28,40.81,2.32
order_00001007,1,prod_00000573,sell_00000079,2025-11-19 03:15:03,35.57,6.05
order_00001008,1,prod_00000011,sell_00000148,2025-12-14 03:39:32,50.13,2.03
order_00001009,1,prod_00000432,sell_00000027,2024-08-04 08:52:43,232.14,10.31
order_00001010,1,prod_00000441,sell_00000092,2024-10-25 15:07:03,74.18,8.05
order_00001011,1,prod_00000297,sell_00000213,2024-01-20 10:57:51,58.14,2.27
order_00001012,1,prod_00000646,sell_00000027,2024-01-11 05:43:08,15.08,2.04
order_00001013,1,prod_00000230,sell_00000177,2025-09-12 08:22:08,33.15,1.64
order_00001014,1,prod_00000753,sell_00000192,2025-08-24 10:10:50,150.55,14.17
order_00001015,1,prod_00000203,sell_00000034,2025-10-03 22:36:26,211.26,15.02
order_00001016,1,prod_00000744,sell_00000057,2024-02-06 16:04:46,47.45,6.76
order_00001016,2,prod_00000797,sell_00000099,2024-02-05 16:04:46,155.35,24.21
order_00001016,3,prod_00000624,sell_00000024,2024-02-04 16:04:46,52.76,7.24
order_00001016,4,prod_00000390,sell_00000159,2024-02-05 16:04:46,47.7,3.23
order_00001017,1,prod_00000187,sell_00000248,2024-03-17 17:45:53,59.14,5.08
order_00001017,2,prod_00000672,sell_00000132,2024-03-18 17:45:53,59.48,3.78
order_00001018,1,prod_00000140,sell_00000002,2024-07-12 07:55:18,30.0,1.58
order_00001019,1,prod_00000436,sell_00000041,2025-09-20 16:38:52,168.33,9.59
order_00001019,2,prod_00000095,sell_00000115,2025-09-18 16:38:52,44.8,4.75
order_00001019,3,prod_00000022,sell_00000194,2025-09-20 16:38:52,52.08,2.38
order_00001019,4,prod_00000485,sell_00000037,2025-09-20 16:38:52,28.6,1.76
order_00001020,1,prod_00000196,sell_00000187,2024-11-17 04:58:21,45.72,1.56
order_00001021,1,prod_00000359,sell_00000014,2024-05-15 22:52:06,24.06,4.2
order_00001022,1,prod_00000005,sell_00000079,2024-05-13 12:25:34,321.7,54.14
order_00001023,1,prod_00000473,sell_00000160,2025-02-23 08:28:41,98.65,15.62
order_00001024,1,prod_00000429,sell_00000206,2025-10-20 12:45:23,144.84,8.71
order_00001024,2,prod_00000615,sell_00000126,2025-10-19 12:45:23,48.65,2.24
order_00001024,3,prod_00000239,sell_00000127,2025-10-21 12:45:23,81.6,6.63
order_00001025,1,prod_00000595,sell_00000174,2025-11-21 00:05:20,87.76,9.98
order_00001026,1,prod_00000468,sell_00000045,2024-11-17 11:17:30,67.41,8.97
order_00001027,1,prod_00000605,sell_00000111,2024-08-14 20:15:55,60.32,9.24
order_00001028,1,prod_00000045,sell_00000085,2024-07-29 19:38:13,10.54,1.73
order_00001029,1,prod_00000781,sell_00000215,2024-10-31 23:28:42,76.68,8.11
order_00001029,2,prod_00000391,sell_00000200,2024-11-01 23:28:42,101.65,9.79
order_00001029,3,prod_00000413,sell_00000020,2024-11-01 23:28:42,91.13,9.62
order_00001030,1,prod_00000285,sell_00000034,2024-05-13 13:26:56,81.89,11.82
order_00001031,1,prod_00000378,sell_00000157,2024-10-13 21:33:10,36.34,4.29
order_00001032,1,prod_00000775,sell_00000006,2025-07-09 23:20:08,33.81,2.55
order_00001032,2,prod_00000224,sell_00000167,2025-07-12 23:20:08,48.87,6.84
order_00001033,1,prod_00000797,sell_00000034,2024-02-27 00:01:27,46.28,5.41
order_00001033,2,prod_00000633,sell_00000009,2024-03-01 00:01:27,55.26,9.49
order_00001033,3,prod_00000355,sell_00000024,2024-03-02 00:01:27,92.14,10.0
order_00001033,4,prod_00000189,sell_00000152,2024-02-26 00:01:27,101.04,16.57
order_00001034,1,prod_00000679,sell_00000091,2025-10-25 17:24:52,206.27,18.45
order_00001035,1,prod_00000286,sell_00000090,2025-01-11 02:35:43,39.4,3.15
order_00001036,1,prod_00000588,sell_00000154,2024-12-18 17:19:00,24.91,3.21
order_00001036,2,prod_00000643,sell_00000215,2024-12-23 17:19:00,63.98,10.49
order_00001036,3,prod_00000054,sell_00000200,2024-12-21 17:19:00,241.18,14.3
order_00001036,4,prod_00000543,sell_00000051,2024-12-21 17:19:00,58.16,2.32
order_00001037,1,prod_00000021,sell_00000116,2024-01-30 15:49:28,78.94,7.45
order_00001038,1,prod_00000098,sell_00000111,2024-07-31 06:52:20,69.87,10.93
order_00001039,1,prod_00000719,sell_00000122,2024-05-25 17:38:54,63.43,8.09
order_00001039,2,prod_00000450,sell_00000133,2024-05-27 17:38:54,13.6,2.21
order_00001039,3,prod_00000763,sell_00000121,2024-05-24 17:38:54,52.21,4.23
order_00001039,4,prod_00000601,sell_00000062,2024-05-26 17:38:54,50.85,8.53
order_00001040,1,prod_00000442,sell_00000073,2024-07-18 00:34:56,108.73,5.62
order_00001040,2,prod_00000271,sell_00000220,2024-07-18 00:34:56,160.74,5.6
order_00001041,1,prod_00000466,sell_00000227,2024-07-23 04:01:46,60.66,7.05
order_00001042,1,prod_00000420,sell_00000067,2024-11-30 20:18:08,38.24,1.8
order_00001043,1,prod_00000711,sell_00000070,2024-04-08 07:05:56,126.03,20.88
order_00001044,1,prod_00000699,sell_00000222,2024-06-15 00:11:35,53.43,9.05
order_00001044,2,prod_00000292,sell_00000031,2024-06-16 00:11:35,95.05,16.48
order_00001044,3,prod_00000369,sell_00000025,2024-06-17 00:11:35,27.48,2.32
order_00001045,1,prod_00000691,sell_00000212,2024-01-31 07:12:08,82.04,4.03
order_00001046,1,prod_00000129,sell_00000220,2025-12-16 16:16:09,64.18,8.07
order_00001046,2,prod_00000603,sell_00000178,2025-12-15 16:16:09,37.51,6.31
order_00001047,1,prod_00000098,sell_00000111,2025-12-20 16:37:21,91.99,6.28
order_00001048,1,prod_00000539,sell_00000111,2025-04-27 22:17:59,27.72,3.82
order_00001049,1,prod_00000183,sell_00000042,2024-12-12 09:19:11,18.44,0.72
order_00001049,2,prod_00000797,sell_00000144,2024-12-12 09:19:11,13.58,0.57
order_00001049,3,prod_00000674,sell_00000193,2024-12-10 09:19:11,47.04,5.48
order_00001050,1,prod_00000447,sell_00000167,2024-09-13 12:11:33,87.16,2.62
order_00001051,1,prod_00000231,sell_00000086,2024-08-26 20:36:31,151.4,22.89
order_00001052,1,prod_00000572,sell_00000039,2025-05-17 09:48:22,22.49,1.41
order_00001053,1,prod_00000209,sell_00000116,2024-09-02 16:14:10,54.35,3.51
order_00001053,2,prod_00000789,sell_00000106,2024-08-30 16:14:10,24.91,1.51
order_00001053,3,prod_00000316,sell_00000094,2024-09-03 16:14:10,63.3,6.09
order_00001054,1,prod_00000611,sell_00000150,2024-02-26 15:18:13,93.44,9.55
order_00001054,2,prod_00000664,sell_00000182,2024-02-25 15:18:13,74.03,5.88
order_00001054,3,prod_00000304,sell_00000120,2024-02-23 15:18:13,22.96,1.95
order_00001054,4,prod_00000743,sell_00000143,2024-02-26 15:18:13,65.59,9.26
order_00001055,1,prod_00000367,sell_00000113,2025-12-05 18:05:41,33.82,3.12
order_00001056,1,prod_00000508,sell_00000049,2025-11-06 21:04:55,55.8,5.09
order_00001057,1,prod_00000773,sell_00000113,2025-01-29 05:15:04,19.15,1.96
order_00001058,1,prod_00000661,sell_00000058,2025-09-06 23:19:33,117.39,14.75
order_00001059,1,prod_00000205,sell_00000225,2024-10-11 15:17:55,42.39,3.56
order_00001059,2,prod_00000227,sell_00000173,2024-10-10 15:17:55,79.41,8.08
order_00001059,3,prod_00000137,sell_00000065,2024-10-13 15:17:55,31.35,5.32
order_00001060,1,prod_00000279,sell_00000188,2025-10-14 06:05:27,127.11,13.67
order_00001061,1,prod_00000658,sell_00000094,2024-12-31 12:43:04,64.29,2.57
order_00001062,1,prod_00000708,sell_00000000,2024-02-05 11:22:20,49.86,2.79
order_00001063,1,prod_00000256,sell_00000176,2024-12-28 21:00:13,56.1,9.57
order_00001064,1,prod_00000679,sell_00000096,2025-09-23 16:18:01,646.37,29.76
order_00001065,1,prod_00000012,sell_00000090,2025-03-27 20:09:12,23.79,1.03
order_00001066,1,prod_00000474,sell_00000208,2025-04-28 15:20:11,282.91,40.6
order_00001067,1,prod_00000155,sell_00000118,2024-05-17 00:01:20,27.99,2.46
order_00001067,2,prod_00000306,sell_00000198,2024-05-17 00:01:20,6.64,0.29
order_00001068,1,prod_00000754,sell_00000041,2024-10-03 16:26:09,19.87,1.11
order_00001069,1,prod_00000653,sell_00000112,2025-02-07 15:59:27,19.74,3.26
order_00001070,1,prod_00000605,sell_00000009,2025-12-30 09:00:41,23.85,2.74
order_00001071,1,prod_00000347,sell_00000036,2024-05-29 16:37:57,90.21,3.96
order_00001072,1,prod_00000248,sell_00000096,2024-05-13 08:21:29,29.24,2.96
order_00001073,1,prod_00000615,sell_00000184,2025-07-01 22:51:09,393.05,69.79
order_00001074,1,prod_00000226,sell_00000127,2024-08-29 18:39:54,31.01,5.41
order_00001074,2,prod_00000721,sell_00000145,2024-08-28 18:39:54,50.67,8.86
order_00001074,3,prod_00000560,sell_00000193,2024-08-27 18:39:54,27.98,3.78
order_00001075,1,prod_00000668,sell_00000133,2024-02-07 11:19:00,55.17,9.53
order_00001075,2,prod_00000473,sell_00000062,2024-02-05 11:19:00,24.09,1.33
order_00001076,1,prod_00000050,sell_00000013,2025-10-12 00:20:31,82.9,14.71
order_00001076,2,prod_00000050,sell_00000221,2025-10-11 00:20:31,30.77,3.43
order_00001077,1,prod_00000027,sell_00000051,2024-09-02 03:21:13,72.47,8.32
order_00001078,1,prod_00000775,sell_00000185,2025-04-05 13:21:16,86.34,4.97
order_00001078,2,prod_00000760,sell_00000103,2025-04-04 13:21:16,167.49,7.18
order_00001079,1,prod_00000456,sell_00000176,2024-03-15 09:01:18,97.0,11.1
order_00001080,1,prod_00000592,sell_00000003,2024-09-06 14:44:04,12.07,1.11
order_00001081,1,prod_00000174,sell_00000166,2024-07-06 08:25:39,89.14,7.13
order_00001082,1,prod_00000286,sell_00000039,2024-12-31 01:19:44,196.0,17.39
order_00001083,1,prod_00000592,sell_00000225,2024-06-17 03:58:38,31.13,5.33
order_00001084,1,prod_00000673,sell_00000188,2025-08-12 13:34:55,31.97,4.51
order_00001085,1,prod_00000301,sell_00000217,2024-06-12 14:13:11,77.94,8.53
order_00001086,1,prod_00000648,sell_00000207,2025-10-16 01:13:41,15.74,1.13
order_00001087,1,prod_00000687,sell_00000239,2024-03-01 04:36:43,45.42,3.31
order_00001088,1,prod_00000355,sell_00000016,2025-09-17 08:00:15,87.83,13.75
order_00001089,1,prod_00000016,sell_00000074,2024-08-11 08:18:53,62.63,9.64
order_00001090,1,prod_00000776,sell_00000018,2025-08-10 08:50:03,132.76,13.89
order_00001091,1,prod_00000748,sell_00000242,2024-12-23 10:11:02,27.22,4.81
order_00001092,1,prod_00000357,sell_00000047,2025-08-25 08:16:38,39.35,2.04
order_00001093,1,prod_00000107,sell_00000030,2025-12-26 03:59:46,135.56,24.27
order_00001093,2,prod_00000691,sell_00000230,2025-12-22 03:59:46,30.91,4.35
order_00001093,3,prod_00000348,sell_00000239,2025-12-22 03:59:46,50.76,4.89
order_00001094,1,prod_00000084,sell_00000120,2025-02-10 16:03:01,99.25,9.49
order_00001095,1,prod_00000667,sell_00000141,2025-06-11 10:20:32,61.94,9.42
order_00001096,1,prod_00000611,sell_00000185,2024-05-15 22:16:17,117.99,20.34
order_00001097,1,prod_00000267,sell_00000166,2025-12-27 05:05:44,73.56,12.14
order_00001098,1,prod_00000631,sell_00000248,2025-04-24 05:05:42,65.16,9.89
order_00001098,2,prod_00000434,sell_00000122,2025-04-23 05:05:42,29.26,5.2
order_00001098,3,prod_00000160,sell_00000063,2025-04-26 05:05:42,26.17,4.17
order_00001098,4,prod_00000560,sell_00000004,2025-04-26 05:05:42,15.91,2.74
order_00001099,1,prod_00000402,sell_00000035,2025-09-29 14:02:54,95.14,5.37
order_00001100,1,prod_00000292,sell_00000021,2024-01-29 14:51:40,41.72,1.34
order_00001100,2,prod_00000275,sell_00000048,2024-01-31 14:51:40,40.03,1.89
order_00001100,3,prod_00000661,sell_00000086,2024-01-31 14:51:40,46.05,2.28
order_00001100,4,prod_00000271,sell_00000159,2024-01-26 14:51:40,68.71,7.94
order_00001101,1,prod_00000786,sell_00000084,2025-11-15 21:49:17,188.73,11.87
order_00001102,1,prod_00000565,sell_00000200,2024-12-17 22:02:15,170.68,24.69
order_00001103,1,prod_00000459,sell_00000199,2025-08-26 15:23:12,30.19,4.22
order_00001104,1,prod_00000747,sell_00000085,2024-08-14 09:39:06,186.35,23.27
order_00001105,1,prod_00000507,sell_00000168,2024-05-17 19:19:19,81.11,6.2
order_00001105,2,prod_00000415,sell_00000206,2024-05-18 19:19:19,33.6,4.57
order_00001105,3,prod_00000614,sell_00000217,2024-05-20 19:19:19,82.62,7.7
order_00001105,4,prod_00000389,sell_00000048,2024-05-19 19:19:19,103.51,11.53
order_00001106,1,prod_00000515,sell_00000212,2025-11-27 14:17:30,89.84,15.51
order_00001107,1,prod_00000457,sell_00000057,2024-06-06 08:15:55,45.34,4.87
order_00001108,1,prod_00000312,sell_00000217,2025-12-24 11:40:03,147.07,5.98
order_00001109,1,prod_00000607,sell_00000078,2024-08-07 16:13:17,75.53,9.37
order_00001110,1,prod_00000244,sell_00000050,2024-05-24 16:07:01,46.74,7.68
order_00001111,1,prod_00000521,sell_00000056,2025-10-26 20:27:03,36.13,6.1
order_00001111,2,prod_00000599,sell_00000226,2025-10-29 20:27:03,30.4,4.21
order_00001111,3,prod_00000736,sell_00000245,2025-10-26 20:27:03,39.25,2.2
order_00001111,4,prod_00000143,sell_00000163,2025-10-24 20:27:03,102.87,10.06
order_00001112,1,prod_00000704,sell_00000013,2024-05-23 06:14:50,36.04,2.82
order_00001112,2,prod_00000730,sell_00000163,2024-05-23 06:14:50,92.32,5.14
order_00001112,3,prod_00000763,sell_00000007,2024-05-24 06:14:50,14.25,1.72
order_00001113,1,prod_00000192,sell_00000184,2024-06-03 00:30:27,54.58,2.38
order_00001114,1,prod_00000638,sell_00000150,2025-01-30 15:38:33,93.12,11.26
order_00001115,1,prod_00000300,sell_00000181,2025-06-26 00:23:59,47.22,4.98
order_00001115,2,prod_00000592,sell_00000102,2025-06-26 00:23:59,60.89,9.37
order_00001115,3,prod_00000192,sell_00000178,2025-06-25 00:23:59,29.88,4.49
order_00001115,4,prod_00000643,sell_00000205,2025-06-24 00:23:59,54.96,4.17
order_00001116,1,prod_00000238,sell_00000244,2024-06-27 21:29:58,99.34,7.77
order_00001116,2,prod_00000125,sell_00000091,2024-06-24 21:29:58,47.34,6.62
order_00001116,3,prod_00000452,sell_00000019,2024-06-25 21:29:58,62.66,7.77
order_00001116,4,prod_00000100,sell_00000219,2024-06-23 21:29:58,80.45,3.23
order_00001117,1,prod_00000580,sell_00000063,2025-11-01 13:06:53,20.87,3.03
order_00001117,2,prod_00000208,sell_00000135,2025-10-30 13:06:53,63.21,2.84
order_00001117,3,prod_00000449,sell_00000023,2025-10-29 13:06:53,23.98,3.59
order_00001117,4,prod_00000483,sell_00000217,2025-10-28 13:06:53,37.58,5.48
order_00001118,1,prod_00000347,sell_00000175,2025-07-05 19:32:01,36.45,2.32
order_00001119,1,prod_00000037,sell_00000123,2024-08-31 19:44:05,39.24,2.81
order_00001120,1,prod_00000280,sell_00000191,2024-12-23 12:29:28,163.01,20.7
order_00001120,2,prod_00000228,sell_00000208,2024-12-22 12:29:28,89.7,14.23
order_00001121,1,prod_00000320,sell_00000045,2024-08-26 04:31:24,27.67,2.93
order_00001121,2,prod_00000192,sell_00000024,2024-08-26 04:31:24,10.26,0.91
order_00001122,1,prod_00000703,sell_00000201,2024-03-24 17:08:22,20.65,2.83
order_00001123,1,prod_00000179,sell_00000139,2024-11-22 03:58:19,97.29,10.14
order_00001123,2,prod_00000590,sell_00000057,2024-11-23 03:58:19,76.69,3.11
order_00001123,3,prod_00000104,sell_00000158,2024-11-21 03:58:19,14.37,0.65
order_00001124,1,prod_00000381,sell_00000248,2025-12-06 00:12:39,28.24,5.01
order_00001125,1,prod_00000177,sell_00000004,2025-12-23 23:27:23,46.66,6.56
order_00001126,1,prod_00000159,sell_00000024,2025-04-09 18:35:18,64.89,8.75
order_00001127,1,prod_00000595,sell_00000167,2025-04-21 18:12:32,34.3,2.01
order_00001127,2,prod_00000790,sell_00000064,2025-04-19 18:12:32,17.1,1.8
order_00001128,1,prod_00000086,sell_00000181,2025-06-11 11:20:20,28.44,3.71
order_00001129,1,prod_00000288,sell_00000032,2025-11-13 08:51:44,36.34,1.8
order_00001129,2,prod_00000497,sell_00000076,2025-11-13 08:51:44,53.87,3.99
order_00001129,3,prod_00000613,sell_00000188,2025-11-13 08:51:44,108.56,7.1
order_00001129,4,prod_00000007,sell_00000146,2025-11-14 08:51:44,51.23,8.56
order_00001130,1,prod_00000788,sell_00000132,2024-08-22 22:16:26,121.67,12.11
order_00001131,1,prod_00000243,sell_00000109,2024-04-30 17:58:41,10.59,0.79
order_00001131,2,prod_00000113,sell_00000133,2024-04-30 17:58:41,105.81,18.39
order_00001132,1,prod_00000010,sell_00000111,2024-05-02 18:55:15,92.36,11.56
order_00001133,1,prod_00000552,sell_00000070,2025-05-26 09:59:21,130.33,12.96
order_00001134,1,prod_00000051,sell_00000048,2025-12-21 01:33:46,18.27,2.24
order_00001134,2,prod_00000627,sell_00000196,2025-12-25 01:33:46,20.71,2.46
order_00001134,3,prod_00000073,sell_00000249,2025-12-20 01:33:46,200.68,10.86
order_00001134,4,prod_00000736,sell_00000062,2025-12-22 01:33:46,85.87,11.16
order_00001135,1,prod_00000036,sell_00000043,2025-11-20 01:26:01,102.07,3.98
order_00001136,1,prod_00000603,sell_00000017,2024-11-08 15:17:52,71.92,10.69
order_00001137,1,prod_00000177,sell_00000049,2024-01-26 04:36:31,40.79,6.61
order_00001138,1,prod_00000403,sell_00000233,2024-02-27 22:54:25,34.04,5.44
order_00001139,1,prod_00000393,sell_00000124,2025-05-07 14:55:31,73.73,2.38
order_00001140,1,prod_00000084,sell_00000082,2024-12-18 15:34:15,15.49,1.45
order_00001141,1,prod_00000796,sell_00000067,2024-08-19 06:22:41,64.65,6.54
order_00001142,1,prod_00000599,sell_00000141,2025-04-09 15:50:27,180.99,17.62
order_00001142,2,prod_00000540,sell_00000092,2025-04-09 15:50:27,99.24,14.36
order_00001143,1,prod_00000797,sell_00000004,2024-04-25 18:05:45,52.42,2.46
order_00001143,2,prod_00000390,sell_00000044,2024-04-25 18:05:45,136.33,16.67
order_00001144,1,prod_00000461,sell_00000021,2024-08-24 10:49:24,97.19,6.31
order_00001145,1,prod_00000433,sell_00000054,2025-03-13 04:00:58,42.93,6.34
order_00001146,1,prod_00000498,sell_00000110,2025-09-16 10:01:30,64.1,10.39
order_00001147,1,prod_00000588,sell_00000212,2024-10-17 07:59:46,47.23,2.38
order_00001147,2,prod_00000427,sell_00000000,2024-10-16 07:59:46,52.95,5.71
order_00001148,1,prod_00000012,sell_00000152,2024-01-20 04:09:45,52.08,6.96
order_00001149,1,prod_00000274,sell_00000120,2024-03-09 19:17:31,58.11,7.29
order_00001150,1,prod_00000695,sell_00000025,2024-10-21 07:44:30,21.59,1.16
order_00001150,2,prod_00000257,sell_00000187,2024-10-17 07:44:30,65.98,4.48
order_00001151,1,prod_00000434,sell_00000067,2025-04-02 01:28:43,10.63,1.33
order_00001152,1,prod_00000159,sell_00000228,2024-02-28 11:28:05,129.44,12.96
order_00001152,2,prod_00000525,sell_00000203,2024-03-01 11:28:05,48.51,6.73
order_00001153,1,prod_00000100,sell_00000159,2025-11-14 07:32:07,62.13,7.8
order_00001154,1,prod_00000161,sell_00000118,2025-06-25 18:57:59,42.75,7.44
order_00001155,1,prod_00000442,sell_00000073,2024-09-28 15:11:49,45.51,4.91
order_00001155,2,prod_00000371,sell_00000009,2024-09-29 15:11:49,57.23,9.01
order_00001155,3,prod_00000014,sell_00000244,2024-09-25 15:11:49,14.08,0.73
order_00001156,1,prod_00000790,sell_00000105,2025-03-27 06:01:52,45.06,1.95
order_00001156,2,prod_00000498,sell_00000011,2025-04-01 06:01:52,83.35,11.75
order_00001157,1,prod_00000388,sell_00000156,2024-02-13 22:25:21,35.97,2.38
order_00001158,1,prod_00000324,sell_00000006,2024-06-19 19:14:28,182.49,12.86
order_00001159,1,prod_00000187,sell_00000210,2025-09-25 20:48:57,16.27,1.03
order_00001160,1,prod_00000642,sell_00000155,2024-07-29 02:48:34,51.53,8.05
order_00001161,1,prod_00000099,sell_00000171,2025-10-21 02:23:34,261.25,15.79
order_00001162,1,prod_00000229,sell_00000167,2025-11-16 12:19:37,19.84,1.47
order_00001163,1,prod_00000041,sell_00000173,2025-01-13 08:54:26,23.82,4.12
order_00001164,1,prod_00000637,sell_00000114,2024-09-04 00:30:46,67.6,8.03
order_00001165,1,prod_00000086,sell_00000227,2024-04-03 15:21:56,98.35,8.04
order_00001166,1,prod_00000481,sell_00000068,2025-07-17 02:49:43,225.75,32.88
order_00001167,1,prod_00000715,sell_00000217,2025-04-16 19:45:11,20.19,2.51
order_00001168,1,prod_00000165,sell_00000237,2024-04-25 10:32:41,18.33,1.15
order_00001168,2,prod_00000256,sell_00000049,2024-04-21 10:32:41,33.45,1.95
order_00001169,1,prod_00000513,sell_00000054,2024-01-24 15:26:13,107.51,14.87
order_00001170,1,prod_00000304,sell_00000169,2024-01-27 23:09:55,53.64,7.29
order_00001171,1,prod_00000685,sell_00000034,2025-12-19 19:52:37,106.3,12.8
order_00001171,2,prod_00000692,sell_00000223,2025-12-14 19:52:37,21.39,1.39
order_00001171,3,prod_00000110,sell_00000205,2025-12-14 19:52:37,14.51,1.26
order_00001171,4,prod_00000472,sell_00000146,2025-12-14 19:52:37,30.47,3.12
order_00001172,1,prod_00000022,sell_00000173,2024-08-11 08:42:10,31.7,4.81
order_00001173,1,prod_00000189,sell_00000151,2025-03-13 21:51:23,24.58,2.23
order_00001173,2,prod_00000306,sell_00000018,2025-03-10 21:51:23,21.26,2.98
order_00001174,1,prod_00000726,sell_00000241,2024-03-16 08:07:09,56.94,9.73
order_00001175,1,prod_00000692,sell_00000111,2025-12-27 15:35:58,343.34,58.82
order_00001175,2,prod_00000184,sell_00000217,2025-12-29 15:35:58,12.83,1.56
order_00001176,1,prod_00000673,sell_00000139,2025-03-16 08:08:40,29.56,2.93
order_00001177,1,prod_00000448,sell_00000081,2025-01-31 09:36:13,66.53,6.72
order_00001177,2,prod_00000069,sell_00000241,2025-02-01 09:36:13,78.59,10.49
order_00001177,3,prod_00000220,sell_00000121,2025-02-04 09:36:13,35.5,1.77
order_00001177,4,prod_00000079,sell_00000181,2025-02-04 09:36:13,18.28,1.38
order_00001178,1,prod_00000159,sell_00000166,2024-12-10 23:47:15,17.55,0.94
order_00001179,1,prod_00000221,sell_00000172,2025-05-08 05:17:58,13.16,1.14
order_00001180,1,prod_00000714,sell_00000188,2025-06-18 14:41:57,57.96,2.05
order_00001180,2,prod_00000465,sell_00000030,2025-06-18 14:41:57,69.88,10.7
order_00001180,3,prod_00000498,sell_00000220,2025-06-17 14:41:57,23.46,3.24
order_00001181,1,prod_00000061,sell_00000213,2024-10-10 09:36:03,61.63,5.16
order_00001181,2,prod_00000338,sell_00000010,2024-10-13 09:36:03,26.83,1.05
order_00001182,1,prod_00000783,sell_00000064,2024-03-31 02:20:59,15.56,1.4
order_00001183,1,prod_00000785,sell_00000027,2024-03-26 10:45:44,113.34,12.22
order_00001183,2,prod_00000743,sell_00000133,2024-03-27 10:45:44,87.64,11.52
order_00001184,1,prod_00000751,sell_00000069,2025-11-22 22:48:10,111.49,6.07
order_00001185,1,prod_00000002,sell_00000162,2024-01-29 15:39:08,42.29,1.94
order_00001186,1,prod_00000195,sell_00000011,2024-04-30 19:52:37,273.41,48.8
order_00001187,1,prod_00000481,sell_00000125,2024-05-09 01:39:46,30.42,1.09
order_00001188,1,prod_00000734,sell_00000248,2024-05-17 12:37:59,46.25,3.93
order_00001188,2,prod_00000359,sell_00000101,2024-05-20 12:37:59,44.25,6.86
order_00001189,1,prod_00000397,sell_00000223,2024-10-15 19:25:50,175.24,17.31
order_00001190,1,prod_00000451,sell_00000105,2024-11-30 22:24:47,42.01,1.42
order_00001190,2,prod_00000219,sell_00000012,2024-12-02 22:24:47,50.22,4.29
order_00001191,1,prod_00000309,sell_00000201,2024-02-06 07:45:40,19.71,0.76
order_00001192,1,prod_00000516,sell_00000120,2025-03-23 05:05:48,24.95,0.97
order_00001193,1,prod_00000656,sell_00000080,2025-03-04 21:15:45,7.03,0.29
order_00001194,1,prod_00000450,sell_00000209,2025-09-11 01:02:25,79.2,14.23
order_00001195,1,prod_00000492,sell_00000025,2025-04-30 00:10:22,55.63,7.07
order_00001195,2,prod_00000693,sell_00000127,2025-04-28 00:10:22,94.29,11.35
order_00001196,1,prod_00000218,sell_00000094,2024-01-26 02:22:03,42.64,7.47
order_00001197,1,prod_00000393,sell_00000105,2025-07-21 02:56:29,70.63,9.07
order_00001198,1,prod_00000773,sell_00000094,2024-07-15 04:53:53,17.83,1.54
order_00001198,2,prod_00000068,sell_00000183,2024-07-12 04:53:53,57.79,4.42
order_00001198,3,prod_00000745,sell_00000126,2024-07-13 04:53:53,128.01,20.78
order_00001199,1,prod_00000703,sell_00000247,2024-08-28 07:34:01,425.5,19.17
order_00001199,2,prod_00000766,sell_00000204,2024-08-26 07:34:01,128.19,19.58
order_00001199,3,prod_00000001,sell_00000128,2024-08-26 07:34:01,24.29,4.0
order_00001199,4,prod_00000352,sell_00000054,2024-08-25 07:34:01,73.32,6.01
order_00001200,1,prod_00000486,sell_00000099,2025-10-28 07:09:08,65.35,6.97
order_00001200,2,prod_00000053,sell_00000196,2025-10-26 07:09:08,13.74,0.54
order_00001200,3,prod_00000348,sell_00000168,2025-10-29 07:09:08,158.43,11.28
order_00001201,1,prod_00000108,sell_00000121,2024-07-10 23:17:51,191.17,30.4
order_00001202,1,prod_00000238,sell_00000002,2024-06-16 04:17:05,29.04,2.78
order_00001202,2,prod_00000327,sell_00000001,2024-06-19 04:17:05,210.01,34.82
order_00001202,3,prod_00000721,sell_00000046,2024-06-18 04:17:05,37.48,2.94
order_00001203,1,prod_00000042,sell_00000140,2024-07-07 17:39:37,32.86,1.64
order_00001204,1,prod_00000509,sell_00000013,2024-07-08 15:29:43,145.08,15.2
order_00001204,2,prod_00000040,sell_00000114,2024-07-07 15:29:43,32.96,3.49
order_00001205,1,prod_00000547,sell_00000219,2024-03-06 00:03:27,78.41,12.79
order_00001206,1,prod_00000104,sell_00000199,2024-04-23 23:28:02,118.63,12.87
order_00001206,2,prod_00000625,sell_00000154,2024-04-24 23:28:02,26.16,2.57
order_00001206,3,prod_00000667,sell_00000247,2024-04-22 23:28:02,73.23,8.46
order_00001207,1,prod_00000114,sell_00000102,2025-04-27 15:40:43,120.13,10.2
order_00001208,1,prod_00000645,sell_00000103,2025-01-01 10:48:37,127.12,11.39
order_00001209,1,prod_00000010,sell_00000222,2025-02-09 21:49:17,27.85,4.21
order_00001210,1,prod_00000453,sell_00000239,2025-10-01 01:14:44,34.35,5.04
order_00001211,1,prod_00000606,sell_00000201,2024-02-29 02:47:53,28.37,4.18
order_00001212,1,prod_00000174,sell_00000078,2024-07-14 20:12:33,122.29,9.33
order_00001212,2,prod_00000056,sell_00000105,2024-07-14 20:12:33,26.94,2.58
order_00001213,1,prod_00000228,sell_00000141,2025-10-04 12:12:58,108.27,9.61
order_00001214,1,prod_00000517,sell_00000120,2024-06-20 08:51:48,69.53,9.36
order_00001215,1,prod_00000130,sell_00000161,2025-02-08 09:36:08,13.59,1.95
order_00001216,1,prod_00000453,sell_00000019,2025-09-10 17:10:11,11.56,1.51
order_00001216,2,prod_00000562,sell_00000062,2025-09-08 17:10:11,117.68,13.48
order_00001217,1,prod_00000714,sell_00000018,2025-01-19 11:55:21,51.72,9.01
order_00001218,1,prod_00000721,sell_00000208,2024-06-28 10:35:08,36.0,5.65
order_00001219,1,prod_00000002,sell_00000172,2024-06-26 16:49:57,284.95,27.3
order_00001220,1,prod_00000507,sell_00000056,2024-12-30 21:22:14,102.34,17.62
order_00001220,2,prod_00000661,sell_00000114,2025-01-01 21:22:14,119.05,8.31
order_00001220,3,prod_00000098,sell_00000155,2024-12-29 21:22:14,48.08,1.73
order_00001221,1,prod_00000044,sell_00000045,2024-03-22 08:18:45,28.35,1.37
order_00001222,1,prod_00000656,sell_00000211,2025-04-28 11:46:17,155.39,23.78
order_00001222,2,prod_00000470,sell_00000103,2025-04-29 11:46:17,105.39,7.72
order_00001222,3,prod_00000230,sell_00000146,2025-04-28 11:46:17,89.69,15.64
order_00001223,1,prod_00000021,sell_00000131,2024-02-08 05:54:20,49.62,7.19
order_00001224,1,prod_00000524,sell_00000029,2025-05-21 20:50:57,50.24,6.02
order_00001225,1,prod_00000733,sell_00000231,2025-11-02 09:20:24,435.66,51.18
order_00001225,2,prod_00000012,sell_00000137,2025-11-06 09:20:24,66.26,9.26
order_00001225,3,prod_00000502,sell_00000107,2025-11-05 09:20:24,78.21,11.27
order_00001225,4,prod_00000735,sell_00000090,2025-11-01 09:20:24,77.22,12.39
order_00001226,1,prod_00000272,sell_00000138,2025-01-29 10:19:06,21.61,3.39
order_00001227,1,prod_00000168,sell_00000158,2024-08-20 10:30:52,66.42,11.6
order_00001228,1,prod_00000237,sell_00000204,2025-03-06 20:09:10,49.45,6.52
order_00001228,2,prod_00000688,sell_00000001,2025-03-06 20:09:10,73.52,4.19
order_00001228,3,prod_00000483,sell_00000228,2025-03-02 20:09:10,37.34,3.29
order_00001228,4,prod_00000552,sell_00000052,2025-03-03 20:09:10,89.56,8.72
order_00001229,1,prod_00000565,sell_00000060,2024-12-13 18:44:27,43.46,6.79
order_00001230,1,prod_00000003,sell_00000023,2024-09-09 09:51:37,72.03,12.05
order_00001231,1,prod_00000559,sell_00000177,2024-02-15 07:32:14,43.73,2.45
order_00001232,1,prod_00000104,sell_00000191,2024-12-20 21:35:50,100.94,14.85
order_00001233,1,prod_00000097,sell_00000228,2025-05-03 04:49:49,64.58,5.68
order_00001233,2,prod_00000272,sell_00000098,2025-05-04 04:49:49,116.77,4.43
order_00001233,3,prod_00000057,sell_00000096,2025-05-04 04:49:49,88.49,2.99
order_00001234,1,prod_00000652,sell_00000109,2025-11-12 13:39:02,61.3,8.29
order_00001235,1,prod_00000707,sell_00000228,2025-10-24 10:19:49,66.19,6.62
order_00001235,2,prod_00000557,sell_00000022,2025-10-28 10:19:49,124.41,20.32
order_00001235,3,prod_00000212,sell_00000247,2025-10-27 10:19:49,45.78,4.1
order_00001235,4,prod_00000777,sell_00000249,2025-10-26 10:19:49,36.93,6.55
order_00001236,1,prod_00000607,sell_00000013,2025-07-12 23:44:15,12.45,0.98
order_00001237,1,prod_00000023,sell_00000128,2024-10-20 20:16:51,24.6,1.61
order_00001237,2,prod_00000463,sell_00000091,2024-10-22 20:16:51,118.43,20.38
order_00001238,1,prod_00000084,sell_00000030,2024-11-12 06:44:50,150.45,26.36
order_00001239,1,prod_00000103,sell_00000014,2024-07-22 11:57:26,54.68,6.7
order_00001240,1,prod_00000307,sell_00000189,2024-10-18 04:27:40,191.9,14.6
order_00001241,1,prod_00000079,sell_00000193,2024-10-13 04:04:23,41.58,4.98
order_00001241,2,prod_00000536,sell_00000109,2024-10-13 04:04:23,44.59,1.87
order_00001241,3,prod_00000453,sell_00000182,2024-10-09 04:04:23,63.14,7.0
order_00001242,1,prod_00000089,sell_00000172,2025-05-10 06:31:36,59.5,7.3
order_00001243,1,prod_00000236,sell_00000056,2025-10-21 11:22:26,69.91,7.47
order_00001243,2,prod_00000792,sell_00000243,2025-10-18 11:22:26,101.85,7.27
order_00001243,3,prod_00000302,sell_00000005,2025-10-19 11:22:26,70.34,10.28
order_00001244,1,prod_00000745,sell_00000028,2024-01-28 19:07:11,22.13,0.76
order_00001245,1,prod_00000258,sell_00000062,2024-09-05 10:05:44,49.68,4.36
order_00001245,2,prod_00000378,sell_00000024,2024-09-04 10:05:44,37.21,5.96
order_00001246,1,prod_00000517,sell_00000119,2024-12-04 22:27:17,52.5,8.73
order_00001247,1,prod_00000271,sell_00000085,2024-02-29 09:06:21,44.65,2.93
order_00001247,2,prod_00000488,sell_00000182,2024-02-29 09:06:21,69.0,2.15
order_00001247,3,prod_00000129,sell_00000219,2024-03-02 09:06:21,22.09,2.13
order_00001247,4,prod_00000374,sell_00000132,2024-02-29 09:06:21,77.16,13.49
order_00001248,1,prod_00000076,sell_00000231,2024-01-03 15:23:06,18.31,2.78
order_00001248,2,prod_00000267,sell_00000178,2024-01-06 15:23:06,32.11,4.98
order_00001248,3,prod_00000608,sell_00000218,2024-01-05 15:23:06,62.25,5.97
order_00001248,4,prod_00000263,sell_00000120,2024-01-07 15:23:06,147.46,12.9
order_00001249,1,prod_00000383,sell_00000192,2025-12-27 18:38:39,202.23,21.16
order_00001249,2,prod_00000363,sell_00000131,2025-12-27 18:38:39,45.14,3.55
order_00001249,3,prod_00000092,sell_00000205,2025-12-25 18:38:39,22.38,2.83
order_00001250,1,prod_00000065,sell_00000025,2024-02-09 19:06:20,92.45,13.27
order_00001250,2,prod_00000423,sell_00000092,2024-02-08 19:06:20,37.03,1.94
order_00001251,1,prod_00000272,sell_00000197,2024-11-10 08:00:03,31.51,4.02
order_00001252,1,prod_00000251,sell_00000066,2025-08-24 10:30:05,25.61,3.41
order_00001252,2,prod_00000278,sell_00000228,2025-08-23 10:30:05,25.25,2.98
order_00001253,1,prod_00000011,sell_00000181,2024-07-09 06:31:05,88.98,15.01
order_00001254,1,prod_00000068,sell_00000062,2025-05-15 22:57:32,103.76,9.44
order_00001255,1,prod_00000474,sell_00000205,2025-03-21 06:56:59,75.14,7.97
order_00001255,2,prod_00000596,sell_00000022,2025-03-20 06:56:59,16.3,0.98
order_00001256,1,prod_00000418,sell_00000048,2024-07-03 18:59:05,54.47,4.44
order_00001257,1,prod_00000442,sell_00000099,2024-04-02 01:43:27,11.09,1.9
order_00001258,1,prod_00000526,sell_00000229,2025-02-20 03:59:10,158.59,22.07
order_00001259,1,prod_00000243,sell_00000189,2024-03-15 17:06:29,13.24,0.69
order_00001260,1,prod_00000601,sell_00000103,2025-12-04 19:39:04,11.98,1.54
order_00001261,1,prod_00000082,sell_00000115,2025-12-27 17:47:22,33.58,1.62
order_00001261,2,prod_00000797,sell_00000041,2025-12-29 17:47:22,8.73,0.48
order_00001261,3,prod_00000732,sell_00000066,2025-12-26 17:47:22,42.44,7.42
order_00001262,1,prod_00000005,sell_00000150,2025-01-06 17:30:52,13.49,1.33
order_00001263,1,prod_00000699,sell_00000089,2025-03-17 07:53:51,78.18,8.66
order_00001263,2,prod_00000325,sell_00000004,2025-03-16 07:53:51,39.84,5.54
order_00001264,1,prod_00000618,sell_00000045,2024-07-27 21:12:24,32.04,1.56
order_00001265,1,prod_00000408,sell_00000095,2025-06-04 07:04:54,136.25,5.39
order_00001266,1,prod_00000449,sell_00000120,2025-07-26 16:35:06,32.1,1.76
order_00001266,2,prod_00000531,sell_00000006,2025-07-23 16:35:06,40.69,3.69
order_00001267,1,prod_00000232,sell_00000164,2024-12-27 13:55:01,120.46,14.37
order_00001268,1,prod_00000030,sell_00000023,2025-01-31 23:55:21,144.2,15.62
order_00001268,2,prod_00000278,sell_00000067,2025-01-31 23:55:21,139.02,8.84
order_00001268,3,prod_00000496,sell_00000226,2025-01-29 23:55:21,19.02,3.17
order_00001269,1,prod_00000470,sell_00000074,2024-01-22 04:34:02,55.19,9.76
order_00001269,2,prod_00000007,sell_00000201,2024-01-23 04:34:02,112.09,8.35
order_00001270,1,prod_00000031,sell_00000082,2025-08-09 17:33:50,282.39,36.27
order_00001270,2,prod_00000244,sell_00000004,2025-08-07 17:33:50,89.69,12.46
order_00001271,1,prod_00000576,sell_00000027,2024-11-07 17:10:05,116.74,8.22
order_00001272,1,prod_00000521,sell_00000062,2025-07-03 03:32:42,123.62,4.94
order_00001273,1,prod_00000557,sell_00000077,2024-11-25 04:17:34,112.87,18.3
order_00001273,2,prod_00000213,sell_00000087,2024-11-22 04:17:34,115.13,16.18
order_00001274,1,prod_00000355,sell_00000188,2024-02-20 10:18:07,46.5,6.98
order_00001274,2,prod_00000000,sell_00000121,2024-02-22 10:18:07,32.92,1.99
order_00001275,1,prod_00000106,sell_00000148,2025-03-14 03:12:44,202.51,8.22
order_00001276,1,prod_00000097,sell_00000249,2025-03-18 09:29:10,77.85,12.41
order_00001277,1,prod_00000465,sell_00000144,2024-05-21 03:30:14,79.57,5.89
order_00001277,2,prod_00000425,sell_00000044,2024-05-20 03:30:14,52.35,8.51
order_00001278,1,prod_00000398,sell_00000218,2024-08-11 19:36:04,171.96,10.94
order_00001278,2,prod_00000189,sell_00000210,2024-08-09 19:36:04,36.49,6.54
order_00001278,3,prod_00000549,sell_00000078,2024-08-07 19:36:04,55.91,4.94
order_00001279,1,prod_00000488,sell_00000197,2024-10-07 10:26:10,18.56,1.33
order_00001279,2,prod_00000132,sell_00000099,2024-10-10 10:26:10,31.16,1.39
order_00001279,3,prod_00000214,sell_00000008,2024-10-08 10:26:10,103.66,7.28
order_00001279,4,prod_00000734,sell_00000003,2024-10-11 10:26:10,38.43,4.01
order_00001280,1,prod_00000011,sell_00000168,2025-01-02 01:52:35,55.36,7.67
order_00001280,2,prod_00000516,sell_00000174,2025-01-03 01:52:35,58.03,7.64
order_00001280,3,prod_00000347,sell_00000144,2025-01-01 01:52:35,63.75,10.5
order_00001281,1,prod_00000475,sell_00000076,2024-05-07 04:55:23,24.78,3.94
order_00001282,1,prod_00000220,sell_00000117,2025-06-22 21:33:22,13.77,1.69
order_00001282,2,prod_00000664,sell_00000175,2025-06-23 21:33:22,26.27,4.36
order_00001282,3,prod_00000397,sell_00000211,2025-06-20 21:33:22,39.66,4.46
order_00001283,1,prod_00000068,sell_00000149,2024-10-14 07:43:40,8.2,0.74
order_00001284,1,prod_00000144,sell_00000037,2025-02-14 06:44:02,47.63,4.53
order_00001285,1,prod_00000139,sell_00000067,2025-09-19 00:47:57,70.99,3.77
order_00001286,1,prod_00000614,sell_00000062,2025-12-22 07:54:21,28.21,3.98
order_00001287,1,prod_00000292,sell_00000123,2024-04-16 05:27:09,81.64,4.96
order_00001287,2,prod_00000241,sell_00000150,2024-04-17 05:27:09,395.63,21.08
order_00001287,3,prod_00000112,sell_00000091,2024-04-18 05:27:09,51.07,4.92
order_00001288,1,prod_00000563,sell_00000227,2025-07-31 01:07:08,43.24,4.42
order_00001289,1,prod_00000436,sell_00000059,2025-08-11 14:13:54,59.6,8.19
order_00001290,1,prod_00000313,sell_00000182,2024-08-20 00:27:51,56.9,3.23
order_00001290,2,prod_00000042,sell_00000123,2024-08-15 00:27:51,182.53,8.07
order_00001291,1,prod_00000028,sell_00000120,2025-03-15 07:33:49,23.49,1.14
order_00001292,1,prod_00000292,sell_00000069,2025-02-23 08:59:45,41.22,6.43
order_00001293,1,prod_00000780,sell_00000149,2024-08-10 23:04:12,10.98,0.88
order_00001294,1,prod_00000441,sell_00000061,2024-06-22 16:53:35,166.63,20.24
order_00001295,1,prod_00000298,sell_00000019,2026-01-01 13:12:57,180.31,18.79
order_00001296,1,prod_00000372,sell_00000041,2024-12-06 23:00:06,308.14,17.84
order_00001296,2,prod_00000537,sell_00000024,2024-12-04 23:00:06,29.38,2.47
order_00001296,3,prod_00000506,sell_00000156,2024-12-08 23:00:06,102.4,9.57
order_00001297,1,prod_00000064,sell_00000069,2025-12-27 05:00:12,24.37,0.83
order_00001297,2,prod_00000390,sell_00000132,2025-12-28 05:00:12,22.73,3.82
order_00001298,1,prod_00000382,sell_00000119,2024-03-22 16:10:48,108.52,19.08
order_00001298,2,prod_00000421,sell_00000220,2024-03-23 16:10:48,86.59,12.26
order_00001299,1,prod_00000598,sell_00000135,2024-04-20 14:51:19,27.52,2.87
order_00001300,1,prod_00000505,sell_00000221,2024-10-25 22:57:15,16.05,2.57
order_00001300,2,prod_00000570,sell_00000118,2024-10-26 22:57:15,22.29,4.0
order_00001301,1,prod_00000176,sell_00000097,2025-06-19 17:26:59,67.13,4.75
order_00001301,2,prod_00000459,sell_00000056,2025-06-21 17:26:59,88.62,5.14
order_00001301,3,prod_00000127,sell_00000111,2025-06-21 17:26:59,319.83,39.21
order_00001302,1,prod_00000136,sell_00000136,2025-11-11 08:21:24,29.63,2.05
order_00001303,1,prod_00000533,sell_00000224,2024-06-08 18:50:14,37.37,6.6
order_00001304,1,prod_00000585,sell_00000066,2024-01-18 09:45:42,103.9,5.1
order_00001304,2,prod_00000292,sell_00000185,2024-01-17 09:45:42,46.07,6.23
order_00001304,3,prod_00000403,sell_00000233,2024-01-22 09:45:42,101.31,10.9
order_00001305,1,prod_00000083,sell_00000245,2025-11-05 06:22:18,123.23,12.61
order_00001306,1,prod_00000237,sell_00000163,2024-11-20 20:23:38,39.72,2.34
order_00001307,1,prod_00000694,sell_00000193,2025-09-04 19:54:50,42.3,1.69
order_00001308,1,prod_00000285,sell_00000237,2024-07-30 05:47:55,52.19,3.17
order_00001309,1,prod_00000015,sell_00000182,2025-03-23 20:16:24,34.97,3.0
order_00001310,1,prod_00000291,sell_00000186,2024-08-22 12:57:13,108.49,13.04
order_00001310,2,prod_00000679,sell_00000077,2024-08-22 12:57:13,38.86,6.79
order_00001311,1,prod_00000002,sell_00000080,2025-04-01 21:40:24,33.24,1.75
order_00001311,2,prod_00000561,sell_00000150,2025-04-03 21:40:24,59.1,6.1
order_00001312,1,prod_00000395,sell_00000190,2024-07-04 20:42:35,145.86,17.03
order_00001313,1,prod_00000087,sell_00000222,2025-02-10 01:39:18,425.93,25.54
order_00001314,1,prod_00000720,sell_00000210,2025-05-13 03:30:27,35.93,6.09
order_00001315,1,prod_00000640,sell_00000123,2024-04-17 11:22:44,90.38,12.65
order_00001316,1,prod_00000518,sell_00000237,2025-05-12 12:09:11,82.08,12.19
order_00001317,1,prod_00000263,sell_00000229,2025-08-10 05:18:13,83.3,7.66
order_00001317,2,prod_00000286,sell_00000134,2025-08-13 05:18:13,128.22,9.86
order_00001318,1,prod_00000683,sell_00000081,2024-08-20 05:10:49,17.86,1.06
order_00001319,1,prod_00000089,sell_00000237,2025-12-02 02:02:28,21.35,1.31
order_00001319,2,prod_00000430,sell_00000200,2025-12-04 02:02:28,59.27,8.24
order_00001319,3,prod_00000126,sell_00000133,2025-12-03 02:02:28,244.9,15.62
order_00001320,1,prod_00000641,sell_00000177,2024-04-09 05:25:08,17.16,1.98
order_00001321,1,prod_00000309,sell_00000220,2024-09-22 12:25:51,68.32,7.76
order_00001322,1,prod_00000735,sell_00000048,2024-12-25 21:28:05,156.26,10.92
order_00001322,2,prod_00000087,sell_00000003,2024-12-26 21:28:05,40.41,2.01
order_00001323,1,prod_00000292,sell_00000192,2025-06-11 07:58:02,10.21,1.38
order_00001323,2,prod_00000159,sell_00000061,2025-06-16 07:58:02,181.32,23.54
order_00001323,3,prod_00000568,sell_00000029,2025-06-15 07:58:02,39.62,2.8
order_00001323,4,prod_00000664,sell_00000198,2025-06-16 07:58:02,212.18,15.0
order_00001324,1,prod_00000311,sell_00000126,2024-04-13 22:50:35,49.1,8.5
order_00001325,1,prod_00000219,sell_00000102,2024-03-17 11:14:43,199.43,28.43
order_00001325,2,prod_00000111,sell_00000113,2024-03-14 11:14:43,62.2,2.68
order_00001326,1,prod_00000615,sell_00000005,2024-11-20 01:29:14,95.05,7.25
order_00001327,1,prod_00000493,sell_00000100,2024-11-05 14:04:00,14.88,0.67
order_00001327,2,prod_00000579,sell_00000153,2024-11-03 14:04:00,108.63,7.1
order_00001327,3,prod_00000723,sell_00000127,2024-11-05 14:04:00,8.72,1.56
order_00001327,4,prod_00000315,sell_00000046,2024-11-05 14:04:00,25.09,0.84
order_00001328,1,prod_00000492,sell_00000236,2025-01-11 19:52:51,102.05,3.8
order_00001329,1,prod_00000432,sell_00000001,2024-03-17 08:48:07,258.16,32.94
order_00001330,1,prod_00000113,sell_00000219,2024-07-12 07:42:31,64.4,8.14
order_00001331,1,prod_00000063,sell_00000064,2025-11-16 08:56:47,15.48,2.09
order_00001332,1,prod_00000171,sell_00000129,2024-08-02 04:01:02,40.72,4.1
order_00001333,1,prod_00000465,sell_00000139,2025-04-14 10:59:59,27.48,3.91
order_00001334,1,prod_00000170,sell_00000143,2024-02-17 15:26:53,41.42,5.72
order_00001335,1,prod_00000352,sell_00000213,2024-08-02 18:59:35,45.65,3.34
order_00001335,2,prod_00000726,sell_00000208,2024-08-01 18:59:35,97.43,3.33
order_00001336,1,prod_00000076,sell_00000052,2024-05-13 11:33:34,35.63,5.24
order_00001336,2,prod_00000797,sell_00000209,2024-05-15 11:33:34,21.27,3.4
order_00001336,3,prod_00000068,sell_00000118,2024-05-13 11:33:34,21.35,2.32
order_00001337,1,prod_00000265,sell_00000144,2025-04-22 15:49:17,35.24,5.36
order_00001338,1,prod_00000024,sell_00000162,2025-03-11 17:12:10,34.02,3.87
order_00001339,1,prod_00000069,sell_00000214,2024-04-26 06:57:03,276.62,42.65
order_00001340,1,prod_00000077,sell_00000125,2024-11-04 10:49:27,29.73,2.16
order_00001341,1,prod_00000512,sell_00000058,2025-04-02 07:46:33,62.07,3.04
order_00001341,2,prod_00000509,sell_00000172,2025-03-28 07:46:33,47.57,8.08
order_00001341,3,prod_00000641,sell_00000136,2025-04-01 07:46:33,31.8,1.52
order_00001341,4,prod_00000611,sell_00000113,2025-03-31 07:46:33,37.95,3.82
order_00001342,1,prod_00000145,sell_00000236,2025-06-06 02:10:08,116.89,19.92
order_00001343,1,prod_00000632,sell_00000226,2025-06-30 22:16:09,44.94,6.16
order_00001343,2,prod_00000053,sell_00000100,2025-06-30 22:16:09,82.49,3.64
order_00001343,3,prod_00000486,sell_00000118,2025-06-30 22:16:09,12.89,2.08
order_00001344,1,prod_00000615,sell_00000171,2025-09-18 02:25:06,19.11,1.14
order_00001345,1,prod_00000080,sell_00000231,2024-02-06 19:24:30,144.69,25.72
order_00001346,1,prod_00000530,sell_00000044,2024-08-13 14:00:18,29.74,4.84
order_00001347,1,prod_00000242,sell_00000054,2024-04-02 07:59:23,64.75,6.93
order_00001348,1,prod_00000448,sell_00000062,2024-05-06 11:14:11,67.54,6.31
order_00001348,2,prod_00000211,sell_00000159,2024-05-01 11:14:11,23.9,2.13
order_00001348,3,prod_00000505,sell_00000021,2024-05-03 11:14:11,50.69,2.79
order_00001349,1,prod_00000324,sell_00000223,2024-09-16 01:59:46,151.44,11.18
order_00001349,2,prod_00000070,sell_00000002,2024-09-14 01:59:46,75.59,5.13
order_00001349,3,prod_00000430,sell_00000085,2024-09-13 01:59:46,36.63,4.91
order_00001350,1,prod_00000317,sell_00000119,2024-03-18 03:33:18,24.59,0.97
order_00001351,1,prod_00000318,sell_00000134,2024-05-15 01:59:44,22.65,2.16
order_00001352,1,prod_00000699,sell_00000043,2025-12-15 22:45:26,121.65,9.82
order_00001353,1,prod_00000495,sell_00000238,2024-01-13 23:20:42,67.88,9.5
order_00001353,2,prod_00000116,sell_00000082,2024-01-16 23:20:42,23.6,4.06
order_00001354,1,prod_00000423,sell_00000163,2024-08-31 11:21:24,56.76,3.96
order_00001355,1,prod_00000339,sell_00000102,2024-10-18 01:47:43,76.34,6.15
order_00001356,1,prod_00000093,sell_00000149,2024-10-19 13:06:59,125.39,12.78
order_00001356,2,prod_00000703,sell_00000021,2024-10-20 13:06:59,68.95,10.85
order_00001356,3,prod_00000450,sell_00000153,2024-10-19 13:06:59,69.86,8.11
order_00001356,4,prod_00000423,sell_00000248,2024-10-19 13:06:59,254.89,26.47
order_00001357,1,prod_00000366,sell_00000099,2025-11-06 14:38:51,33.17,2.88
order_00001358,1,prod_00000628,sell_00000026,2025-02-12 04:15:59,44.21,5.45
order_00001359,1,prod_00000016,sell_00000056,2025-02-07 04:50:30,113.68,10.41
order_00001360,1,prod_00000733,sell_00000195,2025-07-27 22:30:54,43.64,1.88
order_00001361,1,prod_00000235,sell_00000004,2024-12-15 05:37:58,45.62,7.55
order_00001362,1,prod_00000370,sell_00000182,2024-08-08 10:49:30,64.42,2.2
order_00001363,1,prod_00000523,sell_00000155,2025-02-10 02:47:47,117.21,14.14
order_00001364,1,prod_00000348,sell_00000026,2024-07-24 18:22:39,162.61,9.62
order_00001364,2,prod_00000341,sell_00000222,2024-07-28 18:22:39,23.99,1.84
order_00001364,3,prod_00000378,sell_00000129,2024-07-28 18:22:39,12.72,2.26
order_00001365,1,prod_00000463,sell_00000187,2025-11-30 19:55:46,37.71,5.34
order_00001366,1,prod_00000190,sell_00000122,2025-02-01 18:26:32,74.63,2.55
order_00001366,2,prod_00000639,sell_00000001,2025-02-04 18:26:32,31.44,4.64
order_00001366,3,prod_00000726,sell_00000138,2025-02-04 18:26:32,67.52,6.46
order_00001366,4,prod_00000255,sell_00000097,2025-02-03 18:26:32,62.28,5.47
order_00001367,1,prod_00000521,sell_00000018,2024-08-25 20:10:26,27.52,1.06
order_00001368,1,prod_00000424,sell_00000009,2024-07-04 19:18:39,47.05,5.61
order_00001368,2,prod_00000211,sell_00000085,2024-07-04 19:18:39,34.98,2.42
order_00001369,1,prod_00000061,sell_00000177,2025-05-19 05:42:28,35.9,4.65
order_00001370,1,prod_00000471,sell_00000078,2025-12-05 19:38:56,77.17,4.82
order_00001371,1,prod_00000390,sell_00000008,2025-08-10 02:58:05,138.6,18.66
order_00001372,1,prod_00000421,sell_00000119,2024-10-21 08:50:37,82.46,8.14
order_00001373,1,prod_00000082,sell_00000123,2024-05-31 00:56:38,67.05,10.45
order_00001373,2,prod_00000189,sell_00000104,2024-05-26 00:56:38,137.94,5.61
order_00001373,3,prod_00000201,sell_00000206,2024-05-29 00:56:38,133.51,6.01
order_00001374,1,prod_00000207,sell_00000040,2024-10-31 09:39:17,21.94,2.03
order_00001375,1,prod_00000744,sell_00000198,2024-05-02 11:28:55,41.48,1.91
order_00001376,1,prod_00000513,sell_00000129,2025-04-30 13:32:25,60.6,2.4
order_00001376,2,prod_00000269,sell_00000143,2025-04-28 13:32:25,150.36,18.75
order_00001377,1,prod_00000122,sell_00000143,2025-08-04 11:23:51,31.89,1.12
order_00001378,1,prod_00000091,sell_00000006,2024-04-29 18:19:28,53.58,6.5
order_00001378,2,prod_00000242,sell_00000132,2024-04-25 18:19:28,100.62,5.75
order_00001379,1,prod_00000149,sell_00000204,2025-08-05 05:52:04,174.1,23.3
order_00001380,1,prod_00000167,sell_00000127,2025-09-19 00:26:31,147.86,16.5
order_00001380,2,prod_00000728,sell_00000012,2025-09-21 00:26:31,84.83,8.76
order_00001380,3,prod_00000135,sell_00000115,2025-09-23 00:26:31,133.55,17.49
order_00001381,1,prod_00000426,sell_00000175,2024-03-11 21:33:32,117.49,15.81
order_00001381,2,prod_00000247,sell_00000213,2024-03-09 21:33:32,228.51,15.77
order_00001382,1,prod_00000411,sell_00000028,2024-12-08 13:36:13,152.87,5.48
order_00001383,1,prod_00000256,sell_00000230,2025-09-09 08:13:22,72.12,6.88
order_00001383,2,prod_00000358,sell_00000009,2025-09-12 08:13:22,30.24,3.73
order_00001383,3,prod_00000479,sell_00000220,2025-09-13 08:13:22,11.95,2.01
order_00001384,1,prod_00000711,sell_00000239,2024-08-08 04:57:04,78.59,11.7
order_00001384,2,prod_00000733,sell_00000039,2024-08-05 04:57:04,170.41,5.98
order_00001384,3,prod_00000577,sell_00000066,2024-08-03 04:57:04,132.8,16.46
order_00001385,1,prod_00000173,sell_00000230,2024-11-02 00:49:36,46.42,2.29
order_00001386,1,prod_00000408,sell_00000241,2024-01-10 18:51:17,206.0,7.31
order_00001387,1,prod_00000531,sell_00000073,2024-09-12 17:29:57,109.82,5.95
order_00001388,1,prod_00000107,sell_00000194,2024-02-29 23:41:59,58.95,5.3
order_00001388,2,prod_00000653,sell_00000226,2024-03-03 23:41:59,19.36,0.66
order_00001388,3,prod_00000452,sell_00000219,2024-02-29 23:41:59,21.01,1.06
order_00001388,4,prod_00000782,sell_00000223,2024-02-29 23:41:59,11.2,0.93
order_00001389,1,prod_00000140,sell_00000076,2025-08-04 18:05:05,29.52,2.7
order_00001390,1,prod_00000268,sell_00000191,2024-05-08 04:02:59,125.42,15.93
order_00001391,1,prod_00000682,sell_00000025,2025-06-14 12:57:38,24.84,1.54
order_00001392,1,prod_00000493,sell_00000007,2025-01-19 16:47:04,193.55,20.88
order_00001392,2,prod_00000005,sell_00000093,2025-01-21 16:47:04,90.14,11.7
order_00001393,1,prod_00000098,sell_00000059,2024-08-07 14:41:43,51.25,7.04
order_00001394,1,prod_00000001,sell_00000232,2025-05-31 03:12:36,30.44,1.55
order_00001395,1,prod_00000363,sell_00000022,2024-02-13 17:40:29,45.6,4.34
order_00001395,2,prod_00000781,sell_00000101,2024-02-08 17:40:29,15.75,1.11
order_00001396,1,prod_00000219,sell_00000160,2024-08-30 09:59:38,49.12,7.82
order_00001396,2,prod_00000357,sell_00000009,2024-09-03 09:59:38,23.47,2.58
order_00001396,3,prod_00000266,sell_00000241,2024-08-31 09:59:38,81.37,2.54
order_00001397,1,prod_00000747,sell_00000222,2024-03-12 16:40:00,50.92,5.76
order_00001397,2,prod_00000648,sell_00000154,2024-03-09 16:40:00,35.46,1.44
order_00001398,1,prod_00000412,sell_00000203,2025-05-30 20:52:35,46.17,7.71
order_00001399,1,prod_00000566,sell_00000143,2024-08-19 12:06:10,34.17,4.75
order_00001400,1,prod_00000630,sell_00000145,2025-06-02 18:10:11,9.9,1.73
order_00001401,1,prod_00000168,sell_00000125,2024-05-17 05:56:14,49.67,7.9
order_00001402,1,prod_00000631,sell_00000090,2024-07-29 19:26:25,88.27,8.01
order_00001402,2,prod_00000683,sell_00000091,2024-07-28 19:26:25,64.62,10.22
order_00001403,1,prod_00000449,sell_00000180,2025-09-05 06:00:00,32.67,3.07
order_00001404,1,prod_00000782,sell_00000016,2024-07-31 20:40:23,71.86,3.69
order_00001405,1,prod_00000469,sell_00000164,2025-03-26 21:02:20,39.06,3.22
order_00001406,1,prod_00000496,sell_00000009,2025-01-05 14:35:05,41.84,2.8
order_00001407,1,prod_00000630,sell_00000171,2024-06-18 15:52:56,25.24,4.53
order_00001408,1,prod_00000434,sell_00000246,2024-01-29 11:06:34,21.14,3.03
order_00001409,1,prod_00000191,sell_00000081,2024-05-19 13:41:32,12.91,1.71
order_00001409,2,prod_00000710,sell_00000198,2024-05-22 13:41:32,99.11,16.29
order_00001409,3,prod_00000605,sell_00000190,2024-05-20 13:41:32,32.65,5.19
order_00001410,1,prod_00000461,sell_00000180,2025-07-07 14:14:37,152.66,7.81
order_00001410,2,prod_00000768,sell_00000171,2025-07-10 14:14:37,143.7,14.7
order_00001410,3,prod_00000272,sell_00000106,2025-07-07 14:14:37,39.78,6.25
order_00001410,4,prod_00000577,sell_00000165,2025-07-11 14:14:37,163.4,17.88
order_00001411,1,prod_00000576,sell_00000235,2024-11-18 01:59:41,50.49,6.32
order_00001412,1,prod_00000752,sell_00000193,2025-12-20 11:52:02,37.46,2.13
order_00001412,2,prod_00000496,sell_00000177,2025-12-19 11:52:02,108.61,16.22
order_00001412,3,prod_00000350,sell_00000186,2025-12-19 11:52:02,21.61,1.28
order_00001413,1,prod_00000573,sell_00000195,2024-10-01 02:43:46,73.33,10.35
order_00001414,1,prod_00000498,sell_00000222,2025-10-18 20:14:31,32.68,3.3
order_00001415,1,prod_00000266,sell_00000018,2025-06-19 13:11:07,37.32,2.95
order_00001416,1,prod_00000267,sell_00000227,2025-06-14 17:03:11,92.6,11.46
order_00001417,1,prod_00000485,sell_00000154,2024-10-04 23:11:19,36.91,3.93
order_00001418,1,prod_00000422,sell_00000106,2025-04-12 09:44:07,30.19,1.55
order_00001419,1,prod_00000091,sell_00000131,2024-06-25 12:13:39,57.92,5.46
order_00001420,1,prod_00000256,sell_00000101,2025-10-22 22:07:46,22.73,1.42
order_00001421,1,prod_00000612,sell_00000057,2025-07-04 17:39:28,16.09,0.57
order_00001421,2,prod_00000037,sell_00000235,2025-07-04 17:39:28,18.25,1.42
order_00001421,3,prod_00000233,sell_00000221,2025-07-07 17:39:28,41.74,4.18
order_00001421,4,prod_00000270,sell_00000009,2025-07-07 17:39:28,80.03,10.22
order_00001422,1,prod_00000573,sell_00000225,2025-01-22 00:45:34,30.18,1.02
order_00001422,2,prod_00000281,sell_00000138,2025-01-21 00:45:34,52.66,9.18
order_00001422,3,prod_00000151,sell_00000196,2025-01-26 00:45:34,79.16,11.05
order_00001423,1,prod_00000684,sell_00000159,2025-09-09 05:25:04,14.36,0.5
order_00001424,1,prod_00000704,sell_00000108,2025-03-29 02:45:52,7.48,0.49
order_00001425,1,prod_00000753,sell_00000213,2025-02-24 05:29:08,51.07,5.04
order_00001426,1,prod_00000224,sell_00000140,2025-01-02 21:37:12,59.67,7.56
order_00001427,1,prod_00000240,sell_00000151,2024-04-25 22:40:17,39.55,5.09
order_00001428,1,prod_00000714,sell_00000017,2025-04-13 23:13:32,23.95,2.99
order_00001428,2,prod_00000680,sell_00000031,2025-04-10 23:13:32,32.12,1.3
order_00001428,3,prod_00000434,sell_00000147,2025-04-09 23:13:32,31.31,4.77
order_00001429,1,prod_00000219,sell_00000109,2024-01-31 15:43:23,30.04,1.5
order_00001430,1,prod_00000195,sell_00000006,2024-10-01 00:27:58,48.17,8.58
order_00001430,2,prod_00000600,sell_00000124,2024-10-02 00:27:58,180.93,24.73
order_00001430,3,prod_00000007,sell_00000206,2024-10-01 00:27:58,38.62,1.94
order_00001431,1,prod_00000782,sell_00000160,2025-03-07 16:21:17,57.03,1.77
order_00001432,1,prod_00000574,sell_00000159,2024-01-27 12:53:27,54.41,6.75
order_00001432,2,prod_00000035,sell_00000087,2024-01-26 12:53:27,74.17,7.88
order_00001433,1,prod_00000226,sell_00000042,2024-11-07 22:26:29,43.01,1.81
order_00001433,2,prod_00000304,sell_00000136,2024-11-10 22:26:29,39.05,3.33
order_00001434,1,prod_00000738,sell_00000056,2025-01-21 09:57:53,21.41,0.71
order_00001435,1,prod_00000651,sell_00000192,2025-02-12 22:32:59,32.89,4.32
order_00001435,2,prod_00000735,sell_00000120,2025-02-13 22:32:59,110.87,12.5
order_00001436,1,prod_00000204,sell_00000094,2024-05-04 16:48:26,109.54,17.51
order_00001437,1,prod_00000777,sell_00000022,2025-05-17 02:20:38,216.63,33.33
order_00001438,1,prod_00000296,sell_00000224,2024-05-17 11:48:37,70.15,9.95
order_00001439,1,prod_00000759,sell_00000080,2025-03-31 23:53:27,38.57,4.45
order_00001439,2,prod_00000333,sell_00000049,2025-03-31 23:53:27,42.79,2.99
order_00001439,3,prod_00000077,sell_00000004,2025-04-01 23:53:27,140.09,8.6
order_00001440,1,prod_00000263,sell_00000118,2025-02-25 20:56:54,107.78,15.48
order_00001441,1,prod_00000098,sell_00000185,2025-08-21 08:07:36,130.16,12.75
order_00001442,1,prod_00000187,sell_00000043,2024-02-15 23:54:23,95.01,11.63
order_00001443,1,prod_00000497,sell_00000130,2025-09-08 00:08:53,73.53,6.61
order_00001443,2,prod_00000664,sell_00000094,2025-09-08 00:08:53,31.72,3.74
order_00001443,3,prod_00000349,sell_00000090,2025-09-12 00:08:53,138.8,7.15
order_00001444,1,prod_00000240,sell_00000076,2025-09-18 03:14:23,63.05,3.02
order_00001445,1,prod_00000794,sell_00000202,2024-05-11 16:44:13,43.88,5.55
order_00001446,1,prod_00000051,sell_00000146,2025-07-30 05:07:18,187.14,23.23
order_00001447,1,prod_00000420,sell_00000096,2025-01-29 23:09:14,57.01,8.89
order_00001447,2,prod_00000012,sell_00000047,2025-01-28 23:09:14,98.98,13.46
order_00001448,1,prod_00000541,sell_00000113,2025-05-31 17:59:15,234.98,11.8
order_00001449,1,prod_00000367,sell_00000188,2025-06-06 21:50:46,33.09,4.87
order_00001450,1,prod_00000111,sell_00000246,2024-04-27 00:40:16,37.93,4.18
order_00001451,1,prod_00000757,sell_00000227,2024-08-18 11:54:45,27.23,2.07
order_00001452,1,prod_00000507,sell_00000075,2024-09-16 04:00:31,56.79,6.08
order_00001453,1,prod_00000545,sell_00000115,2025-04-14 01:15:45,33.08,3.23
order_00001454,1,prod_00000347,sell_00000154,2025-07-06 15:28:32,67.28,2.95
order_00001455,1,prod_00000697,sell_00000159,2024-09-13 10:42:59,52.65,2.37
order_00001455,2,prod_00000031,sell_00000156,2024-09-17 10:42:59,88.22,3.68
order_00001455,3,prod_00000556,sell_00000128,2024-09-17 10:42:59,94.66,13.01
order_00001456,1,prod_00000616,sell_00000134,2025-02-19 21:27:38,28.05,4.7
order_00001457,1,prod_00000513,sell_00000110,2024-10-06 13:39:58,36.79,3.94
order_00001458,1,prod_00000133,sell_00000228,2025-03-10 23:31:52,22.82,3.62
order_00001459,1,prod_00000434,sell_00000222,2024-09-10 06:22:05,37.5,3.82
order_00001459,2,prod_00000531,sell_00000087,2024-09-13 06:22:05,64.24,5.78
order_00001460,1,prod_00000130,sell_00000155,2025-09-23 20:08:25,41.11,3.69
order_00001460,2,prod_00000164,sell_00000047,2025-09-25 20:08:25,175.08,19.44
order_00001461,1,prod_00000183,sell_00000030,2024-09-17 00:48:51,147.78,5.45
order_00001462,1,prod_00000587,sell_00000238,2024-05-19 22:22:01,259.57,17.62
order_00001463,1,prod_00000160,sell_00000246,2024-11-04 15:27:43,51.53,6.45
order_00001464,1,prod_00000153,sell_00000155,2024-09-23 15:50:33,75.76,7.85
order_00001464,2,prod_00000195,sell_00000021,2024-09-19 15:50:33,20.98,2.75
order_00001464,3,prod_00000388,sell_00000085,2024-09-19 15:50:33,44.01,2.47
order_00001464,4,prod_00000293,sell_00000176,2024-09-19 15:50:33,36.24,5.86
order_00001465,1,prod_00000713,sell_00000201,2025-07-25 21:46:28,73.16,6.9
order_00001465,2,prod_00000626,sell_00000188,2025-07-27 21:46:28,77.96,5.28
order_00001465,3,prod_00000284,sell_00000041,2025-07-26 21:46:28,101.34,3.68
order_00001466,1,prod_00000236,sell_00000194,2025-02-23 21:44:01,32.2,4.16
order_00001467,1,prod_00000558,sell_00000111,2025-05-02 23:12:54,98.47,3.52
order_00001468,1,prod_00000085,sell_00000110,2025-05-18 09:50:49,39.14,1.33
order_00001468,2,prod_00000586,sell_00000082,2025-05-16 09:50:49,35.44,1.6
order_00001469,1,prod_00000182,sell_00000224,2025-08-27 05:03:23,110.39,10.69
order_00001469,2,prod_00000423,sell_00000056,2025-08-23 05:03:23,37.29,5.56
order_00001469,3,prod_00000696,sell_00000092,2025-08-23 05:03:23,271.24,20.35
order_00001469,4,prod_00000216,sell_00000227,2025-08-28 05:03:23,52.58,4.0
order_00001470,1,prod_00000516,sell_00000103,2024-12-25 02:07:22,39.32,5.46
order_00001471,1,prod_00000615,sell_00000023,2024-05-18 18:26:23,139.44,8.18
order_00001472,1,prod_00000466,sell_00000173,2024-02-02 23:57:26,209.66,7.01
order_00001472,2,prod_00000653,sell_00000223,2024-02-02 23:57:26,26.95,3.3
order_00001473,1,prod_00000688,sell_00000139,2025-10-21 21:10:18,8.21,1.21
order_00001473,2,prod_00000323,sell_00000083,2025-10-23 21:10:18,327.65,57.83
order_00001473,3,prod_00000376,sell_00000212,2025-10-19 21:10:18,33.73,2.49
order_00001473,4,prod_00000408,sell_00000187,2025-10-24 21:10:18,43.56,6.95
order_00001474,1,prod_00000603,sell_00000248,2025-10-22 19:00:29,41.23,7.2
order_00001475,1,prod_00000188,sell_00000164,2024-02-21 23:56:53,116.3,16.59
order_00001476,1,prod_00000397,sell_00000045,2025-05-24 07:12:07,9.14,1.21
order_00001476,2,prod_00000695,sell_00000155,2025-05-29 07:12:07,99.2,10.45
order_00001477,1,prod_00000155,sell_00000222,2024-04-10 04:15:44,26.79,0.84
order_00001477,2,prod_00000341,sell_00000116,2024-04-09 04:15:44,19.31,1.3
order_00001478,1,prod_00000042,sell_00000140,2024-08-04 17:39:33,53.24,6.12
order_00001479,1,prod_00000190,sell_00000236,2025-04-05 01:48:58,204.72,7.32
order_00001479,2,prod_00000627,sell_00000073,2025-04-10 01:48:58,49.1,7.92
order_00001480,1,prod_00000528,sell_00000119,2025-12-23 03:43:08,239.32,13.87
order_00001481,1,prod_00000334,sell_00000014,2025-04-20 10:32:19,38.88,4.44
order_00001482,1,prod_00000693,sell_00000136,2024-11-01 08:04:32,19.13,1.76
order_00001483,1,prod_00000051,sell_00000005,2025-09-13 17:17:47,31.82,4.6
order_00001484,1,prod_00000250,sell_00000041,2024-06-30 20:17:36,75.31,4.53
order_00001484,2,prod_00000507,sell_00000001,2024-07-02 20:17:36,42.49,6.7
order_00001484,3,prod_00000009,sell_00000093,2024-07-05 20:17:36,114.83,19.85
order_00001485,1,prod_00000782,sell_00000117,2025-07-03 16:28:58,34.63,3.63
order_00001486,1,prod_00000045,sell_00000004,2024-05-09 10:29:22,53.6,8.72
order_00001487,1,prod_00000407,sell_00000031,2024-10-16 00:36:23,64.02,7.35
order_00001487,2,prod_00000168,sell_00000074,2024-10-14 00:36:23,79.81,7.39
order_00001487,3,prod_00000734,sell_00000150,2024-10-16 00:36:23,53.01,3.3
order_00001487,4,prod_00000311,sell_00000093,2024-10-14 00:36:23,40.72,4.62
order_00001488,1,prod_00000559,sell_00000099,2024-01-25 19:47:58,48.66,4.4
order_00001488,2,prod_00000435,sell_00000231,2024-01-28 19:47:58,127.09,6.86
order_00001489,1,prod_00000707,sell_00000101,2025-11-20 08:38:04,416.4,37.25
order_00001489,2,prod_00000196,sell_00000190,2025-11-20 08:38:04,19.92,3.35
order_00001489,3,prod_00000085,sell_00000027,2025-11-18 08:38:04,72.69,10.33
order_00001489,4,prod_00000148,sell_00000131,2025-11-20 08:38:04,44.68,7.85
order_00001490,1,prod_00000154,sell_00000146,2025-09-08 04:51:26,32.89,2.87
order_00001491,1,prod_00000616,sell_00000229,2025-01-07 22:25:14,62.94,7.98
order_00001492,1,prod_00000337,sell_00000101,2025-12-05 05:51:12,180.51,9.92
order_00001493,1,prod_00000718,sell_00000247,2025-07-05 02:26:18,27.41,2.54
order_00001493,2,prod_00000009,sell_00000185,2025-07-05 02:26:18,52.93,9.06
order_00001493,3,prod_00000757,sell_00000126,2025-07-04 02:26:18,40.8,6.02
order_00001493,4,prod_00000559,sell_00000011,2025-07-05 02:26:18,29.68,2.17
order_00001494,1,prod_00000616,sell_00000190,2024-11-25 11:37:18,118.18,6.26
order_00001495,1,prod_00000008,sell_00000089,2025-03-22 17:03:22,37.13,5.91
order_00001496,1,prod_00000096,sell_00000029,2024-12-27 22:15:57,11.76,1.2
order_00001497,1,prod_00000330,sell_00000215,2024-11-15 10:21:06,24.76,2.97
order_00001498,1,prod_00000156,sell_00000032,2024-09-11 07:17:40,180.07,28.55
order_00001498,2,prod_00000247,sell_00000223,2024-09-11 07:17:40,23.36,3.02
order_00001499,1,prod_00000268,sell_00000036,2025-03-04 10:59:11,162.53,20.04
order_00001500,1,prod_00000067,sell_00000233,2025-06-09 11:43:31,125.75,9.06
order_00001501,1,prod_00000500,sell_00000051,2025-06-22 17:57:04,69.32,3.6
order_00001501,2,prod_00000189,sell_00000223,2025-06-24 17:57:04,73.33,9.48
order_00001501,3,prod_00000685,sell_00000049,2025-06-25 17:57:04,140.71,5.75
order_00001501,4,prod_00000773,sell_00000220,2025-06-22 17:57:04,30.88,2.33
order_00001502,1,prod_00000793,sell_00000244,2025-03-21 06:26:01,30.4,1.18
order_00001502,2,prod_00000010,sell_00000159,2025-03-23 06:26:01,78.81,11.47
order_00001503,1,prod_00000191,sell_00000058,2024-03-04 21:59:23,13.85,0.61
order_00001504,1,prod_00000746,sell_00000064,2024-08-17 23:02:49,20.69,1.71
order_00001505,1,prod_00000529,sell_00000088,2025-04-30 09:40:29,309.34,14.48
order_00001506,1,prod_00000313,sell_00000130,2025-10-02 03:29:47,14.88,1.88
order_00001507,1,prod_00000114,sell_00000172,2024-06-12 22:14:00,61.64,10.45
order_00001508,1,prod_00000657,sell_00000027,2025-01-22 23:15:42,6.34,0.7
order_00001508,2,prod_00000634,sell_00000228,2025-01-22 23:15:42,212.65,22.97
order_00001509,1,prod_00000492,sell_00000144,2025-09-18 19:02:53,20.76,1.72
order_00001510,1,prod_00000474,sell_00000090,2025-06-20 10:44:28,52.77,2.43
order_00001511,1,prod_00000146,sell_00000078,2024-12-09 08:29:44,31.96,2.37
order_00001512,1,prod_00000227,sell_00000193,2024-07-17 15:48:00,160.24,23.54
order_00001513,1,prod_00000075,sell_00000106,2025-11-20 15:36:46,37.37,6.61
order_00001514,1,prod_00000654,sell_00000193,2024-07-09 00:25:12,16.65,2.4
order_00001515,1,prod_00000209,sell_00000219,2024-11-19 05:53:04,14.25,0.86
order_00001515,2,prod_00000592,sell_00000126,2024-11-19 05:53:04,146.49,5.87
order_00001515,3,prod_00000500,sell_00000116,2024-11-16 05:53:04,12.91,0.7
order_00001516,1,prod_00000342,sell_00000150,2025-08-15 05:29:44,20.4,2.41
order_00001517,1,prod_00000059,sell_00000159,2024-08-12 11:02:59,60.71,6.22
order_00001517,2,prod_00000746,sell_00000167,2024-08-14 11:02:59,10.36,0.36
order_00001518,1,prod_00000345,sell_00000193,2025-12-08 22:30:04,89.0,9.28
order_00001519,1,prod_00000026,sell_00000218,2024-11-26 20:11:55,37.47,5.47
order_00001519,2,prod_00000501,sell_00000245,2024-11-27 20:11:55,41.51,2.47
order_00001519,3,prod_00000667,sell_00000006,2024-11-22 20:11:55,56.52,1.75
order_00001520,1,prod_00000151,sell_00000030,2024-11-02 14:10:16,65.59,2.49
order_00001521,1,prod_00000095,sell_00000019,2024-10-05 19:18:14,48.02,7.73
order_00001521,2,prod_00000572,sell_00000079,2024-10-04 19:18:14,119.34,4.08
order_00001521,3,prod_00000682,sell_00000119,2024-10-04 19:18:14,161.01,11.4
order_00001522,1,prod_00000356,sell_00000247,2025-07-14 17:03:48,65.87,8.6
order_00001523,1,prod_00000012,sell_00000206,2024-11-15 02:41:11,47.72,5.23
order_00001524,1,prod_00000379,sell_00000210,2024-12-11 13:56:35,86.49,8.85
order_00001524,2,prod_00000495,sell_00000198,2024-12-11 13:56:35,56.41,6.66
order_00001524,3,prod_00000532,sell_00000195,2024-12-15 13:56:35,84.4,4.61
order_00001524,4,prod_00000623,sell_00000163,2024-12-11 13:56:35,18.09,2.78
order_00001525,1,prod_00000317,sell_00000106,2024-09-04 19:36:26,67.88,9.33
order_00001526,1,prod_00000601,sell_00000135,2024-01-18 12:48:55,44.8,2.55
order_00001526,2,prod_00000638,sell_00000085,2024-01-18 12:48:55,226.09,34.94
order_00001527,1,prod_00000274,sell_00000000,2024-05-17 19:07:22,72.23,6.31
order_00001528,1,prod_00000792,sell_00000222,2024-05-09 01:08:35,31.22,5.14
order_00001529,1,prod_00000252,sell_00000137,2025-02-21 10:45:46,47.93,4.46
order_00001530,1,prod_00000115,sell_00000023,2024-03-20 03:54:19,26.28,0.86
order_00001531,1,prod_00000628,sell_00000065,2024-11-09 15:16:16,172.23,18.48
order_00001531,2,prod_00000049,sell_00000231,2024-11-12 15:16:16,91.49,5.58
order_00001532,1,prod_00000681,sell_00000141,2025-10-21 19:02:19,177.3,7.66
order_00001533,1,prod_00000422,sell_00000027,2025-01-28 12:31:36,127.56,19.55
order_00001534,1,prod_00000401,sell_00000116,2025-06-28 06:52:36,109.72,9.19
order_00001535,1,prod_00000037,sell_00000195,2024-06-10 06:18:40,73.73,5.57
order_00001536,1,prod_00000120,sell_00000071,2025-05-01 15:17:01,403.73,28.58
order_00001536,2,prod_00000659,sell_00000095,2025-04-29 15:17:01,98.34,13.28
order_00001536,3,prod_00000684,sell_00000123,2025-04-27 15:17:01,52.07,2.72
order_00001537,1,prod_00000159,sell_00000164,2025-08-26 05:40:14,30.67,2.55
order_00001538,1,prod_00000039,sell_00000153,2024-08-25 14:49:03,46.29,6.46
order_00001538,2,prod_00000279,sell_00000060,2024-08-22 14:49:03,42.83,3.23
order_00001539,1,prod_00000495,sell_00000219,2024-12-23 03:41:09,42.09,1.95
order_00001540,1,prod_00000461,sell_00000177,2024-12-20 22:49:24,90.31,10.14
order_00001540,2,prod_00000616,sell_00000209,2024-12-20 22:49:24,42.66,3.6
order_00001541,1,prod_00000670,sell_00000092,2024-02-08 10:06:23,32.41,5.36
order_00001542,1,prod_00000657,sell_00000013,2024-04-07 19:35:23,45.9,6.47
order_00001542,2,prod_00000478,sell_00000095,2024-04-05 19:35:23,43.91,6.47
order_00001542,3,prod_00000654,sell_00000216,2024-04-06 19:35:23,81.14,8.7
order_00001543,1,prod_00000316,sell_00000213,2025-04-15 02:14:28,80.04,10.61
order_00001543,2,prod_00000170,sell_00000073,2025-04-17 02:14:28,25.57,2.57
order_00001543,3,prod_00000191,sell_00000155,2025-04-17 02:14:28,58.67,6.98
order_00001544,1,prod_00000370,sell_00000208,2024-06-11 17:18:09,36.26,5.9
order_00001545,1,prod_00000738,sell_00000198,2024-03-16 20:29:24,57.93,10.0
order_00001546,1,prod_00000424,sell_00000218,2024-05-09 08:12:41,72.22,5.6
order_00001547,1,prod_00000465,sell_00000192,2024-08-05 18:19:48,18.51,2.35
order_00001548,1,prod_00000343,sell_00000013,2024-06-09 03:23:40,147.62,21.3
order_00001549,1,prod_00000311,sell_00000178,2024-09-16 14:41:11,10.53,1.24
order_00001549,2,prod_00000217,sell_00000081,2024-09-20 14:41:11,64.46,11.11
order_00001550,1,prod_00000142,sell_00000212,2024-08-19 08:47:36,48.45,1.71
order_00001550,2,prod_00000065,sell_00000090,2024-08-15 08:47:36,41.28,5.09
order_00001551,1,prod_00000064,sell_00000120,2024-08-13 21:26:32,152.79,8.38
order_00001552,1,prod_00000380,sell_00000043,2024-07-16 23:42:23,29.45,3.03
order_00001553,1,prod_00000415,sell_00000173,2024-04-04 17:42:51,68.99,7.8
order_00001553,2,prod_00000644,sell_00000084,2024-04-06 17:42:51,80.64,12.67
order_00001553,3,prod_00000093,sell_00000185,2024-04-04 17:42:51,10.58,0.57
order_00001553,4,prod_00000322,sell_00000128,2024-04-02 17:42:51,51.38,5.74
order_00001554,1,prod_00000049,sell_00000066,2025-07-21 20:22:28,154.2,6.72
order_00001554,2,prod_00000581,sell_00000235,2025-07-19 20:22:28,70.56,8.34
order_00001554,3,prod_00000094,sell_00000100,2025-07-19 20:22:28,102.34,16.77
order_00001555,1,prod_00000586,sell_00000020,2025-01-16 01:53:15,44.54,2.88
order_00001555,2,prod_00000378,sell_00000212,2025-01-14 01:53:15,30.43,3.79
order_00001555,3,prod_00000116,sell_00000240,2025-01-15 01:53:15,35.3,2.8
order_00001556,1,prod_00000464,sell_00000135,2024-11-11 12:38:45,59.93,6.79
order_00001557,1,prod_00000017,sell_00000194,2025-09-18 09:18:16,67.86,4.19
order_00001558,1,prod_00000526,sell_00000141,2024-08-14 11:34:48,77.56,3.94
order_00001558,2,prod_00000084,sell_00000110,2024-08-15 11:34:48,130.1,17.71
order_00001558,3,prod_00000085,sell_00000139,2024-08-15 11:34:48,28.66,1.5
order_00001558,4,prod_00000097,sell_00000019,2024-08-13 11:34:48,50.63,2.17
order_00001559,1,prod_00000597,sell_00000175,2025-04-22 20:59:05,42.43,4.16
order_00001560,1,prod_00000431,sell_00000174,2024-06-22 03:41:14,5.4,0.39
order_00001561,1,prod_00000235,sell_00000112,2024-06-13 22:09:41,80.09,6.89
order_00001562,1,prod_00000104,sell_00000219,2024-01-18 08:37:27,24.31,4.19
order_00001562,2,prod_00000392,sell_00000031,2024-01-19 08:37:27,74.48,12.56
order_00001563,1,prod_00000201,sell_00000125,2024-06-02 01:27:33,78.29,3.73
order_00001564,1,prod_00000509,sell_00000177,2024-11-14 20:28:08,16.21,1.18
order_00001565,1,prod_00000447,sell_00000229,2025-03-13 22:30:06,13.72,1.83
order_00001566,1,prod_00000472,sell_00000048,2024-04-27 03:35:31,267.51,29.68
order_00001566,2,prod_00000597,sell_00000183,2024-04-29 03:35:31,26.43,1.3
order_00001567,1,prod_00000604,sell_00000039,2024-07-04 10:55:50,141.57,10.32
order_00001568,1,prod_00000254,sell_00000043,2025-07-21 12:56:30,31.08,4.39
order_00001568,2,prod_00000468,sell_00000047,2025-07-26 12:56:30,71.03,11.98
order_00001569,1,prod_00000504,sell_00000198,2025-06-16 08:50:23,49.46,8.84
order_00001570,1,prod_00000762,sell_00000247,2024-09-08 06:33:36,43.88,1.45
order_00001571,1,prod_00000112,sell_00000195,2024-04-15 12:04:35,112.67,14.23
order_00001572,1,prod_00000518,sell_00000093,2024-01-16 11:23:32,58.8,1.8
order_00001573,1,prod_00000283,sell_00000074,2025-02-25 19:01:33,30.07,3.28
order_00001573,2,prod_00000230,sell_00000023,2025-02-25 19:01:33,11.89,1.95
order_00001573,3,prod_00000547,sell_00000052,2025-02-25 19:01:33,41.18,2.68
order_00001574,1,prod_00000654,sell_00000246,2024-10-05 14:01:41,83.73,12.76
order_00001575,1,prod_00000646,sell_00000246,2024-12-07 13:17:01,32.48,1.58
order_00001576,1,prod_00000289,sell_00000157,2024-10-11 03:41:56,32.87,2.09
order_00001577,1,prod_00000207,sell_00000208,2024-04-14 21:04:03,70.16,4.58
order_00001578,1,prod_00000023,sell_00000005,2025-07-25 21:14:53,29.47,1.64
order_00001579,1,prod_00000632,sell_00000035,2025-01-12 12:00:50,74.22,12.23
order_00001580,1,prod_00000008,sell_00000216,2024-05-27 08:37:48,189.47,6.59
order_00001581,1,prod_00000502,sell_00000108,2024-07-06 22:01:50,75.23,13.25
order_00001581,2,prod_00000660,sell_00000208,2024-07-04 22:01:50,62.99,4.95
order_00001582,1,prod_00000239,sell_00000073,2025-11-06 21:27:35,72.36,10.04
order_00001583,1,prod_00000021,sell_00000149,2025-09-27 17:37:06,88.63,14.37
order_00001584,1,prod_00000376,sell_00000242,2025-02-09 06:31:06,33.43,1.2
order_00001585,1,prod_00000140,sell_00000013,2024-10-27 15:32:05,31.88,3.72
order_00001586,1,prod_00000329,sell_00000030,2025-04-12 08:00:54,27.69,2.28
order_00001587,1,prod_00000795,sell_00000130,2024-11-04 05:33:47,234.01,16.6
order_00001588,1,prod_00000227,sell_00000058,2024-07-12 20:04:59,105.13,14.49
order_00001588,2,prod_00000020,sell_00000237,2024-07-10 20:04:59,25.36,4.56
order_00001589,1,prod_00000206,sell_00000090,2025-11-28 04:08:29,43.43,3.97
order_00001590,1,prod_00000785,sell_00000155,2024-12-16 18:20:58,323.84,45.26
order_00001591,1,prod_00000389,sell_00000140,2025-11-06 12:57:38,128.12,21.27
order_00001591,2,prod_00000137,sell_00000043,2025-11-04 12:57:38,19.26,0.66
order_00001591,3,prod_00000587,sell_00000190,2025-11-04 12:57:38,47.89,1.91
order_00001592,1,prod_00000696,sell_00000177,2025-11-12 06:43:51,22.15,3.82
order_00001593,1,prod_00000521,sell_00000200,2025-10-07 23:16:12,15.36,0.72
order_00001594,1,prod_00000500,sell_00000142,2025-05-25 03:46:53,32.25,3.14
order_00001595,1,prod_00000209,sell_00000243,2024-05-19 08:03:50,47.88,4.99
order_00001595,2,prod_00000072,sell_00000084,2024-05-18 08:03:50,81.14,4.95
order_00001596,1,prod_00000101,sell_00000074,2024-11-15 10:28:51,73.57,5.18
order_00001597,1,prod_00000775,sell_00000078,2024-12-09 09:08:27,29.9,2.61
order_00001597,2,prod_00000782,sell_00000075,2024-12-07 09:08:27,48.47,4.63
order_00001597,3,prod_00000047,sell_00000131,2024-12-08 09:08:27,24.08,1.92
order_00001598,1,prod_00000287,sell_00000069,2025-05-14 06:09:45,56.89,7.12
order_00001599,1,prod_00000009,sell_00000025,2024-05-07 06:21:02,43.31,3.4
order_00001599,2,prod_00000450,sell_00000248,2024-05-04 06:21:02,32.93,4.31
order_00001599,3,prod_00000341,sell_00000048,2024-05-04 06:21:02,24.73,1.5
order_00001599,4,prod_00000744,sell_00000024,2024-05-05 06:21:02,101.34,12.83
order_00001600,1,prod_00000738,sell_00000027,2025-03-29 07:03:27,320.15,11.78
order_00001601,1,prod_00000570,sell_00000047,2025-01-13 04:42:56,110.26,6.48
order_00001602,1,prod_00000785,sell_00000116,2025-05-29 16:24:23,71.26,10.88
order_00001602,2,prod_00000509,sell_00000189,2025-05-31 16:24:23,27.73,3.94
order_00001602,3,prod_00000574,sell_00000126,2025-06-02 16:24:23,23.78,3.87
order_00001602,4,prod_00000079,sell_00000180,2025-05-30 16:24:23,72.94,5.18
order_00001603,1,prod_00000324,sell_00000050,2025-09-16 12:21:06,51.02,4.75
order_00001604,1,prod_00000264,sell_00000248,2025-08-01 13:07:21,102.15,15.59
order_00001605,1,prod_00000693,sell_00000152,2025-04-17 19:02:04,308.46,14.96
order_00001606,1,prod_00000168,sell_00000164,2024-06-27 23:31:51,49.94,4.38
order_00001606,2,prod_00000355,sell_00000178,2024-06-22 23:31:51,179.51,27.61
order_00001606,3,prod_00000535,sell_00000129,2024-06-22 23:31:51,10.84,0.58
order_00001606,4,prod_00000637,sell_00000038,2024-06-25 23:31:51,80.96,10.32
order_00001607,1,prod_00000374,sell_00000162,2025-10-07 16:07:53,51.48,4.84
order_00001608,1,prod_00000460,sell_00000042,2024-08-15 03:30:25,63.27,2.64
order_00001609,1,prod_00000582,sell_00000002,2025-01-29 02:30:29,47.92,2.53
order_00001609,2,prod_00000341,sell_00000018,2025-02-02 02:30:29,122.67,11.01
order_00001609,3,prod_00000168,sell_00000211,2025-02-02 02:30:29,53.04,2.69
order_00001610,1,prod_00000374,sell_00000076,2025-09-12 04:16:17,55.09,6.93
order_00001611,1,prod_00000491,sell_00000246,2025-05-12 03:13:43,34.26,3.89
order_00001612,1,prod_00000525,sell_00000027,2025-11-12 11:16:45,31.82,5.17
order_00001612,2,prod_00000057,sell_00000143,2025-11-15 11:16:45,46.51,4.78
order_00001613,1,prod_00000307,sell_00000145,2024-04-24 17:53:58,253.63,32.71
order_00001614,1,prod_00000552,sell_00000237,2025-04-05 00:31:23,24.48,4.38
order_00001615,1,prod_00000758,sell_00000135,2025-04-15 04:59:04,20.49,1.21
order_00001615,2,prod_00000258,sell_00000198,2025-04-13 04:59:04,94.41,5.47
order_00001615,3,prod_00000391,sell_00000070,2025-04-11 04:59:04,41.98,5.99
order_00001615,4,prod_00000745,sell_00000244,2025-04-16 04:59:04,49.37,3.32
order_00001616,1,prod_00000630,sell_00000127,2025-07-16 03:26:54,48.98,2.45
order_00001617,1,prod_00000256,sell_00000032,2025-06-09 04:39:59,33.25,5.48
order_00001618,1,prod_00000634,sell_00000158,2024-01-06 02:24:26,20.95,1.11
order_00001619,1,prod_00000210,sell_00000040,2024-11-14 11:26:58,86.99,3.57
order_00001620,1,prod_00000523,sell_00000193,2024-06-26 20:30:44,22.41,1.85
order_00001620,2,prod_00000591,sell_00000125,2024-06-23 20:30:44,19.32,3.18
order_00001621,1,prod_00000367,sell_00000222,2025-09-06 08:04:21,351.11,14.19
order_00001621,2,prod_00000085,sell_00000120,2025-09-03 08:04:21,501.91,26.79
order_00001622,1,prod_00000295,sell_00000173,2024-02-17 08:42:47,18.25,2.69
order_00001623,1,prod_00000649,sell_00000013,2024-10-08 14:29:55,27.98,1.92
order_00001624,1,prod_00000729,sell_00000026,2025-06-25 15:33:08,36.17,4.29
order_00001625,1,prod_00000244,sell_00000042,2024-01-14 09:52:31,115.09,9.05
order_00001626,1,prod_00000404,sell_00000032,2024-02-26 21:27:59,55.84,8.87
order_00001627,1,prod_00000734,sell_00000237,2025-02-10 17:43:00,34.73,3.86
order_00001627,2,prod_00000722,sell_00000223,2025-02-08 17:43:00,42.8,6.07
order_00001627,3,prod_00000367,sell_00000003,2025-02-07 17:43:00,20.06,0.88
order_00001628,1,prod_00000785,sell_00000204,2024-05-21 09:05:58,240.94,16.67
order_00001629,1,prod_00000343,sell_00000039,2025-07-30 07:34:55,13.22,1.05
order_00001629,2,prod_00000552,sell_00000249,2025-07-28 07:34:55,26.16,1.39
order_00001630,1,prod_00000431,sell_00000035,2024-04-09 23:12:01,61.63,2.04
order_00001631,1,prod_00000234,sell_00000117,2024-07-16 10:00:37,94.2,3.61
order_00001632,1,prod_00000140,sell_00000175,2025-08-12 12:20:21,23.84,3.99
order_00001633,1,prod_00000469,sell_00000091,2025-03-01 17:37:17,75.65,7.19
order_00001633,2,prod_00000036,sell_00000132,2025-03-01 17:37:17,109.33,11.15
order_00001634,1,prod_00000642,sell_00000188,2025-05-13 14:48:34,37.79,2.07
order_00001635,1,prod_00000427,sell_00000025,2025-04-13 08:46:16,77.6,7.89
order_00001636,1,prod_00000158,sell_00000099,2024-01-19 00:15:28,15.83,2.15
order_00001637,1,prod_00000298,sell_00000012,2025-01-15 14:03:03,125.08,21.4
order_00001638,1,prod_00000074,sell_00000094,2025-06-01 10:39:07,12.86,0.69
order_00001639,1,prod_00000383,sell_00000142,2024-04-22 21:31:46,111.63,5.18
order_00001640,1,prod_00000724,sell_00000225,2025-08-12 15:10:12,18.52,1.32
order_00001641,1,prod_00000464,sell_00000099,2025-12-05 01:01:11,75.48,11.52
order_00001642,1,prod_00000379,sell_00000190,2024-08-11 04:02:42,164.11,9.05
order_00001643,1,prod_00000354,sell_00000002,2024-06-15 03:05:13,36.49,6.1
order_00001644,1,prod_00000654,sell_00000022,2024-07-22 09:45:59,36.44,3.88
order_00001644,2,prod_00000324,sell_00000143,2024-07-26 09:45:59,31.09,2.57
order_00001645,1,prod_00000627,sell_00000031,2025-06-10 07:49:06,27.18,3.36
order_00001645,2,prod_00000431,sell_00000078,2025-06-09 07:49:06,38.85,1.99
order_00001645,3,prod_00000624,sell_00000087,2025-06-08 07:49:06,19.53,2.98
order_00001646,1,prod_00000319,sell_00000220,2024-09-12 06:34:03,15.76,2.08
order_00001646,2,prod_00000737,sell_00000108,2024-09-13 06:34:03,48.59,2.36
order_00001646,3,prod_00000440,sell_00000157,2024-09-12 06:34:03,14.61,0.85
order_00001647,1,prod_00000061,sell_00000208,2024-07-09 01:33:28,15.6,2.39
order_00001648,1,prod_00000183,sell_00000077,2025-02-22 16:19:11,40.33,4.07
order_00001649,1,prod_00000367,sell_00000030,2024-09-13 07:32:41,64.11,5.1
order_00001649,2,prod_00000771,sell_00000161,2024-09-11 07:32:41,229.22,13.67
order_00001650,1,prod_00000504,sell_00000052,2025-03-12 09:15:03,49.47,2.14
order_00001650,2,prod_00000508,sell_00000194,2025-03-11 09:15:03,79.84,13.5
order_00001650,3,prod_00000533,sell_00000034,2025-03-07 09:15:03,14.89,2.5
order_00001650,4,prod_00000683,sell_00000042,2025-03-09 09:15:03,132.53,11.26
order_00001651,1,prod_00000478,sell_00000179,2025-05-26 01:09:25,92.48,9.6
order_00001652,1,prod_00000646,sell_00000106,2024-08-17 09:49:08,36.52,6.37
order_00001653,1,prod_00000143,sell_00000225,2025-10-28 23:37:19,42.73,4.62
order_00001653,2,prod_00000243,sell_00000028,2025-10-25 23:37:19,90.52,4.69
order_00001654,1,prod_00000029,sell_00000095,2025-09-24 10:00:54,42.66,6.19
order_00001654,2,prod_00000740,sell_00000191,2025-09-19 10:00:54,91.98,7.81
order_00001655,1,prod_00000357,sell_00000093,2025-01-18 18:25:22,74.01,7.21
order_00001655,2,prod_00000268,sell_00000110,2025-01-16 18:25:22,44.66,3.57
order_00001655,3,prod_00000573,sell_00000089,2025-01-18 18:25:22,87.94,3.41
order_00001656,1,prod_00000536,sell_00000218,2025-02-23 08:11:39,122.18,5.69
order_00001657,1,prod_00000048,sell_00000168,2025-08-24 10:34:28,60.81,4.34
order_00001657,2,prod_00000401,sell_00000133,2025-08-23 10:34:28,46.85,8.13
order_00001658,1,prod_00000250,sell_00000232,2025-08-12 00:14:29,58.12,2.66
order_00001659,1,prod_00000470,sell_00000103,2025-02-02 15:59:40,120.18,5.07
order_00001660,1,prod_00000339,sell_00000243,2024-11-28 00:58:30,27.4,3.39
order_00001660,2,prod_00000019,sell_00000200,2024-11-30 00:58:30,56.49,6.84
order_00001661,1,prod_00000648,sell_00000064,2025-07-16 00:56:16,78.06,2.64
order_00001662,1,prod_00000633,sell_00000108,2025-08-16 14:19:09,54.09,7.82
order_00001663,1,prod_00000245,sell_00000072,2025-11-14 06:03:40,609.77,82.05
order_00001664,1,prod_00000341,sell_00000243,2025-04-17 19:24:11,113.31,5.0
order_00001664,2,prod_00000536,sell_00000014,2025-04-18 19:24:11,144.82,20.31
order_00001665,1,prod_00000075,sell_00000197,2024-07-14 05:17:00,80.43,12.14
order_00001666,1,prod_00000282,sell_00000203,2025-04-25 07:49:39,30.57,4.17
order_00001667,1,prod_00000696,sell_00000173,2024-12-15 04:37:29,53.12,5.27
order_00001668,1,prod_00000307,sell_00000198,2025-07-23 08:46:45,86.82,9.89
order_00001669,1,prod_00000531,sell_00000180,2024-09-22 15:45:09,45.36,2.68
order_00001669,2,prod_00000095,sell_00000156,2024-09-24 15:45:09,37.63,3.14
order_00001669,3,prod_00000223,sell_00000216,2024-09-24 15:45:09,73.41,8.37
order_00001670,1,prod_00000532,sell_00000208,2025-06-20 12:49:50,94.36,7.33
order_00001670,2,prod_00000207,sell_00000224,2025-06-25 12:49:50,39.75,2.67
order_00001671,1,prod_00000318,sell_00000166,2025-06-19 12:55:04,67.86,11.26
order_00001672,1,prod_00000389,sell_00000225,2025-05-23 00:41:31,83.37,10.23
order_00001673,1,prod_00000477,sell_00000097,2025-03-13 04:24:23,33.66,5.89
order_00001673,2,prod_00000026,sell_00000241,2025-03-09 04:24:23,10.18,1.51
order_00001673,3,prod_00000588,sell_00000069,2025-03-12 04:24:23,40.74,6.32
order_00001674,1,prod_00000428,sell_00000044,2025-04-06 04:10:37,74.78,10.55
order_00001675,1,prod_00000503,sell_00000000,2025-05-18 20:54:43,63.18,2.71
order_00001676,1,prod_00000677,sell_00000206,2025-08-02 16:04:00,73.13,4.87
order_00001677,1,prod_00000270,sell_00000066,2024-02-17 15:41:43,44.61,6.09
order_00001677,2,prod_00000473,sell_00000143,2024-02-12 15:41:43,50.59,3.22
order_00001677,3,prod_00000395,sell_00000008,2024-02-12 15:41:43,200.21,27.01
order_00001678,1,prod_00000648,sell_00000241,2025-08-16 19:31:51,11.57,1.67
order_00001679,1,prod_00000005,sell_00000084,2024-05-11 01:18:22,61.23,9.45
order_00001680,1,prod_00000799,sell_00000195,2025-06-19 23:40:59,165.99,11.12
order_00001681,1,prod_00000314,sell_00000061,2024-02-24 00:39:42,48.13,7.01
order_00001682,1,prod_00000643,sell_00000087,2024-03-19 01:19:34,116.49,15.78
order_00001683,1,prod_00000145,sell_00000166,2025-07-29 22:17:05,28.43,1.76
order_00001683,2,prod_00000120,sell_00000041,2025-07-30 22:17:05,163.05,6.63
order_00001683,3,prod_00000384,sell_00000230,2025-07-31 22:17:05,63.99,5.3
order_00001683,4,prod_00000502,sell_00000221,2025-08-01 22:17:05,66.58,3.78
order_00001684,1,prod_00000370,sell_00000071,2024-01-23 09:39:11,46.04,8.11
order_00001685,1,prod_00000465,sell_00000102,2025-07-26 16:48:00,31.79,1.76
order_00001685,2,prod_00000524,sell_00000192,2025-07-27 16:48:00,143.06,11.82
order_00001685,3,prod_00000294,sell_00000014,2025-07-29 16:48:00,84.22,4.35
order_00001686,1,prod_00000084,sell_00000097,2025-01-27 08:29:00,97.9,5.35
order_00001687,1,prod_00000006,sell_00000120,2025-12-30 16:25:57,36.48,6.36
order_00001687,2,prod_00000747,sell_00000167,2026-01-02 16:25:57,17.2,1.44
order_00001688,1,prod_00000684,sell_00000187,2025-11-25 22:41:06,46.93,2.35
order_00001689,1,prod_00000441,sell_00000080,2024-08-13 04:33:34,10.94,1.19
order_00001690,1,prod_00000754,sell_00000175,2024-11-17 08:46:40,42.79,4.49
order_00001691,1,prod_00000635,sell_00000034,2025-07-08 20:30:03,32.67,2.39
order_00001692,1,prod_00000281,sell_00000041,2025-07-17 01:10:46,39.05,6.17
order_00001693,1,prod_00000480,sell_00000095,2024-08-10 21:37:46,95.52,12.66
order_00001694,1,prod_00000458,sell_00000067,2024-08-19 12:38:41,41.68,1.91
order_00001695,1,prod_00000210,sell_00000122,2025-12-29 20:50:55,55.45,9.01
order_00001696,1,prod_00000589,sell_00000084,2025-04-12 09:26:16,113.2,11.84
order_00001697,1,prod_00000596,sell_00000093,2025-07-26 20:08:21,161.3,7.92
order_00001697,2,prod_00000190,sell_00000064,2025-07-27 20:08:21,31.99,2.9
order_00001697,3,prod_00000536,sell_00000188,2025-07-25 20:08:21,55.12,3.53
order_00001698,1,prod_00000359,sell_00000175,2025-12-07 22:56:47,52.2,4.78
order_00001699,1,prod_00000351,sell_00000085,2025-03-29 10:22:30,35.26,5.2
order_00001700,1,prod_00000582,sell_00000013,2024-08-13 09:03:41,75.66,10.84
order_00001701,1,prod_00000013,sell_00000158,2024-06-18 19:15:19,78.72,12.21
order_00001701,2,prod_00000549,sell_00000038,2024-06-23 19:15:19,44.18,1.87
order_00001702,1,prod_00000685,sell_00000212,2025-06-18 04:00:32,79.68,10.17
order_00001703,1,prod_00000002,sell_00000097,2024-10-09 22:54:01,239.78,35.3
order_00001704,1,prod_00000315,sell_00000090,2024-03-17 15:58:22,50.29,3.07
order_00001704,2,prod_00000652,sell_00000083,2024-03-15 15:58:22,193.05,17.54
order_00001705,1,prod_00000387,sell_00000227,2024-11-25 00:05:20,59.31,7.21
order_00001706,1,prod_00000034,sell_00000151,2025-07-20 06:52:04,29.63,4.74
order_00001707,1,prod_00000321,sell_00000202,2024-05-22 09:52:23,50.04,1.59
order_00001708,1,prod_00000305,sell_00000064,2024-08-03 21:59:29,148.86,12.27
order_00001708,2,prod_00000221,sell_00000208,2024-08-05 21:59:29,56.11,3.33
order_00001708,3,prod_00000287,sell_00000108,2024-08-01 21:59:29,332.6,17.5
order_00001709,1,prod_00000465,sell_00000075,2025-07-26 20:46:40,82.92,4.62
order_00001710,1,prod_00000017,sell_00000169,2025-07-14 01:43:28,19.55,1.54
order_00001711,1,prod_00000582,sell_00000113,2025-08-08 04:40:28,21.58,1.86
order_00001712,1,prod_00000221,sell_00000162,2025-10-22 03:02:38,9.41,0.64
order_00001713,1,prod_00000042,sell_00000071,2025-01-10 04:14:09,164.58,26.52
order_00001714,1,prod_00000189,sell_00000055,2025-04-06 18:09:40,87.64,13.91
order_00001714,2,prod_00000490,sell_00000003,2025-04-06 18:09:40,26.62,3.97
order_00001714,3,prod_00000526,sell_00000116,2025-04-10 18:09:40,40.24,6.62
order_00001715,1,prod_00000455,sell_00000129,2025-10-01 11:32:20,16.77,1.15
order_00001716,1,prod_00000639,sell_00000210,2024-04-13 10:47:12,97.79,9.04
order_00001717,1,prod_00000413,sell_00000088,2025-05-19 21:37:21,20.21,1.3
order_00001717,2,prod_00000589,sell_00000051,2025-05-18 21:37:21,60.04,3.92
order_00001717,3,prod_00000410,sell_00000177,2025-05-18 21:37:21,70.39,5.06
order_00001718,1,prod_00000165,sell_00000209,2024-10-10 14:51:49,11.51,0.57
order_00001719,1,prod_00000190,sell_00000051,2024-03-13 11:51:02,63.91,7.03
order_00001720,1,prod_00000092,sell_00000023,2025-01-22 17:37:59,109.19,7.12
order_00001720,2,prod_00000392,sell_00000196,2025-01-21 17:37:59,36.67,5.08
order_00001721,1,prod_00000687,sell_00000247,2025-03-16 12:39:49,261.83,35.93
order_00001722,1,prod_00000494,sell_00000107,2025-08-26 05:36:46,63.84,8.4
order_00001722,2,prod_00000765,sell_00000175,2025-08-26 05:36:46,75.48,7.38
order_00001723,1,prod_00000447,sell_00000162,2025-05-12 13:13:41,36.0,1.77
order_00001724,1,prod_00000117,sell_00000096,2025-11-12 04:01:21,19.8,2.59
order_00001725,1,prod_00000472,sell_00000023,2025-08-31 20:22:19,117.34,14.07
order_00001726,1,prod_00000367,sell_00000000,2025-03-27 14:26:54,51.87,4.17
order_00001727,1,prod_00000162,sell_00000054,2024-07-08 09:52:58,37.1,2.22
order_00001728,1,prod_00000552,sell_00000164,2025-09-18 12:37:19,22.74,2.56
order_00001728,2,prod_00000390,sell_00000017,2025-09-20 12:37:19,16.71,2.72
order_00001728,3,prod_00000398,sell_00000088,2025-09-20 12:37:19,37.19,5.13
order_00001729,1,prod_00000334,sell_00000243,2025-02-01 22:53:43,36.6,5.38
order_00001729,2,prod_00000218,sell_00000077,2025-02-06 22:53:43,41.02,6.77
order_00001730,1,prod_00000730,sell_00000078,2024-02-06 08:47:39,52.54,3.23
order_00001730,2,prod_00000184,sell_00000110,2024-02-08 08:47:39,141.85,12.45
order_00001730,3,prod_00000452,sell_00000029,2024-02-05 08:47:39,60.26,4.66
order_00001731,1,prod_00000167,sell_00000207,2024-01-28 10:15:24,91.89,7.3
order_00001732,1,prod_00000389,sell_00000196,2025-08-05 00:28:01,62.81,6.19
order_00001733,1,prod_00000310,sell_00000133,2024-02-15 06:57:50,35.99,6.07
order_00001733,2,prod_00000044,sell_00000178,2024-02-16 06:57:50,20.96,3.01
order_00001733,3,prod_00000187,sell_00000210,2024-02-12 06:57:50,56.31,6.56
order_00001734,1,prod_00000032,sell_00000011,2024-11-01 00:21:27,34.45,5.87
order_00001735,1,prod_00000121,sell_00000083,2025-10-11 06:08:20,84.36,9.09
order_00001736,1,prod_00000752,sell_00000010,2025-02-02 21:47:36,19.07,0.76
order_00001736,2,prod_00000680,sell_00000235,2025-02-03 21:47:36,53.14,9.44
order_00001737,1,prod_00000298,sell_00000197,2024-02-06 05:41:13,138.64,19.55
order_00001738,1,prod_00000466,sell_00000030,2025-05-28 17:32:28,119.32,10.94
order_00001738,2,prod_00000061,sell_00000191,2025-05-26 17:32:28,69.4,9.1
order_00001738,3,prod_00000285,sell_00000113,2025-05-25 17:32:28,69.19,9.1
order_00001739,1,prod_00000553,sell_00000058,2025-02-14 11:48:52,313.53,19.34
order_00001740,1,prod_00000799,sell_00000054,2024-12-17 07:28:48,50.39,8.18
order_00001741,1,prod_00000341,sell_00000157,2025-12-24 03:01:11,118.07,15.83
order_00001742,1,prod_00000402,sell_00000210,2024-08-13 10:47:38,21.05,2.35
order_00001742,2,prod_00000241,sell_00000249,2024-08-14 10:47:38,11.59,2.01
order_00001743,1,prod_00000236,sell_00000122,2024-07-20 20:11:53,41.29,3.6
order_00001744,1,prod_00000417,sell_00000006,2024-04-17 02:33:04,20.05,1.62
order_00001745,1,prod_00000510,sell_00000213,2024-03-28 19:02:10,73.72,6.04
order_00001746,1,prod_00000512,sell_00000090,2024-06-13 16:59:59,18.53,2.73
order_00001746,2,prod_00000356,sell_00000156,2024-06-13 16:59:59,8.89,1.25
order_00001746,3,prod_00000274,sell_00000012,2024-06-13 16:59:59,124.71,5.18
order_00001746,4,prod_00000558,sell_00000183,2024-06-08 16:59:59,32.81,2.12
order_00001747,1,prod_00000281,sell_00000043,2024-08-06 07:51:58,174.12,10.41
order_00001747,2,prod_00000350,sell_00000204,2024-08-05 07:51:58,66.43,10.18
order_00001747,3,prod_00000735,sell_00000110,2024-08-05 07:51:58,46.99,3.57
order_00001747,4,prod_00000568,sell_00000078,2024-08-07 07:51:58,37.67,4.66
order_00001748,1,prod_00000212,sell_00000239,2024-11-18 02:47:53,33.26,2.08
order_00001749,1,prod_00000315,sell_00000060,2025-07-24 22:00:54,60.49,9.8
order_00001750,1,prod_00000018,sell_00000048,2025-10-18 21:19:48,8.6,1.37
order_00001751,1,prod_00000627,sell_00000164,2025-10-23 03:41:18,13.43,0.77
order_00001752,1,prod_00000344,sell_00000023,2024-01-24 01:12:34,20.52,0.74
order_00001752,2,prod_00000429,sell_00000216,2024-01-24 01:12:34,99.23,9.6
order_00001753,1,prod_00000332,sell_00000160,2024-11-15 02:47:29,46.3,1.76
order_00001754,1,prod_00000447,sell_00000224,2024-07-08 21:59:57,22.83,2.11
order_00001754,2,prod_00000289,sell_00000081,2024-07-13 21:59:57,46.12,7.06
order_00001754,3,prod_00000192,sell_00000176,2024-07-13 21:59:57,41.67,3.53
order_00001755,1,prod_00000194,sell_00000092,2024-02-21 23:24:56,61.39,6.65
order_00001755,2,prod_00000095,sell_00000058,2024-02-24 23:24:56,56.52,6.1
order_00001756,1,prod_00000111,sell_00000097,2024-07-14 17:19:07,145.4,8.7
order_00001756,2,prod_00000263,sell_00000089,2024-07-16 17:19:07,16.44,2.29
order_00001756,3,prod_00000726,sell_00000011,2024-07-15 17:19:07,106.49,14.59
order_00001757,1,prod_00000653,sell_00000206,2024-10-27 02:22:43,138.81,5.58
order_00001758,1,prod_00000137,sell_00000010,2024-06-05 16:01:19,15.62,1.63
order_00001759,1,prod_00000520,sell_00000209,2024-03-09 02:43:04,9.34,1.54
order_00001760,1,prod_00000131,sell_00000145,2024-11-24 10:11:18,72.74,9.46
order_00001761,1,prod_00000026,sell_00000138,2024-01-19 01:53:54,65.67,11.33
order_00001761,2,prod_00000346,sell_00000152,2024-01-19 01:53:54,43.84,7.0
order_00001761,3,prod_00000621,sell_00000245,2024-01-22 01:53:54,66.35,4.43
order_00001762,1,prod_00000316,sell_00000046,2024-02-15 00:56:40,31.13,2.48
order_00001763,1,prod_00000244,sell_00000007,2025-05-27 14:23:38,96.51,11.75
order_00001764,1,prod_00000321,sell_00000052,2024-12-25 04:31:03,20.06,0.77
order_00001765,1,prod_00000734,sell_00000165,2024-09-18 17:07:59,60.79,3.36
order_00001765,2,prod_00000633,sell_00000181,2024-09-21 17:07:59,6.35,0.26
order_00001766,1,prod_00000106,sell_00000154,2024-07-05 06:44:44,31.21,4.46
order_00001766,2,prod_00000673,sell_00000002,2024-07-08 06:44:44,177.57,10.28
order_00001766,3,prod_00000274,sell_00000032,2024-07-05 06:44:44,109.81,11.31
order_00001767,1,prod_00000267,sell_00000071,2024-09-22 19:10:29,173.25,10.26
order_00001767,2,prod_00000771,sell_00000168,2024-09-22 19:10:29,54.56,6.93
order_00001768,1,prod_00000725,sell_00000028,2025-04-02 14:43:15,17.58,2.88
order_00001768,2,prod_00000481,sell_00000108,2025-04-03 14:43:15,293.09,12.6
order_00001768,3,prod_00000167,sell_00000186,2025-03-30 14:43:15,24.77,0.77
order_00001769,1,prod_00000759,sell_00000119,2024-01-15 17:08:33,47.7,6.31
order_00001770,1,prod_00000419,sell_00000166,2024-05-27 05:45:45,58.1,1.97
order_00001771,1,prod_00000049,sell_00000197,2025-03-09 17:16:52,44.91,5.79
order_00001772,1,prod_00000755,sell_00000017,2024-09-07 20:36:05,123.2,7.36
order_00001773,1,prod_00000455,sell_00000205,2024-06-05 23:24:30,63.12,3.83
order_00001774,1,prod_00000199,sell_00000059,2024-09-27 13:06:46,11.86,2.06
order_00001775,1,prod_00000215,sell_00000182,2024-02-11 14:11:09,83.33,14.6
order_00001775,2,prod_00000628,sell_00000012,2024-02-10 14:11:09,34.49,2.16
order_00001775,3,prod_00000270,sell_00000088,2024-02-12 14:11:09,311.54,23.65
order_00001776,1,prod_00000508,sell_00000193,2025-09-30 04:26:05,30.72,1.72
order_00001777,1,prod_00000329,sell_00000073,2024-08-22 21:08:05,26.0,4.38
order_00001777,2,prod_00000669,sell_00000246,2024-08-22 21:08:05,48.93,7.28
order_00001777,3,prod_00000377,sell_00000227,2024-08-18 21:08:05,29.79,3.81
order_00001778,1,prod_00000706,sell_00000093,2025-06-30 03:14:05,95.58,10.33
order_00001778,2,prod_00000366,sell_00000038,2025-07-04 03:14:05,67.82,3.74
order_00001778,3,prod_00000478,sell_00000113,2025-06-30 03:14:05,77.52,8.99
order_00001779,1,prod_00000015,sell_00000091,2025-11-14 03:34:54,35.43,3.6
order_00001780,1,prod_00000791,sell_00000069,2025-01-19 13:40:07,32.79,3.93
order_00001781,1,prod_00000118,sell_00000113,2025-07-20 03:24:48,48.45,7.52
order_00001782,1,prod_00000050,sell_00000009,2024-08-04 10:05:56,62.32,4.19
order_00001782,2,prod_00000723,sell_00000221,2024-08-08 10:05:56,7.3,1.26
order_00001783,1,prod_00000193,sell_00000057,2024-04-06 15:18:36,74.6,9.67
order_00001783,2,prod_00000313,sell_00000205,2024-04-03 15:18:36,85.85,10.74
order_00001783,3,prod_00000147,sell_00000244,2024-04-06 15:18:36,46.28,7.48
order_00001784,1,prod_00000374,sell_00000157,2025-09-08 23:56:26,132.37,23.31
order_00001784,2,prod_00000646,sell_00000074,2025-09-11 23:56:26,15.92,1.06
order_00001785,1,prod_00000118,sell_00000166,2024-06-26 13:22:37,130.36,22.17
order_00001786,1,prod_00000140,sell_00000073,2024-06-02 21:49:22,78.79,3.66
order_00001787,1,prod_00000478,sell_00000067,2025-04-23 13:47:57,43.52,3.39
order_00001788,1,prod_00000309,sell_00000027,2025-09-25 09:33:21,22.09,3.25
order_00001788,2,prod_00000003,sell_00000153,2025-09-23 09:33:21,25.28,1.93
order_00001788,3,prod_00000288,sell_00000171,2025-09-22 09:33:21,9.99,1.42
order_00001789,1,prod_00000766,sell_00000113,2025-04-30 03:08:54,19.66,3.4
order_00001790,1,prod_00000600,sell_00000021,2025-06-24 11:53:12,71.16,7.64
order_00001790,2,prod_00000272,sell_00000044,2025-06-25 11:53:12,15.86,0.62
order_00001791,1,prod_00000475,sell_00000204,2025-07-26 03:02:19,64.31,9.22
order_00001792,1,prod_00000494,sell_00000097,2025-01-23 15:53:50,24.83,4.12
order_00001792,2,prod_00000651,sell_00000160,2025-01-23 15:53:50,26.09,3.35
order_00001792,3,prod_00000495,sell_00000039,2025-01-27 15:53:50,213.14,12.99
order_00001792,4,prod_00000605,sell_00000246,2025-01-23 15:53:50,45.98,7.96
order_00001793,1,prod_00000503,sell_00000018,2025-06-04 04:06:41,16.86,2.17
order_00001794,1,prod_00000532,sell_00000099,2025-11-13 07:13:17,69.95,6.41
order_00001795,1,prod_00000060,sell_00000197,2024-04-16 06:08:28,70.99,4.63
order_00001796,1,prod_00000283,sell_00000105,2025-07-07 10:08:06,97.92,6.75
order_00001797,1,prod_00000703,sell_00000211,2025-07-13 01:58:24,48.66,4.15
order_00001798,1,prod_00000460,sell_00000163,2024-06-04 23:19:54,41.0,1.33
order_00001798,2,prod_00000782,sell_00000127,2024-06-01 23:19:54,8.15,0.71
order_00001799,1,prod_00000697,sell_00000249,2025-07-17 01:04:27,26.77,1.04
order_00001799,2,prod_00000145,sell_00000210,2025-07-17 01:04:27,190.72,15.8
order_00001799,3,prod_00000075,sell_00000074,2025-07-14 01:04:27,46.36,1.59
order_00001800,1,prod_00000716,sell_00000011,2025-01-02 18:39:25,41.92,7.19
order_00001800,2,prod_00000009,sell_00000121,2024-12-30 18:39:25,123.92,16.64
order_00001801,1,prod_00000287,sell_00000144,2024-03-26 02:09:27,80.94,7.66
order_00001802,1,prod_00000097,sell_00000230,2025-04-24 00:47:38,109.0,9.98
order_00001803,1,prod_00000768,sell_00000068,2024-03-23 18:05:44,120.62,17.46
order_00001803,2,prod_00000306,sell_00000184,2024-03-22 18:05:44,75.81,4.56
order_00001804,1,prod_00000623,sell_00000007,2024-07-18 18:49:13,20.48,1.33
order_00001805,1,prod_00000596,sell_00000195,2025-01-08 00:38:33,10.42,0.97
order_00001806,1,prod_00000043,sell_00000016,2025-11-04 19:57:55,30.97,3.26
order_00001807,1,prod_00000271,sell_00000211,2025-03-13 05:34:28,6.26,0.54
order_00001807,2,prod_00000132,sell_00000005,2025-03-12 05:34:28,12.77,0.44
order_00001808,1,prod_00000590,sell_00000235,2024-02-14 04:39:06,109.09,14.53
order_00001809,1,prod_00000767,sell_00000212,2025-12-02 10:46:45,52.59,4.29
order_00001810,1,prod_00000525,sell_00000225,2025-08-29 02:54:04,17.31,0.76
order_00001811,1,prod_00000382,sell_00000167,2024-05-21 03:25:22,147.18,26.1
order_00001811,2,prod_00000135,sell_00000134,2024-05-24 03:25:22,67.98,4.39
order_00001811,3,prod_00000189,sell_00000208,2024-05-23 03:25:22,27.37,2.41
order_00001812,1,prod_00000295,sell_00000036,2025-07-26 21:41:17,11.27,1.99
order_00001813,1,prod_00000566,sell_00000216,2024-10-06 18:21:06,60.48,2.48
order_00001814,1,prod_00000068,sell_00000066,2024-11-09 07:59:33,31.1,3.11
order_00001815,1,prod_00000518,sell_00000167,2024-08-29 12:37:04,268.38,19.46
order_00001815,2,prod_00000020,sell_00000126,2024-08-29 12:37:04,73.85,9.27
order_00001815,3,prod_00000318,sell_00000183,2024-08-27 12:37:04,198.02,22.39
order_00001816,1,prod_00000615,sell_00000024,2025-03-08 11:12:20,51.05,8.99
order_00001816,2,prod_00000557,sell_00000064,2025-03-09 11:12:20,82.47,6.74
order_00001816,3,prod_00000538,sell_00000230,2025-03-10 11:12:20,20.15,1.35
order_00001817,1,prod_00000686,sell_00000153,2025-11-09 15:05:32,61.02,10.37
order_00001818,1,prod_00000601,sell_00000141,2024-12-30 03:04:15,132.21,15.86
order_00001819,1,prod_00000723,sell_00000226,2024-06-30 00:05:24,176.04,30.58
order_00001819,2,prod_00000779,sell_00000045,2024-07-03 00:05:24,17.66,2.78
order_00001819,3,prod_00000325,sell_00000175,2024-07-05 00:05:24,44.28,7.39
order_00001819,4,prod_00000085,sell_00000091,2024-07-04 00:05:24,18.89,3.19
order_00001820,1,prod_00000008,sell_00000138,2024-07-07 17:11:55,116.99,14.74
order_00001820,2,prod_00000373,sell_00000133,2024-07-09 17:11:55,26.19,1.4
order_00001820,3,prod_00000267,sell_00000212,2024-07-09 17:11:55,152.62,23.69
order_00001821,1,prod_00000634,sell_00000014,2025-03-31 20:27:47,138.31,9.16
order_00001821,2,prod_00000248,sell_00000113,2025-04-02 20:27:47,70.86,10.94
order_00001822,1,prod_00000326,sell_00000249,2025-07-05 14:49:40,63.68,9.06
order_00001823,1,prod_00000281,sell_00000007,2024-06-24 09:03:56,114.86,6.17
order_00001824,1,prod_00000101,sell_00000178,2024-05-09 04:31:45,81.47,13.17
order_00001825,1,prod_00000549,sell_00000218,2025-08-22 09:43:50,43.72,2.45
order_00001826,1,prod_00000345,sell_00000166,2024-02-04 16:05:45,112.96,7.18
order_00001827,1,prod_00000778,sell_00000089,2025-12-16 03:24:03,101.8,11.83
order_00001827,2,prod_00000782,sell_00000152,2025-12-18 03:24:03,71.71,6.99
order_00001827,3,prod_00000133,sell_00000022,2025-12-18 03:24:03,52.12,4.24
order_00001828,1,prod_00000557,sell_00000098,2024-06-27 11:09:12,23.05,1.38
order_00001829,1,prod_00000155,sell_00000185,2025-04-26 12:28:55,229.86,28.29
order_00001830,1,prod_00000778,sell_00000180,2025-06-23 15:00:10,32.0,4.49
order_00001831,1,prod_00000480,sell_00000080,2025-09-26 03:36:29,50.39,8.82
order_00001831,2,prod_00000778,sell_00000117,2025-09-30 03:36:29,10.96,1.01
order_00001831,3,prod_00000491,sell_00000157,2025-09-29 03:36:29,139.49,24.89
order_00001831,4,prod_00000400,sell_00000061,2025-09-30 03:36:29,128.42,6.06
order_00001832,1,prod_00000555,sell_00000191,2024-05-30 10:55:02,141.63,14.32
order_00001833,1,prod_00000372,sell_00000115,2025-06-04 23:44:48,45.26,3.09
order_00001833,2,prod_00000597,sell_00000169,2025-06-08 23:44:48,42.05,2.04
order_00001834,1,prod_00000450,sell_00000216,2024-08-27 00:58:36,44.45,4.64
order_00001835,1,prod_00000408,sell_00000054,2025-08-18 11:33:22,63.33,11.01
order_00001836,1,prod_00000728,sell_00000175,2025-01-08 21:35:33,64.65,9.94
order_00001836,2,prod_00000629,sell_00000183,2025-01-06 21:35:33,32.49,5.35
order_00001837,1,prod_00000523,sell_00000020,2025-12-12 15:14:47,32.89,5.46
order_00001838,1,prod_00000440,sell_00000234,2024-10-06 10:49:24,84.31,12.49
order_00001838,2,prod_00000556,sell_00000128,2024-10-04 10:49:24,42.1,6.69
order_00001838,3,prod_00000598,sell_00000004,2024-10-04 10:49:24,34.36,3.59
order_00001839,1,prod_00000484,sell_00000089,2025-08-12 06:47:21,90.02,5.32
order_00001840,1,prod_00000620,sell_00000012,2025-05-31 22:45:05,41.06,4.79
order_00001840,2,prod_00000379,sell_00000242,2025-05-30 22:45:05,89.27,9.65
order_00001841,1,prod_00000134,sell_00000122,2025-08-21 10:19:52,69.66,2.23
order_00001842,1,prod_00000471,sell_00000034,2025-02-23 20:23:37,78.51,14.1
order_00001843,1,prod_00000110,sell_00000103,2025-05-28 07:45:13,42.97,2.15
order_00001844,1,prod_00000505,sell_00000247,2025-12-14 15:50:31,21.72,3.16
order_00001845,1,prod_00000647,sell_00000051,2024-04-29 09:13:49,43.45,2.6
order_00001845,2,prod_00000229,sell_00000100,2024-05-01 09:13:49,14.14,0.96
order_00001846,1,prod_00000493,sell_00000246,2024-06-19 11:32:30,60.11,1.88
order_00001847,1,prod_00000495,sell_00000093,2025-06-12 17:42:31,261.71,32.26
order_00001848,1,prod_00000236,sell_00000085,2025-06-28 19:37:51,54.75,2.39
order_00001849,1,prod_00000431,sell_00000015,2024-08-06 08:30:21,191.33,6.0
order_00001850,1,prod_00000286,sell_00000091,2024-03-30 10:18:13,83.22,12.64
order_00001851,1,prod_00000627,sell_00000144,2025-07-28 07:29:40,62.63,4.85
order_00001851,2,prod_00000612,sell_00000039,2025-07-25 07:29:40,18.62,1.11
order_00001852,1,prod_00000597,sell_00000160,2024-06-19 20:49:53,81.35,6.78
order_00001852,2,prod_00000412,sell_00000223,2024-06-21 20:49:53,45.22,3.87
order_00001853,1,prod_00000068,sell_00000017,2024-06-12 13:54:04,81.32,6.02
order_00001854,1,prod_00000359,sell_00000192,2024-04-14 08:50:53,70.74,9.37
order_00001855,1,prod_00000779,sell_00000010,2025-12-28 19:42:23,145.77,6.17
order_00001855,2,prod_00000032,sell_00000206,2025-12-30 19:42:23,25.96,3.0
order_00001855,3,prod_00000304,sell_00000076,2025-12-27 19:42:23,30.1,4.47
order_00001856,1,prod_00000406,sell_00000084,2024-07-05 17:07:26,45.73,5.18
order_00001856,2,prod_00000725,sell_00000062,2024-07-06 17:07:26,54.06,8.87
order_00001856,3,prod_00000546,sell_00000021,2024-07-02 17:07:26,21.25,2.85
order_00001856,4,prod_00000508,sell_00000032,2024-07-02 17:07:26,208.67,34.26
order_00001857,1,prod_00000203,sell_00000187,2025-09-07 23:44:48,21.68,0.96
order_00001858,1,prod_00000620,sell_00000050,2025-10-31 07:46:25,35.89,1.55
order_00001859,1,prod_00000769,sell_00000189,2024-10-14 00:50:49,12.87,0.52
order_00001860,1,prod_00000266,sell_00000053,2025-04-29 22:53:01,22.45,1.84
order_00001861,1,prod_00000327,sell_00000150,2025-08-31 02:51:38,53.81,4.25
order_00001862,1,prod_00000760,sell_00000232,2025-07-11 05:00:28,29.14,2.27
order_00001862,2,prod_00000082,sell_00000236,2025-07-11 05:00:28,192.43,9.83
order_00001862,3,prod_00000205,sell_00000070,2025-07-14 05:00:28,48.78,5.8
order_00001863,1,prod_00000410,sell_00000152,2025-06-11 12:39:19,53.58,8.97
order_00001864,1,prod_00000331,sell_00000119,2024-11-01 21:09:56,40.25,5.27
order_00001865,1,prod_00000043,sell_00000197,2025-05-14 07:18:00,99.32,10.39
order_00001866,1,prod_00000388,sell_00000203,2025-04-28 05:42:32,160.41,12.75
order_00001867,1,prod_00000097,sell_00000116,2025-12-27 17:41:41,58.42,8.69
order_00001868,1,prod_00000450,sell_00000102,2024-12-13 16:29:41,109.89,14.92
order_00001868,2,prod_00000072,sell_00000012,2024-12-17 16:29:41,58.41,8.9
order_00001869,1,prod_00000640,sell_00000113,2025-06-19 11:19:14,126.61,22.14
order_00001869,2,prod_00000370,sell_00000108,2025-06-21 11:19:14,31.58,4.45
order_00001870,1,prod_00000231,sell_00000062,2024-06-03 22:50:59,191.25,18.74
order_00001871,1,prod_00000796,sell_00000105,2024-04-26 13:20:41,17.95,1.49
order_00001872,1,prod_00000237,sell_00000230,2024-02-22 09:03:43,62.42,8.55
order_00001873,1,prod_00000546,sell_00000128,2025-05-20 11:14:20,29.19,3.82
order_00001874,1,prod_00000411,sell_00000023,2024-06-24 11:25:33,72.68,8.62
order_00001875,1,prod_00000743,sell_00000132,2025-06-13 07:20:48,38.77,6.85
order_00001876,1,prod_00000284,sell_00000122,2025-09-12 00:17:48,142.47,4.94
order_00001877,1,prod_00000286,sell_00000019,2024-12-28 10:04:32,77.19,10.53
order_00001878,1,prod_00000454,sell_00000073,2025-11-19 05:16:35,326.62,29.28
order_00001879,1,prod_00000712,sell_00000015,2024-09-15 18:49:24,28.6,3.88
order_00001880,1,prod_00000142,sell_00000182,2024-08-11 01:25:10,118.12,14.8
order_00001881,1,prod_00000226,sell_00000140,2025-12-26 23:14:27,29.34,3.8
order_00001882,1,prod_00000718,sell_00000041,2024-05-01 02:44:17,74.72,11.39
order_00001883,1,prod_00000068,sell_00000245,2025-01-11 01:08:18,113.33,16.95
order_00001884,1,prod_00000560,sell_00000177,2025-11-15 15:25:14,17.43,1.41
order_00001885,1,prod_00000692,sell_00000061,2024-04-30 10:57:03,52.63,3.51
order_00001886,1,prod_00000518,sell_00000023,2024-07-22 15:50:10,31.81,2.31
order_00001886,2,prod_00000417,sell_00000217,2024-07-23 15:50:10,118.7,15.35
order_00001887,1,prod_00000080,sell_00000191,2025-03-17 04:01:07,102.99,10.03
order_00001888,1,prod_00000277,sell_00000236,2025-04-30 02:19:14,70.96,10.06
order_00001889,1,prod_00000416,sell_00000074,2024-03-09 08:16:44,27.87,1.34
order_00001890,1,prod_00000683,sell_00000035,2025-07-21 12:43:29,21.47,1.7
order_00001891,1,prod_00000371,sell_00000115,2025-09-18 03:59:52,45.21,2.3
order_00001892,1,prod_00000208,sell_00000102,2025-08-13 18:23:20,27.22,3.36
order_00001893,1,prod_00000349,sell_00000032,2024-01-04 16:13:53,74.03,6.93
order_00001893,2,prod_00000675,sell_00000105,2024-01-05 16:13:53,60.44,9.23
order_00001893,3,prod_00000328,sell_00000067,2024-01-05 16:13:53,21.84,3.09
order_00001894,1,prod_00000007,sell_00000198,2024-11-15 12:14:14,131.53,17.15
order_00001895,1,prod_00000541,sell_00000054,2024-04-24 08:03:05,24.54,1.39
order_00001896,1,prod_00000575,sell_00000093,2024-04-08 04:03:02,107.32,18.87
order_00001896,2,prod_00000260,sell_00000102,2024-04-06 04:03:02,35.67,5.97
order_00001897,1,prod_00000658,sell_00000196,2024-01-29 14:35:09,148.79,4.95
order_00001898,1,prod_00000393,sell_00000113,2025-07-13 05:22:10,88.47,9.75
order_00001898,2,prod_00000452,sell_00000078,2025-07-10 05:22:10,44.82,6.39
order_00001898,3,prod_00000473,sell_00000046,2025-07-12 05:22:10,37.53,1.55
order_00001899,1,prod_00000648,sell_00000118,2024-03-21 20:31:42,41.27,3.78
order_00001900,1,prod_00000193,sell_00000206,2024-11-25 02:24:04,26.97,3.18
order_00001901,1,prod_00000501,sell_00000221,2025-12-27 23:14:51,59.17,4.7
order_00001902,1,prod_00000571,sell_00000112,2024-01-27 06:24:45,278.75,27.36
order_00001903,1,prod_00000231,sell_00000174,2025-05-09 10:31:28,190.76,13.88
order_00001903,2,prod_00000045,sell_00000103,2025-05-07 10:31:28,21.35,1.5
order_00001903,3,prod_00000371,sell_00000086,2025-05-10 10:31:28,61.47,9.09
order_00001903,4,prod_00000564,sell_00000079,2025-05-10 10:31:28,259.75,41.54
order_00001904,1,prod_00000076,sell_00000078,2024-03-16 03:44:03,82.51,6.97
order_00001905,1,prod_00000210,sell_00000104,2024-05-12 11:27:15,179.29,29.54
order_00001906,1,prod_00000670,sell_00000164,2024-02-02 14:57:32,28.1,1.17
order_00001907,1,prod_00000760,sell_00000039,2024-09-21 22:51:56,63.09,7.21
order_00001908,1,prod_00000795,sell_00000137,2024-06-12 21:22:38,65.67,9.1
order_00001909,1,prod_00000247,sell_00000200,2025-06-23 21:31:28,49.99,3.56
order_00001910,1,prod_00000203,sell_00000229,2025-06-24 12:37:55,124.44,5.62
order_00001911,1,prod_00000384,sell_00000055,2024-01-18 18:28:40,69.57,12.05
order_00001911,2,prod_00000745,sell_00000103,2024-01-21 18:28:40,27.08,0.85
order_00001911,3,prod_00000794,sell_00000040,2024-01-20 18:28:40,29.6,1.56
order_00001912,1,prod_00000240,sell_00000090,2025-05-11 23:26:00,38.18,4.36
order_00001913,1,prod_00000757,sell_00000244,2024-01-29 19:37:31,33.17,5.1
order_00001914,1,prod_00000267,sell_00000023,2025-03-20 21:12:40,88.98,12.5
order_00001914,2,prod_00000707,sell_00000161,2025-03-20 21:12:40,41.26,1.54
order_00001915,1,prod_00000040,sell_00000203,2024-04-28 15:54:06,18.68,2.47
order_00001916,1,prod_00000531,sell_00000080,2024-04-29 10:22:27,21.14,3.43
order_00001916,2,prod_00000407,sell_00000179,2024-04-30 10:22:27,75.45,10.33
order_00001917,1,prod_00000078,sell_00000232,2025-11-04 15:48:35,64.09,4.0
order_00001917,2,prod_00000021,sell_00000168,2025-11-03 15:48:35,48.0,1.98
order_00001918,1,prod_00000447,sell_00000240,2025-01-09 15:24:34,182.12,28.27
order_00001918,2,prod_00000648,sell_00000194,2025-01-12 15:24:34,46.43,5.73
order_00001919,1,prod_00000449,sell_00000203,2024-06-11 05:40:35,52.68,7.14
order_00001919,2,prod_00000158,sell_00000103,2024-06-12 05:40:35,120.58,14.75
order_00001920,1,prod_00000180,sell_00000140,2024-12-09 23:00:04,345.44,57.59
order_00001921,1,prod_00000082,sell_00000044,2024-05-12 14:31:30,48.37,2.4
order_00001921,2,prod_00000441,sell_00000082,2024-05-08 14:31:30,50.23,7.13
order_00001921,3,prod_00000402,sell_00000051,2024-05-11 14:31:30,64.32,8.42
order_00001922,1,prod_00000295,sell_00000000,2024-09-17 12:52:01,18.31,0.67
order_00001922,2,prod_00000349,sell_00000143,2024-09-15 12:52:01,167.36,10.53
order_00001922,3,prod_00000775,sell_00000171,2024-09-15 12:52:01,86.28,6.41
order_00001923,1,prod_00000213,sell_00000212,2025-06-10 19:21:04,30.99,1.02
order_00001924,1,prod_00000440,sell_00000035,2025-12-03 03:02:27,17.87,2.85
order_00001925,1,prod_00000250,sell_00000059,2025-06-04 06:35:22,44.95,6.35
order_00001926,1,prod_00000180,sell_00000110,2025-07-07 15:29:07,101.33,10.92
order_00001926,2,prod_00000108,sell_00000188,2025-07-06 15:29:07,39.43,3.78
order_00001926,3,prod_00000779,sell_00000015,2025-07-05 15:29:07,256.74,17.8
order_00001927,1,prod_00000253,sell_00000210,2025-08-16 15:23:41,84.44,13.73
order_00001927,2,prod_00000461,sell_00000094,2025-08-15 15:23:41,137.53,18.05
order_00001927,3,prod_00000684,sell_00000091,2025-08-14 15:23:41,90.32,13.51
order_00001927,4,prod_00000192,sell_00000136,2025-08-12 15:23:41,26.46,2.23
order_00001928,1,prod_00000116,sell_00000110,2024-08-29 10:42:08,55.06,4.74
order_00001929,1,prod_00000312,sell_00000188,2024-11-28 08:26:50,22.96,3.67
order_00001930,1,prod_00000291,sell_00000182,2025-02-24 05:59:54,159.47,16.83
order_00001931,1,prod_00000187,sell_00000195,2024-07-24 12:15:23,24.55,2.95
order_00001931,2,prod_00000269,sell_00000231,2024-07-27 12:15:23,70.22,11.03
order_00001932,1,prod_00000228,sell_00000167,2024-12-05 18:48:21,41.1,5.03
order_00001933,1,prod_00000098,sell_00000132,2025-12-01 12:29:42,50.58,9.04
order_00001934,1,prod_00000253,sell_00000088,2024-09-03 13:20:45,22.25,3.17
order_00001935,1,prod_00000405,sell_00000010,2024-05-29 05:54:28,129.82,21.89
order_00001936,1,prod_00000362,sell_00000180,2024-10-13 11:55:32,14.88,1.04
order_00001937,1,prod_00000612,sell_00000121,2025-10-29 11:05:27,45.49,1.78
order_00001938,1,prod_00000665,sell_00000136,2024-03-13 03:12:13,92.66,9.49
order_00001938,2,prod_00000234,sell_00000207,2024-03-12 03:12:13,64.64,3.61
order_00001939,1,prod_00000323,sell_00000051,2024-10-07 04:17:39,21.28,3.62
order_00001940,1,prod_00000319,sell_00000035,2025-06-20 06:11:01,40.48,2.36
order_00001940,2,prod_00000201,sell_00000189,2025-06-24 06:11:01,42.36,4.72
order_00001940,3,prod_00000325,sell_00000134,2025-06-20 06:11:01,61.47,10.77
order_00001940,4,prod_00000117,sell_00000101,2025-06-22 06:11:01,83.43,11.85
order_00001941,1,prod_00000329,sell_00000248,2025-07-18 21:55:46,16.13,2.64
order_00001942,1,prod_00000394,sell_00000094,2025-07-02 02:27:31,115.51,10.7
order_00001943,1,prod_00000546,sell_00000200,2025-09-29 14:35:57,21.11,2.64
order_00001944,1,prod_00000704,sell_00000108,2025-08-05 02:58:23,36.15,6.36
order_00001945,1,prod_00000075,sell_00000147,2025-09-20 15:42:54,81.2,6.34
order_00001946,1,prod_00000304,sell_00000042,2025-01-28 10:29:31,57.42,6.56
order_00001947,1,prod_00000429,sell_00000118,2025-04-29 03:47:07,25.99,3.24
order_00001948,1,prod_00000093,sell_00000121,2025-10-10 02:09:48,41.94,4.13
order_00001948,2,prod_00000661,sell_00000221,2025-10-10 02:09:48,61.18,4.88
order_00001949,1,prod_00000041,sell_00000096,2024-11-28 17:05:23,12.85,1.09
order_00001949,2,prod_00000445,sell_00000129,2024-11-27 17:05:23,188.02,16.69
order_00001950,1,prod_00000537,sell_00000094,2025-09-28 13:12:31,5.28,0.53
order_00001951,1,prod_00000244,sell_00000190,2025-03-16 13:39:36,332.27,28.68
order_00001952,1,prod_00000608,sell_00000116,2024-04-13 02:36:31,5.64,0.29
order_00001953,1,prod_00000689,sell_00000193,2024-10-22 23:21:13,60.42,8.89
order_00001954,1,prod_00000536,sell_00000092,2024-12-02 14:32:34,46.94,7.47
order_00001955,1,prod_00000571,sell_00000230,2024-09-08 07:23:14,48.44,2.01
order_00001956,1,prod_00000529,sell_00000156,2025-10-07 00:30:56,7.74,0.46
order_00001957,1,prod_00000574,sell_00000141,2025-03-26 13:32:24,51.96,6.51
order_00001958,1,prod_00000182,sell_00000091,2024-07-18 14:19:54,79.01,6.26
order_00001959,1,prod_00000184,sell_00000107,2024-07-20 11:13:44,17.3,1.45
order_00001960,1,prod_00000012,sell_00000065,2025-05-30 20:24:40,33.12,3.06
order_00001960,2,prod_00000493,sell_00000246,2025-06-04 20:24:40,106.72,18.22
order_00001961,1,prod_00000012,sell_00000209,2024-01-28 04:52:25,15.98,0.99
order_00001961,2,prod_00000357,sell_00000208,2024-01-25 04:52:25,119.23,10.96
order_00001962,1,prod_00000026,sell_00000124,2025-11-24 06:12:51,184.83,17.1
order_00001963,1,prod_00000380,sell_00000045,2024-10-25 14:52:59,103.17,16.24
order_00001963,2,prod_00000369,sell_00000051,2024-10-22 14:52:59,29.9,2.76
order_00001963,3,prod_00000437,sell_00000241,2024-10-24 14:52:59,34.83,4.23
order_00001963,4,prod_00000762,sell_00000006,2024-10-24 14:52:59,29.83,4.99
order_00001964,1,prod_00000706,sell_00000053,2025-06-15 13:32:18,45.16,7.91
order_00001965,1,prod_00000288,sell_00000249,2025-09-20 23:03:00,227.14,40.84
order_00001965,2,prod_00000678,sell_00000027,2025-09-21 23:03:00,56.96,6.31
order_00001966,1,prod_00000709,sell_00000042,2024-06-27 15:18:12,54.12,7.64
order_00001967,1,prod_00000411,sell_00000221,2024-07-29 06:14:00,9.14,1.44
order_00001968,1,prod_00000766,sell_00000054,2025-03-28 00:23:01,21.41,2.0
order_00001969,1,prod_00000101,sell_00000076,2024-12-09 19:02:59,73.39,2.25
order_00001970,1,prod_00000049,sell_00000122,2025-01-24 20:00:19,74.14,2.58
order_00001970,2,prod_00000796,sell_00000184,2025-01-22 20:00:19,355.51,57.21
order_00001971,1,prod_00000663,sell_00000052,2025-05-04 17:11:20,696.71,84.91
order_00001971,2,prod_00000550,sell_00000048,2025-05-07 17:11:20,67.36,2.71
order_00001972,1,prod_00000238,sell_00000134,2024-03-10 11:54:04,247.95,8.98
order_00001972,2,prod_00000423,sell_00000027,2024-03-09 11:54:04,27.84,1.58
order_00001972,3,prod_00000514,sell_00000044,2024-03-08 11:54:04,170.87,20.55
order_00001973,1,prod_00000192,sell_00000136,2025-12-06 06:44:50,22.21,3.56
order_00001974,1,prod_00000756,sell_00000170,2024-11-21 20:59:32,13.9,1.7
order_00001975,1,prod_00000419,sell_00000092,2024-11-03 04:14:12,46.61,2.45
order_00001976,1,prod_00000124,sell_00000166,2025-01-16 10:58:38,55.86,2.52
order_00001976,2,prod_00000459,sell_00000144,2025-01-16 10:58:38,12.58,2.1
order_00001976,3,prod_00000224,sell_00000192,2025-01-17 10:58:38,35.65,2.87
order_00001977,1,prod_00000090,sell_00000227,2025-10-09 12:23:31,10.64,0.87
order_00001977,2,prod_00000005,sell_00000089,2025-10-08 12:23:31,152.07,9.21
order_00001977,3,prod_00000555,sell_00000099,2025-10-07 12:23:31,15.17,1.5
order_00001977,4,prod_00000607,sell_00000229,2025-10-08 12:23:31,104.85,13.5
order_00001978,1,prod_00000035,sell_00000020,2024-09-20 17:27:53,115.6,17.15
order_00001978,2,prod_00000531,sell_00000063,2024-09-20 17:27:53,77.12,10.76
order_00001978,3,prod_00000135,sell_00000090,2024-09-21 17:27:53,91.54,12.64
order_00001979,1,prod_00000653,sell_00000135,2024-08-11 16:29:48,76.36,9.63
order_00001979,2,prod_00000142,sell_00000002,2024-08-10 16:29:48,102.49,13.91
order_00001979,3,prod_00000141,sell_00000054,2024-08-10 16:29:48,9.77,1.58
order_00001980,1,prod_00000756,sell_00000135,2024-05-18 04:00:51,57.16,4.66
order_00001981,1,prod_00000529,sell_00000220,2025-02-21 09:50:17,60.89,7.09
order_00001982,1,prod_00000243,sell_00000202,2024-11-27 18:34:35,20.41,3.39
order_00001983,1,prod_00000716,sell_00000202,2024-10-31 20:00:18,54.31,7.32
order_00001983,2,prod_00000186,sell_00000090,2024-10-28 20:00:18,12.17,0.66
order_00001983,3,prod_00000155,sell_00000241,2024-10-28 20:00:18,56.88,5.6
order_00001984,1,prod_00000154,sell_00000189,2025-04-01 13:17:07,18.5,1.34
order_00001984,2,prod_00000495,sell_00000071,2025-04-04 13:17:07,30.08,2.0
order_00001984,3,prod_00000042,sell_00000181,2025-04-01 13:17:07,7.87,1.01
order_00001985,1,prod_00000673,sell_00000186,2025-05-20 16:16:31,75.62,6.18
order_00001986,1,prod_00000592,sell_00000019,2024-10-28 05:49:14,29.11,4.74
order_00001987,1,prod_00000251,sell_00000097,2025-03-02 02:47:14,40.2,1.5
order_00001987,2,prod_00000493,sell_00000214,2025-03-04 02:47:14,23.54,2.04
order_00001987,3,prod_00000249,sell_00000076,2025-03-06 02:47:14,30.82,3.19
order_00001988,1,prod_00000060,sell_00000226,2025-10-04 08:49:03,15.66,0.66
order_00001989,1,prod_00000421,sell_00000133,2024-04-16 23:30:04,79.55,4.43
order_00001990,1,prod_00000678,sell_00000134,2025-11-16 13:34:47,48.76,8.23
order_00001990,2,prod_00000781,sell_00000023,2025-11-12 13:34:47,171.84,11.82
order_00001990,3,prod_00000250,sell_00000105,2025-11-15 13:34:47,52.39,8.05
order_00001991,1,prod_00000139,sell_00000040,2025-05-25 21:00:12,119.88,11.43
order_00001992,1,prod_00000147,sell_00000126,2025-04-04 17:01:59,57.93,5.28
order_00001992,2,prod_00000642,sell_00000231,2025-04-05 17:01:59,21.08,3.72
order_00001992,3,prod_00000086,sell_00000042,2025-04-03 17:01:59,43.77,7.68
order_00001993,1,prod_00000347,sell_00000195,2024-10-17 15:37:05,185.17,6.78
order_00001994,1,prod_00000600,sell_00000039,2024-06-07 07:26:30,110.81,7.26
order_00001995,1,prod_00000710,sell_00000085,2024-05-03 00:10:21,71.83,4.81
order_00001996,1,prod_00000513,sell_00000090,2026-01-02 19:18:38,69.96,5.6
order_00001997,1,prod_00000545,sell_00000057,2025-07-14 15:47:24,14.3,0.44
order_00001998,1,prod_00000687,sell_00000064,2024-08-14 09:39:13,141.88,25.09
order_00001999,1,prod_00000488,sell_00000092,2025-09-24 07:33:21,54.04,6.24
order_00001999,2,prod_00000739,sell_00000135,2025-09-24 07:33:21,115.95,4.06
order_00002000,1,prod_00000470,sell_00000188,2025-11-10 05:12:12,14.81,2.25
order_00002001,1,prod_00000486,sell_00000172,2025-02-07 05:31:01,57.1,6.57
order_00002001,2,prod_00000610,sell_00000142,2025-02-12 05:31:01,75.3,13.03
order_00002001,3,prod_00000711,sell_00000230,2025-02-11 05:31:01,35.68,3.29
order_00002002,1,prod_00000255,sell_00000127,2024-08-20 14:31:54,130.93,16.14
order_00002003,1,prod_00000593,sell_00000097,2024-10-27 16:40:59,38.92,6.87
order_00002004,1,prod_00000272,sell_00000098,2025-06-03 22:29:40,123.13,21.74
order_00002005,1,prod_00000328,sell_00000059,2025-01-14 18:19:28,34.69,5.61
order_00002005,2,prod_00000283,sell_00000092,2025-01-12 18:19:28,263.41,32.64
order_00002005,3,prod_00000772,sell_00000008,2025-01-11 18:19:28,132.44,15.78
order_00002005,4,prod_00000577,sell_00000185,2025-01-14 18:19:28,76.69,9.62
order_00002006,1,prod_00000469,sell_00000121,2025-09-10 17:32:01,19.51,3.16
order_00002007,1,prod_00000287,sell_00000191,2025-10-30 12:39:55,40.93,3.21
order_00002007,2,prod_00000447,sell_00000077,2025-10-27 12:39:55,43.3,5.98
order_00002008,1,prod_00000535,sell_00000066,2024-11-09 23:38:59,15.04,0.74
order_00002009,1,prod_00000307,sell_00000172,2025-11-05 18:52:22,17.26,2.71
order_00002010,1,prod_00000778,sell_00000187,2024-03-09 15:21:33,133.85,4.85
order_00002011,1,prod_00000146,sell_00000099,2025-02-05 01:35:38,47.94,3.3
order_00002012,1,prod_00000751,sell_00000169,2025-08-13 10:30:25,16.51,2.2
order_00002013,1,prod_00000213,sell_00000162,2025-02-27 01:34:05,18.0,2.18
order_00002014,1,prod_00000399,sell_00000098,2025-03-26 03:04:58,104.37,17.41
order_00002014,2,prod_00000144,sell_00000135,2025-03-23 03:04:58,50.54,3.81
order_00002014,3,prod_00000454,sell_00000077,2025-03-24 03:04:58,17.69,2.99
order_00002015,1,prod_00000117,sell_00000110,2025-03-30 04:26:38,91.3,10.7
order_00002016,1,prod_00000293,sell_00000104,2024-09-06 04:05:12,51.51,3.36
order_00002016,2,prod_00000002,sell_00000226,2024-09-09 04:05:12,114.71,7.58
order_00002016,3,prod_00000133,sell_00000179,2024-09-07 04:05:12,50.37,5.37
order_00002016,4,prod_00000262,sell_00000099,2024-09-05 04:05:12,10.6,1.29
order_00002017,1,prod_00000341,sell_00000068,2024-01-14 04:42:03,44.99,4.26
order_00002018,1,prod_00000248,sell_00000168,2025-02-25 19:59:41,6.03,0.6
order_00002019,1,prod_00000396,sell_00000127,2025-11-16 11:38:40,43.82,3.93
order_00002019,2,prod_00000566,sell_00000155,2025-11-15 11:38:40,23.67,2.24
order_00002019,3,prod_00000039,sell_00000217,2025-11-19 11:38:40,61.02,4.68
order_00002020,1,prod_00000799,sell_00000034,2026-01-03 10:43:36,73.58,3.21
order_00002021,1,prod_00000705,sell_00000115,2025-07-26 14:01:07,49.85,1.79
order_00002021,2,prod_00000401,sell_00000120,2025-07-25 14:01:07,96.89,6.78
order_00002021,3,prod_00000063,sell_00000134,2025-07-27 14:01:07,15.86,2.31
order_00002022,1,prod_00000280,sell_00000124,2024-02-22 19:25:03,34.49,5.05
order_00002023,1,prod_00000432,sell_00000091,2024-09-12 02:46:16,40.26,6.96
order_00002024,1,prod_00000396,sell_00000131,2025-01-20 00:42:26,115.37,6.99
order_00002025,1,prod_00000310,sell_00000097,2025-04-06 15:47:07,26.0,2.96
order_00002026,1,prod_00000190,sell_00000012,2024-10-31 18:45:25,30.81,4.98
order_00002027,1,prod_00000602,sell_00000093,2024-05-07 04:43:35,164.95,15.25
order_00002028,1,prod_00000654,sell_00000006,2024-04-30 20:05:35,49.78,7.88
order_00002029,1,prod_00000407,sell_00000123,2024-07-10 02:13:13,39.27,3.39
order_00002029,2,prod_00000197,sell_00000138,2024-07-12 02:13:13,17.74,2.11
order_00002029,3,prod_00000344,sell_00000231,2024-07-13 02:13:13,70.21,2.52
order_00002030,1,prod_00000119,sell_00000058,2025-11-20 07:41:50,35.71,2.44
order_00002031,1,prod_00000760,sell_00000072,2025-12-29 04:27:59,104.06,3.24
order_00002031,2,prod_00000048,sell_00000092,2025-12-30 04:27:59,456.02,66.31
order_00002032,1,prod_00000291,sell_00000127,2025-08-22 08:54:40,57.21,3.22
order_00002033,1,prod_00000733,sell_00000044,2025-06-25 23:44:22,60.57,8.83
order_00002034,1,prod_00000501,sell_00000126,2025-11-16 19:29:14,74.74,7.17
order_00002035,1,prod_00000423,sell_00000229,2024-02-13 11:41:03,22.31,1.69
order_00002036,1,prod_00000762,sell_00000157,2025-03-04 03:47:13,168.06,25.2
order_00002036,2,prod_00000299,sell_00000220,2025-03-03 03:47:13,9.77,1.65
order_00002037,1,prod_00000493,sell_00000088,2025-08-21 05:38:37,97.89,15.58
order_00002038,1,prod_00000499,sell_00000213,2024-05-12 16:46:34,55.79,5.73
order_00002039,1,prod_00000234,sell_00000173,2025-10-13 21:50:52,272.58,29.44
order_00002040,1,prod_00000103,sell_00000065,2025-01-12 21:10:58,15.66,1.65
order_00002041,1,prod_00000539,sell_00000182,2024-06-10 15:05:57,65.21,2.22
order_00002042,1,prod_00000073,sell_00000053,2025-11-27 14:34:55,69.48,9.38
order_00002042,2,prod_00000775,sell_00000242,2025-11-26 14:34:55,64.97,8.81
order_00002043,1,prod_00000283,sell_00000040,2025-11-03 08:15:32,22.01,1.84
order_00002043,2,prod_00000505,sell_00000026,2025-11-03 08:15:32,58.38,1.83
order_00002043,3,prod_00000643,sell_00000225,2025-11-02 08:15:32,44.79,2.8
order_00002044,1,prod_00000410,sell_00000163,2024-03-07 05:40:56,127.36,4.03
order_00002045,1,prod_00000798,sell_00000121,2024-05-29 05:33:18,75.63,7.24
order_00002046,1,prod_00000794,sell_00000200,2024-02-04 07:30:44,48.94,5.96
order_00002047,1,prod_00000786,sell_00000125,2024-10-17 23:40:08,31.06,5.2
order_00002048,1,prod_00000281,sell_00000241,2024-01-29 04:10:50,81.81,9.68
order_00002049,1,prod_00000106,sell_00000208,2024-02-08 11:16:43,109.14,9.79
order_00002050,1,prod_00000312,sell_00000133,2024-03-16 01:13:18,15.29,1.29
order_00002051,1,prod_00000016,sell_00000242,2024-09-02 05:03:43,58.52,9.03
order_00002052,1,prod_00000099,sell_00000148,2025-08-13 20:32:35,63.6,7.77
order_00002053,1,prod_00000211,sell_00000098,2024-11-03 06:09:06,117.73,16.08
order_00002053,2,prod_00000018,sell_00000071,2024-11-04 06:09:06,14.0,1.32
order_00002054,1,prod_00000370,sell_00000107,2024-03-18 17:53:24,32.02,2.85
order_00002054,2,prod_00000475,sell_00000070,2024-03-17 17:53:24,26.6,0.82
order_00002055,1,prod_00000347,sell_00000099,2024-02-03 07:15:59,12.98,1.83
order_00002055,2,prod_00000578,sell_00000021,2024-02-03 07:15:59,136.22,22.73
order_00002055,3,prod_00000502,sell_00000006,2024-01-31 07:15:59,92.2,4.54
order_00002056,1,prod_00000629,sell_00000166,2024-09-25 03:30:00,173.16,8.58
order_00002056,2,prod_00000284,sell_00000186,2024-09-22 03:30:00,97.64,7.07
order_00002057,1,prod_00000294,sell_00000018,2025-10-11 23:38:59,41.26,5.95
order_00002057,2,prod_00000795,sell_00000044,2025-10-09 23:38:59,22.69,1.11
order_00002058,1,prod_00000050,sell_00000008,2024-06-25 10:16:16,94.07,10.95
order_00002059,1,prod_00000210,sell_00000125,2024-02-03 13:00:33,54.0,5.82
order_00002059,2,prod_00000644,sell_00000237,2024-02-06 13:00:33,58.15,7.52
order_00002060,1,prod_00000177,sell_00000215,2024-04-29 00:10:01,158.4,12.43
order_00002061,1,prod_00000181,sell_00000158,2025-10-10 14:32:10,104.56,6.92
order_00002062,1,prod_00000511,sell_00000080,2024-04-13 16:42:06,107.39,6.67
order_00002062,2,prod_00000609,sell_00000165,2024-04-12 16:42:06,203.59,28.28
order_00002063,1,prod_00000677,sell_00000157,2025-09-29 05:06:07,170.29,22.66
order_00002064,1,prod_00000148,sell_00000024,2025-06-14 01:50:00,23.69,3.64
order_00002065,1,prod_00000404,sell_00000045,2024-02-18 08:21:22,108.68,10.36
order_00002066,1,prod_00000452,sell_00000018,2025-05-08 10:12:48,46.52,7.8
order_00002066,2,prod_00000058,sell_00000235,2025-05-04 10:12:48,27.25,4.66
order_00002067,1,prod_00000108,sell_00000115,2024-01-20 11:05:44,36.48,6.17
order_00002068,1,prod_00000251,sell_00000194,2025-02-15 09:47:46,22.2,2.19
order_00002069,1,prod_00000536,sell_00000094,2024-02-27 09:06:39,47.91,6.32
order_00002070,1,prod_00000130,sell_00000016,2025-08-04 01:07:02,89.96,11.26
order_00002071,1,prod_00000525,sell_00000025,2024-07-06 11:35:50,45.58,8.04
order_00002071,2,prod_00000194,sell_00000231,2024-07-05 11:35:50,34.18,5.28
order_00002072,1,prod_00000175,sell_00000022,2024-10-13 17:23:06,127.45,14.04
order_00002073,1,prod_00000474,sell_00000112,2025-07-16 07:46:01,45.34,8.01
order_00002074,1,prod_00000590,sell_00000166,2025-05-13 13:56:30,85.29,5.91
order_00002075,1,prod_00000032,sell_00000130,2024-05-27 07:12:32,80.43,11.75
order_00002076,1,prod_00000282,sell_00000130,2025-01-07 23:48:10,83.44,10.71
order_00002076,2,prod_00000321,sell_00000246,2025-01-05 23:48:10,20.55,2.58
order_00002076,3,prod_00000625,sell_00000230,2025-01-03 23:48:10,40.25,3.53
order_00002077,1,prod_00000501,sell_00000238,2025-03-20 10:14:49,55.69,6.22
order_00002078,1,prod_00000017,sell_00000225,2025-11-23 09:53:03,52.0,4.86
order_00002079,1,prod_00000206,sell_00000079,2025-09-23 22:41:08,183.35,12.12
order_00002080,1,prod_00000006,sell_00000113,2024-05-08 20:42:18,9.26,1.09
order_00002080,2,prod_00000013,sell_00000120,2024-05-03 20:42:18,20.04,3.3
order_00002081,1,prod_00000065,sell_00000085,2024-12-11 04:50:05,170.67,24.83
order_00002082,1,prod_00000251,sell_00000169,2025-08-30 17:45:33,98.35,11.58
order_00002082,2,prod_00000523,sell_00000245,2025-08-27 17:45:33,259.5,40.7
order_00002083,1,prod_00000420,sell_00000130,2024-04-08 07:01:29,143.97,12.24
order_00002084,1,prod_00000487,sell_00000089,2024-07-15 13:42:09,196.99,17.08
order_00002084,2,prod_00000024,sell_00000101,2024-07-15 13:42:09,21.25,0.66
order_00002084,3,prod_00000393,sell_00000182,2024-07-16 13:42:09,21.03,1.88
order_00002085,1,prod_00000400,sell_00000232,2025-12-01 22:35:45,8.67,1.46
order_00002086,1,prod_00000184,sell_00000052,2024-02-17 09:12:03,88.33,15.18
order_00002086,2,prod_00000157,sell_00000243,2024-02-19 09:12:03,38.03,6.01
order_00002086,3,prod_00000359,sell_00000100,2024-02-19 09:12:03,36.34,1.32
order_00002087,1,prod_00000199,sell_00000246,2025-09-26 08:09:04,122.07,15.84
order_00002088,1,prod_00000633,sell_00000100,2024-10-14 17:25:06,132.8,5.16
order_00002089,1,prod_00000102,sell_00000209,2024-01-07 04:11:58,38.31,6.57
order_00002090,1,prod_00000750,sell_00000090,2024-02-14 03:28:42,85.79,5.94
order_00002091,1,prod_00000585,sell_00000135,2025-05-01 02:28:30,86.43,14.32
order_00002091,2,prod_00000020,sell_00000136,2025-05-01 02:28:30,27.83,2.4
order_00002092,1,prod_00000326,sell_00000012,2024-03-21 03:02:04,21.81,2.57
order_00002092,2,prod_00000157,sell_00000072,2024-03-24 03:02:04,62.18,9.69
order_00002092,3,prod_00000479,sell_00000138,2024-03-24 03:02:04,37.9,6.23
order_00002092,4,prod_00000174,sell_00000163,2024-03-24 03:02:04,64.97,7.38
order_00002093,1,prod_00000084,sell_00000005,2024-02-19 09:26:38,66.63,5.59
order_00002094,1,prod_00000284,sell_00000095,2025-09-04 18:12:37,44.7,6.16
order_00002094,2,prod_00000779,sell_00000140,2025-09-05 18:12:37,51.61,7.26
order_00002094,3,prod_00000574,sell_00000209,2025-09-01 18:12:37,21.42,3.65
order_00002095,1,prod_00000378,sell_00000180,2025-09-11 22:41:44,31.29,4.98
order_00002095,2,prod_00000589,sell_00000013,2025-09-11 22:41:44,231.33,31.11
order_00002095,3,prod_00000700,sell_00000012,2025-09-09 22:41:44,132.67,13.63
order_00002096,1,prod_00000709,sell_00000195,2026-01-01 04:32:12,59.92,9.8
order_00002097,1,prod_00000269,sell_00000082,2025-04-15 08:25:59,30.02,4.53
order_00002098,1,prod_00000186,sell_00000106,2024-10-12 13:05:54,68.77,2.2
order_00002098,2,prod_00000164,sell_00000175,2024-10-14 13:05:54,72.94,9.32
order_00002099,1,prod_00000688,sell_00000184,2025-06-17 16:05:42,75.83,3.71
order_00002100,1,prod_00000080,sell_00000220,2025-01-12 11:06:47,68.03,8.41
order_00002101,1,prod_00000252,sell_00000096,2025-06-24 05:30:09,34.5,3.42
order_00002101,2,prod_00000247,sell_00000076,2025-06-25 05:30:09,339.83,34.28
order_00002102,1,prod_00000451,sell_00000003,2024-03-02 19:25:49,366.94,51.66
order_00002102,2,prod_00000662,sell_00000001,2024-03-05 19:25:49,87.69,13.18
order_00002103,1,prod_00000455,sell_00000048,2024-07-17 21:00:26,65.42,9.17
order_00002104,1,prod_00000787,sell_00000011,2025-11-02 00:29:44,71.91,3.52
order_00002105,1,prod_00000558,sell_00000196,2024-05-24 16:06:45,237.82,34.05
order_00002106,1,prod_00000182,sell_00000062,2024-10-10 03:11:26,2.37,0.15
order_00002107,1,prod_00000401,sell_00000091,2025-06-07 02:15:06,71.64,3.31
order_00002108,1,prod_00000790,sell_00000217,2025-01-08 01:57:06,61.28,10.72
order_00002109,1,prod_00000344,sell_00000142,2025-12-16 23:10:00,17.2,2.24
order_00002110,1,prod_00000693,sell_00000105,2025-10-14 23:36:03,49.2,5.97
order_00002111,1,prod_00000671,sell_00000191,2024-04-01 21:46:37,24.55,2.41
order_00002112,1,prod_00000328,sell_00000139,2025-06-25 19:39:26,30.95,4.16
order_00002113,1,prod_00000792,sell_00000205,2025-03-13 15:16:02,156.38,22.68
order_00002114,1,prod_00000794,sell_00000185,2024-04-10 05:54:05,41.72,4.0
order_00002115,1,prod_00000111,sell_00000020,2024-08-16 03:25:12,48.78,4.46
order_00002116,1,prod_00000159,sell_00000185,2025-09-05 04:20:15,47.97,3.82
order_00002117,1,prod_00000329,sell_00000001,2025-06-10 01:15:59,31.03,1.0
order_00002117,2,prod_00000299,sell_00000187,2025-06-08 01:15:59,13.13,0.82
order_00002118,1,prod_00000426,sell_00000236,2024-05-23 10:34:04,11.36,1.35
order_00002118,2,prod_00000048,sell_00000025,2024-05-22 10:34:04,165.26,29.64
order_00002118,3,prod_00000694,sell_00000081,2024-05-20 10:34:04,49.65,3.61
order_00002118,4,prod_00000781,sell_00000086,2024-05-22 10:34:04,91.66,3.76
order_00002119,1,prod_00000493,sell_00000148,2024-01-21 10:52:01,54.34,5.42
order_00002119,2,prod_00000337,sell_00000110,2024-01-17 10:52:01,66.75,9.62
order_00002120,1,prod_00000428,sell_00000199,2025-11-18 03:32:45,63.93,3.87
order_00002121,1,prod_00000426,sell_00000045,2024-12-09 22:03:56,8.54,0.4
order_00002121,2,prod_00000058,sell_00000154,2024-12-08 22:03:56,26.37,2.55
order_00002122,1,prod_00000751,sell_00000015,2024-11-29 22:01:58,111.44,6.12
order_00002123,1,prod_00000549,sell_00000088,2024-07-22 00:06:43,176.5,23.88
order_00002124,1,prod_00000133,sell_00000166,2025-01-24 10:59:43,54.18,8.29
order_00002125,1,prod_00000205,sell_00000107,2025-02-19 03:05:04,84.79,6.51
order_00002126,1,prod_00000314,sell_00000169,2025-04-08 11:26:01,105.05,17.29
order_00002127,1,prod_00000730,sell_00000059,2025-08-14 21:39:54,55.37,3.15
order_00002128,1,prod_00000484,sell_00000103,2025-10-14 18:06:52,87.75,5.01
order_00002128,2,prod_00000728,sell_00000057,2025-10-14 18:06:52,45.39,6.26
order_00002129,1,prod_00000739,sell_00000195,2024-12-30 10:44:03,61.23,6.57
order_00002129,2,prod_00000226,sell_00000153,2024-12-30 10:44:03,122.99,6.08
order_00002130,1,prod_00000065,sell_00000155,2025-05-06 22:49:38,10.65,0.4
order_00002131,1,prod_00000239,sell_00000053,2025-01-26 02:21:16,50.59,5.44
order_00002131,2,prod_00000062,sell_00000080,2025-01-26 02:21:16,9.69,0.31
order_00002131,3,prod_00000332,sell_00000168,2025-01-30 02:21:16,434.7,57.68
order_00002131,4,prod_00000353,sell_00000093,2025-01-31 02:21:16,68.41,11.52
order_00002132,1,prod_00000092,sell_00000164,2025-06-16 10:31:58,29.11,1.81
order_00002133,1,prod_00000448,sell_00000154,2025-12-06 16:45:57,35.4,2.25
order_00002133,2,prod_00000019,sell_00000048,2025-12-09 16:45:57,31.5,1.22
order_00002134,1,prod_00000162,sell_00000104,2025-10-28 21:53:04,61.56,4.31
order_00002134,2,prod_00000785,sell_00000134,2025-11-02 21:53:04,81.8,13.45
order_00002134,3,prod_00000582,sell_00000090,2025-11-02 21:53:04,66.08,9.11
order_00002135,1,prod_00000174,sell_00000002,2025-03-16 16:52:34,39.1,4.38
order_00002136,1,prod_00000283,sell_00000159,2025-09-14 04:20:54,57.47,9.91
order_00002137,1,prod_00000530,sell_00000074,2025-01-06 01:02:30,25.84,3.89
order_00002137,2,prod_00000633,sell_00000207,2025-01-03 01:02:30,10.89,0.58
order_00002138,1,prod_00000306,sell_00000023,2024-08-19 19:41:28,39.58,4.79
order_00002139,1,prod_00000532,sell_00000199,2025-02-22 03:16:32,7.16,0.38
order_00002139,2,prod_00000397,sell_00000182,2025-02-26 03:16:32,73.15,4.72
order_00002140,1,prod_00000586,sell_00000164,2025-03-12 08:05:33,14.85,1.15
order_00002141,1,prod_00000012,sell_00000090,2024-12-09 18:45:44,42.9,5.28
order_00002142,1,prod_00000007,sell_00000102,2024-10-11 05:01:35,213.2,17.2
order_00002142,2,prod_00000313,sell_00000218,2024-10-13 05:01:35,71.0,5.93
order_00002142,3,prod_00000447,sell_00000124,2024-10-11 05:01:35,39.59,5.39
order_00002142,4,prod_00000523,sell_00000025,2024-10-14 05:01:35,106.56,13.78
order_00002143,1,prod_00000207,sell_00000002,2024-04-06 10:02:57,105.77,9.9
order_00002143,2,prod_00000313,sell_00000051,2024-04-10 10:02:57,19.17,0.66
order_00002143,3,prod_00000144,sell_00000091,2024-04-07 10:02:57,67.88,8.66
order_00002144,1,prod_00000705,sell_00000027,2025-07-08 02:59:42,28.9,2.83
order_00002145,1,prod_00000243,sell_00000192,2025-11-26 22:39:33,22.86,0.79
order_00002146,1,prod_00000126,sell_00000059,2024-05-26 14:23:35,26.11,1.54
order_00002147,1,prod_00000248,sell_00000223,2024-06-27 01:32:48,22.21,2.34
order_00002148,1,prod_00000166,sell_00000007,2025-03-04 17:58:49,192.6,8.99
order_00002149,1,prod_00000584,sell_00000051,2024-08-26 05:29:22,28.05,4.28
order_00002149,2,prod_00000707,sell_00000130,2024-08-30 05:29:22,49.96,2.58
order_00002150,1,prod_00000373,sell_00000088,2024-04-09 04:07:49,45.91,7.68
order_00002151,1,prod_00000318,sell_00000188,2025-10-14 00:39:24,28.08,4.01
order_00002152,1,prod_00000158,sell_00000201,2024-05-21 01:10:49,28.97,4.12
order_00002153,1,prod_00000263,sell_00000241,2024-06-21 13:35:57,62.44,6.9
order_00002153,2,prod_00000777,sell_00000105,2024-06-20 13:35:57,49.63,4.01
order_00002153,3,prod_00000474,sell_00000192,2024-06-19 13:35:57,115.61,8.58
order_00002154,1,prod_00000328,sell_00000020,2024-03-28 07:36:24,128.41,16.53
order_00002155,1,prod_00000782,sell_00000028,2025-06-15 12:27:21,13.35,1.53
order_00002155,2,prod_00000718,sell_00000194,2025-06-17 12:27:21,139.44,14.83
order_00002155,3,prod_00000067,sell_00000153,2025-06-16 12:27:21,29.98,1.32
order_00002155,4,prod_00000580,sell_00000221,2025-06-12 12:27:21,105.4,12.67
order_00002156,1,prod_00000608,sell_00000239,2024-07-29 17:15:51,44.93,2.34
order_00002157,1,prod_00000124,sell_00000073,2025-03-29 11:43:06,80.87,12.09
order_00002158,1,prod_00000648,sell_00000185,2024-01-10 17:57:44,26.34,2.33
order_00002158,2,prod_00000045,sell_00000229,2024-01-12 17:57:44,525.35,47.15
order_00002159,1,prod_00000304,sell_00000012,2025-10-27 23:20:52,108.82,17.07
order_00002160,1,prod_00000511,sell_00000049,2025-04-07 21:50:19,23.75,1.69
order_00002161,1,prod_00000036,sell_00000167,2024-11-25 21:41:57,55.67,9.96
order_00002162,1,prod_00000367,sell_00000197,2024-11-28 09:26:32,54.63,7.07
order_00002162,2,prod_00000213,sell_00000106,2024-11-24 09:26:32,129.96,14.43
order_00002163,1,prod_00000239,sell_00000062,2025-05-23 03:19:46,129.52,6.13
order_00002163,2,prod_00000010,sell_00000082,2025-05-20 03:19:46,156.31,11.46
order_00002164,1,prod_00000628,sell_00000022,2024-10-28 19:16:02,38.52,3.47
order_00002165,1,prod_00000778,sell_00000168,2025-05-12 18:33:05,37.37,1.52
order_00002166,1,prod_00000720,sell_00000036,2024-06-30 03:56:55,24.63,1.97
order_00002167,1,prod_00000717,sell_00000040,2025-10-17 08:58:19,123.65,22.01
order_00002168,1,prod_00000234,sell_00000188,2024-05-24 13:31:56,147.77,4.87
order_00002169,1,prod_00000205,sell_00000209,2025-05-18 04:02:45,144.09,13.07
order_00002169,2,prod_00000340,sell_00000196,2025-05-16 04:02:45,30.69,1.31
order_00002169,3,prod_00000110,sell_00000014,2025-05-15 04:02:45,77.09,9.56
order_00002170,1,prod_00000658,sell_00000111,2025-10-19 00:54:18,54.83,9.07
order_00002171,1,prod_00000427,sell_00000036,2025-05-23 23:24:07,55.28,6.54
order_00002172,1,prod_00000548,sell_00000059,2025-01-14 17:58:57,34.91,2.38
order_00002173,1,prod_00000071,sell_00000160,2024-03-24 11:13:21,349.74,40.53
order_00002174,1,prod_00000752,sell_00000023,2024-06-08 10:58:56,60.64,7.11
order_00002175,1,prod_00000411,sell_00000233,2024-09-12 07:50:49,19.83,2.08
order_00002175,2,prod_00000073,sell_00000015,2024-09-08 07:50:49,49.74,8.55
order_00002175,3,prod_00000154,sell_00000117,2024-09-12 07:50:49,45.4,4.29
order_00002175,4,prod_00000195,sell_00000130,2024-09-08 07:50:49,61.11,7.93
order_00002176,1,prod_00000549,sell_00000233,2025-07-04 02:05:35,7.15,0.5
order_00002177,1,prod_00000088,sell_00000100,2025-08-09 13:17:32,42.3,7.54
order_00002178,1,prod_00000631,sell_00000136,2024-03-16 01:56:48,53.98,8.07
order_00002178,2,prod_00000023,sell_00000244,2024-03-19 01:56:48,56.97,2.6
order_00002178,3,prod_00000120,sell_00000131,2024-03-15 01:56:48,32.67,3.92
order_00002179,1,prod_00000065,sell_00000006,2024-06-15 22:19:24,294.81,15.67
order_00002179,2,prod_00000234,sell_00000126,2024-06-11 22:19:24,139.83,12.19
order_00002180,1,prod_00000763,sell_00000136,2024-06-09 11:44:56,110.57,4.93
order_00002181,1,prod_00000705,sell_00000166,2024-10-20 16:44:11,111.89,15.72
order_00002181,2,prod_00000744,sell_00000076,2024-10-17 16:44:11,76.71,3.68
order_00002181,3,prod_00000423,sell_00000177,2024-10-20 16:44:11,48.67,4.73
order_00002181,4,prod_00000252,sell_00000081,2024-10-17 16:44:11,83.33,8.51
order_00002182,1,prod_00000717,sell_00000040,2024-10-22 23:23:10,60.03,10.42
order_00002182,2,prod_00000626,sell_00000051,2024-10-23 23:23:10,71.19,10.87
order_00002183,1,prod_00000799,sell_00000066,2024-07-01 07:55:45,23.82,4.29
order_00002184,1,prod_00000510,sell_00000183,2024-08-05 09:19:00,520.97,75.73
order_00002185,1,prod_00000281,sell_00000128,2025-01-04 00:56:16,53.0,2.17
order_00002186,1,prod_00000648,sell_00000147,2024-03-07 02:22:50,5.02,0.68
order_00002187,1,prod_00000761,sell_00000105,2025-03-03 03:45:53,87.38,6.59
order_00002188,1,prod_00000121,sell_00000236,2024-09-01 15:45:37,13.64,2.13
order_00002189,1,prod_00000477,sell_00000009,2025-06-30 00:12:31,59.6,2.3
order_00002190,1,prod_00000666,sell_00000005,2024-05-11 01:06:20,41.0,6.68
order_00002191,1,prod_00000680,sell_00000049,2024-02-02 03:47:31,95.92,11.3
order_00002192,1,prod_00000069,sell_00000184,2024-02-14 19:58:28,20.73,3.03
order_00002192,2,prod_00000793,sell_00000180,2024-02-13 19:58:28,34.47,4.93
order_00002193,1,prod_00000231,sell_00000055,2025-01-08 11:32:28,71.78,2.54
order_00002193,2,prod_00000436,sell_00000059,2025-01-06 11:32:28,199.53,24.76
order_00002194,1,prod_00000313,sell_00000155,2024-06-13 05:28:43,33.75,1.8
order_00002195,1,prod_00000619,sell_00000222,2025-08-17 15:01:27,19.43,1.83
order_00002196,1,prod_00000303,sell_00000007,2025-06-13 19:01:48,19.35,1.79
order_00002197,1,prod_00000354,sell_00000101,2025-07-25 09:25:07,22.36,2.5
order_00002197,2,prod_00000219,sell_00000084,2025-07-22 09:25:07,144.41,17.39
order_00002198,1,prod_00000479,sell_00000123,2024-05-26 04:48:56,57.34,8.24
order_00002199,1,prod_00000789,sell_00000013,2025-12-31 15:04:02,96.95,15.12
order_00002200,1,prod_00000310,sell_00000120,2025-01-25 01:48:48,228.24,10.85
order_00002201,1,prod_00000744,sell_00000170,2024-09-10 09:55:22,59.2,3.81
order_00002202,1,prod_00000083,sell_00000194,2024-02-25 14:36:21,42.34,4.07
order_00002203,1,prod_00000182,sell_00000014,2024-04-02 04:15:38,162.05,14.19
order_00002204,1,prod_00000119,sell_00000229,2025-01-22 20:00:13,27.21,1.52
order_00002205,1,prod_00000205,sell_00000076,2025-06-20 08:23:04,45.24,2.21
order_00002205,2,prod_00000630,sell_00000028,2025-06-17 08:23:04,208.94,25.8
order_00002206,1,prod_00000638,sell_00000228,2025-06-08 23:33:13,14.93,0.53
order_00002207,1,prod_00000712,sell_00000025,2025-10-30 02:25:48,128.07,20.48
order_00002208,1,prod_00000140,sell_00000164,2024-02-20 06:36:08,70.31,6.34
order_00002208,2,prod_00000399,sell_00000035,2024-02-23 06:36:08,108.05,3.94
order_00002208,3,prod_00000105,sell_00000154,2024-02-24 06:36:08,99.18,10.57
order_00002208,4,prod_00000596,sell_00000123,2024-02-22 06:36:08,55.63,4.08
order_00002209,1,prod_00000666,sell_00000094,2025-02-15 00:52:26,56.02,7.09
order_00002209,2,prod_00000510,sell_00000210,2025-02-11 00:52:26,17.54,2.55
order_00002210,1,prod_00000224,sell_00000078,2024-11-01 03:31:58,10.5,0.79
order_00002211,1,prod_00000784,sell_00000069,2024-12-23 14:23:22,22.49,2.03
order_00002211,2,prod_00000320,sell_00000246,2024-12-24 14:23:22,33.05,3.31
order_00002211,3,prod_00000079,sell_00000117,2024-12-23 14:23:22,32.56,4.54
order_00002211,4,prod_00000561,sell_00000101,2024-12-22 14:23:22,22.45,1.2
order_00002212,1,prod_00000719,sell_00000205,2024-06-05 05:11:38,118.06,17.81
order_00002213,1,prod_00000074,sell_00000164,2024-04-16 08:14:22,30.07,5.18
order_00002213,2,prod_00000485,sell_00000150,2024-04-19 08:14:22,94.58,9.69
order_00002213,3,prod_00000277,sell_00000002,2024-04-18 08:14:22,94.79,9.17
order_00002213,4,prod_00000550,sell_00000202,2024-04-18 08:14:22,50.63,8.18
order_00002214,1,prod_00000309,sell_00000247,2025-10-05 10:38:33,22.83,2.72
order_00002215,1,prod_00000090,sell_00000145,2025-05-13 15:03:55,60.2,5.18
order_00002216,1,prod_00000545,sell_00000242,2024-09-11 02:57:39,35.65,2.62
order_00002217,1,prod_00000176,sell_00000097,2025-01-01 17:06:05,11.81,1.23
order_00002218,1,prod_00000241,sell_00000136,2025-12-26 01:31:57,45.82,5.74
order_00002219,1,prod_00000431,sell_00000166,2024-07-05 10:00:33,138.11,9.56
order_00002220,1,prod_00000567,sell_00000004,2024-09-13 11:31:57,68.25,12.08
order_00002221,1,prod_00000033,sell_00000184,2025-06-22 08:23:27,93.39,13.47
order_00002222,1,prod_00000171,sell_00000010,2024-01-14 23:55:48,14.47,0.82
order_00002223,1,prod_00000592,sell_00000110,2025-04-22 01:30:26,17.14,2.99
order_00002224,1,prod_00000334,sell_00000075,2024-12-25 05:46:56,55.17,8.65
order_00002225,1,prod_00000240,sell_00000215,2025-06-23 13:37:33,23.47,3.34
order_00002226,1,prod_00000054,sell_00000178,2025-11-27 18:33:20,138.94,15.3
order_00002227,1,prod_00000451,sell_00000135,2024-04-29 20:09:44,15.31,0.76
order_00002228,1,prod_00000513,sell_00000225,2025-01-25 07:21:48,206.72,32.4
order_00002229,1,prod_00000327,sell_00000056,2025-04-16 20:03:32,23.23,1.81
order_00002230,1,prod_00000100,sell_00000211,2025-05-04 17:44:37,39.57,5.62
order_00002231,1,prod_00000735,sell_00000229,2024-08-14 13:42:41,58.84,3.24
order_00002232,1,prod_00000679,sell_00000088,2025-08-30 21:40:26,48.92,6.19
order_00002233,1,prod_00000235,sell_00000194,2024-11-13 10:45:49,71.37,7.06
order_00002234,1,prod_00000602,sell_00000004,2025-09-19 15:51:57,57.28,1.75
order_00002235,1,prod_00000671,sell_00000244,2024-04-10 21:43:49,94.54,6.4
order_00002236,1,prod_00000092,sell_00000129,2025-08-03 03:50:39,53.4,6.63
order_00002237,1,prod_00000794,sell_00000060,2024-02-17 08:45:03,49.92,8.59
order_00002238,1,prod_00000566,sell_00000191,2025-05-24 19:52:38,25.98,2.41
order_00002238,2,prod_00000725,sell_00000189,2025-05-23 19:52:38,11.83,1.01
order_00002238,3,prod_00000754,sell_00000041,2025-05-23 19:52:38,44.28,2.69
order_00002238,4,prod_00000527,sell_00000196,2025-05-20 19:52:38,46.16,7.3
order_00002239,1,prod_00000613,sell_00000027,2025-08-11 05:58:53,28.08,4.1
order_00002240,1,prod_00000794,sell_00000051,2024-06-11 01:22:22,46.59,7.28
order_00002240,2,prod_00000372,sell_00000194,2024-06-13 01:22:22,221.29,9.42
order_00002240,3,prod_00000111,sell_00000163,2024-06-15 01:22:22,16.41,2.22
order_00002241,1,prod_00000059,sell_00000032,2024-01-21 06:34:57,31.3,1.09
order_00002241,2,prod_00000337,sell_00000195,2024-01-21 06:34:57,31.14,2.9
order_00002242,1,prod_00000330,sell_00000093,2025-10-15 11:06:19,195.51,26.74
order_00002243,1,prod_00000327,sell_00000169,2025-08-02 21:52:07,14.21,1.25
order_00002244,1,prod_00000266,sell_00000217,2024-05-14 17:22:47,35.73,3.73
order_00002245,1,prod_00000546,sell_00000200,2025-05-09 05:04:21,53.07,5.99
order_00002245,2,prod_00000517,sell_00000112,2025-05-10 05:04:21,141.46,19.7
order_00002245,3,prod_00000660,sell_00000043,2025-05-06 05:04:21,107.42,3.87
order_00002246,1,prod_00000576,sell_00000143,2025-03-12 23:43:48,311.48,32.59
order_00002247,1,prod_00000457,sell_00000083,2025-10-08 08:14:38,402.56,54.37
order_00002248,1,prod_00000090,sell_00000083,2024-02-01 10:48:06,179.9,12.67
order_00002249,1,prod_00000259,sell_00000132,2025-10-16 10:12:28,102.92,12.55
order_00002250,1,prod_00000597,sell_00000074,2025-06-05 19:53:57,31.91,2.59
order_00002250,2,prod_00000028,sell_00000037,2025-06-07 19:53:57,209.52,26.29
order_00002251,1,prod_00000692,sell_00000141,2024-07-21 04:01:23,124.81,10.11
order_00002252,1,prod_00000289,sell_00000013,2024-07-01 09:39:40,78.14,6.71
order_00002253,1,prod_00000525,sell_00000204,2024-09-28 12:43:08,17.63,3.01
order_00002254,1,prod_00000590,sell_00000225,2024-11-08 09:11:50,85.98,4.0
order_00002255,1,prod_00000223,sell_00000007,2025-06-05 09:16:01,116.96,19.55
order_00002255,2,prod_00000420,sell_00000238,2025-06-06 09:16:01,14.48,2.21
order_00002255,3,prod_00000587,sell_00000102,2025-06-02 09:16:01,278.45,30.93
order_00002255,4,prod_00000121,sell_00000091,2025-06-06 09:16:01,36.33,3.05
order_00002256,1,prod_00000104,sell_00000204,2024-04-15 21:15:26,89.33,13.89
order_00002257,1,prod_00000510,sell_00000231,2025-08-25 11:26:17,67.56,10.82
order_00002258,1,prod_00000661,sell_00000173,2024-11-16 02:55:53,37.35,4.8
order_00002258,2,prod_00000623,sell_00000029,2024-11-19 02:55:53,31.18,3.08
order_00002258,3,prod_00000162,sell_00000224,2024-11-19 02:55:53,27.17,3.89
order_00002259,1,prod_00000725,sell_00000239,2025-08-22 08:16:33,115.77,12.28
order_00002260,1,prod_00000463,sell_00000120,2025-12-12 19:31:35,38.16,4.62
order_00002261,1,prod_00000473,sell_00000096,2024-09-06 19:33:59,19.06,3.16
order_00002262,1,prod_00000173,sell_00000159,2024-08-14 17:09:16,16.21,0.62
order_00002263,1,prod_00000219,sell_00000146,2024-05-28 16:20:34,15.35,2.14
order_00002264,1,prod_00000730,sell_00000034,2025-06-04 14:28:35,40.44,3.36
order_00002264,2,prod_00000638,sell_00000076,2025-06-01 14:28:35,40.41,6.29
order_00002264,3,prod_00000022,sell_00000061,2025-05-30 14:28:35,19.48,0.91
order_00002264,4,prod_00000463,sell_00000232,2025-06-04 14:28:35,39.03,6.01
order_00002265,1,prod_00000116,sell_00000026,2024-08-25 16:07:18,185.12,25.55
order_00002266,1,prod_00000766,sell_00000232,2025-06-09 20:23:16,10.91,1.06
order_00002267,1,prod_00000327,sell_00000181,2024-04-15 16:15:36,82.9,12.23
order_00002268,1,prod_00000036,sell_00000043,2024-06-11 12:12:14,97.73,12.75
order_00002269,1,prod_00000533,sell_00000149,2024-10-19 06:48:36,53.86,5.33
order_00002270,1,prod_00000262,sell_00000101,2024-06-25 08:44:39,35.21,4.35
order_00002270,2,prod_00000577,sell_00000042,2024-06-25 08:44:39,25.88,3.79
order_00002270,3,prod_00000559,sell_00000053,2024-06-30 08:44:39,25.02,1.71
order_00002271,1,prod_00000693,sell_00000098,2024-02-20 23:11:31,9.64,1.28
order_00002272,1,prod_00000540,sell_00000213,2025-04-11 01:42:22,39.26,1.78
order_00002273,1,prod_00000490,sell_00000080,2025-06-13 07:56:35,157.55,19.54
order_00002274,1,prod_00000457,sell_00000226,2024-07-31 01:00:09,29.12,3.01
order_00002274,2,prod_00000016,sell_00000211,2024-07-27 01:00:09,44.31,7.9
order_00002274,3,prod_00000622,sell_00000108,2024-07-26 01:00:09,20.33,2.93
order_00002274,4,prod_00000447,sell_00000083,2024-07-27 01:00:09,50.72,9.03
order_00002275,1,prod_00000400,sell_00000085,2024-02-28 15:41:55,79.28,2.93
order_00002276,1,prod_00000560,sell_00000147,2024-02-13 17:16:09,42.03,3.46
order_00002277,1,prod_00000692,sell_00000237,2024-12-31 16:10:28,51.51,2.99
order_00002277,2,prod_00000440,sell_00000112,2024-12-31 16:10:28,51.48,2.76
order_00002277,3,prod_00000312,sell_00000178,2025-01-01 16:10:28,60.84,2.5
order_00002278,1,prod_00000705,sell_00000206,2024-05-07 01:12:27,114.35,15.83
order_00002279,1,prod_00000025,sell_00000053,2025-11-16 03:00:45,44.82,7.61
order_00002280,1,prod_00000491,sell_00000128,2024-02-09 23:27:37,16.45,1.76
order_00002281,1,prod_00000507,sell_00000241,2024-03-31 16:38:12,12.92,2.27
order_00002282,1,prod_00000266,sell_00000060,2025-04-24 06:51:26,36.62,2.92
order_00002282,2,prod_00000402,sell_00000073,2025-04-25 06:51:26,42.63,3.14
order_00002282,3,prod_00000209,sell_00000236,2025-04-23 06:51:26,98.76,8.28
order_00002282,4,prod_00000716,sell_00000245,2025-04-26 06:51:26,182.97,27.54
order_00002283,1,prod_00000495,sell_00000051,2024-03-24 00:19:46,121.96,17.97
order_00002283,2,prod_00000184,sell_00000086,2024-03-22 00:19:46,89.99,5.09
order_00002283,3,prod_00000310,sell_00000033,2024-03-25 00:19:46,19.04,0.91
order_00002284,1,prod_00000316,sell_00000232,2024-11-27 13:07:32,206.31,34.99
order_00002284,2,prod_00000126,sell_00000070,2024-11-29 13:07:32,51.93,7.27
order_00002284,3,prod_00000404,sell_00000190,2024-11-24 13:07:32,45.89,4.68
order_00002285,1,prod_00000497,sell_00000154,2025-01-16 02:55:33,83.51,3.29
order_00002286,1,prod_00000091,sell_00000065,2025-11-13 08:12:33,31.48,3.13
order_00002286,2,prod_00000562,sell_00000042,2025-11-09 08:12:33,42.27,7.05
order_00002287,1,prod_00000738,sell_00000210,2024-03-29 22:14:26,46.74,6.08
order_00002288,1,prod_00000022,sell_00000042,2025-04-30 23:09:18,50.01,4.45
order_00002288,2,prod_00000602,sell_00000156,2025-04-27 23:09:18,122.76,5.75
order_00002289,1,prod_00000667,sell_00000087,2024-09-15 17:35:11,13.92,0.5
order_00002290,1,prod_00000520,sell_00000139,2025-12-09 19:02:32,26.34,3.89
order_00002290,2,prod_00000709,sell_00000092,2025-12-11 19:02:32,225.58,30.62
order_00002290,3,prod_00000403,sell_00000239,2025-12-10 19:02:32,64.44,7.4
order_00002291,1,prod_00000502,sell_00000003,2025-06-11 00:24:36,52.99,7.0
order_00002292,1,prod_00000642,sell_00000210,2024-10-04 08:13:47,35.78,4.82
order_00002293,1,prod_00000733,sell_00000042,2026-01-01 16:36:31,54.46,3.43
order_00002294,1,prod_00000541,sell_00000161,2024-02-08 22:58:23,27.54,1.16
order_00002294,2,prod_00000379,sell_00000221,2024-02-06 22:58:23,59.83,7.68
order_00002295,1,prod_00000501,sell_00000003,2025-12-01 13:00:42,59.61,5.67
order_00002296,1,prod_00000454,sell_00000215,2025-01-24 02:37:01,70.15,6.94
order_00002297,1,prod_00000039,sell_00000178,2025-06-02 12:55:02,73.08,5.48
order_00002298,1,prod_00000539,sell_00000127,2024-01-17 22:31:56,86.66,8.8
order_00002299,1,prod_00000714,sell_00000029,2025-04-14 06:39:20,40.55,6.33
order_00002300,1,prod_00000018,sell_00000046,2024-09-04 09:14:28,81.05,10.91
order_00002300,2,prod_00000605,sell_00000088,2024-09-08 09:14:28,195.59,32.81
order_00002300,3,prod_00000350,sell_00000228,2024-09-04 09:14:28,60.4,6.47
order_00002301,1,prod_00000526,sell_00000046,2024-04-21 09:31:20,49.05,4.47
order_00002301,2,prod_00000408,sell_00000035,2024-04-21 09:31:20,141.72,8.93
order_00002301,3,prod_00000263,sell_00000226,2024-04-22 09:31:20,22.4,0.92
order_00002302,1,prod_00000189,sell_00000114,2024-11-17 13:36:54,210.47,29.65
order_00002303,1,prod_00000753,sell_00000062,2024-07-08 03:13:54,12.57,1.26
order_00002304,1,prod_00000175,sell_00000160,2025-12-27 06:13:44,59.56,4.61
order_00002305,1,prod_00000505,sell_00000066,2025-04-16 14:03:17,69.27,7.48
order_00002306,1,prod_00000080,sell_00000242,2025-05-27 01:54:40,40.62,6.05
order_00002307,1,prod_00000253,sell_00000177,2024-05-07 09:08:12,18.57,0.56
order_00002308,1,prod_00000114,sell_00000137,2024-08-27 13:05:13,9.92,1.43
order_00002308,2,prod_00000782,sell_00000120,2024-08-27 13:05:13,56.23,7.7
order_00002308,3,prod_00000280,sell_00000011,2024-08-25 13:05:13,24.68,1.17
order_00002308,4,prod_00000382,sell_00000046,2024-08-26 13:05:13,31.76,1.61
order_00002309,1,prod_00000139,sell_00000127,2024-09-25 01:06:04,110.87,4.91
order_00002310,1,prod_00000154,sell_00000088,2025-09-07 23:42:30,14.4,1.71
order_00002311,1,prod_00000103,sell_00000117,2025-06-12 16:35:00,64.47,4.88
order_00002311,2,prod_00000302,sell_00000095,2025-06-12 16:35:00,21.17,3.14
order_00002311,3,prod_00000371,sell_00000196,2025-06-13 16:35:00,38.93,2.01
order_00002312,1,prod_00000707,sell_00000058,2025-04-02 07:55:06,353.67,53.81
order_00002313,1,prod_00000085,sell_00000068,2024-09-22 06:59:45,76.76,12.79
order_00002314,1,prod_00000385,sell_00000065,2024-05-10 09:15:08,112.89,11.72
order_00002314,2,prod_00000314,sell_00000000,2024-05-11 09:15:08,92.68,12.28
order_00002314,3,prod_00000580,sell_00000134,2024-05-10 09:15:08,88.05,9.81
order_00002315,1,prod_00000309,sell_00000040,2024-11-03 20:33:50,19.21,1.16
order_00002315,2,prod_00000594,sell_00000068,2024-11-01 20:33:50,32.39,2.83
order_00002315,3,prod_00000272,sell_00000032,2024-11-03 20:33:50,47.96,4.08
order_00002316,1,prod_00000369,sell_00000024,2024-08-01 04:55:55,37.74,4.17
order_00002317,1,prod_00000233,sell_00000002,2024-02-02 21:18:20,72.96,8.46
order_00002317,2,prod_00000452,sell_00000015,2024-01-30 21:18:20,84.46,14.21
order_00002317,3,prod_00000761,sell_00000211,2024-01-29 21:18:20,20.9,0.97
order_00002318,1,prod_00000550,sell_00000062,2025-09-27 17:57:41,84.35,11.2
order_00002319,1,prod_00000298,sell_00000086,2025-05-27 01:42:45,36.65,3.74
order_00002320,1,prod_00000592,sell_00000225,2025-05-04 11:46:29,107.45,17.07
order_00002321,1,prod_00000467,sell_00000073,2024-08-28 00:36:50,109.75,7.3
order_00002322,1,prod_00000355,sell_00000159,2025-02-13 19:01:29,63.7,9.37
order_00002323,1,prod_00000111,sell_00000214,2024-04-06 21:30:01,19.26,1.16
order_00002324,1,prod_00000785,sell_00000002,2024-03-24 01:17:07,197.18,31.49
order_00002325,1,prod_00000613,sell_00000159,2025-01-24 04:05:16,54.9,8.76
order_00002326,1,prod_00000150,sell_00000131,2024-04-10 15:44:28,28.78,1.14
order_00002327,1,prod_00000664,sell_00000110,2025-08-27 10:03:36,34.66,5.52
order_00002328,1,prod_00000232,sell_00000068,2024-02-12 20:13:23,139.49,20.79
order_00002329,1,prod_00000388,sell_00000193,2025-12-16 07:29:21,15.57,2.2
order_00002330,1,prod_00000693,sell_00000106,2025-12-11 22:24:38,66.51,10.7
order_00002330,2,prod_00000185,sell_00000217,2025-12-11 22:24:38,68.78,10.73
order_00002331,1,prod_00000275,sell_00000133,2024-04-07 07:56:51,97.73,6.05
order_00002332,1,prod_00000715,sell_00000125,2025-10-01 22:42:10,50.42,4.24
order_00002333,1,prod_00000351,sell_00000076,2024-07-04 02:40:56,191.38,11.24
order_00002334,1,prod_00000684,sell_00000180,2025-04-02 02:39:49,38.78,5.52
order_00002334,2,prod_00000145,sell_00000001,2025-03-31 02:39:49,23.24,3.05
order_00002334,3,prod_00000470,sell_00000195,2025-03-29 02:39:49,35.15,5.04
order_00002335,1,prod_00000060,sell_00000011,2024-04-28 17:55:53,29.17,3.92
order_00002336,1,prod_00000363,sell_00000080,2025-11-15 11:22:33,298.78,35.39
order_00002337,1,prod_00000123,sell_00000179,2025-10-28 05:39:52,143.61,23.69
order_00002338,1,prod_00000492,sell_00000107,2025-09-30 14:14:58,42.72,1.79
order_00002339,1,prod_00000794,sell_00000148,2024-04-17 17:09:15,88.92,8.73
order_00002340,1,prod_00000365,sell_00000054,2025-10-09 21:58:16,84.59,3.96
order_00002340,2,prod_00000378,sell_00000138,2025-10-10 21:58:16,55.15,7.45
order_00002341,1,prod_00000055,sell_00000024,2025-07-31 21:53:55,30.9,3.4
order_00002342,1,prod_00000633,sell_00000089,2024-09-12 06:29:23,50.69,5.3
order_00002343,1,prod_00000064,sell_00000135,2024-12-07 16:25:40,24.19,1.38
order_00002344,1,prod_00000624,sell_00000008,2025-05-11 04:58:39,84.22,7.98
order_00002344,2,prod_00000713,sell_00000114,2025-05-13 04:58:39,290.25,8.78
order_00002345,1,prod_00000115,sell_00000102,2024-06-27 15:24:51,162.17,15.37
order_00002346,1,prod_00000292,sell_00000019,2024-02-17 13:41:52,16.65,0.75
order_00002347,1,prod_00000319,sell_00000242,2025-11-03 14:13:27,63.53,3.31
order_00002348,1,prod_00000442,sell_00000077,2024-08-18 00:51:46,26.5,3.85
order_00002349,1,prod_00000358,sell_00000029,2024-06-15 09:19:39,14.76,0.45
order_00002350,1,prod_00000116,sell_00000214,2025-01-12 20:31:39,68.36,10.5
order_00002351,1,prod_00000738,sell_00000198,2025-04-11 06:06:04,52.07,7.55
order_00002352,1,prod_00000325,sell_00000175,2024-10-06 21:52:16,70.78,2.43
order_00002353,1,prod_00000662,sell_00000104,2024-09-08 18:56:38,47.43,8.07
order_00002354,1,prod_00000568,sell_00000197,2024-09-20 11:29:44,71.0,11.09
order_00002355,1,prod_00000150,sell_00000054,2024-02-24 19:48:39,74.32,12.15
order_00002355,2,prod_00000014,sell_00000167,2024-02-24 19:48:39,32.53,3.55
order_00002355,3,prod_00000004,sell_00000163,2024-02-26 19:48:39,74.79,3.96
order_00002355,4,prod_00000256,sell_00000099,2024-02-23 19:48:39,100.08,16.42
order_00002356,1,prod_00000567,sell_00000020,2024-03-29 23:32:54,234.08,13.84
order_00002356,2,prod_00000213,sell_00000174,2024-03-27 23:32:54,26.27,4.55
order_00002356,3,prod_00000042,sell_00000030,2024-03-29 23:32:54,132.97,22.48
order_00002356,4,prod_00000558,sell_00000031,2024-03-26 23:32:54,164.34,17.28
order_00002357,1,prod_00000302,sell_00000124,2025-03-09 05:59:46,193.85,25.24
order_00002358,1,prod_00000107,sell_00000194,2024-06-30 00:57:35,47.58,5.06
order_00002358,2,prod_00000558,sell_00000015,2024-06-30 00:57:35,59.94,2.06
order_00002359,1,prod_00000494,sell_00000004,2025-12-22 08:39:45,47.66,3.11
order_00002360,1,prod_00000061,sell_00000155,2024-11-20 00:39:38,43.2,2.38
order_00002360,2,prod_00000747,sell_00000226,2024-11-21 00:39:38,153.06,13.35
order_00002361,1,prod_00000235,sell_00000058,2024-12-21 18:26:04,42.64,3.14
order_00002362,1,prod_00000152,sell_00000054,2024-06-16 14:27:26,88.61,7.1
order_00002363,1,prod_00000573,sell_00000080,2025-01-23 00:01:36,67.31,6.98
order_00002364,1,prod_00000641,sell_00000066,2025-12-28 14:44:36,72.45,9.57
order_00002364,2,prod_00000033,sell_00000222,2025-12-30 14:44:36,56.71,2.36
order_00002364,3,prod_00000574,sell_00000148,2025-12-31 14:44:36,66.02,4.17
order_00002365,1,prod_00000080,sell_00000233,2025-11-16 22:51:25,105.98,10.59
order_00002365,2,prod_00000655,sell_00000168,2025-11-17 22:51:25,251.7,33.77
order_00002366,1,prod_00000537,sell_00000182,2025-01-22 20:43:14,456.1,79.24
order_00002367,1,prod_00000657,sell_00000075,2025-01-19 19:41:01,75.55,8.75
order_00002367,2,prod_00000069,sell_00000210,2025-01-17 19:41:01,11.66,1.16
order_00002367,3,prod_00000386,sell_00000182,2025-01-15 19:41:01,45.09,5.8
order_00002368,1,prod_00000102,sell_00000146,2025-04-29 18:14:32,73.89,12.02
order_00002369,1,prod_00000150,sell_00000176,2025-11-07 07:54:56,322.51,52.39
order_00002370,1,prod_00000672,sell_00000211,2026-01-03 11:52:39,15.93,0.97
order_00002371,1,prod_00000278,sell_00000123,2025-07-25 22:06:49,40.84,1.76
order_00002372,1,prod_00000641,sell_00000249,2025-09-28 10:35:33,35.7,2.31
order_00002373,1,prod_00000363,sell_00000184,2025-09-08 12:10:03,28.69,1.07
order_00002374,1,prod_00000035,sell_00000077,2024-09-10 15:56:16,31.43,1.92
order_00002374,2,prod_00000417,sell_00000166,2024-09-14 15:56:16,178.15,6.39
order_00002375,1,prod_00000311,sell_00000187,2025-06-03 15:03:15,61.35,7.08
order_00002375,2,prod_00000655,sell_00000160,2025-06-05 15:03:15,38.97,5.02
order_00002376,1,prod_00000507,sell_00000031,2025-09-07 19:35:56,32.42,3.24
order_00002377,1,prod_00000514,sell_00000108,2024-09-25 00:00:59,57.65,6.81
order_00002378,1,prod_00000610,sell_00000087,2025-02-20 23:19:38,79.64,12.39
order_00002379,1,prod_00000440,sell_00000173,2024-07-11 16:45:45,219.86,31.51
order_00002380,1,prod_00000479,sell_00000098,2025-10-25 13:42:59,98.58,4.73
order_00002381,1,prod_00000299,sell_00000167,2024-09-08 20:28:06,117.07,8.59
order_00002382,1,prod_00000319,sell_00000087,2025-10-19 18:29:23,25.03,1.96
order_00002383,1,prod_00000590,sell_00000151,2025-03-12 11:59:01,15.11,1.99
order_00002384,1,prod_00000384,sell_00000114,2024-02-10 21:16:58,30.44,1.19
order_00002384,2,prod_00000272,sell_00000078,2024-02-07 21:16:58,15.26,1.81
order_00002384,3,prod_00000327,sell_00000046,2024-02-07 21:16:58,50.21,3.17
order_00002385,1,prod_00000414,sell_00000231,2024-04-15 08:19:44,32.91,2.28
order_00002385,2,prod_00000220,sell_00000191,2024-04-15 08:19:44,338.5,32.99
order_00002386,1,prod_00000275,sell_00000142,2024-06-08 05:36:57,38.38,3.47
order_00002387,1,prod_00000366,sell_00000000,2024-01-10 11:08:51,79.49,12.06
order_00002387,2,prod_00000787,sell_00000184,2024-01-11 11:08:51,75.62,6.2
order_00002387,3,prod_00000259,sell_00000074,2024-01-13 11:08:51,15.25,1.85
order_00002388,1,prod_00000099,sell_00000027,2024-08-17 01:00:52,206.24,32.43
order_00002388,2,prod_00000189,sell_00000111,2024-08-19 01:00:52,43.41,1.54
order_00002389,1,prod_00000117,sell_00000209,2024-12-14 12:14:34,125.76,22.51
order_00002390,1,prod_00000541,sell_00000016,2025-09-25 12:58:13,44.8,2.08
order_00002391,1,prod_00000657,sell_00000202,2025-11-24 23:36:50,12.58,0.6
order_00002392,1,prod_00000581,sell_00000056,2024-12-03 16:51:24,125.41,10.71
order_00002393,1,prod_00000272,sell_00000043,2025-11-12 21:50:36,14.89,1.91
order_00002394,1,prod_00000139,sell_00000009,2024-04-04 20:09:09,34.48,2.78
order_00002395,1,prod_00000602,sell_00000241,2024-07-23 15:48:33,40.51,4.04
order_00002395,2,prod_00000633,sell_00000004,2024-07-18 15:48:33,129.22,17.29
order_00002396,1,prod_00000646,sell_00000016,2025-07-11 06:20:22,125.57,19.62
order_00002397,1,prod_00000033,sell_00000091,2024-05-01 11:05:10,69.6,5.4
order_00002398,1,prod_00000524,sell_00000071,2025-05-28 22:53:46,23.19,0.98
order_00002399,1,prod_00000632,sell_00000108,2024-04-20 05:43:55,69.25,7.43
order_00002399,2,prod_00000307,sell_00000005,2024-04-15 05:43:55,27.7,1.79
order_00002400,1,prod_00000365,sell_00000028,2024-09-24 00:04:25,99.18,10.75
order_00002401,1,prod_00000723,sell_00000153,2024-02-09 04:26:00,64.37,11.47
order_00002402,1,prod_00000655,sell_00000045,2025-01-09 13:30:21,32.73,4.49
order_00002402,2,prod_00000115,sell_00000208,2025-01-08 13:30:21,98.23,11.93
order_00002403,1,prod_00000075,sell_00000055,2025-07-17 22:38:52,120.6,10.88
order_00002404,1,prod_00000143,sell_00000033,2024-11-13 03:30:41,261.98,37.36
order_00002404,2,prod_00000513,sell_00000129,2024-11-14 03:30:41,33.79,3.64
order_00002405,1,prod_00000714,sell_00000018,2024-07-15 07:42:22,76.34,8.14
order_00002405,2,prod_00000029,sell_00000183,2024-07-16 07:42:22,56.08,3.43
order_00002406,1,prod_00000085,sell_00000192,2025-04-24 02:23:55,52.1,4.23
order_00002407,1,prod_00000449,sell_00000140,2024-07-07 06:30:46,31.5,3.85
order_00002407,2,prod_00000376,sell_00000015,2024-07-07 06:30:46,19.64,2.83
order_00002408,1,prod_00000302,sell_00000154,2025-09-29 08:51:21,103.44,11.95
order_00002409,1,prod_00000713,sell_00000193,2024-07-12 16:57:06,52.57,5.38
order_00002410,1,prod_00000182,sell_00000213,2024-03-01 01:39:39,81.51,12.26
order_00002411,1,prod_00000456,sell_00000084,2025-09-20 07:49:51,58.52,8.57
order_00002411,2,prod_00000052,sell_00000032,2025-09-17 07:49:51,45.28,2.92
order_00002412,1,prod_00000285,sell_00000068,2025-04-18 21:45:15,58.01,2.19
order_00002413,1,prod_00000531,sell_00000232,2025-08-17 07:08:45,117.39,16.78
order_00002413,2,prod_00000613,sell_00000228,2025-08-20 07:08:45,89.05,9.33
order_00002413,3,prod_00000458,sell_00000042,2025-08-19 07:08:45,59.09,6.85
order_00002413,4,prod_00000219,sell_00000038,2025-08-15 07:08:45,86.75,12.33
order_00002414,1,prod_00000332,sell_00000015,2025-03-12 13:45:38,19.86,2.86
order_00002415,1,prod_00000759,sell_00000028,2024-06-07 08:11:21,48.21,4.94
order_00002415,2,prod_00000130,sell_00000098,2024-06-07 08:11:21,156.21,25.66
order_00002416,1,prod_00000315,sell_00000001,2024-03-18 20:58:17,53.63,3.72
order_00002417,1,prod_00000205,sell_00000016,2025-08-10 16:24:43,110.64,4.73
order_00002418,1,prod_00000259,sell_00000121,2025-02-05 12:53:57,48.05,1.81
order_00002419,1,prod_00000520,sell_00000018,2024-03-03 14:46:42,120.57,8.0
order_00002420,1,prod_00000176,sell_00000168,2025-01-25 20:48:32,456.97,76.33
order_00002421,1,prod_00000135,sell_00000092,2024-10-28 03:38:16,43.68,3.68
order_00002422,1,prod_00000108,sell_00000041,2024-01-30 21:34:11,74.74,5.84
order_00002422,2,prod_00000653,sell_00000164,2024-02-01 21:34:11,339.49,23.94
order_00002423,1,prod_00000751,sell_00000036,2024-10-26 22:23:07,37.23,2.43
order_00002424,1,prod_00000680,sell_00000088,2024-10-18 08:16:57,78.31,12.94
order_00002425,1,prod_00000086,sell_00000059,2025-11-24 19:34:36,57.88,9.65
order_00002425,2,prod_00000264,sell_00000062,2025-11-28 19:34:36,22.73,1.36
order_00002425,3,prod_00000278,sell_00000131,2025-11-25 19:34:36,48.57,6.03
order_00002426,1,prod_00000688,sell_00000075,2025-07-19 04:37:09,55.53,9.26
order_00002427,1,prod_00000634,sell_00000206,2025-08-07 00:40:32,25.41,2.83
order_00002428,1,prod_00000702,sell_00000241,2024-06-23 15:11:32,38.86,3.52
order_00002429,1,prod_00000697,sell_00000045,2024-05-22 23:57:13,69.23,7.92
order_00002430,1,prod_00000222,sell_00000204,2025-08-17 14:49:59,172.47,7.83
order_00002431,1,prod_00000701,sell_00000116,2025-11-30 20:56:34,236.21,18.97
order_00002432,1,prod_00000284,sell_00000239,2025-11-08 18:09:48,31.91,2.42
order_00002433,1,prod_00000095,sell_00000157,2025-02-27 22:47:19,74.69,2.8
order_00002434,1,prod_00000636,sell_00000048,2025-12-24 23:21:35,17.06,3.0
order_00002435,1,prod_00000597,sell_00000049,2024-06-27 13:30:47,77.35,3.17
order_00002436,1,prod_00000762,sell_00000242,2024-09-21 00:29:30,178.48,30.51
order_00002437,1,prod_00000104,sell_00000096,2025-02-26 20:35:24,13.16,1.01
order_00002438,1,prod_00000526,sell_00000211,2025-01-18 18:25:27,20.82,3.5
order_00002439,1,prod_00000654,sell_00000243,2025-12-24 19:30:04,37.32,5.45
order_00002439,2,prod_00000078,sell_00000116,2025-12-24 19:30:04,68.08,4.45
order_00002440,1,prod_00000444,sell_00000193,2025-07-19 07:18:46,226.45,34.58
order_00002441,1,prod_00000727,sell_00000239,2024-07-31 07:14:30,24.46,1.15
order_00002441,2,prod_00000047,sell_00000025,2024-08-03 07:14:30,39.71,1.26
order_00002442,1,prod_00000401,sell_00000043,2025-09-11 16:50:44,85.64,14.65
order_00002442,2,prod_00000699,sell_00000148,2025-09-12 16:50:44,144.11,10.53
order_00002443,1,prod_00000166,sell_00000162,2025-10-13 01:19:15,22.99,1.41
order_00002444,1,prod_00000028,sell_00000148,2025-03-23 08:25:55,23.92,1.06
order_00002445,1,prod_00000243,sell_00000066,2024-12-01 09:48:53,75.84,10.73
order_00002445,2,prod_00000518,sell_00000219,2024-11-29 09:48:53,8.28,1.06
order_00002446,1,prod_00000435,sell_00000164,2025-08-20 14:56:21,26.13,1.42
order_00002447,1,prod_00000616,sell_00000185,2025-03-28 18:36:28,36.09,5.88
order_00002448,1,prod_00000597,sell_00000084,2024-02-17 06:30:50,68.33,5.2
order_00002449,1,prod_00000417,sell_00000019,2025-05-07 18:05:54,26.33,1.9
order_00002450,1,prod_00000086,sell_00000183,2024-07-02 16:11:20,47.98,7.79
order_00002451,1,prod_00000618,sell_00000234,2025-05-26 13:45:15,124.0,11.28
order_00002452,1,prod_00000318,sell_00000194,2025-06-20 23:17:09,75.33,10.3
order_00002452,2,prod_00000623,sell_00000183,2025-06-20 23:17:09,151.25,14.13
order_00002453,1,prod_00000030,sell_00000072,2025-06-26 03:53:48,28.64,2.57
order_00002454,1,prod_00000391,sell_00000122,2025-12-29 11:05:03,12.82,1.88
order_00002454,2,prod_00000614,sell_00000123,2026-01-01 11:05:03,36.53,4.92
order_00002455,1,prod_00000649,sell_00000170,2024-10-21 15:13:05,27.01,3.0
order_00002456,1,prod_00000080,sell_00000188,2025-03-11 15:14:42,25.6,0.88
order_00002457,1,prod_00000167,sell_00000239,2024-11-13 08:15:28,28.97,4.56
order_00002458,1,prod_00000749,sell_00000237,2025-06-03 16:57:32,24.57,4.21
order_00002459,1,prod_00000515,sell_00000175,2024-05-17 07:02:07,74.72,7.99
order_00002460,1,prod_00000156,sell_00000134,2024-10-29 19:36:51,59.27,9.56
order_00002461,1,prod_00000269,sell_00000133,2024-10-20 10:31:40,15.96,2.73
order_00002461,2,prod_00000357,sell_00000207,2024-10-21 10:31:40,178.75,14.07
order_00002462,1,prod_00000199,sell_00000161,2024-12-25 15:19:23,58.27,6.33
order_00002462,2,prod_00000489,sell_00000082,2024-12-27 15:19:23,57.51,8.23
order_00002463,1,prod_00000474,sell_00000092,2024-02-20 16:52:42,49.59,4.62
order_00002464,1,prod_00000760,sell_00000194,2025-09-01 14:09:53,75.15,12.48
order_00002465,1,prod_00000153,sell_00000176,2024-02-13 19:50:30,22.25,1.25
order_00002465,2,prod_00000177,sell_00000200,2024-02-13 19:50:30,111.86,13.12
order_00002465,3,prod_00000338,sell_00000038,2024-02-11 19:50:30,37.18,1.4
order_00002465,4,prod_00000158,sell_00000163,2024-02-15 19:50:30,79.16,5.21
order_00002466,1,prod_00000376,sell_00000089,2025-08-19 20:21:16,64.27,5.93
order_00002466,2,prod_00000336,sell_00000243,2025-08-17 20:21:16,308.29,31.71
order_00002467,1,prod_00000063,sell_00000025,2024-12-07 01:59:46,161.32,9.65
order_00002467,2,prod_00000287,sell_00000184,2024-12-09 01:59:46,30.11,1.92
order_00002468,1,prod_00000231,sell_00000167,2024-10-17 12:54:24,53.45,7.61
order_00002469,1,prod_00000154,sell_00000084,2025-10-12 15:43:38,38.89,3.11
order_00002470,1,prod_00000096,sell_00000246,2025-03-20 11:32:14,151.76,18.85
order_00002470,2,prod_00000655,sell_00000245,2025-03-17 11:32:14,10.2,0.94
order_00002471,1,prod_00000451,sell_00000070,2024-05-09 02:13:59,66.76,3.26
order_00002471,2,prod_00000058,sell_00000122,2024-05-12 02:13:59,79.65,10.51
order_00002471,3,prod_00000680,sell_00000059,2024-05-11 02:13:59,43.45,4.98
order_00002471,4,prod_00000733,sell_00000180,2024-05-09 02:13:59,83.91,6.67
order_00002472,1,prod_00000232,sell_00000007,2025-10-28 14:01:27,61.14,6.15
order_00002472,2,prod_00000653,sell_00000112,2025-10-29 14:01:27,17.91,0.74
order_00002473,1,prod_00000596,sell_00000190,2024-04-21 04:46:24,88.46,5.01
order_00002474,1,prod_00000159,sell_00000222,2025-11-22 04:06:23,83.65,14.79
order_00002475,1,prod_00000113,sell_00000133,2024-02-02 17:46:03,24.7,2.61
order_00002476,1,prod_00000503,sell_00000233,2025-12-04 01:57:50,86.56,5.2
order_00002477,1,prod_00000415,sell_00000093,2025-06-07 14:53:19,17.56,2.25
order_00002478,1,prod_00000767,sell_00000041,2025-05-10 13:14:02,129.36,11.25
order_00002478,2,prod_00000500,sell_00000202,2025-05-08 13:14:02,141.33,9.51
order_00002479,1,prod_00000419,sell_00000044,2024-10-19 14:42:10,10.44,1.28
order_00002480,1,prod_00000113,sell_00000181,2025-05-01 11:57:05,62.02,5.89
order_00002480,2,prod_00000597,sell_00000246,2025-05-05 11:57:05,97.8,13.78
order_00002480,3,prod_00000468,sell_00000195,2025-04-30 11:57:05,136.21,23.09
order_00002480,4,prod_00000586,sell_00000068,2025-05-01 11:57:05,66.47,7.66
order_00002481,1,prod_00000609,sell_00000138,2025-05-03 09:53:31,39.56,4.89
order_00002482,1,prod_00000305,sell_00000098,2024-05-15 16:59:05,127.28,20.39
order_00002482,2,prod_00000385,sell_00000197,2024-05-17 16:59:05,13.07,1.65
order_00002483,1,prod_00000626,sell_00000095,2025-06-11 14:38:38,83.71,9.02
order_00002483,2,prod_00000419,sell_00000177,2025-06-12 14:38:38,151.59,12.36
order_00002483,3,prod_00000064,sell_00000005,2025-06-13 14:38:38,26.54,2.58
order_00002484,1,prod_00000748,sell_00000125,2024-02-15 05:06:14,39.68,2.25
order_00002484,2,prod_00000219,sell_00000158,2024-02-19 05:06:14,13.16,0.82
order_00002484,3,prod_00000564,sell_00000164,2024-02-15 05:06:14,143.74,17.45
order_00002485,1,prod_00000644,sell_00000223,2024-04-22 06:24:47,10.31,0.45
order_00002486,1,prod_00000786,sell_00000010,2025-04-21 18:06:20,61.38,8.55
order_00002487,1,prod_00000008,sell_00000159,2024-10-21 12:28:01,195.83,10.68
order_00002488,1,prod_00000169,sell_00000161,2024-03-21 10:26:21,45.05,5.35
order_00002489,1,prod_00000422,sell_00000077,2024-12-02 15:47:46,62.54,7.44
order_00002489,2,prod_00000116,sell_00000228,2024-12-05 15:47:46,23.78,1.93
order_00002490,1,prod_00000784,sell_00000032,2025-10-15 11:18:26,160.99,25.05
order_00002490,2,prod_00000442,sell_00000205,2025-10-14 11:18:26,24.36,2.96
order_00002490,3,prod_00000087,sell_00000238,2025-10-15 11:18:26,112.05,18.64
order_00002490,4,prod_00000505,sell_00000150,2025-10-14 11:18:26,25.14,4.33
order_00002491,1,prod_00000608,sell_00000080,2025-07-22 16:48:04,70.7,3.96
order_00002491,2,prod_00000603,sell_00000114,2025-07-22 16:48:04,74.27,7.07
order_00002492,1,prod_00000268,sell_00000136,2024-08-29 10:33:44,169.65,12.74
order_00002493,1,prod_00000182,sell_00000128,2024-04-16 10:56:41,29.45,1.87
order_00002494,1,prod_00000658,sell_00000177,2025-08-19 16:46:20,43.26,6.82
order_00002495,1,prod_00000171,sell_00000242,2024-06-30 17:15:20,36.21,1.5
order_00002496,1,prod_00000443,sell_00000230,2024-04-08 09:04:34,60.39,8.85
order_00002497,1,prod_00000205,sell_00000197,2024-08-31 08:09:13,16.08,0.89
order_00002497,2,prod_00000624,sell_00000072,2024-08-29 08:09:13,48.65,1.9
order_00002497,3,prod_00000595,sell_00000106,2024-08-27 08:09:13,59.32,10.56
order_00002497,4,prod_00000350,sell_00000026,2024-08-30 08:09:13,193.81,34.13
order_00002498,1,prod_00000522,sell_00000094,2025-04-13 13:37:36,93.88,9.85
order_00002499,1,prod_00000614,sell_00000117,2024-10-09 14:38:11,23.88,3.11
order_00002499,2,prod_00000283,sell_00000112,2024-10-08 14:38:11,20.77,3.55
order_00002500,1,prod_00000650,sell_00000097,2024-10-26 04:14:19,41.91,3.03
order_00002501,1,prod_00000424,sell_00000060,2024-01-31 18:55:38,20.61,2.6
order_00002502,1,prod_00000602,sell_00000233,2025-03-19 04:18:24,34.02,3.21
order_00002503,1,prod_00000276,sell_00000016,2024-07-25 19:50:46,62.78,9.22
order_00002504,1,prod_00000728,sell_00000240,2025-03-18 01:26:53,72.12,10.71
order_00002505,1,prod_00000798,sell_00000116,2025-06-12 11:33:30,16.27,1.97
order_00002505,2,prod_00000508,sell_00000218,2025-06-11 11:33:30,26.71,3.55
order_00002505,3,prod_00000222,sell_00000146,2025-06-14 11:33:30,14.35,0.64
order_00002505,4,prod_00000786,sell_00000014,2025-06-13 11:33:30,55.0,5.61
order_00002506,1,prod_00000238,sell_00000241,2024-07-03 04:48:28,33.46,4.56
order_00002506,2,prod_00000084,sell_00000189,2024-06-30 04:48:28,39.59,3.83
order_00002506,3,prod_00000468,sell_00000222,2024-07-04 04:48:28,282.27,34.62
order_00002506,4,prod_00000053,sell_00000120,2024-07-02 04:48:28,14.85,0.5
order_00002507,1,prod_00000043,sell_00000135,2024-05-31 06:16:40,60.8,8.08
order_00002508,1,prod_00000460,sell_00000023,2025-07-30 11:24:04,76.19,6.48
order_00002509,1,prod_00000022,sell_00000113,2025-03-26 08:55:19,133.57,21.59
order_00002510,1,prod_00000055,sell_00000183,2024-10-19 12:38:24,68.34,10.02
order_00002510,2,prod_00000780,sell_00000035,2024-10-17 12:38:24,205.44,21.64
order_00002511,1,prod_00000536,sell_00000050,2025-10-08 08:15:14,194.22,20.24
order_00002511,2,prod_00000720,sell_00000121,2025-10-06 08:15:14,100.85,11.94
order_00002511,3,prod_00000436,sell_00000171,2025-10-07 08:15:14,15.71,1.25
order_00002512,1,prod_00000336,sell_00000200,2024-11-27 02:49:16,32.34,2.43
order_00002513,1,prod_00000038,sell_00000248,2024-08-15 00:12:03,80.16,3.0
order_00002513,2,prod_00000579,sell_00000199,2024-08-14 00:12:03,41.08,7.0
order_00002514,1,prod_00000582,sell_00000215,2025-10-27 03:58:20,86.86,8.09
order_00002515,1,prod_00000515,sell_00000031,2025-05-08 02:08:50,161.4,7.86
order_00002516,1,prod_00000009,sell_00000056,2024-05-09 14:26:12,220.08,6.64
order_00002516,2,prod_00000535,sell_00000036,2024-05-12 14:26:12,106.44,14.01
order_00002516,3,prod_00000127,sell_00000119,2024-05-11 14:26:12,12.57,2.19
order_00002516,4,prod_00000453,sell_00000218,2024-05-09 14:26:12,153.05,25.53
order_00002517,1,prod_00000063,sell_00000129,2024-05-30 12:58:09,11.06,0.42
order_00002517,2,prod_00000209,sell_00000065,2024-06-01 12:58:09,49.27,4.75
order_00002518,1,prod_00000616,sell_00000047,2025-10-26 15:51:39,153.57,21.5
order_00002519,1,prod_00000440,sell_00000038,2025-04-25 02:03:49,14.67,2.23
order_00002520,1,prod_00000591,sell_00000145,2025-01-14 03:32:25,132.37,12.65
order_00002520,2,prod_00000682,sell_00000238,2025-01-13 03:32:25,58.17,9.64
order_00002520,3,prod_00000284,sell_00000049,2025-01-12 03:32:25,245.57,36.5
order_00002521,1,prod_00000787,sell_00000038,2025-08-16 05:25:09,34.49,3.54
order_00002521,2,prod_00000068,sell_00000016,2025-08-16 05:25:09,34.27,3.01
order_00002522,1,prod_00000094,sell_00000164,2024-01-21 01:45:39,54.49,7.09
order_00002523,1,prod_00000552,sell_00000046,2024-05-22 22:23:16,53.31,9.45
order_00002524,1,prod_00000258,sell_00000167,2024-06-03 00:34:31,122.23,21.75
order_00002525,1,prod_00000687,sell_00000132,2025-12-04 04:48:28,145.74,8.42
order_00002526,1,prod_00000598,sell_00000099,2024-03-01 00:24:26,71.77,11.19
order_00002526,2,prod_00000333,sell_00000186,2024-02-28 00:24:26,87.73,15.73
order_00002526,3,prod_00000207,sell_00000119,2024-02-27 00:24:26,298.23,13.01
order_00002527,1,prod_00000678,sell_00000184,2024-06-25 10:55:44,118.61,5.69
order_00002528,1,prod_00000601,sell_00000098,2024-04-28 04:45:43,364.07,55.14
order_00002529,1,prod_00000693,sell_00000071,2025-11-12 03:50:13,51.5,5.51
order_00002529,2,prod_00000113,sell_00000026,2025-11-09 03:50:13,33.19,1.16
order_00002530,1,prod_00000583,sell_00000072,2024-12-03 02:19:57,199.11,26.13
order_00002530,2,prod_00000365,sell_00000245,2024-12-04 02:19:57,22.05,0.82
order_00002531,1,prod_00000409,sell_00000120,2025-07-12 07:27:42,15.53,2.63
order_00002532,1,prod_00000295,sell_00000214,2024-12-11 16:07:43,40.93,2.56
order_00002533,1,prod_00000157,sell_00000199,2025-12-22 10:24:46,81.84,7.88
order_00002534,1,prod_00000589,sell_00000025,2024-09-15 22:29:24,73.98,9.28
order_00002535,1,prod_00000603,sell_00000127,2024-07-01 09:34:23,38.99,3.16
order_00002536,1,prod_00000067,sell_00000098,2025-09-21 11:37:51,21.64,2.23
order_00002537,1,prod_00000267,sell_00000149,2025-03-08 03:51:19,32.13,2.81
order_00002537,2,prod_00000046,sell_00000052,2025-03-06 03:51:19,8.76,1.54
order_00002537,3,prod_00000137,sell_00000083,2025-03-05 03:51:19,25.78,3.89
order_00002537,4,prod_00000535,sell_00000001,2025-03-10 03:51:19,25.52,2.24
order_00002538,1,prod_00000256,sell_00000174,2024-06-09 10:16:11,192.79,22.34
order_00002539,1,prod_00000114,sell_00000216,2025-11-02 14:22:04,23.39,3.34
order_00002540,1,prod_00000708,sell_00000215,2024-02-18 02:36:11,37.26,4.35
order_00002541,1,prod_00000403,sell_00000114,2024-06-16 17:39:52,89.15,12.35
order_00002541,2,prod_00000760,sell_00000003,2024-06-16 17:39:52,38.28,4.68
order_00002542,1,prod_00000624,sell_00000105,2024-12-20 02:11:03,20.14,0.94
order_00002543,1,prod_00000524,sell_00000243,2024-08-07 10:57:08,36.99,1.34
order_00002544,1,prod_00000036,sell_00000195,2025-05-26 16:09:47,92.74,7.46
order_00002545,1,prod_00000203,sell_00000128,2024-10-16 11:20:47,140.38,16.85
order_00002546,1,prod_00000640,sell_00000067,2024-08-19 01:54:29,32.32,2.42
order_00002547,1,prod_00000491,sell_00000122,2024-01-27 11:23:39,15.53,2.21
order_00002548,1,prod_00000523,sell_00000237,2024-06-21 02:03:59,38.82,4.95
order_00002549,1,prod_00000586,sell_00000227,2025-09-20 09:38:36,46.29,3.11
order_00002550,1,prod_00000641,sell_00000100,2025-04-05 11:15:40,77.36,3.57
order_00002550,2,prod_00000610,sell_00000209,2025-04-01 11:15:40,80.9,11.18
order_00002551,1,prod_00000477,sell_00000233,2024-11-24 07:28:52,41.28,3.52
order_00002551,2,prod_00000655,sell_00000211,2024-11-27 07:28:52,49.54,4.53
order_00002552,1,prod_00000723,sell_00000085,2024-05-11 12:42:08,135.35,7.04
order_00002553,1,prod_00000465,sell_00000035,2025-01-09 21:57:35,29.01,3.53
order_00002554,1,prod_00000617,sell_00000198,2025-08-02 10:43:49,18.61,2.33
order_00002555,1,prod_00000709,sell_00000199,2024-09-02 13:20:03,38.69,1.4
order_00002556,1,prod_00000332,sell_00000150,2024-06-18 13:01:38,35.78,2.19
order_00002556,2,prod_00000200,sell_00000213,2024-06-18 13:01:38,55.89,7.45
order_00002557,1,prod_00000650,sell_00000241,2025-10-20 21:23:35,141.58,19.2
order_00002558,1,prod_00000354,sell_00000156,2024-04-19 01:33:56,93.76,12.86
order_00002559,1,prod_00000146,sell_00000208,2024-03-11 12:38:40,56.69,2.62
order_00002560,1,prod_00000562,sell_00000246,2025-10-29 20:39:23,51.41,3.59
order_00002561,1,prod_00000251,sell_00000045,2024-01-27 17:36:43,20.32,3.24
order_00002561,2,prod_00000488,sell_00000098,2024-01-27 17:36:43,47.86,8.02
order_00002561,3,prod_00000163,sell_00000100,2024-01-26 17:36:43,18.41,1.76
order_00002562,1,prod_00000224,sell_00000067,2025-08-08 21:14:23,43.81,6.46
order_00002563,1,prod_00000509,sell_00000218,2024-06-18 21:45:18,134.26,13.25
order_00002564,1,prod_00000540,sell_00000049,2025-04-17 12:06:09,44.48,3.32
order_00002565,1,prod_00000353,sell_00000244,2025-05-06 10:23:43,107.85,15.45
order_00002566,1,prod_00000449,sell_00000135,2024-06-10 03:03:48,64.85,8.01
order_00002567,1,prod_00000770,sell_00000113,2024-02-28 22:39:39,62.86,10.54
order_00002568,1,prod_00000640,sell_00000113,2024-11-26 01:17:26,92.25,11.31
order_00002569,1,prod_00000175,sell_00000159,2024-09-25 12:03:21,47.48,8.13
order_00002570,1,prod_00000130,sell_00000112,2025-09-08 14:45:58,68.84,5.68
order_00002571,1,prod_00000479,sell_00000042,2025-02-04 22:10:01,44.31,7.93
order_00002572,1,prod_00000141,sell_00000063,2024-11-28 22:05:30,40.47,2.75
order_00002573,1,prod_00000453,sell_00000229,2025-06-12 21:13:26,152.79,16.34
order_00002574,1,prod_00000340,sell_00000059,2025-05-29 18:50:21,63.2,4.27
order_00002574,2,prod_00000334,sell_00000011,2025-05-29 18:50:21,104.17,12.9
order_00002575,1,prod_00000229,sell_00000024,2024-03-04 00:06:53,114.07,15.52
order_00002576,1,prod_00000739,sell_00000228,2024-10-13 04:52:37,26.31,4.41
order_00002577,1,prod_00000703,sell_00000236,2025-02-11 20:47:01,83.26,13.74
order_00002578,1,prod_00000227,sell_00000080,2024-02-28 12:03:23,78.14,13.57
order_00002579,1,prod_00000293,sell_00000182,2024-04-23 07:16:40,49.01,3.46
order_00002580,1,prod_00000028,sell_00000033,2025-01-16 18:37:01,51.08,1.87
order_00002581,1,prod_00000550,sell_00000137,2024-09-13 02:30:03,30.45,3.89
order_00002581,2,prod_00000077,sell_00000246,2024-09-14 02:30:03,105.32,7.04
order_00002581,3,prod_00000672,sell_00000164,2024-09-12 02:30:03,37.78,4.44
order_00002582,1,prod_00000566,sell_00000041,2024-12-04 22:31:01,17.41,2.97
order_00002583,1,prod_00000163,sell_00000100,2024-07-03 11:34:04,19.87,0.66
order_00002584,1,prod_00000409,sell_00000032,2024-02-04 07:11:48,84.61,5.4
order_00002585,1,prod_00000574,sell_00000044,2025-03-30 05:58:40,97.79,13.59
order_00002586,1,prod_00000361,sell_00000062,2025-01-16 06:25:26,66.26,7.02
order_00002587,1,prod_00000505,sell_00000124,2025-10-02 05:25:13,29.99,3.31
order_00002588,1,prod_00000052,sell_00000136,2025-12-03 12:31:46,73.26,4.29
order_00002589,1,prod_00000167,sell_00000223,2024-01-14 20:02:27,157.73,17.88
order_00002590,1,prod_00000009,sell_00000197,2024-11-09 21:06:50,12.33,1.56
order_00002591,1,prod_00000038,sell_00000160,2024-04-07 22:41:26,45.49,4.54
order_00002592,1,prod_00000372,sell_00000158,2024-06-05 16:22:57,92.08,2.78
order_00002593,1,prod_00000478,sell_00000049,2025-04-16 19:12:40,52.06,5.01
order_00002594,1,prod_00000262,sell_00000159,2025-08-11 13:13:32,11.57,0.62
order_00002594,2,prod_00000093,sell_00000139,2025-08-12 13:13:32,165.86,21.84
order_00002595,1,prod_00000509,sell_00000056,2024-12-13 08:41:16,35.13,3.87
order_00002596,1,prod_00000212,sell_00000183,2024-06-30 19:56:10,88.9,10.14
order_00002597,1,prod_00000109,sell_00000066,2024-06-17 17:42:15,85.92,10.12
order_00002597,2,prod_00000561,sell_00000070,2024-06-13 17:42:15,302.82,22.73
order_00002598,1,prod_00000529,sell_00000192,2024-08-10 03:45:04,45.68,4.63
order_00002599,1,prod_00000557,sell_00000016,2025-04-30 16:31:39,37.95,6.48
order_00002600,1,prod_00000067,sell_00000165,2025-02-01 19:34:01,141.05,12.81
order_00002601,1,prod_00000775,sell_00000057,2024-06-15 01:15:53,60.66,8.85
order_00002602,1,prod_00000659,sell_00000121,2024-02-03 23:55:57,133.33,22.06
order_00002602,2,prod_00000334,sell_00000097,2024-02-02 23:55:57,47.08,5.97
order_00002603,1,prod_00000791,sell_00000165,2025-01-29 01:04:16,25.81,1.09
order_00002604,1,prod_00000381,sell_00000043,2024-08-23 05:44:07,31.1,4.21
order_00002605,1,prod_00000466,sell_00000019,2025-12-18 15:13:38,55.28,8.85
order_00002606,1,prod_00000350,sell_00000068,2025-02-16 23:54:44,33.27,3.41
order_00002607,1,prod_00000651,sell_00000140,2024-12-07 14:41:10,34.2,5.79
order_00002608,1,prod_00000628,sell_00000063,2025-04-28 17:14:02,58.06,6.31
order_00002609,1,prod_00000034,sell_00000081,2025-08-29 23:53:05,24.9,0.82
order_00002610,1,prod_00000687,sell_00000140,2024-11-30 17:04:05,135.26,20.74
order_00002610,2,prod_00000223,sell_00000246,2024-11-29 17:04:05,46.67,3.49
order_00002610,3,prod_00000320,sell_00000019,2024-12-03 17:04:05,10.92,1.58
order_00002610,4,prod_00000027,sell_00000082,2024-12-03 17:04:05,90.87,14.78
order_00002611,1,prod_00000768,sell_00000017,2025-04-05 02:13:13,96.17,10.45
order_00002612,1,prod_00000770,sell_00000246,2024-04-12 19:32:56,36.57,4.27
order_00002613,1,prod_00000156,sell_00000023,2025-02-23 00:14:33,40.09,7.18
order_00002613,2,prod_00000370,sell_00000242,2025-02-20 00:14:33,54.99,8.9
order_00002614,1,prod_00000719,sell_00000194,2024-05-08 21:14:13,24.29,3.12
order_00002615,1,prod_00000089,sell_00000149,2024-01-22 07:12:25,91.51,2.89
order_00002616,1,prod_00000771,sell_00000203,2024-05-17 15:55:13,48.67,5.21
order_00002617,1,prod_00000561,sell_00000108,2024-02-04 14:46:53,235.53,26.25
order_00002618,1,prod_00000762,sell_00000237,2024-10-02 11:15:15,46.56,1.68
order_00002619,1,prod_00000628,sell_00000222,2025-09-18 16:48:39,23.43,1.5
order_00002619,2,prod_00000044,sell_00000039,2025-09-19 16:48:39,34.05,2.6
order_00002619,3,prod_00000369,sell_00000122,2025-09-17 16:48:39,150.16,5.21
order_00002620,1,prod_00000530,sell_00000227,2024-10-28 14:59:40,52.89,3.8
order_00002621,1,prod_00000440,sell_00000206,2024-11-03 10:42:08,23.65,1.57
order_00002622,1,prod_00000664,sell_00000036,2025-10-15 11:56:46,120.71,12.71
order_00002623,1,prod_00000260,sell_00000204,2024-12-09 11:54:33,58.45,4.89
order_00002624,1,prod_00000488,sell_00000183,2024-09-14 00:11:37,483.82,14.69
order_00002625,1,prod_00000293,sell_00000174,2025-10-16 16:01:35,20.67,2.37
order_00002626,1,prod_00000470,sell_00000099,2025-01-29 03:51:01,41.51,5.3
order_00002627,1,prod_00000323,sell_00000050,2025-10-07 16:24:03,108.93,17.72
order_00002628,1,prod_00000654,sell_00000247,2025-05-23 01:14:08,232.06,8.94
order_00002629,1,prod_00000019,sell_00000161,2025-01-25 21:30:02,51.97,2.02
order_00002629,2,prod_00000456,sell_00000220,2025-01-21 21:30:02,87.57,13.82
order_00002630,1,prod_00000343,sell_00000178,2025-04-13 07:25:33,118.19,7.45
order_00002631,1,prod_00000060,sell_00000059,2024-11-23 14:39:53,21.69,2.53
order_00002631,2,prod_00000496,sell_00000043,2024-11-22 14:39:53,28.63,1.14
order_00002631,3,prod_00000429,sell_00000110,2024-11-23 14:39:53,59.64,2.23
order_00002632,1,prod_00000088,sell_00000233,2025-05-09 02:05:47,336.14,33.78
order_00002633,1,prod_00000046,sell_00000218,2025-01-19 08:10:27,27.69,2.79
order_00002633,2,prod_00000714,sell_00000180,2025-01-24 08:10:27,44.83,4.4
order_00002634,1,prod_00000037,sell_00000176,2025-12-20 22:45:30,178.55,20.93
order_00002635,1,prod_00000338,sell_00000197,2026-01-03 20:57:34,25.75,1.91
order_00002636,1,prod_00000686,sell_00000005,2025-02-18 08:58:39,99.44,12.69
order_00002637,1,prod_00000020,sell_00000126,2025-11-22 10:35:34,21.72,3.68
order_00002638,1,prod_00000456,sell_00000164,2025-05-09 15:20:29,37.45,4.27
order_00002638,2,prod_00000569,sell_00000126,2025-05-10 15:20:29,75.83,6.54
order_00002638,3,prod_00000002,sell_00000063,2025-05-07 15:20:29,12.67,0.76
order_00002639,1,prod_00000301,sell_00000200,2024-10-01 21:29:25,95.34,14.16
order_00002640,1,prod_00000346,sell_00000032,2025-10-14 23:16:48,217.85,16.8
order_00002641,1,prod_00000448,sell_00000249,2024-07-04 11:16:01,88.03,4.16
order_00002642,1,prod_00000712,sell_00000031,2024-10-10 20:58:12,142.74,18.88
order_00002643,1,prod_00000349,sell_00000142,2025-05-31 17:19:28,85.68,11.29
order_00002643,2,prod_00000736,sell_00000080,2025-06-01 17:19:28,44.52,7.34
order_00002644,1,prod_00000370,sell_00000069,2025-10-03 01:54:21,29.49,1.74
order_00002645,1,prod_00000359,sell_00000060,2024-11-16 17:36:43,100.53,4.39
order_00002645,2,prod_00000147,sell_00000051,2024-11-15 17:36:43,174.38,14.62
order_00002645,3,prod_00000363,sell_00000054,2024-11-14 17:36:43,286.38,40.66
order_00002646,1,prod_00000476,sell_00000138,2025-08-06 17:48:11,30.61,4.11
order_00002646,2,prod_00000724,sell_00000186,2025-08-01 17:48:11,143.96,24.26
order_00002647,1,prod_00000555,sell_00000116,2024-03-02 11:36:20,30.16,3.76
order_00002648,1,prod_00000051,sell_00000028,2024-05-15 20:53:30,111.66,8.62
order_00002649,1,prod_00000510,sell_00000209,2024-01-25 10:12:28,61.45,3.78
order_00002649,2,prod_00000557,sell_00000217,2024-01-25 10:12:28,58.55,9.54
order_00002649,3,prod_00000197,sell_00000124,2024-01-25 10:12:28,28.75,1.98
order_00002650,1,prod_00000696,sell_00000178,2025-06-13 01:30:22,73.27,6.22
order_00002651,1,prod_00000268,sell_00000234,2025-05-03 10:49:06,48.84,2.54
order_00002651,2,prod_00000158,sell_00000082,2025-05-04 10:49:06,205.28,31.55
order_00002652,1,prod_00000420,sell_00000142,2024-04-30 04:49:56,36.95,5.15
order_00002652,2,prod_00000064,sell_00000201,2024-05-01 04:49:56,19.03,1.11
order_00002652,3,prod_00000328,sell_00000207,2024-05-01 04:49:56,17.85,1.95
order_00002653,1,prod_00000045,sell_00000232,2024-12-29 08:46:34,55.42,5.19
order_00002654,1,prod_00000390,sell_00000005,2024-06-06 00:02:19,31.59,5.54
order_00002654,2,prod_00000247,sell_00000149,2024-06-04 00:02:19,25.7,1.11
order_00002655,1,prod_00000764,sell_00000202,2024-05-08 06:45:08,41.75,3.83
order_00002656,1,prod_00000571,sell_00000230,2025-08-16 05:04:35,33.24,3.64
order_00002657,1,prod_00000418,sell_00000092,2025-11-05 16:23:31,28.56,4.73
order_00002658,1,prod_00000334,sell_00000157,2025-03-14 23:34:39,110.22,19.23
order_00002659,1,prod_00000543,sell_00000237,2024-03-03 16:51:20,123.27,13.77
order_00002659,2,prod_00000073,sell_00000210,2024-02-27 16:51:20,136.69,9.35
order_00002659,3,prod_00000395,sell_00000015,2024-03-03 16:51:20,16.4,0.55
order_00002659,4,prod_00000664,sell_00000199,2024-03-01 16:51:20,208.39,9.41
order_00002660,1,prod_00000773,sell_00000027,2024-10-26 00:40:47,9.87,1.4
order_00002660,2,prod_00000152,sell_00000057,2024-10-23 00:40:47,131.7,10.29
order_00002661,1,prod_00000235,sell_00000058,2024-10-16 20:18:13,23.95,3.81
order_00002661,2,prod_00000323,sell_00000176,2024-10-12 20:18:13,437.37,28.31
order_00002661,3,prod_00000792,sell_00000198,2024-10-12 20:18:13,123.18,11.94
order_00002661,4,prod_00000321,sell_00000229,2024-10-12 20:18:13,71.95,4.46
order_00002662,1,prod_00000519,sell_00000188,2024-04-27 00:55:13,39.95,4.6
order_00002663,1,prod_00000146,sell_00000231,2025-04-01 14:26:56,81.17,3.88
order_00002663,2,prod_00000225,sell_00000095,2025-03-27 14:26:56,46.48,2.42
order_00002664,1,prod_00000772,sell_00000184,2025-05-07 11:15:11,191.14,27.62
order_00002664,2,prod_00000640,sell_00000222,2025-05-09 11:15:11,42.84,3.41
order_00002665,1,prod_00000555,sell_00000138,2025-11-07 16:03:36,18.45,0.65
order_00002666,1,prod_00000127,sell_00000024,2024-03-27 23:47:04,63.21,5.27
order_00002667,1,prod_00000010,sell_00000105,2024-10-19 23:28:41,153.82,19.22
order_00002667,2,prod_00000496,sell_00000211,2024-10-18 23:28:41,92.95,12.3
order_00002668,1,prod_00000216,sell_00000022,2024-01-22 13:27:06,76.98,3.05
order_00002669,1,prod_00000183,sell_00000070,2024-08-15 21:59:56,23.99,2.36
order_00002670,1,prod_00000500,sell_00000055,2024-07-20 22:03:37,79.64,10.0
order_00002670,2,prod_00000375,sell_00000163,2024-07-17 22:03:37,108.89,14.04
order_00002670,3,prod_00000086,sell_00000026,2024-07-20 22:03:37,21.17,1.77
order_00002670,4,prod_00000598,sell_00000058,2024-07-20 22:03:37,84.2,7.45
order_00002671,1,prod_00000460,sell_00000164,2025-03-19 05:57:39,25.26,4.22
order_00002671,2,prod_00000144,sell_00000232,2025-03-20 05:57:39,31.19,4.77
order_00002672,1,prod_00000398,sell_00000055,2025-06-30 18:13:59,43.82,7.29
order_00002673,1,prod_00000126,sell_00000110,2025-04-02 11:55:41,99.31,8.31
order_00002674,1,prod_00000484,sell_00000217,2025-02-08 10:29:45,21.98,0.92
order_00002674,2,prod_00000124,sell_00000240,2025-02-08 10:29:45,93.54,6.67
order_00002674,3,prod_00000148,sell_00000086,2025-02-05 10:29:45,35.65,5.65
order_00002674,4,prod_00000262,sell_00000097,2025-02-05 10:29:45,135.87,13.24
order_00002675,1,prod_00000067,sell_00000101,2024-11-24 00:42:42,139.4,5.6
order_00002675,2,prod_00000719,sell_00000126,2024-11-22 00:42:42,56.48,6.63
order_00002676,1,prod_00000793,sell_00000091,2025-11-11 13:55:35,74.12,3.63
order_00002677,1,prod_00000433,sell_00000081,2025-12-13 21:39:14,73.4,11.18
order_00002677,2,prod_00000056,sell_00000235,2025-12-18 21:39:14,75.77,5.44
order_00002677,3,prod_00000154,sell_00000085,2025-12-16 21:39:14,460.43,47.46
order_00002677,4,prod_00000178,sell_00000149,2025-12-14 21:39:14,32.34,3.29
order_00002678,1,prod_00000579,sell_00000221,2025-12-14 11:17:23,49.34,3.12
order_00002679,1,prod_00000450,sell_00000126,2024-01-12 05:29:25,29.15,2.37
order_00002680,1,prod_00000354,sell_00000084,2024-09-19 00:13:09,46.77,2.39
order_00002681,1,prod_00000721,sell_00000161,2024-03-19 20:39:04,11.41,1.9
order_00002682,1,prod_00000493,sell_00000226,2024-02-22 03:12:49,83.14,8.83
order_00002683,1,prod_00000582,sell_00000090,2024-02-06 00:21:24,65.99,7.6
order_00002684,1,prod_00000408,sell_00000154,2024-03-30 05:23:16,197.5,6.33
order_00002684,2,prod_00000341,sell_00000115,2024-03-28 05:23:16,49.34,3.91
order_00002685,1,prod_00000304,sell_00000181,2024-12-28 16:12:31,62.85,5.34
order_00002686,1,prod_00000345,sell_00000213,2024-04-25 01:01:41,48.9,8.08
order_00002686,2,prod_00000670,sell_00000174,2024-04-24 01:01:41,102.54,13.51
order_00002687,1,prod_00000738,sell_00000120,2025-11-29 22:11:28,43.93,4.85
order_00002687,2,prod_00000604,sell_00000090,2025-12-03 22:11:28,104.74,11.85
order_00002688,1,prod_00000753,sell_00000001,2025-04-06 09:14:02,165.53,17.26
order_00002689,1,prod_00000114,sell_00000184,2025-07-11 02:11:15,9.63,1.37
order_00002690,1,prod_00000741,sell_00000247,2025-05-07 03:41:31,70.47,6.2
order_00002691,1,prod_00000259,sell_00000167,2025-05-27 21:07:46,23.9,1.4
order_00002691,2,prod_00000693,sell_00000120,2025-05-30 21:07:46,57.89,4.27
order_00002691,3,prod_00000614,sell_00000040,2025-05-27 21:07:46,222.03,37.38
order_00002691,4,prod_00000105,sell_00000136,2025-05-30 21:07:46,144.95,23.26
order_00002692,1,prod_00000776,sell_00000099,2024-10-08 17:20:21,54.81,3.53
order_00002692,2,prod_00000523,sell_00000130,2024-10-07 17:20:21,65.62,4.52
order_00002692,3,prod_00000254,sell_00000067,2024-10-05 17:20:21,119.71,4.0
order_00002693,1,prod_00000428,sell_00000076,2024-06-02 08:29:58,28.47,2.07
order_00002693,2,prod_00000791,sell_00000038,2024-05-29 08:29:58,36.02,1.78
order_00002694,1,prod_00000770,sell_00000107,2024-01-16 08:24:37,84.37,10.07
order_00002695,1,prod_00000546,sell_00000179,2025-05-17 05:20:11,37.57,2.02
order_00002696,1,prod_00000550,sell_00000048,2025-01-01 02:29:49,64.09,9.54
order_00002697,1,prod_00000556,sell_00000093,2024-08-05 14:48:17,11.5,0.7
order_00002698,1,prod_00000016,sell_00000092,2025-10-20 08:53:02,54.01,1.85
order_00002699,1,prod_00000332,sell_00000203,2024-10-12 11:15:52,82.44,8.47
order_00002700,1,prod_00000482,sell_00000051,2025-02-01 07:18:44,51.44,1.86
order_00002700,2,prod_00000211,sell_00000150,2025-02-05 07:18:44,8.49,1.52
order_00002700,3,prod_00000058,sell_00000023,2025-02-05 07:18:44,15.16,1.43
order_00002701,1,prod_00000388,sell_00000044,2025-01-17 00:56:51,86.96,13.55
order_00002702,1,prod_00000520,sell_00000176,2025-03-06 14:56:51,101.24,11.33
order_00002703,1,prod_00000181,sell_00000076,2024-06-02 14:47:20,173.35,25.74
order_00002704,1,prod_00000218,sell_00000136,2025-08-07 18:37:58,35.08,5.49
order_00002705,1,prod_00000108,sell_00000043,2024-06-11 08:26:17,21.2,2.05
order_00002706,1,prod_00000591,sell_00000247,2024-01-09 13:05:51,10.7,1.66
order_00002707,1,prod_00000797,sell_00000097,2024-02-09 06:27:28,39.04,1.95
order_00002708,1,prod_00000144,sell_00000027,2024-03-18 07:46:18,84.91,14.68
order_00002708,2,prod_00000376,sell_00000012,2024-03-15 07:46:18,61.68,3.49
order_00002709,1,prod_00000634,sell_00000076,2025-07-10 20:11:26,85.08,7.96
order_00002710,1,prod_00000565,sell_00000003,2024-02-05 05:17:04,16.95,2.84
order_00002711,1,prod_00000008,sell_00000058,2025-08-30 09:54:37,61.73,2.72
order_00002711,2,prod_00000144,sell_00000193,2025-08-28 09:54:37,53.74,7.54
order_00002712,1,prod_00000039,sell_00000138,2024-02-22 10:19:37,18.35,3.04
order_00002712,2,prod_00000403,sell_00000083,2024-02-23 10:19:37,48.06,3.37
order_00002713,1,prod_00000156,sell_00000158,2025-05-15 09:15:57,38.32,5.17
order_00002714,1,prod_00000068,sell_00000113,2024-01-11 23:06:27,49.32,3.61
order_00002714,2,prod_00000724,sell_00000049,2024-01-08 23:06:27,33.68,1.23
order_00002715,1,prod_00000791,sell_00000004,2024-07-26 11:24:27,205.29,11.82
order_00002715,2,prod_00000650,sell_00000238,2024-07-24 11:24:27,144.4,14.49
order_00002716,1,prod_00000446,sell_00000101,2025-08-11 09:13:44,39.0,5.13
order_00002717,1,prod_00000404,sell_00000146,2024-02-16 05:32:59,150.54,5.31
order_00002718,1,prod_00000513,sell_00000031,2024-07-04 03:29:33,71.86,7.2
order_00002719,1,prod_00000177,sell_00000197,2024-03-22 14:11:24,91.78,8.18
order_00002720,1,prod_00000652,sell_00000172,2024-11-27 18:40:32,20.41,3.24
order_00002721,1,prod_00000035,sell_00000209,2024-03-10 09:36:49,20.75,1.47
order_00002722,1,prod_00000682,sell_00000061,2025-02-20 17:10:05,21.88,3.92
order_00002723,1,prod_00000173,sell_00000102,2025-03-24 12:27:49,173.67,28.3
order_00002724,1,prod_00000200,sell_00000105,2025-07-05 04:14:32,184.72,24.95
order_00002725,1,prod_00000382,sell_00000050,2025-05-20 10:11:32,137.86,8.18
order_00002726,1,prod_00000275,sell_00000151,2024-10-18 23:08:25,51.02,7.0
order_00002727,1,prod_00000730,sell_00000150,2025-08-29 22:56:52,22.42,0.87
order_00002728,1,prod_00000325,sell_00000011,2024-03-05 22:27:18,69.31,5.14
order_00002729,1,prod_00000418,sell_00000011,2025-11-27 22:05:42,25.58,3.57
order_00002730,1,prod_00000116,sell_00000012,2024-07-24 01:57:15,33.9,3.06
order_00002730,2,prod_00000600,sell_00000219,2024-07-24 01:57:15,41.03,3.75
order_00002731,1,prod_00000150,sell_00000079,2024-04-02 03:17:02,31.77,1.59
order_00002732,1,prod_00000641,sell_00000159,2025-02-15 15:33:11,9.74,0.61
order_00002733,1,prod_00000414,sell_00000096,2025-09-08 20:22:50,35.98,6.2
order_00002734,1,prod_00000393,sell_00000215,2024-10-23 14:18:39,43.71,2.16
order_00002735,1,prod_00000459,sell_00000082,2025-03-28 01:54:25,16.84,0.62
order_00002736,1,prod_00000374,sell_00000127,2024-09-16 15:31:19,49.42,4.99
order_00002737,1,prod_00000128,sell_00000079,2024-12-07 14:29:22,83.69,14.83
order_00002738,1,prod_00000519,sell_00000096,2025-01-17 21:37:34,102.96,15.82
order_00002739,1,prod_00000508,sell_00000230,2025-04-13 22:57:09,267.86,45.34
order_00002740,1,prod_00000786,sell_00000147,2024-10-26 00:21:32,186.27,17.9
order_00002741,1,prod_00000638,sell_00000018,2025-02-14 22:19:41,42.33,6.04
order_00002742,1,prod_00000332,sell_00000151,2025-12-02 14:49:07,41.84,7.0
order_00002743,1,prod_00000575,sell_00000073,2025-08-03 05:58:46,42.57,6.27
order_00002744,1,prod_00000144,sell_00000213,2024-11-30 18:33:30,26.31,3.78
order_00002745,1,prod_00000326,sell_00000205,2024-06-18 03:55:25,32.73,5.5
order_00002746,1,prod_00000711,sell_00000194,2025-09-01 01:45:51,22.57,2.2
order_00002747,1,prod_00000749,sell_00000193,2025-11-30 08:29:32,126.37,6.44
order_00002748,1,prod_00000016,sell_00000193,2025-08-10 18:56:40,33.69,2.21
order_00002749,1,prod_00000533,sell_00000168,2024-03-22 07:54:01,24.72,1.59
order_00002749,2,prod_00000276,sell_00000212,2024-03-23 07:54:01,18.85,2.09
order_00002749,3,prod_00000056,sell_00000229,2024-03-22 07:54:01,33.07,5.88
order_00002750,1,prod_00000151,sell_00000182,2025-05-22 15:38:36,59.06,3.95
order_00002751,1,prod_00000152,sell_00000214,2025-03-27 21:15:29,32.65,1.68
order_00002752,1,prod_00000037,sell_00000036,2025-08-31 20:54:14,538.09,81.12
order_00002753,1,prod_00000118,sell_00000099,2025-08-25 01:09:32,43.7,2.88
order_00002753,2,prod_00000515,sell_00000186,2025-08-23 01:09:32,40.77,4.94
order_00002753,3,prod_00000542,sell_00000018,2025-08-22 01:09:32,46.07,5.66
order_00002754,1,prod_00000366,sell_00000082,2024-05-28 10:44:54,99.87,16.51
order_00002755,1,prod_00000302,sell_00000018,2025-04-20 02:23:15,15.94,2.63
order_00002756,1,prod_00000330,sell_00000126,2024-11-30 20:38:10,25.58,3.77
order_00002757,1,prod_00000635,sell_00000084,2024-07-29 06:36:52,18.85,0.71
order_00002758,1,prod_00000361,sell_00000018,2024-06-26 03:55:05,74.01,6.13
order_00002759,1,prod_00000438,sell_00000033,2024-01-31 02:00:39,85.41,4.61
order_00002759,2,prod_00000239,sell_00000076,2024-02-01 02:00:39,230.73,23.57
order_00002760,1,prod_00000249,sell_00000020,2024-07-18 20:09:19,28.56,4.14
order_00002761,1,prod_00000747,sell_00000050,2025-10-09 09:08:43,37.01,2.47
order_00002762,1,prod_00000225,sell_00000190,2025-08-02 23:02:15,18.19,2.22
order_00002762,2,prod_00000433,sell_00000243,2025-08-02 23:02:15,72.13,5.91
order_00002763,1,prod_00000485,sell_00000046,2024-08-09 10:07:09,94.31,15.73
order_00002763,2,prod_00000579,sell_00000011,2024-08-10 10:07:09,74.84,7.81
order_00002764,1,prod_00000117,sell_00000042,2024-06-17 01:09:44,18.97,2.57
order_00002764,2,prod_00000008,sell_00000190,2024-06-14 01:09:44,76.72,3.04
order_00002764,3,prod_00000217,sell_00000134,2024-06-17 01:09:44,128.67,13.22
order_00002765,1,prod_00000419,sell_00000028,2024-01-10 17:19:05,28.96,1.94
order_00002766,1,prod_00000221,sell_00000172,2025-09-29 19:58:30,35.4,4.5
order_00002767,1,prod_00000298,sell_00000006,2024-01-19 16:13:48,107.53,11.17
order_00002767,2,prod_00000139,sell_00000068,2024-01-19 16:13:48,66.42,2.85
order_00002768,1,prod_00000533,sell_00000126,2025-02-02 05:58:18,98.6,16.76
order_00002769,1,prod_00000795,sell_00000095,2025-03-01 14:09:41,82.17,14.62
order_00002769,2,prod_00000504,sell_00000031,2025-02-27 14:09:41,89.7,15.67
order_00002770,1,prod_00000043,sell_00000085,2025-10-04 16:36:24,38.99,3.28
order_00002770,2,prod_00000352,sell_00000060,2025-10-08 16:36:24,154.48,16.88
order_00002770,3,prod_00000437,sell_00000009,2025-10-03 16:36:24,17.07,0.82
order_00002770,4,prod_00000044,sell_00000101,2025-10-04 16:36:24,76.32,10.55
order_00002771,1,prod_00000392,sell_00000030,2025-08-27 14:58:04,52.04,5.41
order_00002772,1,prod_00000165,sell_00000132,2024-10-03 08:26:45,24.49,2.95
order_00002772,2,prod_00000393,sell_00000061,2024-10-05 08:26:45,42.64,5.8
order_00002772,3,prod_00000455,sell_00000008,2024-10-02 08:26:45,54.26,4.0
order_00002773,1,prod_00000296,sell_00000216,2024-07-03 20:59:51,48.15,4.72
order_00002774,1,prod_00000422,sell_00000139,2024-03-22 18:42:45,27.21,3.92
order_00002775,1,prod_00000387,sell_00000227,2024-10-07 14:26:19,34.88,2.09
order_00002775,2,prod_00000272,sell_00000006,2024-10-02 14:26:19,61.52,9.63
order_00002776,1,prod_00000162,sell_00000227,2025-10-24 03:43:37,66.25,9.64
order_00002777,1,prod_00000671,sell_00000127,2024-07-04 03:10:57,153.08,11.89
order_00002778,1,prod_00000190,sell_00000105,2025-04-17 01:03:46,73.41,3.5
order_00002779,1,prod_00000641,sell_00000242,2025-01-28 14:36:54,20.23,2.79
order_00002779,2,prod_00000788,sell_00000047,2025-01-30 14:36:54,51.13,8.43
order_00002779,3,prod_00000006,sell_00000168,2025-01-27 14:36:54,96.5,6.6
order_00002780,1,prod_00000787,sell_00000121,2024-10-29 17:31:58,51.92,5.54
order_00002781,1,prod_00000361,sell_00000200,2024-07-24 01:22:40,35.1,5.03
order_00002782,1,prod_00000421,sell_00000100,2024-06-19 03:24:09,13.96,1.92
order_00002782,2,prod_00000405,sell_00000192,2024-06-15 03:24:09,114.77,17.87
order_00002783,1,prod_00000260,sell_00000066,2024-02-27 09:39:02,85.95,11.21
order_00002784,1,prod_00000725,sell_00000097,2025-07-22 12:04:10,33.88,3.39
order_00002785,1,prod_00000539,sell_00000094,2025-01-26 07:26:14,155.0,16.33
order_00002785,2,prod_00000580,sell_00000152,2025-01-24 07:26:14,137.55,12.15
order_00002786,1,prod_00000214,sell_00000097,2024-11-25 23:09:52,64.21,8.97
order_00002787,1,prod_00000715,sell_00000062,2024-08-28 21:21:31,34.43,5.54
order_00002787,2,prod_00000458,sell_00000068,2024-08-30 21:21:31,61.92,5.62
order_00002787,3,prod_00000541,sell_00000157,2024-08-30 21:21:31,107.8,9.87
order_00002788,1,prod_00000361,sell_00000052,2026-01-06 06:56:45,46.46,6.43
order_00002789,1,prod_00000203,sell_00000113,2025-08-24 00:03:21,24.96,2.18
order_00002790,1,prod_00000382,sell_00000156,2024-05-17 03:55:48,59.49,7.3
order_00002791,1,prod_00000180,sell_00000190,2024-01-31 21:56:19,48.87,8.1
order_00002792,1,prod_00000622,sell_00000073,2025-04-02 02:37:31,31.02,1.51
order_00002793,1,prod_00000137,sell_00000190,2025-09-25 18:18:57,37.91,1.32
order_00002794,1,prod_00000489,sell_00000220,2025-07-21 15:13:19,33.0,4.28
order_00002795,1,prod_00000077,sell_00000027,2025-01-23 00:08:39,25.28,3.07
order_00002796,1,prod_00000155,sell_00000007,2024-03-12 03:18:23,194.05,19.38
order_00002797,1,prod_00000396,sell_00000133,2024-12-31 12:06:16,20.68,3.24
order_00002797,2,prod_00000187,sell_00000030,2025-01-04 12:06:16,21.53,2.03
order_00002797,3,prod_00000415,sell_00000056,2025-01-02 12:06:16,34.46,5.57
order_00002797,4,prod_00000462,sell_00000189,2025-01-03 12:06:16,48.03,2.84
order_00002798,1,prod_00000009,sell_00000155,2025-12-22 11:05:42,42.53,4.32
order_00002798,2,prod_00000049,sell_00000066,2025-12-22 11:05:42,20.03,2.39
order_00002799,1,prod_00000777,sell_00000133,2025-03-27 00:37:56,51.07,7.75
order_00002800,1,prod_00000100,sell_00000061,2024-12-24 15:51:23,58.75,5.23
order_00002801,1,prod_00000160,sell_00000135,2024-08-04 18:34:16,28.72,5.0
order_00002802,1,prod_00000266,sell_00000064,2025-10-12 06:06:12,27.88,3.12
order_00002803,1,prod_00000103,sell_00000232,2025-07-30 07:07:03,35.13,2.84
order_00002803,2,prod_00000314,sell_00000089,2025-07-31 07:07:03,49.69,4.3
order_00002803,3,prod_00000386,sell_00000101,2025-08-01 07:07:03,73.72,10.98
order_00002803,4,prod_00000719,sell_00000224,2025-07-29 07:07:03,30.98,4.97
order_00002804,1,prod_00000683,sell_00000141,2025-05-23 21:17:00,28.04,1.87
order_00002805,1,prod_00000729,sell_00000141,2025-05-20 11:28:14,66.79,11.26
order_00002805,2,prod_00000767,sell_00000219,2025-05-16 11:28:14,46.4,6.14
order_00002806,1,prod_00000556,sell_00000185,2025-10-21 01:53:57,11.01,0.93
order_00002806,2,prod_00000070,sell_00000001,2025-10-24 01:53:57,35.41,4.31
order_00002807,1,prod_00000059,sell_00000175,2025-04-09 11:36:14,90.52,12.48
order_00002808,1,prod_00000571,sell_00000065,2025-01-16 17:06:42,90.0,9.25
order_00002809,1,prod_00000519,sell_00000094,2024-08-17 07:21:09,41.07,3.06
order_00002810,1,prod_00000125,sell_00000101,2024-11-06 04:00:19,28.29,2.79
order_00002811,1,prod_00000236,sell_00000214,2025-12-11 17:04:35,186.86,17.93
order_00002812,1,prod_00000107,sell_00000175,2025-08-26 19:14:21,127.53,14.32
order_00002813,1,prod_00000215,sell_00000047,2024-11-30 04:41:15,42.34,2.49
order_00002814,1,prod_00000659,sell_00000039,2025-11-19 01:01:37,34.09,2.49
order_00002815,1,prod_00000493,sell_00000037,2025-05-14 07:46:01,100.94,16.42
order_00002816,1,prod_00000548,sell_00000146,2024-11-27 12:20:56,22.27,3.55
order_00002816,2,prod_00000495,sell_00000103,2024-11-24 12:20:56,24.39,3.14
order_00002817,1,prod_00000107,sell_00000208,2024-11-13 02:48:48,41.6,6.9
order_00002818,1,prod_00000326,sell_00000140,2024-10-16 15:34:32,30.86,1.1
order_00002819,1,prod_00000379,sell_00000153,2024-04-25 02:23:53,66.57,5.58
order_00002819,2,prod_00000241,sell_00000122,2024-04-23 02:23:53,63.11,10.77
order_00002820,1,prod_00000742,sell_00000209,2025-08-27 22:58:35,27.12,3.74
order_00002821,1,prod_00000404,sell_00000092,2024-08-23 10:07:28,24.98,4.37
order_00002822,1,prod_00000084,sell_00000031,2024-02-29 16:40:55,57.52,1.99
order_00002823,1,prod_00000510,sell_00000022,2024-02-02 04:07:52,18.43,2.65
order_00002824,1,prod_00000676,sell_00000014,2025-02-24 18:37:53,726.68,71.63
order_00002825,1,prod_00000183,sell_00000229,2024-06-25 08:28:26,29.16,2.15
order_00002826,1,prod_00000563,sell_00000178,2024-03-28 00:15:46,111.42,14.89
order_00002826,2,prod_00000103,sell_00000238,2024-03-28 00:15:46,37.46,4.13
order_00002827,1,prod_00000450,sell_00000107,2025-05-04 17:12:24,11.99,1.47
order_00002828,1,prod_00000467,sell_00000061,2025-09-10 02:15:26,44.5,6.94
order_00002829,1,prod_00000401,sell_00000084,2025-10-16 16:25:54,74.64,9.43
order_00002829,2,prod_00000333,sell_00000068,2025-10-19 16:25:54,109.13,3.56
order_00002829,3,prod_00000451,sell_00000100,2025-10-19 16:25:54,156.01,8.55
order_00002830,1,prod_00000363,sell_00000198,2025-03-03 18:04:25,86.64,7.47
order_00002830,2,prod_00000793,sell_00000227,2025-03-02 18:04:25,47.83,5.1
order_00002831,1,prod_00000156,sell_00000162,2024-12-05 20:31:24,32.95,4.97
order_00002832,1,prod_00000780,sell_00000152,2025-09-29 07:33:53,64.32,7.2
order_00002833,1,prod_00000549,sell_00000036,2024-10-29 01:03:53,94.11,14.42
order_00002834,1,prod_00000495,sell_00000227,2024-07-14 05:00:43,29.69,1.89
order_00002835,1,prod_00000030,sell_00000069,2024-11-14 18:00:08,59.78,3.02
order_00002835,2,prod_00000383,sell_00000028,2024-11-12 18:00:08,258.46,10.23
order_00002836,1,prod_00000119,sell_00000147,2025-11-03 17:47:44,150.04,21.07
order_00002837,1,prod_00000582,sell_00000143,2025-03-07 12:30:08,45.6,6.42
order_00002838,1,prod_00000698,sell_00000060,2025-06-10 06:28:58,40.87,2.09
order_00002839,1,prod_00000227,sell_00000079,2024-04-16 20:57:57,50.46,6.07
order_00002840,1,prod_00000105,sell_00000031,2024-08-09 09:29:17,34.3,1.27
order_00002840,2,prod_00000681,sell_00000222,2024-08-06 09:29:17,18.21,1.24
order_00002840,3,prod_00000740,sell_00000172,2024-08-10 09:29:17,157.52,14.6
order_00002841,1,prod_00000573,sell_00000096,2024-09-09 10:49:55,93.42,13.48
order_00002842,1,prod_00000732,sell_00000075,2024-01-17 21:09:22,91.82,14.26
order_00002843,1,prod_00000142,sell_00000112,2024-04-24 19:36:24,68.11,8.68
order_00002843,2,prod_00000068,sell_00000151,2024-04-25 19:36:24,66.96,4.29
order_00002844,1,prod_00000478,sell_00000177,2024-06-03 04:45:18,57.12,9.92
order_00002845,1,prod_00000488,sell_00000011,2024-02-18 13:33:15,22.21,3.59
order_00002846,1,prod_00000002,sell_00000037,2025-12-30 15:51:26,44.59,3.18
order_00002847,1,prod_00000291,sell_00000079,2025-03-05 23:15:30,38.37,5.89
order_00002848,1,prod_00000018,sell_00000216,2025-02-27 06:53:55,174.53,18.38
order_00002848,2,prod_00000524,sell_00000108,2025-02-26 06:53:55,207.32,21.68
order_00002849,1,prod_00000698,sell_00000221,2024-10-18 14:18:32,33.02,3.85
order_00002849,2,prod_00000246,sell_00000239,2024-10-21 14:18:32,135.87,9.98
order_00002849,3,prod_00000044,sell_00000119,2024-10-18 14:18:32,95.35,13.24
order_00002850,1,prod_00000525,sell_00000072,2024-04-05 00:15:14,9.96,1.26
order_00002851,1,prod_00000431,sell_00000146,2024-01-29 13:20:53,73.64,6.45
order_00002852,1,prod_00000304,sell_00000242,2025-10-09 19:12:08,20.43,2.71
order_00002853,1,prod_00000269,sell_00000006,2025-03-26 22:25:28,388.49,17.71
order_00002854,1,prod_00000739,sell_00000154,2025-07-11 13:23:06,32.38,3.3
order_00002855,1,prod_00000494,sell_00000111,2024-04-10 22:00:38,27.62,3.32
order_00002856,1,prod_00000760,sell_00000101,2024-07-05 07:09:49,50.86,6.94
order_00002857,1,prod_00000568,sell_00000073,2025-06-26 20:23:26,41.01,4.47
order_00002858,1,prod_00000782,sell_00000141,2025-12-06 01:17:38,118.57,15.09
order_00002859,1,prod_00000601,sell_00000232,2024-11-10 05:37:49,219.93,21.47
order_00002860,1,prod_00000081,sell_00000192,2024-07-09 16:15:43,65.84,10.63
order_00002860,2,prod_00000700,sell_00000120,2024-07-11 16:15:43,19.18,0.81
order_00002861,1,prod_00000443,sell_00000007,2024-10-21 13:02:58,20.05,1.59
order_00002862,1,prod_00000540,sell_00000108,2024-07-05 23:11:21,36.16,1.8
order_00002863,1,prod_00000515,sell_00000237,2025-11-26 11:13:58,58.33,6.36
order_00002863,2,prod_00000233,sell_00000198,2025-11-30 11:13:58,19.59,0.62
order_00002864,1,prod_00000463,sell_00000018,2025-08-14 12:06:08,20.96,1.14
order_00002865,1,prod_00000529,sell_00000127,2025-11-21 09:10:47,39.02,6.18
order_00002865,2,prod_00000252,sell_00000111,2025-11-21 09:10:47,55.65,7.62
order_00002865,3,prod_00000594,sell_00000221,2025-11-22 09:10:47,59.75,9.67
order_00002865,4,prod_00000727,sell_00000204,2025-11-18 09:10:47,10.05,0.99
order_00002866,1,prod_00000193,sell_00000160,2025-11-26 10:07:41,377.52,49.63
order_00002867,1,prod_00000520,sell_00000018,2025-10-26 07:42:37,73.93,5.79
order_00002868,1,prod_00000426,sell_00000097,2025-08-09 17:49:10,42.24,3.55
order_00002868,2,prod_00000553,sell_00000157,2025-08-04 17:49:10,49.35,3.69
order_00002869,1,prod_00000072,sell_00000215,2025-09-29 03:42:09,204.57,30.48
order_00002869,2,prod_00000187,sell_00000112,2025-09-29 03:42:09,17.11,1.35
order_00002870,1,prod_00000627,sell_00000235,2024-05-29 12:24:36,31.33,4.93
order_00002871,1,prod_00000615,sell_00000030,2025-05-09 18:59:16,30.62,1.74
order_00002872,1,prod_00000238,sell_00000121,2024-02-16 00:42:00,74.19,10.43
order_00002873,1,prod_00000175,sell_00000142,2024-07-22 00:51:47,78.89,9.49
order_00002874,1,prod_00000423,sell_00000066,2024-05-11 07:58:54,149.54,23.25
order_00002875,1,prod_00000685,sell_00000224,2025-04-05 00:15:34,122.07,4.36
order_00002875,2,prod_00000093,sell_00000151,2025-03-31 00:15:34,203.64,6.49
order_00002875,3,prod_00000281,sell_00000198,2025-04-03 00:15:34,69.29,4.46
order_00002876,1,prod_00000687,sell_00000201,2025-11-25 04:31:30,153.3,8.74
order_00002877,1,prod_00000089,sell_00000201,2024-05-04 07:06:14,86.55,4.2
order_00002877,2,prod_00000748,sell_00000046,2024-05-02 07:06:14,40.72,7.28
order_00002878,1,prod_00000172,sell_00000133,2024-11-21 12:28:40,12.57,0.92
order_00002878,2,prod_00000007,sell_00000202,2024-11-21 12:28:40,79.21,12.76
order_00002879,1,prod_00000779,sell_00000208,2025-01-04 16:31:23,69.25,7.07
order_00002880,1,prod_00000074,sell_00000064,2025-10-08 02:46:20,20.1,1.17
order_00002880,2,prod_00000405,sell_00000135,2025-10-11 02:46:20,10.06,0.77
order_00002880,3,prod_00000311,sell_00000220,2025-10-11 02:46:20,25.67,3.74
order_00002881,1,prod_00000135,sell_00000068,2024-06-04 09:48:46,57.52,10.18
order_00002881,2,prod_00000595,sell_00000046,2024-06-04 09:48:46,63.83,5.55
order_00002882,1,prod_00000783,sell_00000110,2025-10-12 20:05:57,29.47,4.07
order_00002883,1,prod_00000312,sell_00000214,2024-02-09 15:38:01,20.75,1.28
order_00002883,2,prod_00000051,sell_00000095,2024-02-11 15:38:01,104.26,10.97
order_00002884,1,prod_00000171,sell_00000150,2025-02-07 02:40:18,21.3,3.58
order_00002885,1,prod_00000748,sell_00000105,2025-08-16 10:16:51,35.77,3.27
order_00002885,2,prod_00000238,sell_00000141,2025-08-15 10:16:51,64.32,3.21
order_00002886,1,prod_00000658,sell_00000029,2025-06-16 23:20:17,30.61,2.21
order_00002886,2,prod_00000632,sell_00000158,2025-06-12 23:20:17,55.67,4.63
order_00002886,3,prod_00000346,sell_00000009,2025-06-12 23:20:17,67.13,3.26
order_00002886,4,prod_00000679,sell_00000166,2025-06-15 23:20:17,20.83,1.12
order_00002887,1,prod_00000132,sell_00000221,2025-09-03 02:00:36,214.46,13.38
order_00002888,1,prod_00000501,sell_00000134,2025-05-17 21:21:13,34.71,3.11
order_00002889,1,prod_00000152,sell_00000168,2024-03-30 12:31:56,9.64,0.79
order_00002889,2,prod_00000447,sell_00000157,2024-03-30 12:31:56,65.8,2.92
order_00002889,3,prod_00000459,sell_00000038,2024-03-29 12:31:56,119.36,6.43
order_00002890,1,prod_00000153,sell_00000203,2025-10-18 07:07:20,165.95,24.15
order_00002890,2,prod_00000532,sell_00000188,2025-10-20 07:07:20,49.89,7.36
order_00002890,3,prod_00000381,sell_00000103,2025-10-17 07:07:20,47.86,6.66
order_00002891,1,prod_00000502,sell_00000209,2024-02-08 06:22:47,31.1,2.94
order_00002891,2,prod_00000787,sell_00000036,2024-02-07 06:22:47,10.99,0.62
order_00002892,1,prod_00000328,sell_00000015,2025-05-14 15:24:10,69.48,11.42
order_00002893,1,prod_00000011,sell_00000149,2025-08-09 15:34:42,23.24,1.48
order_00002894,1,prod_00000608,sell_00000162,2025-08-09 19:47:21,30.05,2.76
order_00002895,1,prod_00000681,sell_00000226,2024-10-03 13:09:12,30.52,4.04
order_00002896,1,prod_00000559,sell_00000030,2024-10-20 08:39:40,97.87,9.8
order_00002897,1,prod_00000351,sell_00000126,2024-07-17 11:19:30,52.37,8.73
order_00002897,2,prod_00000400,sell_00000125,2024-07-20 11:19:30,54.0,7.86
order_00002898,1,prod_00000001,sell_00000240,2024-04-16 23:47:00,158.39,27.22
order_00002899,1,prod_00000241,sell_00000130,2024-10-14 01:42:42,53.58,9.11
order_00002900,1,prod_00000148,sell_00000198,2024-06-20 23:47:41,18.11,2.77
order_00002901,1,prod_00000479,sell_00000016,2024-04-05 18:17:30,63.88,8.36
order_00002901,2,prod_00000010,sell_00000089,2024-04-04 18:17:30,103.17,3.51
order_00002901,3,prod_00000259,sell_00000053,2024-04-06 18:17:30,41.63,3.21
order_00002902,1,prod_00000503,sell_00000177,2025-01-19 10:49:31,93.01,7.39
order_00002903,1,prod_00000321,sell_00000003,2025-01-28 08:58:44,49.73,2.17
order_00002904,1,prod_00000181,sell_00000001,2024-08-10 04:16:18,53.46,4.12
order_00002905,1,prod_00000538,sell_00000222,2025-06-03 04:29:00,70.07,10.68
order_00002905,2,prod_00000155,sell_00000043,2025-06-02 04:29:00,44.12,6.85
order_00002906,1,prod_00000467,sell_00000156,2024-03-13 18:46:04,49.61,1.7
order_00002907,1,prod_00000480,sell_00000173,2024-05-28 00:33:09,30.9,3.17
order_00002907,2,prod_00000428,sell_00000144,2024-05-26 00:33:09,4.42,0.17
order_00002907,3,prod_00000230,sell_00000205,2024-05-25 00:33:09,14.04,1.96
order_00002907,4,prod_00000391,sell_00000095,2024-05-28 00:33:09,114.66,5.46
order_00002908,1,prod_00000535,sell_00000239,2024-06-25 21:05:18,23.13,2.53
order_00002908,2,prod_00000090,sell_00000016,2024-06-27 21:05:18,28.05,1.44
order_00002909,1,prod_00000109,sell_00000163,2024-03-07 19:10:20,86.3,8.11
order_00002910,1,prod_00000366,sell_00000113,2025-12-28 12:30:12,26.34,3.4
order_00002911,1,prod_00000471,sell_00000035,2024-11-10 23:56:34,97.38,7.49
order_00002912,1,prod_00000053,sell_00000112,2024-03-12 23:19:56,142.33,5.64
order_00002913,1,prod_00000485,sell_00000018,2025-07-12 08:37:17,415.1,68.68
order_00002914,1,prod_00000582,sell_00000079,2024-11-23 12:03:28,24.07,2.61
order_00002915,1,prod_00000027,sell_00000026,2024-08-27 06:17:05,118.05,8.82
order_00002915,2,prod_00000115,sell_00000078,2024-08-25 06:17:05,36.67,5.43
order_00002916,1,prod_00000001,sell_00000115,2024-06-26 14:16:45,42.61,3.86
order_00002917,1,prod_00000775,sell_00000123,2024-10-01 22:35:33,67.46,8.71
order_00002918,1,prod_00000516,sell_00000098,2025-08-11 20:24:07,29.67,2.2
order_00002919,1,prod_00000249,sell_00000126,2024-06-01 12:41:44,64.39,9.71
order_00002920,1,prod_00000276,sell_00000129,2025-08-03 15:48:47,9.52,0.65
order_00002920,2,prod_00000770,sell_00000007,2025-08-01 15:48:47,53.46,5.65
order_00002921,1,prod_00000238,sell_00000046,2025-02-06 12:13:07,98.75,12.21
order_00002922,1,prod_00000444,sell_00000145,2025-07-09 17:42:25,182.26,15.88
order_00002923,1,prod_00000505,sell_00000216,2025-01-18 12:14:08,36.04,4.29
order_00002924,1,prod_00000764,sell_00000159,2024-04-22 20:29:43,19.29,2.36
order_00002924,2,prod_00000584,sell_00000100,2024-04-27 20:29:43,36.53,5.22
order_00002924,3,prod_00000343,sell_00000174,2024-04-24 20:29:43,90.57,15.74
order_00002925,1,prod_00000015,sell_00000143,2025-02-03 20:44:28,52.92,9.21
order_00002926,1,prod_00000304,sell_00000209,2025-05-22 08:57:54,69.62,4.67
order_00002927,1,prod_00000292,sell_00000122,2025-03-22 00:47:02,38.67,5.99
order_00002927,2,prod_00000219,sell_00000163,2025-03-26 00:47:02,31.3,4.07
order_00002927,3,prod_00000090,sell_00000040,2025-03-21 00:47:02,25.18,2.33
order_00002928,1,prod_00000079,sell_00000109,2025-07-13 13:50:15,18.86,2.49
order_00002929,1,prod_00000420,sell_00000208,2024-04-19 18:15:16,38.23,4.55
order_00002929,2,prod_00000675,sell_00000053,2024-04-16 18:15:16,26.87,2.22
order_00002930,1,prod_00000086,sell_00000003,2024-11-30 03:29:06,31.02,4.07
order_00002931,1,prod_00000198,sell_00000177,2025-12-02 13:57:31,89.02,3.96
order_00002931,2,prod_00000367,sell_00000158,2025-12-03 13:57:31,41.93,2.18
order_00002932,1,prod_00000304,sell_00000023,2025-05-30 05:03:05,29.43,4.88
order_00002933,1,prod_00000199,sell_00000089,2025-11-29 23:31:03,50.47,6.85
order_00002934,1,prod_00000400,sell_00000121,2024-08-27 07:51:47,33.29,4.14
order_00002935,1,prod_00000770,sell_00000096,2025-03-18 04:06:23,22.36,1.01
order_00002936,1,prod_00000794,sell_00000143,2024-07-30 16:59:42,29.86,4.19
order_00002937,1,prod_00000103,sell_00000141,2025-09-28 15:23:48,11.83,1.23
order_00002938,1,prod_00000797,sell_00000070,2024-01-28 02:15:29,29.15,0.91
order_00002939,1,prod_00000568,sell_00000122,2024-02-25 23:05:07,42.49,5.39
order_00002940,1,prod_00000752,sell_00000010,2024-01-30 10:28:53,16.19,2.03
order_00002940,2,prod_00000492,sell_00000036,2024-01-28 10:28:53,91.17,13.96
order_00002940,3,prod_00000340,sell_00000101,2024-01-27 10:28:53,28.15,3.59
order_00002941,1,prod_00000034,sell_00000157,2024-02-06 22:35:03,29.12,3.96
order_00002942,1,prod_00000336,sell_00000073,2025-03-13 01:48:17,65.47,11.09
order_00002943,1,prod_00000551,sell_00000181,2025-02-12 09:27:43,418.44,73.08
order_00002944,1,prod_00000553,sell_00000096,2025-09-21 07:32:13,38.07,2.11
order_00002945,1,prod_00000491,sell_00000008,2024-12-09 20:34:13,112.62,5.36
order_00002945,2,prod_00000283,sell_00000080,2024-12-06 20:34:13,17.92,2.18
order_00002946,1,prod_00000021,sell_00000232,2025-10-23 08:58:43,50.54,3.94
order_00002947,1,prod_00000246,sell_00000235,2025-04-15 14:28:09,17.1,1.94
order_00002948,1,prod_00000181,sell_00000040,2025-02-20 22:11:19,60.68,6.4
order_00002948,2,prod_00000359,sell_00000053,2025-02-19 22:11:19,89.99,10.0
order_00002948,3,prod_00000026,sell_00000025,2025-02-21 22:11:19,194.7,21.0
order_00002949,1,prod_00000153,sell_00000153,2025-07-28 17:28:31,26.78,3.68
order_00002950,1,prod_00000776,sell_00000085,2025-08-15 04:52:01,155.0,18.41
order_00002950,2,prod_00000470,sell_00000021,2025-08-13 04:52:01,25.0,3.97
order_00002950,3,prod_00000610,sell_00000143,2025-08-12 04:52:01,14.6,0.53
order_00002951,1,prod_00000443,sell_00000103,2025-10-16 09:24:08,180.54,10.82
order_00002952,1,prod_00000491,sell_00000019,2024-09-14 21:14:06,30.09,1.65
order_00002952,2,prod_00000037,sell_00000152,2024-09-19 21:14:06,122.83,19.14
order_00002953,1,prod_00000455,sell_00000209,2024-02-02 12:36:45,99.41,17.57
order_00002953,2,prod_00000286,sell_00000230,2024-02-01 12:36:45,135.06,15.67
order_00002953,3,prod_00000282,sell_00000231,2024-02-02 12:36:45,55.1,5.54
order_00002954,1,prod_00000022,sell_00000189,2025-01-08 21:57:11,39.13,6.9
order_00002955,1,prod_00000504,sell_00000099,2024-11-21 00:25:35,293.05,49.43
order_00002956,1,prod_00000184,sell_00000127,2025-07-21 03:36:08,46.1,1.83
order_00002956,2,prod_00000285,sell_00000008,2025-07-24 03:36:08,76.69,3.01
order_00002956,3,prod_00000290,sell_00000013,2025-07-23 03:36:08,19.57,2.1
order_00002956,4,prod_00000134,sell_00000104,2025-07-19 03:36:08,37.79,3.74
order_00002957,1,prod_00000655,sell_00000026,2024-02-21 23:15:27,19.11,1.53
order_00002958,1,prod_00000524,sell_00000010,2024-06-30 10:43:07,51.53,5.1
order_00002959,1,prod_00000764,sell_00000026,2024-04-18 04:37:08,30.06,3.26
order_00002960,1,prod_00000100,sell_00000214,2025-01-27 22:32:18,173.73,13.36
order_00002961,1,prod_00000337,sell_00000079,2025-03-15 07:09:33,56.08,4.24
order_00002961,2,prod_00000710,sell_00000203,2025-03-18 07:09:33,21.66,2.04
order_00002962,1,prod_00000190,sell_00000175,2025-03-19 15:17:48,74.69,8.77
order_00002963,1,prod_00000345,sell_00000169,2025-12-16 06:57:20,47.69,5.82
order_00002964,1,prod_00000362,sell_00000115,2024-04-20 18:19:04,88.72,9.04
order_00002965,1,prod_00000709,sell_00000172,2024-11-27 10:37:45,122.11,15.94
order_00002966,1,prod_00000407,sell_00000127,2024-09-11 22:14:27,81.79,7.23
order_00002966,2,prod_00000263,sell_00000238,2024-09-11 22:14:27,190.69,21.81
order_00002967,1,prod_00000192,sell_00000047,2025-07-06 12:55:02,38.39,2.8
order_00002968,1,prod_00000501,sell_00000146,2024-05-25 12:45:09,29.35,1.73
order_00002969,1,prod_00000103,sell_00000020,2024-12-13 14:10:25,35.33,1.14
order_00002970,1,prod_00000621,sell_00000089,2024-09-03 04:26:21,44.64,4.78
order_00002971,1,prod_00000447,sell_00000076,2025-12-17 22:15:24,63.44,6.51
order_00002972,1,prod_00000560,sell_00000131,2025-05-10 03:18:55,64.88,2.11
order_00002972,2,prod_00000008,sell_00000221,2025-05-13 03:18:55,29.32,4.27
order_00002973,1,prod_00000647,sell_00000200,2024-04-25 12:00:05,26.54,4.03
order_00002974,1,prod_00000429,sell_00000197,2024-12-02 21:28:56,80.24,10.97
order_00002975,1,prod_00000016,sell_00000030,2025-05-13 05:19:40,14.58,2.37
order_00002976,1,prod_00000504,sell_00000179,2025-04-29 18:48:09,25.95,3.54
order_00002977,1,prod_00000550,sell_00000055,2025-10-02 11:17:28,44.51,7.51
order_00002978,1,prod_00000639,sell_00000101,2024-10-27 11:43:41,49.82,6.64
order_00002978,2,prod_00000278,sell_00000138,2024-10-26 11:43:41,184.37,19.4
order_00002979,1,prod_00000056,sell_00000006,2025-03-03 19:04:05,108.51,3.57
order_00002979,2,prod_00000344,sell_00000026,2025-03-04 19:04:05,189.9,32.42
order_00002979,3,prod_00000142,sell_00000169,2025-02-28 19:04:05,112.52,7.18
order_00002980,1,prod_00000739,sell_00000216,2025-05-09 23:20:42,163.36,23.3
order_00002981,1,prod_00000729,sell_00000241,2024-02-11 12:22:44,53.07,8.57
order_00002982,1,prod_00000578,sell_00000159,2025-12-04 22:52:48,122.96,12.46
order_00002983,1,prod_00000106,sell_00000041,2025-10-13 03:58:37,67.44,4.13
order_00002984,1,prod_00000778,sell_00000186,2024-11-29 08:59:04,93.49,11.29
order_00002984,2,prod_00000114,sell_00000173,2024-11-30 08:59:04,72.49,3.5
order_00002985,1,prod_00000348,sell_00000168,2024-11-14 08:10:34,125.9,21.64
order_00002985,2,prod_00000106,sell_00000229,2024-11-13 08:10:34,54.97,1.73
order_00002985,3,prod_00000592,sell_00000004,2024-11-15 08:10:34,17.89,1.48
order_00002986,1,prod_00000052,sell_00000063,2025-01-04 07:22:02,226.07,9.74
order_00002987,1,prod_00000009,sell_00000205,2024-10-22 09:33:41,31.9,5.12
order_00002988,1,prod_00000781,sell_00000243,2025-04-25 18:31:58,37.17,2.62
order_00002989,1,prod_00000783,sell_00000145,2024-04-13 14:51:17,104.47,18.68
order_00002990,1,prod_00000508,sell_00000117,2024-11-13 20:44:12,22.04,1.03
order_00002991,1,prod_00000565,sell_00000163,2025-04-28 17:41:56,131.59,14.85
order_00002991,2,prod_00000057,sell_00000045,2025-05-02 17:41:56,30.0,5.19
order_00002991,3,prod_00000005,sell_00000041,2025-05-03 17:41:56,112.93,17.7
order_00002992,1,prod_00000374,sell_00000202,2025-03-01 17:01:20,63.91,2.93
order_00002993,1,prod_00000236,sell_00000214,2025-03-18 04:59:58,52.36,6.76
order_00002994,1,prod_00000463,sell_00000044,2024-06-09 02:46:46,235.48,39.79
order_00002995,1,prod_00000748,sell_00000084,2024-02-15 11:25:09,48.18,4.7
order_00002995,2,prod_00000232,sell_00000098,2024-02-13 11:25:09,188.35,30.05
order_00002995,3,prod_00000047,sell_00000102,2024-02-12 11:25:09,85.1,4.53
order_00002996,1,prod_00000188,sell_00000111,2025-07-26 23:51:07,115.0,4.52
order_00002996,2,prod_00000370,sell_00000124,2025-07-26 23:51:07,21.93,1.41
order_00002997,1,prod_00000594,sell_00000092,2025-08-24 05:20:33,42.11,2.69
order_00002998,1,prod_00000216,sell_00000029,2024-11-07 06:03:52,93.44,5.4
order_00002999,1,prod_00000448,sell_00000170,2025-04-07 22:00:10,21.61,1.24
order_00003000,1,prod_00000378,sell_00000071,2025-06-27 07:43:17,83.9,14.8
order_00003001,1,prod_00000627,sell_00000043,2024-08-21 08:42:42,70.49,10.7
order_00003002,1,prod_00000374,sell_00000005,2024-02-26 03:16:27,18.65,2.05
order_00003003,1,prod_00000188,sell_00000170,2025-06-04 01:55:10,39.29,5.66
order_00003004,1,prod_00000242,sell_00000102,2024-06-20 09:48:20,24.24,2.01
order_00003005,1,prod_00000522,sell_00000191,2025-10-14 01:04:31,115.59,7.77
order_00003006,1,prod_00000498,sell_00000094,2025-08-17 01:02:27,75.8,6.09
order_00003006,2,prod_00000036,sell_00000081,2025-08-18 01:02:27,38.66,3.73
order_00003006,3,prod_00000320,sell_00000153,2025-08-18 01:02:27,55.63,7.39
order_00003007,1,prod_00000370,sell_00000076,2025-09-21 03:04:09,48.64,3.93
order_00003008,1,prod_00000621,sell_00000037,2024-11-18 13:29:30,121.64,8.96
order_00003008,2,prod_00000559,sell_00000193,2024-11-22 13:29:30,21.35,1.63
order_00003008,3,prod_00000592,sell_00000140,2024-11-17 13:29:30,62.04,6.37
order_00003009,1,prod_00000604,sell_00000115,2025-01-14 23:36:34,28.94,4.26
order_00003009,2,prod_00000678,sell_00000211,2025-01-10 23:36:34,38.48,3.26
order_00003009,3,prod_00000349,sell_00000014,2025-01-14 23:36:34,34.2,3.02
order_00003010,1,prod_00000157,sell_00000141,2025-12-17 12:22:45,63.92,5.59
order_00003011,1,prod_00000727,sell_00000135,2025-12-15 16:34:40,33.77,6.05
order_00003012,1,prod_00000010,sell_00000064,2025-02-12 05:53:31,19.35,2.21
order_00003013,1,prod_00000274,sell_00000202,2025-01-06 13:50:13,33.1,5.46
order_00003014,1,prod_00000363,sell_00000140,2024-01-14 06:01:49,29.07,2.05
order_00003014,2,prod_00000153,sell_00000228,2024-01-18 06:01:49,24.98,3.49
order_00003015,1,prod_00000540,sell_00000170,2025-12-17 08:04:38,128.28,16.03
order_00003016,1,prod_00000308,sell_00000090,2024-01-09 18:44:07,50.33,4.9
order_00003017,1,prod_00000316,sell_00000077,2024-09-23 23:29:04,192.3,23.1
order_00003018,1,prod_00000470,sell_00000208,2024-12-02 04:36:06,37.12,2.89
order_00003019,1,prod_00000178,sell_00000175,2025-01-04 01:53:31,22.23,3.57
order_00003019,2,prod_00000150,sell_00000172,2025-01-06 01:53:31,17.59,0.62
order_00003020,1,prod_00000323,sell_00000057,2025-07-24 01:58:39,115.9,15.35
order_00003021,1,prod_00000479,sell_00000160,2024-02-28 16:44:42,211.89,15.21
order_00003022,1,prod_00000256,sell_00000234,2025-09-05 19:43:10,21.57,1.18
order_00003023,1,prod_00000701,sell_00000137,2024-11-17 15:23:02,86.22,13.07
order_00003024,1,prod_00000432,sell_00000015,2025-07-11 06:29:24,42.32,3.4
order_00003025,1,prod_00000526,sell_00000135,2024-05-20 08:27:56,144.1,13.68
order_00003026,1,prod_00000628,sell_00000196,2024-09-26 04:46:25,26.96,2.62
order_00003026,2,prod_00000705,sell_00000020,2024-09-28 04:46:25,43.86,7.87
order_00003026,3,prod_00000708,sell_00000208,2024-09-27 04:46:25,43.98,2.08
order_00003026,4,prod_00000001,sell_00000232,2024-09-25 04:46:25,89.11,15.15
order_00003027,1,prod_00000480,sell_00000215,2025-02-24 04:33:51,182.52,29.41
order_00003028,1,prod_00000534,sell_00000034,2024-02-14 09:09:14,41.25,5.53
order_00003029,1,prod_00000349,sell_00000155,2025-03-26 20:09:46,120.45,21.17
order_00003029,2,prod_00000331,sell_00000096,2025-03-24 20:09:46,132.97,21.44
order_00003029,3,prod_00000619,sell_00000154,2025-03-23 20:09:46,21.71,3.32
order_00003030,1,prod_00000666,sell_00000209,2025-09-04 11:22:08,242.99,25.55
order_00003030,2,prod_00000259,sell_00000217,2025-09-07 11:22:08,24.47,4.14
order_00003031,1,prod_00000573,sell_00000097,2025-05-14 09:56:28,235.87,24.95
order_00003032,1,prod_00000321,sell_00000223,2025-09-26 22:48:57,34.96,2.62
order_00003033,1,prod_00000270,sell_00000126,2024-02-29 08:32:01,105.72,3.56
order_00003033,2,prod_00000103,sell_00000005,2024-02-28 08:32:01,83.58,5.2
order_00003034,1,prod_00000701,sell_00000005,2024-08-21 22:08:21,197.81,33.45
order_00003035,1,prod_00000684,sell_00000003,2024-05-26 22:39:53,252.34,40.19
order_00003035,2,prod_00000778,sell_00000210,2024-05-27 22:39:53,53.13,6.9
order_00003036,1,prod_00000108,sell_00000084,2024-04-13 01:33:10,32.25,4.99
order_00003036,2,prod_00000558,sell_00000053,2024-04-14 01:33:10,33.31,2.37
order_00003036,3,prod_00000329,sell_00000079,2024-04-13 01:33:10,26.75,2.62
order_00003037,1,prod_00000283,sell_00000172,2025-10-04 17:52:43,56.4,4.42
order_00003038,1,prod_00000615,sell_00000112,2024-06-15 01:07:59,106.85,7.62
order_00003039,1,prod_00000449,sell_00000096,2025-12-03 14:15:15,68.78,4.67
order_00003040,1,prod_00000484,sell_00000244,2024-04-26 06:19:58,32.01,4.3
order_00003041,1,prod_00000293,sell_00000035,2025-10-30 13:01:07,121.91,15.22
order_00003041,2,prod_00000522,sell_00000065,2025-10-28 13:01:07,78.93,7.87
order_00003042,1,prod_00000328,sell_00000227,2024-08-02 00:44:00,111.52,12.88
order_00003043,1,prod_00000122,sell_00000214,2024-06-12 19:36:09,58.21,3.16
order_00003044,1,prod_00000497,sell_00000097,2024-12-16 09:49:00,108.92,14.86
order_00003045,1,prod_00000789,sell_00000107,2025-07-28 09:16:56,58.87,5.07
order_00003046,1,prod_00000322,sell_00000037,2025-04-02 14:42:45,68.78,7.09
order_00003047,1,prod_00000074,sell_00000200,2024-06-28 06:18:24,28.14,4.04
order_00003048,1,prod_00000131,sell_00000188,2025-07-05 19:44:43,99.77,17.13
order_00003049,1,prod_00000367,sell_00000020,2025-08-24 19:45:44,34.28,1.21
order_00003050,1,prod_00000040,sell_00000133,2024-10-03 19:59:06,287.17,50.91
order_00003051,1,prod_00000468,sell_00000170,2024-05-23 13:49:23,19.24,3.26
order_00003051,2,prod_00000737,sell_00000214,2024-05-24 13:49:23,84.07,12.92
order_00003052,1,prod_00000175,sell_00000132,2024-02-09 21:01:33,121.12,5.29
order_00003053,1,prod_00000099,sell_00000033,2024-12-30 13:55:30,9.59,0.39
order_00003054,1,prod_00000230,sell_00000183,2025-12-29 06:17:12,36.3,5.55
order_00003054,2,prod_00000505,sell_00000245,2025-12-27 06:17:12,147.79,19.78
order_00003055,1,prod_00000010,sell_00000189,2025-07-09 08:23:19,33.34,5.35
order_00003055,2,prod_00000488,sell_00000051,2025-07-12 08:23:19,36.49,1.44
order_00003055,3,prod_00000080,sell_00000161,2025-07-08 08:23:19,114.71,16.26
order_00003056,1,prod_00000534,sell_00000247,2024-08-12 23:03:55,20.0,2.88
order_00003057,1,prod_00000795,sell_00000118,2025-12-12 02:11:05,205.97,21.01
order_00003058,1,prod_00000766,sell_00000127,2025-01-25 10:10:25,41.13,7.03
order_00003059,1,prod_00000310,sell_00000143,2024-05-21 17:57:06,55.36,8.31
order_00003060,1,prod_00000634,sell_00000063,2025-07-25 19:19:56,69.7,10.28
order_00003060,2,prod_00000354,sell_00000108,2025-07-20 19:19:56,6.27,0.95
order_00003060,3,prod_00000334,sell_00000146,2025-07-25 19:19:56,38.44,6.91
order_00003060,4,prod_00000610,sell_00000053,2025-07-22 19:19:56,93.16,7.72
order_00003061,1,prod_00000201,sell_00000203,2025-06-15 04:58:06,37.02,2.35
order_00003061,2,prod_00000592,sell_00000014,2025-06-16 04:58:06,59.53,9.8
order_00003061,3,prod_00000276,sell_00000071,2025-06-19 04:58:06,60.92,6.71
order_00003062,1,prod_00000217,sell_00000137,2025-10-09 02:35:46,50.15,2.34
order_00003062,2,prod_00000550,sell_00000214,2025-10-13 02:35:46,180.84,26.28
order_00003062,3,prod_00000082,sell_00000017,2025-10-11 02:35:46,218.82,20.68
order_00003063,1,prod_00000549,sell_00000096,2025-01-27 12:14:51,46.36,7.07
order_00003064,1,prod_00000546,sell_00000197,2024-08-24 23:21:52,83.48,8.21
order_00003065,1,prod_00000199,sell_00000106,2024-05-26 13:33:40,12.29,1.99
order_00003066,1,prod_00000284,sell_00000094,2025-06-09 08:25:41,130.22,12.84
order_00003066,2,prod_00000376,sell_00000141,2025-06-09 08:25:41,219.45,29.5
order_00003067,1,prod_00000050,sell_00000128,2024-12-23 20:53:26,48.08,7.82
order_00003068,1,prod_00000097,sell_00000072,2025-08-02 07:42:21,67.39,9.82
order_00003069,1,prod_00000632,sell_00000052,2025-10-20 13:11:53,89.81,5.19
order_00003070,1,prod_00000545,sell_00000119,2025-10-10 02:59:43,75.54,9.68
order_00003071,1,prod_00000735,sell_00000242,2024-12-15 03:59:00,11.93,1.46
order_00003071,2,prod_00000046,sell_00000094,2024-12-11 03:59:00,210.2,28.88
order_00003072,1,prod_00000456,sell_00000120,2024-09-17 06:05:07,56.68,4.56
order_00003072,2,prod_00000157,sell_00000046,2024-09-16 06:05:07,97.34,13.39
order_00003072,3,prod_00000650,sell_00000189,2024-09-17 06:05:07,43.62,3.49
order_00003073,1,prod_00000186,sell_00000093,2025-03-09 08:30:37,15.3,0.63
order_00003074,1,prod_00000139,sell_00000195,2025-02-13 20:38:19,30.65,3.7
order_00003075,1,prod_00000200,sell_00000051,2025-08-11 18:40:58,23.39,1.29
order_00003076,1,prod_00000164,sell_00000107,2024-08-05 13:41:34,215.13,25.59
order_00003076,2,prod_00000008,sell_00000191,2024-08-01 13:41:34,19.77,0.81
order_00003077,1,prod_00000508,sell_00000060,2025-06-04 12:21:57,27.97,3.47
order_00003078,1,prod_00000553,sell_00000003,2024-01-13 15:49:58,69.5,11.25
order_00003079,1,prod_00000153,sell_00000243,2024-05-12 20:26:09,108.82,7.09
order_00003080,1,prod_00000241,sell_00000152,2024-11-28 05:01:48,108.78,10.96
order_00003081,1,prod_00000592,sell_00000097,2025-12-10 11:43:11,39.2,2.85
order_00003082,1,prod_00000340,sell_00000164,2024-06-12 03:51:26,58.09,2.49
order_00003083,1,prod_00000757,sell_00000097,2024-09-09 01:50:24,97.91,7.36
order_00003084,1,prod_00000255,sell_00000050,2025-09-04 05:27:07,5.57,0.6
order_00003085,1,prod_00000413,sell_00000161,2024-04-19 12:58:15,17.4,2.6
order_00003086,1,prod_00000054,sell_00000131,2024-12-09 12:32:58,30.92,1.16
order_00003087,1,prod_00000738,sell_00000102,2025-03-28 19:28:56,76.89,5.71
order_00003087,2,prod_00000366,sell_00000141,2025-03-29 19:28:56,90.52,13.61
order_00003088,1,prod_00000264,sell_00000204,2025-11-25 12:52:17,300.39,31.55
order_00003089,1,prod_00000794,sell_00000171,2025-09-29 11:20:55,83.83,12.56
order_00003090,1,prod_00000319,sell_00000119,2025-04-24 23:55:01,242.17,34.1
order_00003090,2,prod_00000165,sell_00000089,2025-04-19 23:55:01,58.09,4.16
order_00003090,3,prod_00000778,sell_00000085,2025-04-23 23:55:01,96.09,9.85
order_00003091,1,prod_00000497,sell_00000242,2024-11-01 17:50:01,28.94,3.21
order_00003092,1,prod_00000565,sell_00000089,2024-09-22 16:01:40,25.77,4.55
order_00003092,2,prod_00000284,sell_00000193,2024-09-20 16:01:40,43.1,4.63
order_00003093,1,prod_00000705,sell_00000039,2024-03-06 11:48:18,21.27,3.43
order_00003094,1,prod_00000261,sell_00000149,2024-02-27 11:45:47,125.19,9.52
order_00003095,1,prod_00000224,sell_00000217,2024-10-11 19:11:04,56.99,9.8
order_00003095,2,prod_00000249,sell_00000122,2024-10-12 19:11:04,110.74,8.78
order_00003095,3,prod_00000772,sell_00000194,2024-10-08 19:11:04,172.84,17.27
order_00003095,4,prod_00000129,sell_00000096,2024-10-08 19:11:04,35.84,3.38
order_00003096,1,prod_00000729,sell_00000050,2024-05-09 22:23:10,154.97,20.44
order_00003096,2,prod_00000006,sell_00000057,2024-05-07 22:23:10,15.4,0.61
order_00003097,1,prod_00000470,sell_00000095,2024-11-19 18:19:19,59.51,5.25
order_00003098,1,prod_00000257,sell_00000063,2024-10-27 08:55:04,32.62,3.43
order_00003099,1,prod_00000419,sell_00000012,2025-01-24 04:17:32,32.07,4.31
order_00003100,1,prod_00000349,sell_00000152,2025-11-23 05:54:12,47.25,7.01
order_00003100,2,prod_00000025,sell_00000241,2025-11-23 05:54:12,51.8,7.98
order_00003100,3,prod_00000649,sell_00000233,2025-11-23 05:54:12,93.19,9.52
order_00003101,1,prod_00000560,sell_00000189,2025-03-22 14:28:00,57.32,4.89
order_00003102,1,prod_00000288,sell_00000010,2025-12-22 02:35:50,46.24,7.14
order_00003103,1,prod_00000504,sell_00000021,2025-10-06 16:39:52,35.1,3.44
order_00003103,2,prod_00000642,sell_00000004,2025-10-04 16:39:52,130.35,16.14
order_00003104,1,prod_00000099,sell_00000176,2024-12-07 21:22:42,161.39,17.06
order_00003105,1,prod_00000080,sell_00000105,2024-05-11 07:01:57,146.76,14.8
order_00003106,1,prod_00000054,sell_00000069,2025-01-01 14:01:32,20.93,1.91
order_00003107,1,prod_00000576,sell_00000114,2024-01-06 09:34:37,106.55,17.43
order_00003107,2,prod_00000413,sell_00000138,2024-01-09 09:34:37,27.26,1.0
order_00003107,3,prod_00000750,sell_00000041,2024-01-05 09:34:37,63.67,7.16
order_00003108,1,prod_00000017,sell_00000248,2024-09-17 08:39:25,21.02,0.73
order_00003108,2,prod_00000183,sell_00000009,2024-09-18 08:39:25,161.28,15.97
order_00003109,1,prod_00000153,sell_00000153,2024-12-15 16:33:01,125.7,21.47
order_00003109,2,prod_00000530,sell_00000193,2024-12-15 16:33:01,106.12,5.72
order_00003110,1,prod_00000397,sell_00000248,2025-12-16 13:22:45,51.95,6.67
order_00003111,1,prod_00000361,sell_00000092,2025-10-02 03:14:55,11.2,0.65
order_00003111,2,prod_00000446,sell_00000106,2025-10-05 03:14:55,87.9,8.72
order_00003111,3,prod_00000078,sell_00000087,2025-10-04 03:14:55,134.49,13.98
order_00003112,1,prod_00000380,sell_00000235,2024-12-23 04:12:30,17.83,1.51
order_00003112,2,prod_00000270,sell_00000151,2024-12-20 04:12:30,69.24,6.04
order_00003113,1,prod_00000184,sell_00000039,2024-12-06 23:53:53,88.38,13.38
order_00003114,1,prod_00000603,sell_00000103,2024-04-20 01:46:20,57.49,4.4
order_00003115,1,prod_00000392,sell_00000212,2025-10-15 07:20:12,470.01,84.47
order_00003115,2,prod_00000132,sell_00000152,2025-10-10 07:20:12,20.45,1.95
order_00003116,1,prod_00000058,sell_00000153,2025-05-13 10:52:12,57.45,4.0
order_00003117,1,prod_00000604,sell_00000127,2025-10-20 07:01:48,52.18,1.67
order_00003118,1,prod_00000006,sell_00000046,2025-02-10 15:29:02,200.73,14.75
order_00003119,1,prod_00000410,sell_00000056,2024-06-18 02:27:48,80.13,5.38
order_00003119,2,prod_00000565,sell_00000121,2024-06-16 02:27:48,96.01,15.85
order_00003120,1,prod_00000485,sell_00000100,2024-08-17 12:28:41,39.72,5.16
order_00003121,1,prod_00000515,sell_00000239,2025-10-16 20:29:07,41.94,2.77
order_00003121,2,prod_00000488,sell_00000187,2025-10-16 20:29:07,48.33,2.16
order_00003121,3,prod_00000604,sell_00000166,2025-10-13 20:29:07,66.67,5.67
order_00003121,4,prod_00000108,sell_00000020,2025-10-14 20:29:07,96.51,12.06
order_00003122,1,prod_00000401,sell_00000090,2024-11-01 09:45:56,52.66,4.58
order_00003122,2,prod_00000448,sell_00000066,2024-11-01 09:45:56,55.98,8.9
order_00003122,3,prod_00000044,sell_00000176,2024-11-03 09:45:56,145.4,25.41
order_00003123,1,prod_00000630,sell_00000197,2024-02-26 04:15:36,35.65,5.23
order_00003124,1,prod_00000066,sell_00000125,2025-10-26 02:28:22,37.33,5.3
order_00003125,1,prod_00000737,sell_00000202,2024-09-23 20:15:42,99.14,16.26
order_00003126,1,prod_00000442,sell_00000121,2024-05-15 10:29:57,465.52,28.78
order_00003127,1,prod_00000159,sell_00000097,2025-01-10 19:39:39,29.39,1.95
order_00003128,1,prod_00000626,sell_00000166,2024-06-03 16:08:44,22.49,4.03
order_00003129,1,prod_00000445,sell_00000222,2024-12-27 23:38:40,87.67,14.28
order_00003130,1,prod_00000215,sell_00000147,2024-11-03 22:14:37,51.25,7.09
order_00003131,1,prod_00000044,sell_00000167,2025-12-10 16:18:33,20.72,1.59
order_00003131,2,prod_00000277,sell_00000060,2025-12-09 16:18:33,30.22,1.41
order_00003132,1,prod_00000075,sell_00000074,2024-08-08 10:07:34,104.96,11.49
order_00003133,1,prod_00000111,sell_00000051,2025-05-06 18:38:29,125.73,16.0
order_00003133,2,prod_00000379,sell_00000217,2025-05-08 18:38:29,18.66,1.72
order_00003133,3,prod_00000604,sell_00000200,2025-05-06 18:38:29,65.31,6.75
order_00003134,1,prod_00000750,sell_00000245,2024-03-02 21:28:02,179.59,14.33
order_00003134,2,prod_00000328,sell_00000013,2024-02-28 21:28:02,31.56,4.03
order_00003134,3,prod_00000741,sell_00000198,2024-03-03 21:28:02,16.96,2.63
order_00003134,4,prod_00000271,sell_00000102,2024-03-04 21:28:02,108.94,6.58
order_00003135,1,prod_00000591,sell_00000162,2025-05-03 22:49:17,39.64,1.52
order_00003135,2,prod_00000744,sell_00000193,2025-04-30 22:49:17,46.24,5.46
order_00003136,1,prod_00000412,sell_00000053,2024-09-13 22:29:42,23.63,0.9
order_00003136,2,prod_00000773,sell_00000229,2024-09-15 22:29:42,55.87,6.3
order_00003137,1,prod_00000718,sell_00000061,2024-10-24 13:25:00,110.31,11.31
order_00003137,2,prod_00000492,sell_00000226,2024-10-23 13:25:00,40.59,5.52
order_00003137,3,prod_00000425,sell_00000111,2024-10-22 13:25:00,70.36,7.58
order_00003138,1,prod_00000590,sell_00000128,2025-01-17 13:57:38,28.37,3.8
order_00003139,1,prod_00000358,sell_00000000,2024-08-13 09:04:40,62.36,4.5
order_00003140,1,prod_00000628,sell_00000127,2024-08-11 23:38:58,44.32,2.23
order_00003141,1,prod_00000210,sell_00000069,2025-12-06 10:45:15,48.37,5.15
order_00003141,2,prod_00000546,sell_00000216,2025-12-06 10:45:15,45.81,7.79
order_00003141,3,prod_00000570,sell_00000150,2025-12-09 10:45:15,34.95,3.76
order_00003142,1,prod_00000466,sell_00000106,2025-07-06 02:36:21,83.23,8.62
order_00003143,1,prod_00000770,sell_00000161,2025-03-10 17:00:39,50.58,8.94
order_00003143,2,prod_00000299,sell_00000204,2025-03-06 17:00:39,105.83,14.0
order_00003144,1,prod_00000785,sell_00000034,2024-03-19 14:42:12,16.59,1.28
order_00003145,1,prod_00000277,sell_00000044,2025-02-15 17:49:51,15.5,0.84
order_00003146,1,prod_00000583,sell_00000131,2025-09-16 05:00:26,20.33,3.16
order_00003147,1,prod_00000001,sell_00000159,2024-08-24 02:07:16,52.09,8.49
order_00003147,2,prod_00000098,sell_00000195,2024-08-24 02:07:16,17.59,0.83
order_00003147,3,prod_00000455,sell_00000003,2024-08-22 02:07:16,171.59,13.24
order_00003148,1,prod_00000745,sell_00000131,2025-11-02 12:41:23,34.5,5.1
order_00003148,2,prod_00000093,sell_00000231,2025-11-02 12:41:23,82.15,11.42
order_00003148,3,prod_00000617,sell_00000158,2025-10-31 12:41:23,175.06,13.13
order_00003148,4,prod_00000209,sell_00000039,2025-11-03 12:41:23,60.12,3.63
order_00003149,1,prod_00000634,sell_00000164,2024-04-28 02:17:41,85.6,9.46
order_00003150,1,prod_00000339,sell_00000023,2025-01-06 13:55:01,136.6,14.94
order_00003150,2,prod_00000189,sell_00000241,2025-01-09 13:55:01,7.2,0.47
order_00003150,3,prod_00000624,sell_00000055,2025-01-09 13:55:01,275.71,26.51
order_00003151,1,prod_00000404,sell_00000035,2024-08-31 03:31:06,14.69,0.55
order_00003152,1,prod_00000722,sell_00000048,2025-06-11 21:35:41,136.02,10.75
order_00003153,1,prod_00000521,sell_00000246,2024-06-08 14:31:05,86.55,9.28
order_00003153,2,prod_00000779,sell_00000097,2024-06-11 14:31:05,50.87,2.46
order_00003154,1,prod_00000020,sell_00000184,2024-08-10 04:07:56,20.33,1.65
order_00003154,2,prod_00000424,sell_00000053,2024-08-13 04:07:56,27.78,4.78
order_00003155,1,prod_00000796,sell_00000234,2025-01-21 11:46:17,15.71,0.82
order_00003155,2,prod_00000134,sell_00000207,2025-01-20 11:46:17,95.18,14.48
order_00003156,1,prod_00000146,sell_00000159,2024-06-14 13:45:06,88.2,15.69
order_00003157,1,prod_00000330,sell_00000073,2024-07-11 11:13:17,48.74,6.24
order_00003158,1,prod_00000481,sell_00000181,2025-03-26 02:46:55,23.86,0.85
order_00003158,2,prod_00000256,sell_00000192,2025-03-25 02:46:55,12.24,1.14
order_00003159,1,prod_00000222,sell_00000175,2024-04-05 11:51:00,44.54,3.85
order_00003159,2,prod_00000647,sell_00000204,2024-04-04 11:51:00,89.27,10.93
order_00003160,1,prod_00000774,sell_00000124,2024-03-19 13:22:33,29.63,4.38
order_00003160,2,prod_00000671,sell_00000118,2024-03-20 13:22:33,49.24,8.61
order_00003160,3,prod_00000318,sell_00000120,2024-03-20 13:22:33,15.04,1.89
order_00003161,1,prod_00000769,sell_00000152,2024-06-26 03:10:05,110.22,15.41
order_00003161,2,prod_00000405,sell_00000189,2024-06-26 03:10:05,51.52,3.26
order_00003162,1,prod_00000155,sell_00000052,2025-09-04 16:57:27,24.67,2.41
order_00003163,1,prod_00000176,sell_00000102,2025-04-04 06:12:53,42.28,5.1
order_00003164,1,prod_00000746,sell_00000027,2025-08-07 00:50:29,21.12,1.49
order_00003165,1,prod_00000175,sell_00000146,2024-04-24 20:53:07,37.67,5.39
order_00003165,2,prod_00000350,sell_00000191,2024-04-28 20:53:07,90.41,11.27
order_00003166,1,prod_00000536,sell_00000054,2025-11-02 16:33:15,76.92,6.83
order_00003167,1,prod_00000557,sell_00000223,2025-01-25 14:10:50,12.28,2.1
order_00003168,1,prod_00000755,sell_00000174,2024-12-23 21:36:14,59.11,5.8
order_00003169,1,prod_00000691,sell_00000129,2024-03-31 17:22:27,33.76,1.94
order_00003169,2,prod_00000200,sell_00000224,2024-03-31 17:22:27,175.61,16.84
order_00003170,1,prod_00000387,sell_00000115,2024-06-10 17:43:18,46.64,4.74
order_00003170,2,prod_00000339,sell_00000139,2024-06-12 17:43:18,33.3,5.94
order_00003171,1,prod_00000777,sell_00000055,2024-08-11 01:31:23,23.59,3.34
order_00003171,2,prod_00000401,sell_00000071,2024-08-07 01:31:23,111.18,3.43
order_00003172,1,prod_00000048,sell_00000051,2024-06-07 23:55:41,115.88,13.97
order_00003172,2,prod_00000589,sell_00000173,2024-06-07 23:55:41,13.93,1.16
order_00003173,1,prod_00000762,sell_00000067,2025-02-27 16:09:39,183.03,28.5
order_00003174,1,prod_00000285,sell_00000139,2025-05-21 10:45:47,139.78,19.12
order_00003174,2,prod_00000748,sell_00000212,2025-05-19 10:45:47,49.57,6.15
order_00003175,1,prod_00000617,sell_00000161,2024-12-06 19:11:16,33.56,1.82
order_00003175,2,prod_00000190,sell_00000011,2024-12-01 19:11:16,73.41,5.59
order_00003176,1,prod_00000014,sell_00000102,2024-09-13 06:15:14,11.98,0.51
order_00003177,1,prod_00000469,sell_00000232,2024-08-14 02:29:16,81.26,10.12
order_00003177,2,prod_00000290,sell_00000200,2024-08-19 02:29:16,53.87,6.6
order_00003178,1,prod_00000564,sell_00000077,2024-03-29 23:27:59,130.94,16.81
order_00003179,1,prod_00000292,sell_00000008,2025-10-31 18:41:56,99.07,5.74
order_00003180,1,prod_00000738,sell_00000221,2024-04-02 00:53:59,143.86,24.55
order_00003181,1,prod_00000644,sell_00000034,2024-08-20 15:34:49,63.91,4.72
order_00003182,1,prod_00000773,sell_00000196,2024-02-08 15:32:31,26.04,2.74
order_00003182,2,prod_00000228,sell_00000182,2024-02-06 15:32:31,22.46,3.48
order_00003182,3,prod_00000313,sell_00000209,2024-02-07 15:32:31,37.37,2.36
order_00003183,1,prod_00000197,sell_00000106,2025-08-07 09:25:45,39.28,6.57
order_00003184,1,prod_00000392,sell_00000216,2024-01-16 11:07:33,30.11,2.45
order_00003185,1,prod_00000605,sell_00000160,2024-11-22 11:59:27,15.76,2.23
order_00003186,1,prod_00000159,sell_00000054,2025-12-07 18:59:40,54.23,6.6
order_00003187,1,prod_00000191,sell_00000125,2024-05-25 05:45:09,66.01,11.88
order_00003188,1,prod_00000065,sell_00000147,2024-06-01 18:51:19,52.7,7.57
order_00003189,1,prod_00000651,sell_00000001,2025-01-22 14:24:13,75.96,10.44
order_00003190,1,prod_00000215,sell_00000181,2024-05-09 15:05:53,48.66,6.17
order_00003191,1,prod_00000093,sell_00000177,2025-01-19 13:41:03,32.63,5.64
order_00003191,2,prod_00000100,sell_00000181,2025-01-19 13:41:03,33.61,5.56
order_00003191,3,prod_00000528,sell_00000186,2025-01-17 13:41:03,25.81,1.0
order_00003192,1,prod_00000254,sell_00000094,2025-06-23 02:23:09,24.34,2.98
order_00003193,1,prod_00000187,sell_00000005,2025-12-04 02:05:13,80.11,13.44
order_00003194,1,prod_00000219,sell_00000157,2025-02-16 08:03:09,71.22,5.85
order_00003195,1,prod_00000492,sell_00000004,2025-01-12 23:58:24,42.05,2.06
order_00003195,2,prod_00000627,sell_00000246,2025-01-12 23:58:24,87.41,7.24
order_00003195,3,prod_00000072,sell_00000133,2025-01-10 23:58:24,79.48,7.74
order_00003196,1,prod_00000615,sell_00000030,2024-12-16 21:43:57,82.7,13.29
order_00003197,1,prod_00000793,sell_00000238,2024-10-18 05:45:56,97.43,15.5
order_00003198,1,prod_00000450,sell_00000245,2024-12-12 09:31:52,148.76,5.67
order_00003199,1,prod_00000288,sell_00000089,2024-07-24 07:53:55,10.43,0.96
order_00003200,1,prod_00000538,sell_00000096,2024-07-30 16:59:22,19.81,1.47
order_00003201,1,prod_00000000,sell_00000085,2025-11-05 01:36:11,24.08,2.98
order_00003201,2,prod_00000720,sell_00000162,2025-11-06 01:36:11,75.96,5.13
order_00003201,3,prod_00000530,sell_00000066,2025-11-04 01:36:11,60.65,5.97
order_00003202,1,prod_00000230,sell_00000136,2025-05-14 15:46:27,90.89,4.83
order_00003203,1,prod_00000024,sell_00000096,2024-01-16 19:55:45,228.42,12.5
order_00003203,2,prod_00000242,sell_00000178,2024-01-14 19:55:45,29.31,4.72
order_00003204,1,prod_00000054,sell_00000142,2025-12-28 06:52:15,81.3,13.31
order_00003204,2,prod_00000375,sell_00000235,2025-12-28 06:52:15,17.93,2.74
order_00003204,3,prod_00000094,sell_00000236,2025-12-26 06:52:15,123.25,14.67
order_00003204,4,prod_00000787,sell_00000006,2025-12-26 06:52:15,36.58,5.79
order_00003205,1,prod_00000703,sell_00000125,2025-06-27 04:43:54,61.13,5.41
order_00003206,1,prod_00000018,sell_00000222,2024-07-10 06:04:51,200.29,20.15
order_00003207,1,prod_00000123,sell_00000009,2025-01-10 10:20:13,70.55,10.35
order_00003208,1,prod_00000640,sell_00000178,2025-06-26 20:44:51,38.37,6.67
order_00003209,1,prod_00000151,sell_00000004,2024-12-04 04:27:27,69.97,4.42
order_00003210,1,prod_00000118,sell_00000049,2024-09-04 11:50:50,105.59,12.48
order_00003211,1,prod_00000287,sell_00000083,2025-08-26 02:55:52,35.28,1.38
order_00003212,1,prod_00000105,sell_00000018,2025-01-29 05:42:44,79.69,11.64
order_00003212,2,prod_00000020,sell_00000137,2025-01-30 05:42:44,97.08,15.67
order_00003213,1,prod_00000091,sell_00000194,2025-04-25 04:22:00,11.98,1.04
order_00003213,2,prod_00000040,sell_00000224,2025-04-23 04:22:00,228.48,22.54
order_00003213,3,prod_00000083,sell_00000213,2025-04-22 04:22:00,22.64,3.53
order_00003214,1,prod_00000642,sell_00000098,2025-05-28 10:01:17,45.84,5.32
order_00003215,1,prod_00000409,sell_00000242,2024-05-23 01:59:26,90.27,13.89
order_00003215,2,prod_00000648,sell_00000156,2024-05-21 01:59:26,8.35,0.92
order_00003216,1,prod_00000678,sell_00000041,2024-04-04 03:11:25,16.65,0.65
order_00003217,1,prod_00000400,sell_00000226,2025-01-24 09:44:35,85.1,11.39
order_00003217,2,prod_00000228,sell_00000113,2025-01-25 09:44:35,18.63,2.05
order_00003217,3,prod_00000569,sell_00000200,2025-01-23 09:44:35,73.72,6.1
order_00003218,1,prod_00000464,sell_00000202,2024-02-11 17:12:58,47.17,4.4
order_00003218,2,prod_00000178,sell_00000088,2024-02-13 17:12:58,66.8,11.1
order_00003219,1,prod_00000501,sell_00000051,2024-05-12 01:07:56,61.02,1.9
order_00003220,1,prod_00000486,sell_00000072,2024-09-14 12:09:02,90.74,7.32
order_00003221,1,prod_00000492,sell_00000221,2024-03-23 07:36:44,32.8,1.02
order_00003222,1,prod_00000233,sell_00000132,2024-06-04 02:19:10,37.72,2.56
order_00003223,1,prod_00000468,sell_00000012,2024-10-25 12:25:41,105.57,8.47
order_00003224,1,prod_00000581,sell_00000152,2024-04-12 21:57:24,63.63,2.45
order_00003224,2,prod_00000421,sell_00000044,2024-04-12 21:57:24,33.49,2.38
order_00003225,1,prod_00000587,sell_00000237,2025-12-26 15:56:26,113.21,4.75
order_00003226,1,prod_00000761,sell_00000017,2025-07-31 03:31:48,23.54,3.07
order_00003227,1,prod_00000765,sell_00000023,2025-06-10 04:31:41,17.71,1.46
order_00003228,1,prod_00000234,sell_00000233,2024-05-08 20:10:52,76.97,3.53
order_00003229,1,prod_00000060,sell_00000140,2024-06-30 15:46:20,108.26,12.09
order_00003230,1,prod_00000776,sell_00000192,2025-02-10 05:23:26,30.48,4.13
order_00003231,1,prod_00000652,sell_00000227,2024-11-18 10:05:09,34.21,4.6
order_00003232,1,prod_00000310,sell_00000161,2024-09-09 02:42:27,51.55,3.22
order_00003233,1,prod_00000241,sell_00000007,2025-09-10 12:20:10,16.88,2.97
order_00003234,1,prod_00000615,sell_00000154,2025-05-04 06:18:10,37.37,5.49
order_00003234,2,prod_00000473,sell_00000221,2025-05-03 06:18:10,40.57,2.1
order_00003235,1,prod_00000729,sell_00000120,2024-05-10 20:13:33,68.32,9.89
order_00003236,1,prod_00000734,sell_00000150,2024-12-04 02:58:16,15.08,2.62
order_00003237,1,prod_00000063,sell_00000117,2025-07-02 19:28:43,30.05,3.45
order_00003238,1,prod_00000748,sell_00000049,2025-09-09 20:30:07,40.16,6.84
order_00003238,2,prod_00000036,sell_00000020,2025-09-05 20:30:07,34.82,2.85
order_00003239,1,prod_00000107,sell_00000226,2024-02-26 02:52:05,97.18,15.48
order_00003240,1,prod_00000092,sell_00000146,2026-01-01 13:02:43,39.98,6.48
order_00003240,2,prod_00000183,sell_00000025,2025-12-30 13:02:43,16.89,3.02
order_00003241,1,prod_00000058,sell_00000103,2025-06-16 02:17:13,46.89,3.46
order_00003242,1,prod_00000155,sell_00000137,2025-07-10 02:52:52,40.31,7.25
order_00003242,2,prod_00000030,sell_00000094,2025-07-09 02:52:52,15.78,2.52
order_00003242,3,prod_00000699,sell_00000175,2025-07-11 02:52:52,39.75,7.0
order_00003243,1,prod_00000064,sell_00000143,2025-12-03 23:35:32,113.94,19.32
order_00003244,1,prod_00000038,sell_00000211,2025-10-14 12:14:27,47.03,3.46
order_00003245,1,prod_00000267,sell_00000113,2025-03-18 06:18:35,72.59,8.17
order_00003246,1,prod_00000003,sell_00000134,2024-11-08 14:31:31,18.56,1.07
order_00003247,1,prod_00000353,sell_00000240,2025-10-16 18:49:44,107.8,8.97
order_00003248,1,prod_00000229,sell_00000095,2025-08-24 15:32:30,61.36,4.4
order_00003249,1,prod_00000441,sell_00000130,2024-03-05 12:06:26,41.32,3.36
order_00003250,1,prod_00000549,sell_00000134,2024-04-21 05:57:13,14.54,2.18
order_00003251,1,prod_00000245,sell_00000136,2025-10-11 12:09:17,190.92,14.13
order_00003252,1,prod_00000204,sell_00000230,2025-07-03 17:03:35,78.42,9.1
order_00003252,2,prod_00000165,sell_00000199,2025-07-03 17:03:35,200.29,24.51
order_00003252,3,prod_00000619,sell_00000148,2025-07-02 17:03:35,97.12,9.7
order_00003253,1,prod_00000392,sell_00000237,2025-04-15 17:03:56,182.42,27.98
order_00003253,2,prod_00000211,sell_00000235,2025-04-18 17:03:56,23.26,1.98
order_00003253,3,prod_00000799,sell_00000139,2025-04-18 17:03:56,42.04,3.35
order_00003254,1,prod_00000580,sell_00000188,2025-09-30 04:34:03,73.73,12.2
order_00003255,1,prod_00000099,sell_00000006,2025-12-04 11:41:13,208.18,31.82
order_00003255,2,prod_00000164,sell_00000152,2025-12-06 11:41:13,319.31,21.31
order_00003255,3,prod_00000342,sell_00000103,2025-12-05 11:41:13,60.36,2.24
order_00003256,1,prod_00000594,sell_00000042,2024-06-01 17:20:43,65.59,5.94
order_00003256,2,prod_00000456,sell_00000101,2024-06-04 17:20:43,171.5,7.32
order_00003256,3,prod_00000087,sell_00000078,2024-06-01 17:20:43,51.76,2.27
order_00003256,4,prod_00000796,sell_00000062,2024-06-01 17:20:43,36.95,3.04
order_00003257,1,prod_00000586,sell_00000242,2024-04-16 05:08:30,38.18,3.74
order_00003258,1,prod_00000615,sell_00000235,2024-02-23 10:55:34,137.34,12.49
order_00003259,1,prod_00000709,sell_00000032,2024-02-16 07:44:30,25.91,1.32
order_00003259,2,prod_00000726,sell_00000062,2024-02-16 07:44:30,70.23,3.05
order_00003259,3,prod_00000461,sell_00000155,2024-02-14 07:44:30,96.96,13.25
order_00003260,1,prod_00000657,sell_00000143,2025-06-29 23:56:32,45.91,4.41
order_00003260,2,prod_00000260,sell_00000094,2025-06-29 23:56:32,144.98,17.32
order_00003261,1,prod_00000224,sell_00000176,2024-11-15 17:08:16,17.79,0.85
order_00003262,1,prod_00000309,sell_00000182,2024-06-29 22:47:19,175.38,11.1
order_00003263,1,prod_00000674,sell_00000224,2024-01-12 19:19:54,25.18,2.31
order_00003263,2,prod_00000672,sell_00000019,2024-01-12 19:19:54,36.56,4.27
order_00003264,1,prod_00000351,sell_00000206,2025-08-03 21:46:04,40.35,2.1
order_00003265,1,prod_00000525,sell_00000104,2025-08-12 15:55:30,22.06,2.36
order_00003265,2,prod_00000158,sell_00000249,2025-08-15 15:55:30,179.99,27.39
order_00003265,3,prod_00000601,sell_00000187,2025-08-16 15:55:30,38.54,6.52
order_00003266,1,prod_00000085,sell_00000148,2024-10-13 15:22:52,11.98,1.67
order_00003266,2,prod_00000139,sell_00000208,2024-10-18 15:22:52,123.5,20.53
order_00003266,3,prod_00000490,sell_00000110,2024-10-14 15:22:52,29.73,3.87
order_00003267,1,prod_00000256,sell_00000055,2025-03-10 10:56:47,227.55,39.92
order_00003268,1,prod_00000576,sell_00000184,2025-01-12 08:24:09,7.68,0.68
order_00003269,1,prod_00000455,sell_00000021,2024-02-01 17:40:27,138.78,18.3
order_00003270,1,prod_00000759,sell_00000118,2024-08-08 06:01:33,25.39,2.8
order_00003271,1,prod_00000297,sell_00000211,2024-05-23 02:42:39,213.55,16.97
order_00003271,2,prod_00000313,sell_00000060,2024-05-20 02:42:39,149.58,12.92
order_00003271,3,prod_00000775,sell_00000128,2024-05-23 02:42:39,97.31,13.91
order_00003271,4,prod_00000733,sell_00000168,2024-05-25 02:42:39,43.82,5.28
order_00003272,1,prod_00000556,sell_00000229,2024-01-28 01:53:15,22.49,1.56
order_00003273,1,prod_00000275,sell_00000208,2024-06-21 11:04:46,62.89,2.8
order_00003274,1,prod_00000099,sell_00000178,2025-06-28 06:50:43,230.48,20.85
order_00003274,2,prod_00000221,sell_00000045,2025-06-28 06:50:43,66.68,10.35
order_00003275,1,prod_00000537,sell_00000090,2025-10-24 23:44:40,24.23,0.99
order_00003276,1,prod_00000302,sell_00000124,2024-07-08 09:03:53,56.86,5.34
order_00003277,1,prod_00000476,sell_00000176,2025-07-15 07:39:01,368.04,36.52
order_00003277,2,prod_00000379,sell_00000187,2025-07-16 07:39:01,195.28,14.5
order_00003277,3,prod_00000516,sell_00000001,2025-07-16 07:39:01,45.65,6.18
order_00003278,1,prod_00000537,sell_00000212,2025-04-09 07:32:00,84.93,14.57
order_00003279,1,prod_00000583,sell_00000130,2025-01-29 05:09:26,53.15,6.68
order_00003280,1,prod_00000774,sell_00000213,2024-03-13 00:38:51,34.32,2.47
order_00003281,1,prod_00000131,sell_00000160,2025-02-12 00:23:16,19.44,0.65
order_00003282,1,prod_00000421,sell_00000124,2024-10-25 08:14:56,35.44,1.31
order_00003283,1,prod_00000589,sell_00000087,2025-02-25 04:17:06,179.65,23.57
order_00003284,1,prod_00000080,sell_00000193,2025-10-29 18:26:08,98.93,14.24
order_00003285,1,prod_00000560,sell_00000193,2025-07-17 00:58:48,114.02,10.73
order_00003286,1,prod_00000193,sell_00000150,2024-10-06 12:43:41,56.07,5.18
order_00003287,1,prod_00000690,sell_00000076,2025-12-20 18:43:11,20.25,2.07
order_00003288,1,prod_00000416,sell_00000040,2025-07-25 01:34:48,23.48,2.73
order_00003288,2,prod_00000714,sell_00000093,2025-07-21 01:34:48,102.88,4.7
order_00003289,1,prod_00000476,sell_00000188,2024-10-29 06:43:44,18.14,1.7
order_00003290,1,prod_00000098,sell_00000003,2024-05-04 05:23:01,47.71,6.12
order_00003291,1,prod_00000251,sell_00000027,2025-12-22 03:51:22,70.38,5.79
order_00003291,2,prod_00000201,sell_00000108,2025-12-21 03:51:22,122.69,13.08
order_00003291,3,prod_00000532,sell_00000076,2025-12-24 03:51:22,9.13,1.38
order_00003292,1,prod_00000690,sell_00000045,2025-03-29 09:13:16,26.94,4.76
order_00003293,1,prod_00000115,sell_00000179,2025-05-23 15:04:45,36.81,6.5
order_00003294,1,prod_00000616,sell_00000003,2025-09-27 09:04:00,80.85,6.54
order_00003294,2,prod_00000754,sell_00000112,2025-09-23 09:04:00,162.52,20.82
order_00003294,3,prod_00000138,sell_00000142,2025-09-26 09:04:00,9.52,1.23
order_00003294,4,prod_00000023,sell_00000149,2025-09-24 09:04:00,37.48,1.2
order_00003295,1,prod_00000072,sell_00000184,2025-01-22 03:59:43,36.03,3.29
order_00003296,1,prod_00000462,sell_00000193,2025-04-10 01:43:37,69.78,4.19
order_00003296,2,prod_00000486,sell_00000029,2025-04-08 01:43:37,7.92,0.5
order_00003296,3,prod_00000119,sell_00000026,2025-04-10 01:43:37,480.39,41.85
order_00003297,1,prod_00000661,sell_00000199,2025-03-31 23:32:37,62.5,9.84
order_00003298,1,prod_00000015,sell_00000006,2024-07-02 01:49:02,77.29,11.37
order_00003299,1,prod_00000318,sell_00000219,2025-12-29 18:04:35,4.33,0.72
order_00003300,1,prod_00000414,sell_00000029,2024-12-17 15:17:25,17.81,1.84
order_00003301,1,prod_00000345,sell_00000042,2025-02-04 19:51:56,68.74,2.96
order_00003302,1,prod_00000428,sell_00000091,2024-10-03 06:38:28,71.93,11.01
order_00003303,1,prod_00000470,sell_00000171,2024-09-14 23:38:01,63.3,6.22
order_00003304,1,prod_00000132,sell_00000196,2024-06-03 23:23:51,87.55,9.33
order_00003305,1,prod_00000647,sell_00000129,2025-05-01 12:13:51,219.36,36.09
order_00003306,1,prod_00000518,sell_00000182,2025-07-02 01:41:42,24.05,3.49
order_00003306,2,prod_00000410,sell_00000092,2025-07-04 01:41:42,16.44,2.15
order_00003306,3,prod_00000638,sell_00000234,2025-07-04 01:41:42,77.04,9.55
order_00003307,1,prod_00000185,sell_00000082,2024-09-11 13:06:22,20.99,1.12
order_00003307,2,prod_00000516,sell_00000038,2024-09-07 13:06:22,20.56,0.83
order_00003308,1,prod_00000702,sell_00000070,2024-05-13 04:41:00,12.2,1.41
order_00003309,1,prod_00000569,sell_00000198,2024-03-30 18:08:00,67.02,7.18
order_00003309,2,prod_00000041,sell_00000240,2024-03-30 18:08:00,139.7,13.84
order_00003309,3,prod_00000214,sell_00000123,2024-03-30 18:08:00,28.36,3.65
order_00003310,1,prod_00000466,sell_00000199,2025-01-04 13:05:41,36.35,3.18
order_00003310,2,prod_00000798,sell_00000089,2025-01-03 13:05:41,56.22,2.16
order_00003310,3,prod_00000617,sell_00000043,2025-01-03 13:05:41,17.42,2.05
order_00003311,1,prod_00000612,sell_00000178,2025-06-14 07:21:47,74.33,6.64
order_00003311,2,prod_00000277,sell_00000094,2025-06-16 07:21:47,48.92,6.92
order_00003311,3,prod_00000389,sell_00000093,2025-06-14 07:21:47,22.99,2.3
order_00003312,1,prod_00000413,sell_00000091,2024-09-08 00:19:04,83.16,13.88
order_00003313,1,prod_00000705,sell_00000051,2024-03-19 08:25:22,25.73,2.09
order_00003314,1,prod_00000464,sell_00000163,2025-10-20 07:24:46,179.25,30.84
order_00003315,1,prod_00000164,sell_00000151,2024-07-24 01:15:38,134.99,6.9
order_00003315,2,prod_00000645,sell_00000005,2024-07-27 01:15:38,19.17,3.32
order_00003315,3,prod_00000556,sell_00000115,2024-07-25 01:15:38,54.09,9.44
order_00003315,4,prod_00000720,sell_00000164,2024-07-27 01:15:38,89.36,9.06
order_00003316,1,prod_00000693,sell_00000123,2025-05-20 13:05:09,32.16,4.94
order_00003316,2,prod_00000458,sell_00000082,2025-05-18 13:05:09,63.29,10.97
order_00003316,3,prod_00000543,sell_00000121,2025-05-21 13:05:09,115.42,3.47
order_00003316,4,prod_00000711,sell_00000033,2025-05-18 13:05:09,86.37,12.28
order_00003317,1,prod_00000742,sell_00000142,2024-07-12 09:22:57,80.22,7.21
order_00003318,1,prod_00000793,sell_00000199,2024-10-21 01:37:16,25.06,1.84
order_00003319,1,prod_00000085,sell_00000141,2024-09-08 04:47:08,63.62,10.06
order_00003320,1,prod_00000577,sell_00000194,2024-06-19 12:27:31,134.05,6.44
order_00003321,1,prod_00000264,sell_00000119,2024-03-24 21:27:02,64.43,3.51
order_00003322,1,prod_00000205,sell_00000226,2025-05-17 08:11:03,39.38,6.11
order_00003323,1,prod_00000521,sell_00000062,2024-08-29 06:08:01,59.85,4.5
order_00003323,2,prod_00000462,sell_00000003,2024-08-30 06:08:01,110.15,19.26
order_00003323,3,prod_00000587,sell_00000124,2024-08-31 06:08:01,25.94,4.03
order_00003323,4,prod_00000407,sell_00000218,2024-09-02 06:08:01,57.02,2.12
order_00003324,1,prod_00000797,sell_00000107,2025-10-02 21:13:33,14.53,1.88
order_00003325,1,prod_00000468,sell_00000085,2024-08-10 01:30:32,134.68,7.42
order_00003326,1,prod_00000505,sell_00000012,2025-02-02 08:04:58,79.65,3.53
order_00003327,1,prod_00000154,sell_00000140,2024-09-10 19:55:52,107.1,14.89
order_00003327,2,prod_00000209,sell_00000217,2024-09-06 19:55:52,34.47,3.45
order_00003327,3,prod_00000687,sell_00000211,2024-09-08 19:55:52,79.68,12.39
order_00003328,1,prod_00000542,sell_00000200,2024-01-15 02:17:41,67.22,6.97
order_00003329,1,prod_00000504,sell_00000142,2024-08-19 23:55:38,42.99,3.24
order_00003330,1,prod_00000491,sell_00000229,2024-05-29 20:18:08,29.56,1.22
order_00003331,1,prod_00000298,sell_00000232,2024-07-05 04:58:21,13.68,2.19
order_00003332,1,prod_00000216,sell_00000056,2025-10-11 15:48:41,67.32,3.4
order_00003333,1,prod_00000052,sell_00000228,2024-04-02 00:20:14,31.44,3.9
order_00003334,1,prod_00000548,sell_00000074,2024-08-16 23:41:23,46.62,4.56
order_00003334,2,prod_00000545,sell_00000209,2024-08-15 23:41:23,117.97,20.02
order_00003334,3,prod_00000689,sell_00000046,2024-08-18 23:41:23,91.83,11.92
order_00003334,4,prod_00000601,sell_00000108,2024-08-19 23:41:23,87.68,3.26
order_00003335,1,prod_00000584,sell_00000249,2024-10-22 19:39:52,186.31,25.91
order_00003336,1,prod_00000644,sell_00000197,2025-07-18 01:00:37,140.64,12.1
order_00003336,2,prod_00000759,sell_00000191,2025-07-20 01:00:37,97.43,5.62
order_00003336,3,prod_00000319,sell_00000207,2025-07-19 01:00:37,44.08,3.85
order_00003336,4,prod_00000391,sell_00000175,2025-07-19 01:00:37,61.18,5.12
order_00003337,1,prod_00000001,sell_00000194,2025-01-15 11:24:48,35.05,5.75
order_00003338,1,prod_00000537,sell_00000156,2024-03-10 13:47:42,120.52,14.93
order_00003339,1,prod_00000447,sell_00000109,2025-04-24 21:24:50,18.66,2.47
order_00003340,1,prod_00000720,sell_00000003,2025-10-01 09:46:44,40.17,5.6
order_00003340,2,prod_00000604,sell_00000166,2025-09-30 09:46:44,106.68,15.64
order_00003340,3,prod_00000784,sell_00000043,2025-10-04 09:46:44,57.41,3.95
order_00003341,1,prod_00000149,sell_00000159,2024-07-05 18:16:16,60.98,5.9
order_00003341,2,prod_00000798,sell_00000213,2024-07-06 18:16:16,29.26,4.5
order_00003342,1,prod_00000741,sell_00000045,2025-01-04 09:22:48,42.17,1.28
order_00003343,1,prod_00000761,sell_00000035,2025-09-11 20:08:37,69.72,3.51
order_00003344,1,prod_00000302,sell_00000042,2025-11-05 21:41:07,79.17,9.63
order_00003344,2,prod_00000379,sell_00000199,2025-11-05 21:41:07,8.34,1.43
order_00003345,1,prod_00000300,sell_00000095,2025-09-08 07:13:55,11.3,0.93
order_00003346,1,prod_00000179,sell_00000249,2024-12-22 19:57:11,25.52,0.94
order_00003346,2,prod_00000795,sell_00000089,2024-12-22 19:57:11,51.93,7.33
order_00003347,1,prod_00000544,sell_00000028,2025-01-14 05:06:31,27.25,1.56
order_00003348,1,prod_00000088,sell_00000246,2025-08-16 16:32:23,252.19,38.18
order_00003349,1,prod_00000626,sell_00000140,2025-03-06 06:26:28,85.36,14.02
order_00003349,2,prod_00000709,sell_00000165,2025-03-09 06:26:28,41.03,4.03
order_00003350,1,prod_00000554,sell_00000185,2025-10-27 18:17:09,14.67,1.57
order_00003350,2,prod_00000183,sell_00000103,2025-10-27 18:17:09,78.68,8.52
order_00003350,3,prod_00000281,sell_00000195,2025-10-22 18:17:09,77.05,4.47
order_00003351,1,prod_00000311,sell_00000013,2024-05-22 08:27:00,71.94,9.81
order_00003352,1,prod_00000585,sell_00000064,2024-05-20 22:11:40,34.1,6.1
order_00003352,2,prod_00000513,sell_00000069,2024-05-21 22:11:40,46.09,3.34
order_00003352,3,prod_00000440,sell_00000178,2024-05-19 22:11:40,9.69,0.49
order_00003352,4,prod_00000664,sell_00000113,2024-05-23 22:11:40,49.6,8.62
order_00003353,1,prod_00000409,sell_00000016,2024-07-17 05:50:33,18.53,1.42
order_00003354,1,prod_00000166,sell_00000202,2024-12-17 04:37:10,26.84,3.37
order_00003354,2,prod_00000397,sell_00000223,2024-12-21 04:37:10,88.62,14.17
order_00003355,1,prod_00000148,sell_00000186,2024-12-10 02:59:19,24.58,2.06
order_00003356,1,prod_00000547,sell_00000042,2024-05-03 12:22:28,63.05,6.93
order_00003357,1,prod_00000628,sell_00000218,2025-02-23 07:26:03,19.13,3.34
order_00003358,1,prod_00000347,sell_00000095,2024-10-01 05:56:42,36.48,5.38
order_00003359,1,prod_00000028,sell_00000202,2025-10-20 05:39:30,38.37,1.51
order_00003360,1,prod_00000309,sell_00000073,2025-01-20 01:03:12,79.73,4.86
order_00003360,2,prod_00000543,sell_00000191,2025-01-19 01:03:12,45.2,3.38
order_00003361,1,prod_00000798,sell_00000063,2024-07-05 16:55:31,161.0,5.67
order_00003362,1,prod_00000525,sell_00000116,2024-06-03 04:36:15,72.28,6.43
order_00003362,2,prod_00000715,sell_00000201,2024-06-03 04:36:15,49.36,5.69
order_00003362,3,prod_00000520,sell_00000164,2024-06-02 04:36:15,56.75,8.82
order_00003363,1,prod_00000748,sell_00000125,2025-07-06 04:04:21,238.01,37.04
order_00003364,1,prod_00000682,sell_00000120,2025-01-08 17:46:56,63.56,8.58
order_00003365,1,prod_00000369,sell_00000051,2025-01-24 21:00:00,55.0,2.71
order_00003366,1,prod_00000166,sell_00000037,2025-05-24 20:07:11,33.68,4.03
order_00003367,1,prod_00000086,sell_00000237,2025-08-19 20:26:44,20.57,3.63
order_00003367,2,prod_00000490,sell_00000043,2025-08-20 20:26:44,157.01,27.45
order_00003368,1,prod_00000314,sell_00000077,2024-04-22 10:18:18,69.17,6.06
order_00003369,1,prod_00000498,sell_00000232,2025-10-31 09:57:54,70.24,3.23
order_00003370,1,prod_00000779,sell_00000010,2025-05-29 15:03:49,62.91,10.05
order_00003371,1,prod_00000170,sell_00000185,2025-06-04 11:36:08,26.25,2.68
order_00003372,1,prod_00000435,sell_00000064,2024-05-10 08:11:08,28.62,1.71
order_00003373,1,prod_00000222,sell_00000081,2024-06-03 16:05:25,221.05,12.38
order_00003373,2,prod_00000595,sell_00000212,2024-06-01 16:05:25,270.39,12.72
order_00003374,1,prod_00000439,sell_00000134,2025-11-05 06:26:05,12.95,1.97
order_00003375,1,prod_00000741,sell_00000032,2024-03-15 03:00:12,22.82,3.81
order_00003376,1,prod_00000705,sell_00000062,2025-10-03 10:00:19,45.42,2.69
order_00003377,1,prod_00000052,sell_00000203,2025-10-24 05:22:35,313.31,45.65
order_00003378,1,prod_00000706,sell_00000172,2024-11-19 23:00:42,57.75,4.44
order_00003379,1,prod_00000664,sell_00000213,2024-06-12 04:47:19,141.01,16.96
order_00003380,1,prod_00000230,sell_00000132,2025-10-18 23:40:18,123.68,14.11
order_00003381,1,prod_00000381,sell_00000092,2024-04-14 17:38:16,154.82,12.41
order_00003382,1,prod_00000614,sell_00000129,2025-04-11 21:19:07,18.9,2.14
order_00003382,2,prod_00000640,sell_00000040,2025-04-13 21:19:07,57.3,4.06
order_00003383,1,prod_00000094,sell_00000228,2024-12-29 21:34:52,93.41,12.27
order_00003384,1,prod_00000220,sell_00000089,2025-12-30 23:30:32,62.91,7.62
order_00003385,1,prod_00000722,sell_00000178,2025-12-11 13:28:04,117.61,5.67
order_00003385,2,prod_00000201,sell_00000193,2025-12-11 13:28:04,217.15,19.78
order_00003385,3,prod_00000059,sell_00000142,2025-12-09 13:28:04,5.36,0.21
order_00003386,1,prod_00000635,sell_00000002,2024-06-28 17:05:41,23.05,1.85
order_00003386,2,prod_00000588,sell_00000210,2024-06-28 17:05:41,150.81,8.77
order_00003387,1,prod_00000466,sell_00000217,2024-01-19 11:11:41,13.75,2.35
order_00003388,1,prod_00000486,sell_00000038,2024-02-29 20:59:20,21.86,1.07
order_00003389,1,prod_00000609,sell_00000011,2025-03-11 06:34:04,31.37,1.11
order_00003389,2,prod_00000415,sell_00000184,2025-03-06 06:34:04,41.69,2.4
order_00003389,3,prod_00000181,sell_00000223,2025-03-09 06:34:04,269.79,19.22
order_00003390,1,prod_00000401,sell_00000134,2025-11-29 14:11:01,23.88,2.78
order_00003390,2,prod_00000030,sell_00000234,2025-12-01 14:11:01,32.37,2.66
order_00003390,3,prod_00000151,sell_00000211,2025-12-02 14:11:01,344.59,26.94
order_00003390,4,prod_00000229,sell_00000037,2025-12-02 14:11:01,49.68,5.43
order_00003391,1,prod_00000478,sell_00000207,2025-12-05 10:25:06,91.83,3.62
order_00003392,1,prod_00000592,sell_00000009,2025-05-23 20:06:48,24.75,1.24
order_00003392,2,prod_00000324,sell_00000118,2025-05-25 20:06:48,62.55,6.94
order_00003392,3,prod_00000551,sell_00000046,2025-05-23 20:06:48,52.16,3.93
order_00003393,1,prod_00000194,sell_00000090,2024-06-15 17:32:20,109.15,17.12
order_00003394,1,prod_00000610,sell_00000005,2024-08-25 02:53:35,55.85,3.24
order_00003395,1,prod_00000707,sell_00000130,2025-11-13 09:57:51,22.13,1.81
order_00003396,1,prod_00000050,sell_00000076,2025-02-08 11:16:42,64.14,7.54
order_00003397,1,prod_00000519,sell_00000111,2024-05-08 16:56:21,176.04,15.94
order_00003398,1,prod_00000236,sell_00000111,2025-05-28 07:36:11,30.91,3.17
order_00003399,1,prod_00000698,sell_00000042,2025-12-18 06:31:15,110.16,6.17
order_00003400,1,prod_00000368,sell_00000135,2025-03-10 16:25:08,94.23,4.43
order_00003401,1,prod_00000458,sell_00000199,2025-08-19 06:04:52,242.58,22.24
order_00003402,1,prod_00000665,sell_00000040,2024-09-10 13:25:02,122.5,8.23
order_00003402,2,prod_00000080,sell_00000143,2024-09-08 13:25:02,37.68,6.23
order_00003403,1,prod_00000100,sell_00000177,2025-04-05 00:56:24,36.37,3.37
order_00003404,1,prod_00000697,sell_00000150,2025-05-09 15:57:08,156.65,7.67
order_00003404,2,prod_00000287,sell_00000027,2025-05-07 15:57:08,19.67,1.95
order_00003405,1,prod_00000585,sell_00000165,2024-11-28 13:21:15,87.14,8.27
order_00003405,2,prod_00000331,sell_00000242,2024-11-29 13:21:15,44.49,6.66
order_00003405,3,prod_00000128,sell_00000162,2024-11-30 13:21:15,38.87,4.89
order_00003405,4,prod_00000179,sell_00000119,2024-11-28 13:21:15,108.7,19.14
order_00003406,1,prod_00000690,sell_00000015,2024-10-25 20:28:58,88.66,7.73
order_00003406,2,prod_00000234,sell_00000002,2024-10-25 20:28:58,45.8,4.57
order_00003407,1,prod_00000323,sell_00000090,2025-11-12 09:55:17,202.4,29.42
order_00003407,2,prod_00000308,sell_00000180,2025-11-09 09:55:17,236.37,14.59
order_00003407,3,prod_00000388,sell_00000002,2025-11-10 09:55:17,40.99,4.36
order_00003408,1,prod_00000469,sell_00000169,2024-07-03 16:10:16,120.19,10.05
order_00003409,1,prod_00000199,sell_00000053,2024-08-29 16:45:53,113.15,11.1
order_00003409,2,prod_00000208,sell_00000180,2024-09-02 16:45:53,76.44,5.0
order_00003410,1,prod_00000093,sell_00000098,2024-03-05 10:48:49,38.69,4.69
order_00003410,2,prod_00000387,sell_00000089,2024-03-07 10:48:49,21.59,1.78
order_00003410,3,prod_00000116,sell_00000216,2024-03-06 10:48:49,113.05,14.39
order_00003410,4,prod_00000330,sell_00000208,2024-03-08 10:48:49,19.72,1.71
order_00003411,1,prod_00000279,sell_00000216,2024-06-21 08:04:56,36.88,2.2
order_00003412,1,prod_00000210,sell_00000205,2025-12-02 18:08:39,42.53,5.09
order_00003413,1,prod_00000486,sell_00000132,2025-05-25 19:03:55,21.27,1.13
order_00003414,1,prod_00000690,sell_00000233,2025-02-17 00:33:10,46.11,3.69
order_00003415,1,prod_00000639,sell_00000177,2024-06-06 04:33:35,18.67,2.74
order_00003416,1,prod_00000353,sell_00000144,2024-05-18 12:33:48,70.25,8.82
order_00003417,1,prod_00000570,sell_00000079,2024-06-25 04:37:14,58.65,2.55
order_00003418,1,prod_00000346,sell_00000081,2024-12-19 03:13:32,38.44,6.34
order_00003419,1,prod_00000712,sell_00000019,2024-02-05 04:17:38,17.5,2.01
order_00003420,1,prod_00000148,sell_00000065,2024-01-11 07:57:39,17.3,1.86
order_00003421,1,prod_00000029,sell_00000215,2024-03-17 02:11:10,245.89,43.05
order_00003422,1,prod_00000176,sell_00000060,2025-12-18 09:36:14,212.01,16.88
order_00003422,2,prod_00000476,sell_00000173,2025-12-18 09:36:14,99.67,9.18
order_00003423,1,prod_00000232,sell_00000038,2025-05-02 00:50:01,34.96,3.14
order_00003424,1,prod_00000686,sell_00000039,2025-08-24 13:23:13,30.23,3.89
order_00003425,1,prod_00000193,sell_00000198,2024-06-13 18:23:40,35.1,3.57
order_00003426,1,prod_00000696,sell_00000102,2024-08-25 11:05:39,117.57,20.77
order_00003426,2,prod_00000385,sell_00000212,2024-08-27 11:05:39,145.96,12.95
order_00003427,1,prod_00000059,sell_00000067,2024-12-07 19:00:10,67.25,10.59
order_00003428,1,prod_00000001,sell_00000083,2024-09-17 17:52:21,54.23,2.73
order_00003428,2,prod_00000754,sell_00000184,2024-09-17 17:52:21,54.08,1.76
order_00003429,1,prod_00000618,sell_00000125,2025-01-19 11:09:32,135.26,14.15
order_00003429,2,prod_00000249,sell_00000229,2025-01-22 11:09:32,65.47,10.49
order_00003430,1,prod_00000545,sell_00000091,2024-04-20 07:17:46,24.57,3.49
order_00003431,1,prod_00000791,sell_00000045,2024-08-20 23:53:49,74.29,7.4
order_00003431,2,prod_00000469,sell_00000121,2024-08-20 23:53:49,24.48,2.31
order_00003432,1,prod_00000356,sell_00000041,2024-10-19 08:53:58,138.77,6.2
order_00003433,1,prod_00000382,sell_00000070,2024-09-29 02:33:50,14.8,2.6
order_00003434,1,prod_00000299,sell_00000072,2024-07-10 12:29:29,36.18,6.48
order_00003434,2,prod_00000038,sell_00000210,2024-07-11 12:29:29,62.93,2.18
order_00003435,1,prod_00000441,sell_00000109,2025-04-28 16:48:58,32.25,2.57
order_00003436,1,prod_00000263,sell_00000248,2024-02-15 16:24:10,51.39,4.46
order_00003437,1,prod_00000555,sell_00000223,2025-09-07 22:29:23,145.17,8.11
order_00003437,2,prod_00000076,sell_00000240,2025-09-09 22:29:23,81.34,10.64
order_00003438,1,prod_00000712,sell_00000208,2025-06-20 20:02:01,34.43,5.98
order_00003439,1,prod_00000151,sell_00000097,2024-03-28 08:32:41,141.72,24.83
order_00003439,2,prod_00000426,sell_00000124,2024-03-29 08:32:41,27.67,2.77
order_00003440,1,prod_00000402,sell_00000155,2025-07-11 08:27:34,62.35,3.95
order_00003441,1,prod_00000244,sell_00000218,2025-04-20 02:39:21,57.97,6.17
order_00003442,1,prod_00000527,sell_00000026,2024-12-07 23:17:14,22.34,0.89
order_00003443,1,prod_00000074,sell_00000059,2024-09-24 12:13:16,50.65,8.79
order_00003444,1,prod_00000417,sell_00000110,2024-07-13 06:09:10,150.39,17.9
order_00003445,1,prod_00000309,sell_00000137,2025-07-21 23:11:04,48.83,7.79
order_00003446,1,prod_00000447,sell_00000221,2025-09-20 20:23:47,5.95,0.81
order_00003447,1,prod_00000227,sell_00000079,2025-07-04 07:48:52,140.44,23.76
order_00003447,2,prod_00000136,sell_00000067,2025-07-04 07:48:52,30.8,2.91
order_00003447,3,prod_00000748,sell_00000132,2025-07-05 07:48:52,71.4,4.82
order_00003448,1,prod_00000626,sell_00000058,2024-03-02 08:10:38,35.79,5.73
order_00003448,2,prod_00000587,sell_00000092,2024-02-29 08:10:38,38.18,3.64
order_00003448,3,prod_00000369,sell_00000112,2024-02-26 08:10:38,77.93,11.07
order_00003449,1,prod_00000410,sell_00000139,2025-10-09 20:12:44,28.84,3.02
order_00003450,1,prod_00000380,sell_00000106,2025-11-25 16:35:15,73.78,2.61
order_00003451,1,prod_00000235,sell_00000070,2025-09-27 10:37:33,21.13,3.29
order_00003452,1,prod_00000126,sell_00000220,2024-08-22 08:40:27,43.54,1.48
order_00003453,1,prod_00000544,sell_00000039,2024-01-09 15:55:36,22.12,1.57
order_00003454,1,prod_00000034,sell_00000036,2024-10-30 02:37:19,249.55,38.57
order_00003454,2,prod_00000718,sell_00000148,2024-10-30 02:37:19,10.93,0.49
order_00003454,3,prod_00000146,sell_00000112,2024-10-29 02:37:19,19.8,2.87
order_00003455,1,prod_00000250,sell_00000191,2024-11-25 14:13:04,90.27,5.45
order_00003455,2,prod_00000612,sell_00000035,2024-11-27 14:13:04,46.56,4.2
order_00003456,1,prod_00000276,sell_00000129,2024-10-15 23:10:20,53.07,6.2
order_00003457,1,prod_00000770,sell_00000155,2025-04-04 23:45:38,168.29,20.93
order_00003458,1,prod_00000306,sell_00000108,2025-02-23 10:40:31,18.49,3.01
order_00003458,2,prod_00000305,sell_00000090,2025-02-24 10:40:31,67.49,10.86
order_00003459,1,prod_00000439,sell_00000237,2024-03-02 07:46:06,47.66,7.88
order_00003459,2,prod_00000604,sell_00000103,2024-02-28 07:46:06,74.16,6.98
order_00003460,1,prod_00000655,sell_00000131,2024-08-07 01:11:33,20.52,2.08
order_00003460,2,prod_00000039,sell_00000088,2024-08-05 01:11:33,14.84,1.32
order_00003460,3,prod_00000362,sell_00000116,2024-08-09 01:11:33,127.7,20.07
order_00003461,1,prod_00000606,sell_00000108,2024-11-26 09:50:03,121.77,12.33
order_00003462,1,prod_00000329,sell_00000183,2025-10-11 06:37:03,49.16,5.89
order_00003463,1,prod_00000636,sell_00000073,2025-07-22 17:44:04,145.39,19.01
order_00003464,1,prod_00000390,sell_00000091,2025-02-20 16:18:01,67.03,11.75
order_00003464,2,prod_00000118,sell_00000013,2025-02-22 16:18:01,188.03,20.97
order_00003465,1,prod_00000355,sell_00000201,2024-08-01 07:18:00,12.86,1.25
order_00003466,1,prod_00000653,sell_00000203,2025-02-21 06:46:35,17.83,0.76
order_00003467,1,prod_00000050,sell_00000104,2025-08-20 12:30:32,12.52,1.9
order_00003467,2,prod_00000574,sell_00000106,2025-08-20 12:30:32,29.14,0.89
order_00003468,1,prod_00000258,sell_00000244,2025-04-18 16:38:00,54.1,5.18
order_00003469,1,prod_00000052,sell_00000109,2025-04-13 23:53:13,72.53,6.31
order_00003470,1,prod_00000430,sell_00000085,2024-07-23 23:06:04,59.49,6.86
order_00003470,2,prod_00000734,sell_00000118,2024-07-23 23:06:04,124.57,4.51
order_00003470,3,prod_00000270,sell_00000169,2024-07-23 23:06:04,177.95,17.37
order_00003470,4,prod_00000356,sell_00000227,2024-07-25 23:06:04,49.66,8.09
order_00003471,1,prod_00000790,sell_00000208,2025-01-25 18:14:43,29.4,4.93
order_00003472,1,prod_00000156,sell_00000187,2025-11-21 22:31:07,101.49,3.41
order_00003472,2,prod_00000490,sell_00000240,2025-11-25 22:31:07,26.75,3.02
order_00003473,1,prod_00000574,sell_00000223,2024-04-13 01:37:50,23.33,1.63
order_00003474,1,prod_00000189,sell_00000058,2024-10-05 12:54:02,106.62,7.99
order_00003475,1,prod_00000567,sell_00000083,2025-10-18 11:41:57,22.05,1.75
order_00003476,1,prod_00000193,sell_00000075,2025-04-13 15:09:09,22.19,2.93
order_00003477,1,prod_00000048,sell_00000018,2025-09-28 12:00:20,30.77,5.34
order_00003478,1,prod_00000534,sell_00000156,2024-01-13 09:50:32,105.45,14.46
order_00003478,2,prod_00000567,sell_00000216,2024-01-15 09:50:32,53.43,9.5
order_00003479,1,prod_00000248,sell_00000175,2024-09-07 11:57:06,34.01,4.88
order_00003480,1,prod_00000753,sell_00000060,2024-05-05 13:36:11,148.74,8.67
order_00003481,1,prod_00000084,sell_00000110,2024-08-14 04:41:13,81.35,10.28
order_00003482,1,prod_00000039,sell_00000159,2025-08-29 01:43:50,59.45,6.51
order_00003483,1,prod_00000282,sell_00000235,2025-08-09 23:42:42,34.56,3.97
order_00003484,1,prod_00000194,sell_00000219,2024-11-27 16:40:45,26.42,3.11
order_00003485,1,prod_00000677,sell_00000077,2025-07-27 23:57:01,101.5,3.07
order_00003486,1,prod_00000593,sell_00000067,2024-02-03 17:23:01,6.64,0.63
order_00003487,1,prod_00000607,sell_00000106,2025-11-24 00:41:06,115.26,19.65
order_00003487,2,prod_00000252,sell_00000033,2025-11-26 00:41:06,81.29,14.42
order_00003487,3,prod_00000043,sell_00000041,2025-11-28 00:41:06,55.16,6.11
order_00003487,4,prod_00000296,sell_00000119,2025-11-28 00:41:06,194.15,29.89
order_00003488,1,prod_00000607,sell_00000104,2024-07-08 03:47:30,24.22,1.33
order_00003489,1,prod_00000693,sell_00000236,2024-05-03 23:51:16,8.65,0.91
order_00003490,1,prod_00000547,sell_00000190,2024-02-06 15:32:04,10.39,0.93
order_00003491,1,prod_00000344,sell_00000077,2025-10-05 15:17:18,43.06,2.89
order_00003491,2,prod_00000371,sell_00000003,2025-10-08 15:17:18,64.22,7.25
order_00003491,3,prod_00000656,sell_00000061,2025-10-04 15:17:18,130.18,12.55
order_00003492,1,prod_00000368,sell_00000167,2024-07-13 23:09:00,136.04,21.1
order_00003493,1,prod_00000154,sell_00000185,2024-04-19 22:17:50,66.9,3.83
order_00003494,1,prod_00000431,sell_00000008,2024-02-24 10:03:09,57.15,6.3
order_00003494,2,prod_00000507,sell_00000107,2024-02-20 10:03:09,34.6,5.62
order_00003494,3,prod_00000041,sell_00000240,2024-02-22 10:03:09,53.77,5.18
order_00003495,1,prod_00000782,sell_00000093,2025-06-30 05:40:23,102.33,6.79
order_00003496,1,prod_00000669,sell_00000069,2025-02-18 02:37:30,38.96,6.92
order_00003497,1,prod_00000458,sell_00000125,2024-07-17 18:27:38,87.91,8.75
order_00003498,1,prod_00000525,sell_00000246,2024-08-22 09:38:38,43.33,4.82
order_00003498,2,prod_00000648,sell_00000046,2024-08-21 09:38:38,110.11,11.25
order_00003499,1,prod_00000289,sell_00000238,2024-09-13 16:47:45,22.62,3.99
order_00003500,1,prod_00000472,sell_00000199,2025-12-03 13:02:23,18.98,2.56
order_00003500,2,prod_00000444,sell_00000010,2025-12-05 13:02:23,51.4,5.99
order_00003501,1,prod_00000294,sell_00000082,2025-03-10 23:15:12,24.77,2.46
order_00003502,1,prod_00000780,sell_00000228,2024-10-20 08:45:00,80.43,4.85
order_00003502,2,prod_00000218,sell_00000163,2024-10-23 08:45:00,153.62,18.96
order_00003503,1,prod_00000013,sell_00000148,2024-09-18 21:00:30,280.69,26.09
order_00003504,1,prod_00000524,sell_00000111,2025-08-12 21:59:44,129.61,6.96
order_00003504,2,prod_00000512,sell_00000090,2025-08-08 21:59:44,36.27,4.74
order_00003505,1,prod_00000772,sell_00000093,2025-08-06 14:23:07,115.84,9.83
order_00003505,2,prod_00000301,sell_00000108,2025-08-07 14:23:07,111.31,12.11
order_00003506,1,prod_00000107,sell_00000000,2024-03-10 01:47:40,76.87,13.36
order_00003506,2,prod_00000651,sell_00000093,2024-03-12 01:47:40,17.42,0.63
order_00003506,3,prod_00000433,sell_00000062,2024-03-12 01:47:40,124.81,19.51
order_00003507,1,prod_00000484,sell_00000120,2025-04-11 23:52:47,45.68,6.79
order_00003508,1,prod_00000507,sell_00000014,2024-01-15 22:56:24,78.21,10.91
order_00003508,2,prod_00000617,sell_00000066,2024-01-18 22:56:24,32.1,1.53
order_00003509,1,prod_00000718,sell_00000085,2024-10-31 22:21:05,47.64,8.32
order_00003510,1,prod_00000242,sell_00000182,2024-05-02 08:00:03,21.17,2.91
order_00003511,1,prod_00000665,sell_00000169,2024-03-10 12:42:33,135.35,22.02
order_00003511,2,prod_00000062,sell_00000167,2024-03-06 12:42:33,20.2,2.2
order_00003511,3,prod_00000061,sell_00000187,2024-03-10 12:42:33,131.76,15.8
order_00003511,4,prod_00000568,sell_00000046,2024-03-10 12:42:33,74.27,6.23
order_00003512,1,prod_00000208,sell_00000050,2025-10-20 11:51:56,43.41,6.34
order_00003513,1,prod_00000486,sell_00000130,2025-01-30 00:59:30,246.79,26.36
order_00003514,1,prod_00000170,sell_00000144,2025-05-16 03:01:51,65.6,7.72
order_00003515,1,prod_00000168,sell_00000219,2024-07-31 05:30:02,135.21,5.02
order_00003515,2,prod_00000298,sell_00000120,2024-07-30 05:30:02,143.4,7.35
order_00003516,1,prod_00000471,sell_00000244,2024-12-19 01:58:12,61.48,7.07
order_00003516,2,prod_00000004,sell_00000118,2024-12-17 01:58:12,86.66,3.11
order_00003516,3,prod_00000780,sell_00000120,2024-12-19 01:58:12,32.88,4.07
order_00003516,4,prod_00000437,sell_00000072,2024-12-19 01:58:12,48.09,4.18
order_00003517,1,prod_00000777,sell_00000041,2024-12-14 18:35:32,95.07,16.93
order_00003518,1,prod_00000063,sell_00000062,2024-08-20 03:04:29,49.7,6.69
order_00003519,1,prod_00000575,sell_00000051,2024-04-04 15:43:10,18.87,1.71
order_00003520,1,prod_00000765,sell_00000110,2024-07-21 01:35:10,163.87,19.92
order_00003521,1,prod_00000042,sell_00000017,2025-03-19 02:57:17,25.5,1.88
order_00003522,1,prod_00000447,sell_00000092,2025-06-07 05:14:57,13.5,1.68
order_00003522,2,prod_00000522,sell_00000022,2025-06-09 05:14:57,43.05,3.32
order_00003522,3,prod_00000546,sell_00000223,2025-06-09 05:14:57,48.62,4.41
order_00003522,4,prod_00000415,sell_00000010,2025-06-08 05:14:57,58.58,6.25
order_00003523,1,prod_00000222,sell_00000239,2024-10-02 23:17:46,90.48,9.34
order_00003524,1,prod_00000014,sell_00000057,2025-06-21 12:30:27,23.02,2.3
order_00003525,1,prod_00000590,sell_00000137,2024-07-21 15:54:54,49.21,5.54
order_00003525,2,prod_00000086,sell_00000180,2024-07-21 15:54:54,47.09,7.04
order_00003525,3,prod_00000775,sell_00000129,2024-07-21 15:54:54,83.46,13.84
order_00003526,1,prod_00000718,sell_00000047,2024-02-07 09:48:28,21.17,2.22
order_00003527,1,prod_00000195,sell_00000105,2024-11-02 00:16:24,83.28,13.02
order_00003528,1,prod_00000266,sell_00000173,2024-08-16 16:23:14,33.14,1.65
order_00003529,1,prod_00000364,sell_00000190,2024-12-26 03:15:04,42.08,1.57
order_00003530,1,prod_00000712,sell_00000144,2025-09-09 23:23:21,16.58,0.88
order_00003531,1,prod_00000479,sell_00000103,2025-10-08 22:11:02,93.17,5.21
order_00003532,1,prod_00000525,sell_00000206,2024-01-03 03:09:11,109.07,4.32
order_00003533,1,prod_00000549,sell_00000187,2025-07-29 01:43:11,129.53,10.24
order_00003534,1,prod_00000694,sell_00000081,2025-09-16 04:55:13,154.71,21.64
order_00003535,1,prod_00000663,sell_00000023,2025-05-29 19:03:43,177.55,9.85
order_00003536,1,prod_00000508,sell_00000061,2024-02-24 21:41:33,79.72,14.28
order_00003536,2,prod_00000377,sell_00000122,2024-02-26 21:41:33,10.65,1.91
order_00003537,1,prod_00000160,sell_00000213,2025-11-17 22:22:00,15.37,1.86
order_00003538,1,prod_00000680,sell_00000174,2026-01-06 16:02:17,194.5,11.7
order_00003539,1,prod_00000757,sell_00000198,2025-06-27 20:22:15,56.33,4.03
order_00003540,1,prod_00000489,sell_00000100,2025-06-23 07:07:24,64.92,8.38
order_00003540,2,prod_00000566,sell_00000104,2025-06-21 07:07:24,72.88,3.76
order_00003540,3,prod_00000049,sell_00000167,2025-06-24 07:07:24,26.81,2.3
order_00003541,1,prod_00000085,sell_00000173,2025-05-07 16:21:09,178.46,21.06
order_00003542,1,prod_00000364,sell_00000249,2025-10-15 23:12:38,215.92,23.66
order_00003542,2,prod_00000733,sell_00000081,2025-10-13 23:12:38,83.39,14.21
order_00003543,1,prod_00000293,sell_00000022,2025-07-07 22:59:32,35.62,1.83
order_00003544,1,prod_00000551,sell_00000232,2024-02-24 04:28:20,53.54,6.7
order_00003544,2,prod_00000072,sell_00000010,2024-02-26 04:28:20,23.96,3.75
order_00003544,3,prod_00000582,sell_00000130,2024-02-27 04:28:20,50.02,4.7
order_00003545,1,prod_00000473,sell_00000245,2025-09-22 18:24:48,170.14,10.61
order_00003546,1,prod_00000474,sell_00000090,2024-05-04 01:58:06,15.61,2.69
order_00003547,1,prod_00000787,sell_00000049,2025-07-23 08:22:55,84.98,12.45
order_00003548,1,prod_00000717,sell_00000213,2025-01-01 13:09:27,62.78,5.71
order_00003549,1,prod_00000355,sell_00000028,2025-03-31 02:04:18,28.57,1.49
order_00003549,2,prod_00000726,sell_00000057,2025-04-01 02:04:18,14.12,0.67
order_00003550,1,prod_00000083,sell_00000233,2025-12-05 10:29:05,21.63,3.5
order_00003551,1,prod_00000462,sell_00000038,2025-08-22 07:14:43,37.49,5.18
order_00003552,1,prod_00000525,sell_00000100,2024-05-01 06:08:43,29.22,3.37
order_00003553,1,prod_00000560,sell_00000028,2025-06-25 07:03:48,88.19,14.51
order_00003553,2,prod_00000288,sell_00000054,2025-06-22 07:03:48,30.75,3.98
order_00003554,1,prod_00000604,sell_00000236,2024-06-05 07:04:49,23.2,3.03
order_00003555,1,prod_00000526,sell_00000047,2025-12-11 20:40:55,47.75,1.92
order_00003555,2,prod_00000319,sell_00000045,2025-12-08 20:40:55,13.36,2.27
order_00003555,3,prod_00000614,sell_00000104,2025-12-08 20:40:55,66.56,5.14
order_00003556,1,prod_00000401,sell_00000069,2024-01-10 23:12:56,37.51,2.0
order_00003556,2,prod_00000363,sell_00000114,2024-01-11 23:12:56,50.27,7.97
order_00003556,3,prod_00000463,sell_00000016,2024-01-12 23:12:56,78.44,3.22
order_00003557,1,prod_00000749,sell_00000006,2024-02-16 11:13:40,17.27,1.21
order_00003557,2,prod_00000382,sell_00000062,2024-02-17 11:13:40,169.78,14.5
order_00003557,3,prod_00000608,sell_00000050,2024-02-18 11:13:40,126.91,5.86
order_00003558,1,prod_00000270,sell_00000068,2025-12-19 08:48:10,225.09,7.57
order_00003559,1,prod_00000593,sell_00000055,2024-05-18 18:35:06,115.51,10.28
order_00003560,1,prod_00000182,sell_00000032,2024-07-01 06:35:34,32.06,4.99
order_00003561,1,prod_00000495,sell_00000068,2025-11-13 10:36:20,161.44,5.97
order_00003561,2,prod_00000266,sell_00000198,2025-11-15 10:36:20,58.15,5.76
order_00003562,1,prod_00000626,sell_00000203,2024-07-06 01:00:10,19.36,0.7
order_00003563,1,prod_00000538,sell_00000078,2025-01-31 18:43:15,33.88,4.4
order_00003563,2,prod_00000582,sell_00000176,2025-02-04 18:43:15,54.19,4.77
order_00003563,3,prod_00000064,sell_00000225,2025-02-04 18:43:15,59.15,4.06
order_00003564,1,prod_00000760,sell_00000101,2024-03-14 04:19:57,56.52,5.78
order_00003565,1,prod_00000689,sell_00000155,2025-09-07 06:02:38,43.32,3.4
order_00003565,2,prod_00000075,sell_00000006,2025-09-08 06:02:38,97.79,8.67
order_00003566,1,prod_00000030,sell_00000143,2025-11-22 16:48:11,49.59,3.8
order_00003566,2,prod_00000361,sell_00000078,2025-11-20 16:48:11,139.85,4.82
order_00003567,1,prod_00000545,sell_00000234,2024-11-28 06:14:27,51.62,3.34
order_00003567,2,prod_00000146,sell_00000159,2024-11-24 06:14:27,85.8,8.54
order_00003567,3,prod_00000659,sell_00000030,2024-11-28 06:14:27,30.29,1.11
order_00003568,1,prod_00000217,sell_00000066,2024-06-18 21:18:02,189.96,30.73
order_00003569,1,prod_00000621,sell_00000026,2025-03-20 07:57:48,137.93,6.04
order_00003569,2,prod_00000266,sell_00000220,2025-03-17 07:57:48,133.38,20.16
order_00003569,3,prod_00000422,sell_00000181,2025-03-16 07:57:48,23.57,1.34
order_00003570,1,prod_00000639,sell_00000124,2024-08-12 22:07:00,37.44,3.69
order_00003570,2,prod_00000554,sell_00000083,2024-08-09 22:07:00,20.69,3.32
order_00003571,1,prod_00000458,sell_00000164,2025-03-19 13:31:24,80.83,11.16
order_00003571,2,prod_00000242,sell_00000179,2025-03-22 13:31:24,40.38,6.65
order_00003571,3,prod_00000587,sell_00000142,2025-03-24 13:31:24,88.36,6.69
order_00003571,4,prod_00000271,sell_00000081,2025-03-24 13:31:24,52.69,6.83
order_00003572,1,prod_00000528,sell_00000229,2024-04-13 18:38:02,40.41,3.92
order_00003572,2,prod_00000658,sell_00000158,2024-04-13 18:38:02,71.51,6.2
order_00003573,1,prod_00000382,sell_00000205,2025-03-25 17:01:20,25.63,4.49
order_00003574,1,prod_00000608,sell_00000012,2025-08-03 21:06:05,28.81,1.56
order_00003575,1,prod_00000228,sell_00000095,2025-07-12 17:51:20,64.9,7.45
order_00003575,2,prod_00000566,sell_00000043,2025-07-11 17:51:20,39.4,6.78
order_00003576,1,prod_00000412,sell_00000164,2025-05-28 10:17:04,37.19,1.49
order_00003577,1,prod_00000652,sell_00000035,2025-09-04 21:58:27,97.86,8.8
order_00003577,2,prod_00000716,sell_00000112,2025-09-01 21:58:27,103.3,13.81
order_00003577,3,prod_00000773,sell_00000197,2025-09-05 21:58:27,38.95,4.27
order_00003578,1,prod_00000649,sell_00000218,2025-10-11 15:03:53,104.76,5.82
order_00003579,1,prod_00000646,sell_00000125,2024-05-10 01:13:16,43.23,6.56
order_00003580,1,prod_00000731,sell_00000153,2024-07-12 06:39:06,188.26,11.39
order_00003581,1,prod_00000030,sell_00000245,2025-01-27 01:00:28,4.41,0.42
order_00003582,1,prod_00000150,sell_00000100,2024-02-28 19:28:26,57.83,9.57
order_00003582,2,prod_00000303,sell_00000211,2024-02-24 19:28:26,19.08,3.32
order_00003582,3,prod_00000581,sell_00000037,2024-02-27 19:28:26,15.21,0.76
order_00003582,4,prod_00000691,sell_00000133,2024-02-27 19:28:26,121.6,4.29
order_00003583,1,prod_00000257,sell_00000107,2025-11-05 16:20:10,110.06,7.31
order_00003584,1,prod_00000433,sell_00000249,2025-01-12 17:22:33,40.31,6.55
order_00003585,1,prod_00000033,sell_00000086,2025-10-17 05:02:52,44.52,5.82
order_00003586,1,prod_00000247,sell_00000096,2025-04-21 11:41:35,65.26,7.08
order_00003587,1,prod_00000757,sell_00000084,2024-05-20 19:35:13,48.16,6.48
order_00003588,1,prod_00000213,sell_00000160,2025-09-27 01:41:12,41.77,5.89
order_00003588,2,prod_00000153,sell_00000205,2025-09-24 01:41:12,24.73,4.09
order_00003588,3,prod_00000435,sell_00000063,2025-09-28 01:41:12,32.5,3.09
order_00003588,4,prod_00000347,sell_00000061,2025-09-23 01:41:12,48.12,1.84
order_00003589,1,prod_00000431,sell_00000069,2024-02-22 00:33:18,90.79,15.07
order_00003590,1,prod_00000526,sell_00000028,2024-04-30 06:13:11,123.97,11.19
order_00003591,1,prod_00000109,sell_00000027,2025-04-05 09:08:15,26.58,3.0
order_00003592,1,prod_00000540,sell_00000152,2024-07-14 19:50:24,54.89,8.33
order_00003593,1,prod_00000011,sell_00000248,2025-07-30 10:25:40,13.6,2.04
order_00003593,2,prod_00000321,sell_00000006,2025-07-31 10:25:40,39.83,5.28
order_00003593,3,prod_00000153,sell_00000246,2025-07-28 10:25:40,49.66,7.96
order_00003593,4,prod_00000720,sell_00000119,2025-07-26 10:25:40,84.47,11.85
order_00003594,1,prod_00000395,sell_00000076,2025-05-05 14:01:46,34.52,1.47
order_00003594,2,prod_00000059,sell_00000237,2025-05-04 14:01:46,274.74,18.76
order_00003595,1,prod_00000207,sell_00000109,2025-04-11 19:26:18,54.65,8.77
order_00003596,1,prod_00000324,sell_00000147,2025-03-24 12:14:05,210.65,13.27
order_00003596,2,prod_00000716,sell_00000229,2025-03-25 12:14:05,136.98,5.57
order_00003597,1,prod_00000510,sell_00000152,2025-03-01 00:12:26,125.89,9.8
order_00003598,1,prod_00000763,sell_00000140,2024-03-23 05:46:35,111.62,4.87
order_00003599,1,prod_00000737,sell_00000001,2024-02-29 08:57:06,63.91,7.03
order_00003600,1,prod_00000591,sell_00000208,2024-09-14 12:37:04,69.42,6.96
order_00003601,1,prod_00000544,sell_00000084,2024-12-26 04:06:55,147.44,5.88
order_00003602,1,prod_00000588,sell_00000174,2024-10-20 05:59:52,17.92,1.88
order_00003602,2,prod_00000009,sell_00000062,2024-10-20 05:59:52,83.37,5.36
order_00003602,3,prod_00000258,sell_00000237,2024-10-21 05:59:52,58.7,8.41
order_00003603,1,prod_00000542,sell_00000178,2024-09-25 02:23:39,26.61,1.71
order_00003604,1,prod_00000493,sell_00000138,2024-09-14 13:55:59,104.52,17.61
order_00003605,1,prod_00000762,sell_00000042,2024-04-23 00:58:47,52.88,6.33
order_00003605,2,prod_00000576,sell_00000011,2024-04-28 00:58:47,60.5,7.03
order_00003605,3,prod_00000276,sell_00000200,2024-04-24 00:58:47,123.48,15.11
order_00003606,1,prod_00000242,sell_00000060,2024-08-12 06:15:10,184.08,14.67
order_00003607,1,prod_00000258,sell_00000247,2025-12-16 20:58:20,123.49,8.6
order_00003608,1,prod_00000182,sell_00000241,2024-05-19 19:34:34,115.29,11.86
order_00003609,1,prod_00000011,sell_00000040,2025-09-30 16:00:39,102.55,6.62
order_00003610,1,prod_00000176,sell_00000156,2025-05-11 21:30:51,201.83,33.6
order_00003610,2,prod_00000479,sell_00000131,2025-05-08 21:30:51,31.84,1.95
order_00003610,3,prod_00000502,sell_00000167,2025-05-09 21:30:51,116.42,11.86
order_00003610,4,prod_00000534,sell_00000240,2025-05-13 21:30:51,27.57,2.72
order_00003611,1,prod_00000006,sell_00000006,2024-03-16 11:16:58,72.25,8.37
order_00003612,1,prod_00000345,sell_00000039,2024-01-08 06:41:07,32.54,1.47
order_00003613,1,prod_00000267,sell_00000151,2025-02-27 00:41:51,12.81,0.75
order_00003614,1,prod_00000089,sell_00000189,2024-01-23 13:50:35,71.72,5.36
order_00003615,1,prod_00000673,sell_00000242,2025-06-13 03:16:54,100.97,13.26
order_00003615,2,prod_00000041,sell_00000180,2025-06-12 03:16:54,32.0,4.42
order_00003616,1,prod_00000013,sell_00000013,2024-06-30 19:35:05,95.68,14.18
order_00003617,1,prod_00000596,sell_00000051,2025-12-04 21:33:56,14.85,1.77
order_00003618,1,prod_00000331,sell_00000187,2025-10-05 19:09:04,66.23,3.05
order_00003619,1,prod_00000078,sell_00000136,2025-12-18 03:06:00,41.12,7.3
order_00003620,1,prod_00000525,sell_00000039,2024-09-18 17:12:09,483.98,31.8
order_00003621,1,prod_00000689,sell_00000097,2024-12-09 01:17:44,64.37,2.58
order_00003622,1,prod_00000361,sell_00000187,2025-02-14 18:23:05,48.44,8.16
order_00003623,1,prod_00000248,sell_00000091,2024-02-29 20:32:07,23.4,2.65
order_00003623,2,prod_00000644,sell_00000056,2024-02-26 20:32:07,12.69,0.6
order_00003623,3,prod_00000465,sell_00000174,2024-03-02 20:32:07,585.66,50.18
order_00003623,4,prod_00000721,sell_00000246,2024-02-27 20:32:07,100.57,6.05
order_00003624,1,prod_00000652,sell_00000096,2024-12-04 08:12:00,70.19,6.01
order_00003625,1,prod_00000530,sell_00000122,2024-08-11 10:49:06,22.68,1.33
order_00003626,1,prod_00000785,sell_00000045,2025-08-09 03:05:03,33.6,2.73
order_00003627,1,prod_00000571,sell_00000200,2024-08-14 11:41:17,153.03,16.84
order_00003628,1,prod_00000682,sell_00000007,2025-02-18 12:03:16,44.01,7.37
order_00003628,2,prod_00000538,sell_00000001,2025-02-23 12:03:16,33.99,2.61
order_00003628,3,prod_00000451,sell_00000073,2025-02-19 12:03:16,65.07,8.01
order_00003629,1,prod_00000259,sell_00000029,2024-04-08 05:28:53,105.74,3.64
order_00003630,1,prod_00000009,sell_00000199,2024-01-28 07:07:16,115.46,5.14
order_00003630,2,prod_00000151,sell_00000206,2024-01-29 07:07:16,395.1,45.3
order_00003630,3,prod_00000790,sell_00000210,2024-01-29 07:07:16,30.39,3.79
order_00003631,1,prod_00000002,sell_00000129,2024-12-06 20:04:15,107.9,17.89
order_00003631,2,prod_00000621,sell_00000242,2024-12-06 20:04:15,42.13,6.37
order_00003632,1,prod_00000701,sell_00000075,2024-04-30 13:33:36,32.21,3.65
order_00003633,1,prod_00000315,sell_00000070,2025-07-31 15:02:40,10.72,0.78
order_00003634,1,prod_00000689,sell_00000228,2024-12-06 11:30:24,95.21,8.03
order_00003635,1,prod_00000607,sell_00000217,2024-06-30 20:44:50,270.77,42.52
order_00003635,2,prod_00000515,sell_00000234,2024-07-02 20:44:50,82.57,14.73
order_00003635,3,prod_00000469,sell_00000210,2024-07-03 20:44:50,51.89,4.45
order_00003636,1,prod_00000608,sell_00000001,2025-12-04 23:11:08,24.17,2.44
order_00003637,1,prod_00000126,sell_00000100,2024-05-29 20:31:02,2.82,0.09
order_00003637,2,prod_00000756,sell_00000118,2024-06-03 20:31:02,39.55,2.53
order_00003638,1,prod_00000370,sell_00000200,2025-07-18 21:06:02,96.39,15.23
order_00003639,1,prod_00000775,sell_00000139,2025-04-28 03:39:00,27.6,2.58
order_00003640,1,prod_00000003,sell_00000201,2025-11-10 08:13:24,68.67,4.94
order_00003641,1,prod_00000702,sell_00000053,2025-11-03 21:41:13,29.02,4.49
order_00003642,1,prod_00000473,sell_00000160,2025-09-19 22:02:21,81.99,14.06
order_00003643,1,prod_00000019,sell_00000218,2024-06-01 03:55:49,51.03,8.64
order_00003643,2,prod_00000776,sell_00000184,2024-05-29 03:55:49,74.44,7.74
order_00003643,3,prod_00000797,sell_00000103,2024-05-30 03:55:49,134.96,19.93
order_00003644,1,prod_00000005,sell_00000162,2025-05-31 19:34:00,43.29,6.53
order_00003644,2,prod_00000766,sell_00000010,2025-05-28 19:34:00,164.74,10.53
order_00003644,3,prod_00000042,sell_00000009,2025-05-30 19:34:00,90.35,5.77
order_00003645,1,prod_00000544,sell_00000158,2025-12-28 16:08:56,29.09,1.91
order_00003646,1,prod_00000148,sell_00000215,2025-04-04 09:34:04,13.95,2.33
order_00003647,1,prod_00000502,sell_00000106,2024-07-10 16:22:26,14.93,1.62
order_00003648,1,prod_00000642,sell_00000175,2025-05-26 20:55:04,74.82,8.21
order_00003649,1,prod_00000549,sell_00000037,2024-03-20 20:35:27,41.75,2.95
order_00003650,1,prod_00000715,sell_00000145,2024-01-20 15:56:13,81.64,4.96
order_00003651,1,prod_00000193,sell_00000000,2025-10-07 09:31:11,59.01,9.89
order_00003652,1,prod_00000156,sell_00000071,2025-11-13 13:01:12,39.22,3.06
order_00003653,1,prod_00000330,sell_00000105,2024-04-16 06:32:44,53.86,7.54
order_00003654,1,prod_00000063,sell_00000163,2025-03-31 17:05:12,44.19,2.32
order_00003655,1,prod_00000609,sell_00000114,2024-05-26 07:37:28,25.44,3.8
order_00003655,2,prod_00000308,sell_00000074,2024-05-25 07:37:28,42.66,1.96
order_00003656,1,prod_00000598,sell_00000222,2024-01-25 16:03:24,128.73,23.0
order_00003657,1,prod_00000682,sell_00000206,2024-02-02 17:47:17,22.73,2.54
order_00003658,1,prod_00000210,sell_00000152,2025-08-02 02:28:25,110.54,14.72
order_00003659,1,prod_00000659,sell_00000174,2025-03-05 21:13:22,68.17,3.61
order_00003660,1,prod_00000594,sell_00000010,2025-12-02 05:49:55,26.69,3.55
order_00003661,1,prod_00000412,sell_00000194,2025-03-29 11:06:48,10.85,1.25
order_00003662,1,prod_00000747,sell_00000210,2024-09-06 03:21:46,56.52,2.23
order_00003663,1,prod_00000069,sell_00000234,2025-08-30 06:39:25,40.61,4.94
order_00003664,1,prod_00000347,sell_00000243,2024-04-17 09:08:31,38.55,2.13
order_00003665,1,prod_00000397,sell_00000077,2025-02-11 17:24:06,91.85,5.56
order_00003665,2,prod_00000680,sell_00000155,2025-02-11 17:24:06,20.14,3.0
order_00003665,3,prod_00000289,sell_00000064,2025-02-16 17:24:06,38.67,4.72
order_00003666,1,prod_00000791,sell_00000176,2025-03-18 09:47:05,88.17,11.3
order_00003667,1,prod_00000629,sell_00000133,2024-02-08 21:51:16,30.59,4.1
order_00003668,1,prod_00000226,sell_00000178,2025-10-10 17:43:49,270.06,8.15
order_00003669,1,prod_00000675,sell_00000125,2025-10-27 13:43:33,72.85,7.47
order_00003670,1,prod_00000261,sell_00000002,2025-10-23 22:07:56,240.61,18.3
order_00003671,1,prod_00000647,sell_00000101,2025-08-13 21:15:51,79.35,2.67
order_00003672,1,prod_00000225,sell_00000086,2024-08-31 14:29:51,75.25,4.98
order_00003672,2,prod_00000284,sell_00000073,2024-09-03 14:29:51,52.23,6.31
order_00003672,3,prod_00000177,sell_00000130,2024-09-02 14:29:51,50.05,5.44
order_00003673,1,prod_00000163,sell_00000136,2025-07-30 02:54:55,82.24,14.26
order_00003673,2,prod_00000475,sell_00000210,2025-07-30 02:54:55,187.39,26.82
order_00003673,3,prod_00000552,sell_00000169,2025-07-30 02:54:55,37.47,5.18
order_00003674,1,prod_00000310,sell_00000155,2024-04-12 18:10:02,63.3,7.33
order_00003675,1,prod_00000455,sell_00000112,2024-04-28 13:40:44,6.02,0.6
order_00003675,2,prod_00000568,sell_00000080,2024-04-28 13:40:44,48.92,5.28
order_00003676,1,prod_00000470,sell_00000238,2025-06-16 16:41:44,63.51,9.45
order_00003677,1,prod_00000567,sell_00000010,2025-02-02 22:43:25,11.25,1.08
order_00003678,1,prod_00000081,sell_00000134,2025-12-12 18:40:45,63.76,5.57
order_00003679,1,prod_00000670,sell_00000113,2025-04-06 06:10:57,24.25,2.86
order_00003679,2,prod_00000622,sell_00000151,2025-04-03 06:10:57,20.03,1.58
order_00003679,3,prod_00000054,sell_00000095,2025-04-02 06:10:57,114.49,10.65
order_00003680,1,prod_00000401,sell_00000188,2024-08-01 15:20:34,62.72,4.51
order_00003681,1,prod_00000070,sell_00000003,2024-04-23 23:26:45,24.36,2.2
order_00003682,1,prod_00000348,sell_00000144,2024-04-18 12:51:37,92.51,8.37
order_00003683,1,prod_00000110,sell_00000097,2025-11-29 19:40:19,40.96,7.12
order_00003684,1,prod_00000680,sell_00000099,2024-06-22 02:34:54,166.46,5.4
order_00003685,1,prod_00000036,sell_00000148,2024-01-29 05:24:03,57.59,3.16
order_00003685,2,prod_00000429,sell_00000059,2024-01-31 05:24:03,82.83,9.25
order_00003686,1,prod_00000317,sell_00000160,2024-11-24 13:02:02,66.14,9.55
order_00003687,1,prod_00000385,sell_00000128,2024-04-22 08:54:22,41.49,3.57
order_00003688,1,prod_00000025,sell_00000205,2025-12-17 05:43:58,200.52,33.77
order_00003689,1,prod_00000798,sell_00000088,2024-07-09 04:03:54,118.9,10.29
order_00003690,1,prod_00000755,sell_00000157,2025-10-23 13:51:55,47.91,3.6
order_00003691,1,prod_00000468,sell_00000081,2024-03-29 00:51:17,76.55,11.98
order_00003692,1,prod_00000359,sell_00000240,2025-10-22 05:53:03,33.64,5.3
order_00003693,1,prod_00000131,sell_00000247,2024-02-13 06:00:00,36.22,1.53
order_00003694,1,prod_00000664,sell_00000227,2025-10-17 00:35:23,215.74,33.84
order_00003695,1,prod_00000142,sell_00000036,2024-05-11 10:35:18,77.81,12.48
order_00003696,1,prod_00000258,sell_00000010,2024-04-18 15:21:59,29.32,2.68
order_00003697,1,prod_00000671,sell_00000106,2024-05-28 03:08:23,463.59,16.78
order_00003698,1,prod_00000711,sell_00000084,2024-01-27 00:05:14,133.97,23.3
order_00003699,1,prod_00000138,sell_00000080,2025-12-02 16:15:40,48.59,6.55
order_00003700,1,prod_00000258,sell_00000093,2025-09-07 03:10:58,66.23,5.81
order_00003700,2,prod_00000555,sell_00000013,2025-09-08 03:10:58,30.72,2.24
order_00003701,1,prod_00000089,sell_00000229,2025-09-05 22:03:05,106.5,9.3
order_00003702,1,prod_00000546,sell_00000125,2025-09-18 07:05:25,209.71,23.12
order_00003703,1,prod_00000502,sell_00000178,2024-06-07 04:15:19,32.76,1.11
order_00003704,1,prod_00000177,sell_00000145,2025-11-17 20:43:43,74.83,4.26
order_00003705,1,prod_00000514,sell_00000087,2024-03-07 06:31:15,95.28,15.24
order_00003706,1,prod_00000324,sell_00000126,2025-02-20 00:31:00,45.72,1.98
order_00003707,1,prod_00000773,sell_00000142,2024-02-28 17:25:01,40.14,2.93
order_00003707,2,prod_00000167,sell_00000094,2024-02-29 17:25:01,26.49,2.38
order_00003708,1,prod_00000596,sell_00000163,2024-12-18 14:27:18,83.06,11.69
order_00003709,1,prod_00000023,sell_00000110,2025-11-18 16:20:11,11.23,1.12
order_00003710,1,prod_00000224,sell_00000008,2024-01-09 17:59:55,65.09,2.38
order_00003711,1,prod_00000370,sell_00000185,2024-08-28 17:29:51,199.57,21.04
order_00003712,1,prod_00000017,sell_00000216,2025-09-19 18:37:28,12.88,2.21
order_00003713,1,prod_00000603,sell_00000244,2025-08-27 08:40:44,92.02,15.86
order_00003714,1,prod_00000662,sell_00000081,2024-05-13 05:15:37,41.2,5.35
order_00003715,1,prod_00000258,sell_00000094,2024-10-25 18:17:32,38.98,3.18
order_00003716,1,prod_00000635,sell_00000106,2025-03-10 05:06:26,56.06,9.48
order_00003717,1,prod_00000271,sell_00000044,2024-05-26 13:56:51,194.66,29.85
order_00003718,1,prod_00000582,sell_00000208,2024-05-14 19:46:26,37.22,1.48
order_00003719,1,prod_00000403,sell_00000237,2025-10-28 05:09:00,23.82,3.65
order_00003720,1,prod_00000104,sell_00000235,2025-11-30 04:41:15,40.37,4.37
order_00003721,1,prod_00000311,sell_00000109,2025-03-20 00:04:11,55.39,6.64
order_00003722,1,prod_00000160,sell_00000098,2025-12-25 15:21:07,38.26,4.28
order_00003723,1,prod_00000632,sell_00000045,2025-09-19 13:05:03,23.89,3.38
order_00003724,1,prod_00000274,sell_00000099,2024-10-18 23:31:18,39.35,5.28
order_00003725,1,prod_00000096,sell_00000027,2025-05-01 09:43:11,7.13,0.25
order_00003725,2,prod_00000785,sell_00000186,2025-05-03 09:43:11,20.32,0.92
order_00003725,3,prod_00000702,sell_00000000,2025-04-29 09:43:11,16.08,1.29
order_00003726,1,prod_00000327,sell_00000136,2025-03-02 16:39:27,22.85,1.18
order_00003727,1,prod_00000037,sell_00000020,2025-01-13 22:12:14,56.13,8.33
order_00003728,1,prod_00000210,sell_00000212,2024-01-07 13:15:00,80.01,6.24
order_00003729,1,prod_00000696,sell_00000193,2025-04-10 05:22:30,70.86,11.41
order_00003729,2,prod_00000032,sell_00000214,2025-04-12 05:22:30,154.17,16.43
order_00003730,1,prod_00000282,sell_00000218,2025-08-29 23:20:24,116.78,19.56
order_00003731,1,prod_00000597,sell_00000127,2025-06-04 15:17:50,43.08,7.05
order_00003731,2,prod_00000363,sell_00000018,2025-06-04 15:17:50,97.96,13.48
order_00003732,1,prod_00000223,sell_00000107,2025-06-01 12:38:39,70.43,11.67
order_00003733,1,prod_00000348,sell_00000115,2025-07-13 19:13:55,28.3,3.45
order_00003733,2,prod_00000787,sell_00000155,2025-07-14 19:13:55,573.33,100.48
order_00003733,3,prod_00000496,sell_00000142,2025-07-16 19:13:55,125.97,7.7
order_00003734,1,prod_00000030,sell_00000124,2024-05-21 20:36:45,32.14,2.94
order_00003734,2,prod_00000196,sell_00000112,2024-05-17 20:36:45,47.93,1.64
order_00003734,3,prod_00000283,sell_00000172,2024-05-17 20:36:45,59.26,6.74
order_00003735,1,prod_00000389,sell_00000029,2024-06-01 00:17:54,56.75,8.13
order_00003736,1,prod_00000193,sell_00000097,2024-06-26 21:39:33,164.88,20.16
order_00003736,2,prod_00000540,sell_00000066,2024-06-24 21:39:33,67.64,5.42
order_00003736,3,prod_00000047,sell_00000159,2024-06-25 21:39:33,49.04,3.23
order_00003737,1,prod_00000374,sell_00000135,2024-11-01 05:54:17,135.77,18.26
order_00003738,1,prod_00000394,sell_00000117,2025-07-01 04:55:42,99.42,11.48
order_00003739,1,prod_00000195,sell_00000161,2025-01-31 02:31:59,34.94,3.08
order_00003739,2,prod_00000442,sell_00000051,2025-02-01 02:31:59,59.77,5.12
order_00003739,3,prod_00000723,sell_00000091,2025-01-31 02:31:59,68.47,11.84
order_00003739,4,prod_00000261,sell_00000068,2025-02-01 02:31:59,114.05,10.7
order_00003740,1,prod_00000047,sell_00000217,2025-08-08 14:25:41,23.96,2.02
order_00003740,2,prod_00000021,sell_00000218,2025-08-10 14:25:41,43.89,4.27
order_00003741,1,prod_00000438,sell_00000131,2025-01-25 10:53:26,92.25,11.84
order_00003742,1,prod_00000138,sell_00000014,2024-02-06 03:10:35,81.52,2.92
order_00003742,2,prod_00000716,sell_00000192,2024-02-09 03:10:35,63.31,3.36
order_00003742,3,prod_00000501,sell_00000060,2024-02-08 03:10:35,7.39,0.55
order_00003743,1,prod_00000606,sell_00000078,2025-11-11 08:44:19,29.12,4.96
order_00003743,2,prod_00000774,sell_00000061,2025-11-08 08:44:19,61.62,8.33
order_00003744,1,prod_00000197,sell_00000056,2024-11-10 15:09:05,97.92,13.87
order_00003745,1,prod_00000308,sell_00000233,2024-12-01 06:09:14,221.14,19.71
order_00003746,1,prod_00000111,sell_00000030,2025-08-06 07:08:27,24.76,3.6
order_00003747,1,prod_00000701,sell_00000206,2025-04-25 23:08:22,79.98,9.07
order_00003748,1,prod_00000047,sell_00000161,2025-08-09 20:09:05,27.89,1.89
order_00003749,1,prod_00000388,sell_00000149,2025-12-16 23:53:59,24.89,3.28
order_00003749,2,prod_00000721,sell_00000114,2025-12-19 23:53:59,98.32,15.95
order_00003749,3,prod_00000352,sell_00000085,2025-12-18 23:53:59,25.64,3.49
order_00003750,1,prod_00000021,sell_00000008,2025-09-19 14:40:25,26.27,0.87
order_00003751,1,prod_00000383,sell_00000067,2025-01-24 07:49:32,43.83,5.18
order_00003751,2,prod_00000587,sell_00000021,2025-01-22 07:49:32,22.29,3.55
order_00003751,3,prod_00000011,sell_00000237,2025-01-21 07:49:32,38.62,4.55
order_00003752,1,prod_00000478,sell_00000215,2024-09-27 00:58:03,32.26,4.45
order_00003753,1,prod_00000788,sell_00000128,2025-08-05 05:15:51,71.13,9.89
order_00003754,1,prod_00000708,sell_00000027,2025-11-01 07:42:01,79.4,9.12
order_00003754,2,prod_00000555,sell_00000060,2025-11-02 07:42:01,23.76,1.86
order_00003755,1,prod_00000276,sell_00000118,2025-01-21 18:54:06,48.02,3.61
order_00003756,1,prod_00000719,sell_00000184,2024-06-26 03:55:46,19.32,3.32
order_00003757,1,prod_00000019,sell_00000103,2024-12-14 18:27:26,174.97,7.02
order_00003758,1,prod_00000125,sell_00000244,2024-03-09 00:46:11,32.7,2.85
order_00003759,1,prod_00000791,sell_00000102,2025-12-14 03:50:55,41.85,4.93
order_00003760,1,prod_00000504,sell_00000185,2024-05-12 15:14:54,31.42,4.8
order_00003761,1,prod_00000672,sell_00000013,2025-04-20 17:25:12,110.72,15.62
order_00003762,1,prod_00000161,sell_00000230,2025-11-26 17:57:40,136.75,17.16
order_00003763,1,prod_00000185,sell_00000138,2025-08-24 02:52:35,96.85,4.38
order_00003763,2,prod_00000353,sell_00000078,2025-08-26 02:52:35,99.85,15.22
order_00003763,3,prod_00000545,sell_00000004,2025-08-28 02:52:35,24.7,4.17
order_00003764,1,prod_00000215,sell_00000062,2025-11-15 02:13:00,49.12,6.25
order_00003764,2,prod_00000781,sell_00000074,2025-11-11 02:13:00,37.43,2.11
order_00003764,3,prod_00000355,sell_00000112,2025-11-12 02:13:00,29.34,2.93
order_00003765,1,prod_00000376,sell_00000091,2025-07-26 08:28:50,31.91,3.11
order_00003765,2,prod_00000041,sell_00000064,2025-07-26 08:28:50,107.42,13.64
order_00003766,1,prod_00000364,sell_00000177,2025-10-06 13:33:52,41.35,6.54
order_00003766,2,prod_00000401,sell_00000135,2025-10-05 13:33:52,22.83,1.43
order_00003766,3,prod_00000088,sell_00000154,2025-10-02 13:33:52,93.5,8.93
order_00003767,1,prod_00000617,sell_00000221,2024-07-15 13:10:33,32.58,4.34
order_00003768,1,prod_00000567,sell_00000007,2024-04-05 12:51:07,90.36,6.72
order_00003769,1,prod_00000396,sell_00000024,2025-03-22 08:29:07,78.34,7.92
order_00003769,2,prod_00000055,sell_00000205,2025-03-20 08:29:07,130.13,20.36
order_00003769,3,prod_00000209,sell_00000142,2025-03-21 08:29:07,34.6,4.68
order_00003770,1,prod_00000748,sell_00000140,2024-11-05 04:21:08,24.52,2.8
order_00003771,1,prod_00000587,sell_00000225,2024-11-29 19:49:05,579.77,81.25
order_00003772,1,prod_00000145,sell_00000221,2025-01-17 00:23:54,18.3,0.87
order_00003773,1,prod_00000646,sell_00000193,2024-04-14 13:37:18,66.21,10.95
order_00003773,2,prod_00000722,sell_00000238,2024-04-13 13:37:18,100.97,12.21
order_00003774,1,prod_00000052,sell_00000081,2025-06-12 00:21:10,8.85,0.48
order_00003775,1,prod_00000096,sell_00000101,2024-09-09 04:59:31,62.47,5.46
order_00003776,1,prod_00000004,sell_00000190,2024-07-16 06:02:59,126.27,8.08
order_00003776,2,prod_00000368,sell_00000032,2024-07-13 06:02:59,52.08,5.5
order_00003777,1,prod_00000138,sell_00000086,2024-09-07 01:23:39,143.85,15.2
order_00003777,2,prod_00000754,sell_00000013,2024-09-06 01:23:39,22.68,1.99
order_00003777,3,prod_00000704,sell_00000006,2024-09-04 01:23:39,89.22,7.31
order_00003777,4,prod_00000256,sell_00000229,2024-09-04 01:23:39,80.65,5.77
order_00003778,1,prod_00000585,sell_00000034,2025-05-13 09:16:01,94.7,16.49
order_00003779,1,prod_00000513,sell_00000078,2024-12-15 07:13:40,40.91,5.77
order_00003779,2,prod_00000480,sell_00000197,2024-12-13 07:13:40,64.55,7.46
order_00003780,1,prod_00000739,sell_00000139,2025-10-25 23:11:22,65.81,9.87
order_00003781,1,prod_00000379,sell_00000147,2025-09-13 20:31:34,38.26,3.8
order_00003781,2,prod_00000265,sell_00000060,2025-09-15 20:31:34,158.91,23.88
order_00003781,3,prod_00000064,sell_00000247,2025-09-14 20:31:34,32.47,3.37
order_00003782,1,prod_00000404,sell_00000074,2025-01-13 05:35:37,59.85,5.21
order_00003783,1,prod_00000585,sell_00000192,2025-08-05 14:18:43,52.39,4.46
order_00003784,1,prod_00000261,sell_00000182,2025-04-10 09:07:02,82.09,11.92
order_00003785,1,prod_00000686,sell_00000087,2025-07-08 03:46:18,63.31,5.74
order_00003786,1,prod_00000764,sell_00000025,2024-11-19 20:38:32,64.72,5.48
order_00003787,1,prod_00000737,sell_00000226,2025-10-28 08:40:55,45.47,4.41
order_00003787,2,prod_00000049,sell_00000107,2025-10-29 08:40:55,314.82,51.86
order_00003788,1,prod_00000244,sell_00000008,2025-08-14 16:08:46,221.67,10.14
order_00003788,2,prod_00000007,sell_00000128,2025-08-14 16:08:46,104.18,9.13
order_00003789,1,prod_00000381,sell_00000086,2025-05-23 07:50:17,95.14,17.06
order_00003790,1,prod_00000774,sell_00000059,2025-12-22 12:16:01,48.04,6.14
order_00003791,1,prod_00000133,sell_00000120,2025-04-09 00:43:41,206.83,36.98
order_00003791,2,prod_00000621,sell_00000080,2025-04-09 00:43:41,43.14,3.66
order_00003792,1,prod_00000696,sell_00000138,2025-06-08 14:37:53,22.13,3.49
order_00003793,1,prod_00000763,sell_00000063,2024-08-18 23:46:01,67.41,9.17
order_00003793,2,prod_00000194,sell_00000079,2024-08-18 23:46:01,29.57,3.75
order_00003793,3,prod_00000201,sell_00000236,2024-08-18 23:46:01,32.8,1.6
order_00003794,1,prod_00000604,sell_00000168,2024-11-17 19:11:31,81.64,6.75
order_00003795,1,prod_00000356,sell_00000023,2025-07-28 20:10:16,35.57,3.41
order_00003795,2,prod_00000677,sell_00000135,2025-07-24 20:10:16,15.93,1.46
order_00003796,1,prod_00000153,sell_00000007,2024-07-25 09:52:13,22.22,2.69
order_00003797,1,prod_00000664,sell_00000064,2025-06-09 00:41:22,32.19,4.94
order_00003797,2,prod_00000496,sell_00000132,2025-06-12 00:41:22,85.99,15.15
order_00003797,3,prod_00000312,sell_00000116,2025-06-11 00:41:22,27.17,3.93
order_00003798,1,prod_00000141,sell_00000090,2024-12-07 21:00:39,163.55,24.68
order_00003799,1,prod_00000088,sell_00000069,2024-10-20 10:30:52,72.84,12.13
order_00003800,1,prod_00000699,sell_00000041,2025-06-14 13:14:15,64.12,10.95
order_00003800,2,prod_00000540,sell_00000150,2025-06-15 13:14:15,34.93,2.49
order_00003801,1,prod_00000537,sell_00000004,2024-02-16 05:05:44,60.35,3.85
order_00003801,2,prod_00000200,sell_00000038,2024-02-19 05:05:44,22.26,0.92
order_00003801,3,prod_00000370,sell_00000200,2024-02-16 05:05:44,112.62,9.45
order_00003801,4,prod_00000170,sell_00000174,2024-02-18 05:05:44,34.22,5.35
order_00003802,1,prod_00000749,sell_00000135,2025-09-11 09:36:09,47.96,5.55
order_00003802,2,prod_00000369,sell_00000041,2025-09-14 09:36:09,29.03,3.4
order_00003802,3,prod_00000118,sell_00000015,2025-09-14 09:36:09,5.81,0.7
order_00003802,4,prod_00000255,sell_00000234,2025-09-10 09:36:09,23.32,3.12
order_00003803,1,prod_00000288,sell_00000226,2024-06-21 02:21:43,14.82,1.96
order_00003804,1,prod_00000149,sell_00000120,2024-01-22 05:38:51,57.81,5.83
order_00003805,1,prod_00000102,sell_00000184,2024-04-25 22:30:47,166.12,18.13
order_00003805,2,prod_00000679,sell_00000012,2024-04-26 22:30:47,84.73,4.67
order_00003805,3,prod_00000082,sell_00000163,2024-04-29 22:30:47,35.53,5.41
order_00003806,1,prod_00000711,sell_00000003,2024-02-05 00:05:51,45.51,7.31
order_00003807,1,prod_00000221,sell_00000074,2025-05-12 12:46:11,134.46,9.88
order_00003808,1,prod_00000745,sell_00000060,2025-02-17 02:21:31,62.22,9.67
order_00003808,2,prod_00000213,sell_00000244,2025-02-20 02:21:31,92.54,14.94
order_00003809,1,prod_00000271,sell_00000248,2024-09-22 12:38:12,19.13,1.17
order_00003809,2,prod_00000168,sell_00000233,2024-09-22 12:38:12,40.88,2.27
order_00003809,3,prod_00000024,sell_00000098,2024-09-21 12:38:12,38.67,4.15
order_00003810,1,prod_00000769,sell_00000190,2024-06-22 03:33:47,23.25,2.05
order_00003811,1,prod_00000754,sell_00000175,2024-09-06 20:56:07,124.67,11.44
order_00003812,1,prod_00000755,sell_00000110,2025-12-23 13:41:32,42.77,3.96
order_00003812,2,prod_00000056,sell_00000139,2025-12-20 13:41:32,8.73,1.46
order_00003812,3,prod_00000343,sell_00000136,2025-12-23 13:41:32,139.13,5.13
order_00003812,4,prod_00000222,sell_00000064,2025-12-23 13:41:32,8.82,0.56
order_00003813,1,prod_00000635,sell_00000009,2025-06-19 01:50:49,12.3,1.66
order_00003814,1,prod_00000259,sell_00000160,2024-03-25 18:47:04,53.66,8.01
order_00003814,2,prod_00000362,sell_00000154,2024-03-25 18:47:04,46.17,4.22
order_00003815,1,prod_00000390,sell_00000083,2024-08-13 20:49:52,54.03,3.02
order_00003816,1,prod_00000787,sell_00000114,2024-11-14 10:06:19,21.79,2.06
order_00003817,1,prod_00000324,sell_00000143,2025-05-10 12:53:13,22.76,2.44
order_00003817,2,prod_00000012,sell_00000006,2025-05-15 12:53:13,15.84,1.71
order_00003818,1,prod_00000713,sell_00000061,2024-12-20 05:45:34,23.98,2.46
order_00003819,1,prod_00000218,sell_00000085,2024-09-28 17:14:07,79.19,8.6
order_00003820,1,prod_00000150,sell_00000041,2025-10-08 10:55:04,106.97,9.78
order_00003821,1,prod_00000329,sell_00000067,2025-11-09 19:19:00,18.57,1.46
order_00003821,2,prod_00000003,sell_00000181,2025-11-06 19:19:00,17.54,2.8
order_00003821,3,prod_00000652,sell_00000069,2025-11-08 19:19:00,82.92,3.48
order_00003822,1,prod_00000517,sell_00000139,2025-10-04 00:56:58,141.85,10.36
order_00003823,1,prod_00000662,sell_00000189,2024-08-08 19:47:53,88.98,10.53
order_00003823,2,prod_00000390,sell_00000188,2024-08-07 19:47:53,46.7,3.41
order_00003823,3,prod_00000568,sell_00000077,2024-08-06 19:47:53,8.85,0.3
order_00003824,1,prod_00000055,sell_00000238,2025-08-28 19:23:13,85.18,14.53
order_00003824,2,prod_00000673,sell_00000111,2025-08-29 19:23:13,137.54,21.99
order_00003825,1,prod_00000245,sell_00000027,2024-11-08 01:17:52,67.83,11.56
order_00003825,2,prod_00000187,sell_00000056,2024-11-10 01:17:52,54.36,9.47
order_00003825,3,prod_00000289,sell_00000003,2024-11-08 01:17:52,109.77,13.51
order_00003826,1,prod_00000101,sell_00000129,2025-02-04 12:38:25,99.63,15.75
order_00003826,2,prod_00000742,sell_00000041,2025-02-06 12:38:25,46.92,3.14
order_00003826,3,prod_00000062,sell_00000206,2025-02-08 12:38:25,49.05,7.25
order_00003827,1,prod_00000549,sell_00000184,2024-04-05 02:51:47,104.92,13.59
order_00003828,1,prod_00000530,sell_00000078,2024-04-29 00:08:36,278.16,47.83
order_00003828,2,prod_00000498,sell_00000173,2024-05-02 00:08:36,30.33,1.23
order_00003828,3,prod_00000060,sell_00000164,2024-04-30 00:08:36,46.02,6.9
order_00003829,1,prod_00000688,sell_00000180,2024-10-21 11:27:52,28.48,3.31
order_00003829,2,prod_00000702,sell_00000083,2024-10-25 11:27:52,50.67,7.42
order_00003830,1,prod_00000492,sell_00000146,2025-01-15 08:23:08,10.56,0.85
order_00003831,1,prod_00000781,sell_00000120,2025-04-12 02:27:50,150.68,16.87
order_00003832,1,prod_00000024,sell_00000051,2024-08-23 04:43:54,95.92,9.38
order_00003833,1,prod_00000282,sell_00000061,2024-03-08 05:49:29,266.88,26.71
order_00003833,2,prod_00000384,sell_00000143,2024-03-11 05:49:29,34.03,4.83
order_00003834,1,prod_00000125,sell_00000245,2024-07-29 09:23:13,241.49,40.01
order_00003835,1,prod_00000098,sell_00000131,2025-05-19 21:10:04,16.19,0.61
order_00003836,1,prod_00000636,sell_00000211,2024-01-25 20:54:42,10.53,1.37
order_00003837,1,prod_00000146,sell_00000075,2025-07-02 18:52:46,78.93,6.0
order_00003837,2,prod_00000188,sell_00000013,2025-07-04 18:52:46,194.45,34.04
order_00003837,3,prod_00000704,sell_00000073,2025-07-01 18:52:46,113.18,16.15
order_00003837,4,prod_00000055,sell_00000125,2025-07-04 18:52:46,87.25,9.9
order_00003838,1,prod_00000399,sell_00000134,2025-09-16 09:20:04,22.89,1.37
order_00003838,2,prod_00000503,sell_00000209,2025-09-20 09:20:04,69.74,3.71
order_00003839,1,prod_00000708,sell_00000184,2025-11-24 12:53:22,12.72,0.58
order_00003839,2,prod_00000473,sell_00000221,2025-11-25 12:53:22,114.56,4.22
order_00003840,1,prod_00000216,sell_00000159,2024-02-19 14:01:35,16.79,1.55
order_00003841,1,prod_00000377,sell_00000109,2025-05-30 00:58:41,36.72,1.49
order_00003842,1,prod_00000798,sell_00000154,2025-06-19 00:13:18,123.93,17.29
order_00003843,1,prod_00000543,sell_00000198,2025-08-08 07:11:12,69.04,10.91
order_00003844,1,prod_00000457,sell_00000076,2024-12-02 07:14:55,62.43,7.85
order_00003845,1,prod_00000261,sell_00000178,2024-07-29 04:41:37,62.83,9.63
order_00003846,1,prod_00000673,sell_00000057,2024-08-24 04:51:44,14.2,0.56
order_00003847,1,prod_00000070,sell_00000179,2024-04-21 22:36:49,46.38,5.96
order_00003847,2,prod_00000079,sell_00000031,2024-04-25 22:36:49,53.84,8.31
order_00003847,3,prod_00000791,sell_00000062,2024-04-21 22:36:49,51.35,5.97
order_00003848,1,prod_00000167,sell_00000159,2024-01-21 20:46:21,44.29,3.27
order_00003849,1,prod_00000287,sell_00000124,2025-01-08 07:02:04,76.65,9.6
order_00003850,1,prod_00000014,sell_00000177,2024-05-22 23:51:14,23.66,4.06
order_00003851,1,prod_00000323,sell_00000194,2025-06-20 00:47:27,56.87,8.7
order_00003852,1,prod_00000039,sell_00000101,2025-11-04 18:27:54,52.92,3.92
order_00003853,1,prod_00000075,sell_00000140,2025-06-20 17:04:30,40.98,2.84
order_00003854,1,prod_00000085,sell_00000226,2024-02-25 10:53:29,34.42,3.84
order_00003855,1,prod_00000748,sell_00000142,2024-06-25 22:57:40,24.94,3.05
order_00003856,1,prod_00000722,sell_00000139,2025-08-30 20:36:29,46.34,5.04
order_00003856,2,prod_00000560,sell_00000055,2025-09-03 20:36:29,59.7,4.65
order_00003857,1,prod_00000792,sell_00000027,2024-09-14 04:47:40,76.8,8.58
order_00003857,2,prod_00000138,sell_00000197,2024-09-19 04:47:40,88.94,10.1
order_00003857,3,prod_00000430,sell_00000109,2024-09-14 04:47:40,74.33,8.51
order_00003858,1,prod_00000485,sell_00000166,2024-04-10 11:08:46,50.73,6.14
order_00003858,2,prod_00000293,sell_00000097,2024-04-07 11:08:46,60.8,10.37
order_00003859,1,prod_00000451,sell_00000105,2024-05-27 08:48:56,32.55,4.73
order_00003860,1,prod_00000088,sell_00000135,2024-11-23 23:05:30,94.39,10.47
order_00003861,1,prod_00000022,sell_00000177,2024-06-11 02:12:10,30.46,1.65
order_00003862,1,prod_00000602,sell_00000127,2025-03-24 11:12:59,76.94,5.96
order_00003863,1,prod_00000113,sell_00000067,2024-03-09 13:58:19,36.39,6.46
order_00003863,2,prod_00000518,sell_00000004,2024-03-08 13:58:19,72.89,5.21
order_00003863,3,prod_00000468,sell_00000120,2024-03-11 13:58:19,72.81,4.4
order_00003864,1,prod_00000470,sell_00000041,2024-02-22 15:42:00,295.71,38.8
order_00003865,1,prod_00000646,sell_00000228,2024-12-22 17:48:53,169.14,24.91
order_00003866,1,prod_00000119,sell_00000125,2025-07-18 07:13:23,44.65,1.97
order_00003866,2,prod_00000099,sell_00000086,2025-07-18 07:13:23,42.03,5.75
order_00003866,3,prod_00000010,sell_00000130,2025-07-17 07:13:23,68.66,11.57
order_00003867,1,prod_00000274,sell_00000165,2024-07-19 08:57:35,161.48,12.49
order_00003867,2,prod_00000774,sell_00000228,2024-07-18 08:57:35,146.4,13.66
order_00003867,3,prod_00000713,sell_00000178,2024-07-17 08:57:35,339.52,47.38
order_00003868,1,prod_00000172,sell_00000222,2024-10-29 05:34:42,60.11,10.25
order_00003869,1,prod_00000065,sell_00000226,2024-11-29 23:55:44,54.37,8.61
order_00003870,1,prod_00000076,sell_00000083,2025-06-29 09:05:48,61.64,3.2
order_00003871,1,prod_00000477,sell_00000058,2025-07-24 00:24:17,176.6,16.09
order_00003872,1,prod_00000196,sell_00000087,2025-02-25 00:31:45,54.11,9.65
order_00003873,1,prod_00000128,sell_00000197,2025-09-30 10:56:31,33.39,3.39
order_00003874,1,prod_00000284,sell_00000155,2024-07-09 16:48:04,27.18,1.31
order_00003875,1,prod_00000340,sell_00000247,2025-01-21 18:43:14,51.53,4.2
order_00003876,1,prod_00000668,sell_00000187,2024-05-11 10:46:56,94.18,13.0
order_00003877,1,prod_00000425,sell_00000204,2024-10-12 05:24:14,99.29,5.54
order_00003878,1,prod_00000164,sell_00000055,2025-04-02 17:51:20,23.96,3.6
order_00003879,1,prod_00000655,sell_00000195,2024-08-16 19:07:04,8.17,1.11
order_00003879,2,prod_00000103,sell_00000196,2024-08-16 19:07:04,51.51,4.59
order_00003879,3,prod_00000549,sell_00000151,2024-08-19 19:07:04,47.36,7.41
order_00003880,1,prod_00000525,sell_00000144,2025-03-09 14:15:39,129.77,13.69
order_00003881,1,prod_00000043,sell_00000136,2024-09-11 10:56:16,39.16,5.51
order_00003882,1,prod_00000077,sell_00000007,2025-06-10 14:26:17,28.53,3.2
order_00003883,1,prod_00000547,sell_00000206,2025-06-25 06:46:42,135.13,12.05
order_00003883,2,prod_00000609,sell_00000054,2025-06-25 06:46:42,16.79,3.0
order_00003883,3,prod_00000760,sell_00000051,2025-06-28 06:46:42,28.27,4.86
order_00003884,1,prod_00000081,sell_00000240,2025-02-22 09:19:20,56.87,9.55
order_00003885,1,prod_00000507,sell_00000068,2024-01-12 19:11:53,127.13,16.56
order_00003886,1,prod_00000571,sell_00000042,2024-05-28 17:43:29,79.71,11.4
order_00003887,1,prod_00000319,sell_00000090,2025-08-08 20:25:00,29.07,1.07
order_00003888,1,prod_00000634,sell_00000119,2024-08-27 19:26:41,46.39,4.91
order_00003889,1,prod_00000175,sell_00000227,2024-11-19 03:23:06,26.4,1.84
order_00003890,1,prod_00000304,sell_00000203,2025-10-15 00:24:21,47.16,4.95
order_00003891,1,prod_00000481,sell_00000218,2024-11-13 07:59:31,18.49,2.09
order_00003891,2,prod_00000347,sell_00000177,2024-11-12 07:59:31,104.68,16.69
order_00003892,1,prod_00000725,sell_00000085,2025-03-16 16:17:22,16.73,2.11
order_00003893,1,prod_00000688,sell_00000109,2025-09-20 20:48:45,116.62,20.65
order_00003894,1,prod_00000155,sell_00000214,2025-12-12 00:40:48,42.83,2.24
order_00003895,1,prod_00000703,sell_00000184,2024-12-18 16:40:26,115.3,14.66
order_00003896,1,prod_00000206,sell_00000171,2024-10-02 11:56:35,13.15,1.69
order_00003897,1,prod_00000111,sell_00000182,2024-09-09 07:35:20,97.12,7.49
order_00003898,1,prod_00000521,sell_00000241,2024-12-12 04:00:46,31.39,1.72
order_00003899,1,prod_00000223,sell_00000197,2024-07-17 22:29:11,111.55,16.87
order_00003900,1,prod_00000119,sell_00000019,2024-08-03 17:35:37,37.92,1.2
order_00003901,1,prod_00000419,sell_00000104,2024-01-13 16:56:59,22.29,3.81
order_00003901,2,prod_00000237,sell_00000047,2024-01-14 16:56:59,122.76,20.38
order_00003901,3,prod_00000160,sell_00000008,2024-01-12 16:56:59,63.4,7.59
order_00003902,1,prod_00000409,sell_00000232,2024-07-07 19:24:31,49.59,4.41
order_00003903,1,prod_00000496,sell_00000140,2024-04-27 21:31:30,139.79,23.33
order_00003904,1,prod_00000612,sell_00000191,2025-06-27 03:01:45,21.86,3.93
order_00003904,2,prod_00000553,sell_00000231,2025-06-28 03:01:45,29.12,4.57
order_00003905,1,prod_00000629,sell_00000246,2025-09-13 23:09:53,60.38,10.07
order_00003905,2,prod_00000113,sell_00000236,2025-09-10 23:09:53,18.43,1.07
order_00003905,3,prod_00000172,sell_00000205,2025-09-13 23:09:53,82.44,9.91
order_00003906,1,prod_00000765,sell_00000019,2025-01-15 12:35:01,102.28,17.83
order_00003906,2,prod_00000290,sell_00000018,2025-01-13 12:35:01,209.62,14.24
order_00003907,1,prod_00000246,sell_00000033,2025-05-28 13:05:48,46.23,1.47
order_00003907,2,prod_00000377,sell_00000108,2025-05-27 13:05:48,45.41,5.33
order_00003908,1,prod_00000060,sell_00000162,2025-02-03 02:31:21,88.1,13.48
order_00003908,2,prod_00000401,sell_00000188,2025-02-01 02:31:21,48.84,5.72
order_00003909,1,prod_00000460,sell_00000212,2025-02-02 19:11:41,52.69,5.04
order_00003909,2,prod_00000484,sell_00000139,2025-02-01 19:11:41,45.07,4.83
order_00003909,3,prod_00000434,sell_00000073,2025-02-02 19:11:41,20.42,3.44
order_00003909,4,prod_00000762,sell_00000233,2025-01-29 19:11:41,65.84,7.43
order_00003910,1,prod_00000245,sell_00000038,2024-01-05 08:32:36,56.84,7.97
order_00003911,1,prod_00000189,sell_00000205,2024-08-07 15:14:27,158.06,17.81
order_00003912,1,prod_00000250,sell_00000018,2024-05-20 14:49:52,15.65,2.37
order_00003913,1,prod_00000248,sell_00000235,2025-02-08 17:12:59,260.52,9.47
order_00003914,1,prod_00000481,sell_00000119,2024-03-28 17:39:31,31.26,1.98
order_00003914,2,prod_00000632,sell_00000049,2024-03-29 17:39:31,23.62,3.21
order_00003914,3,prod_00000057,sell_00000168,2024-03-27 17:39:31,13.99,2.35
order_00003915,1,prod_00000457,sell_00000238,2025-10-10 02:43:43,152.21,20.87
order_00003916,1,prod_00000311,sell_00000199,2024-12-09 12:05:19,304.31,9.9
order_00003917,1,prod_00000121,sell_00000144,2024-07-26 15:24:34,56.67,7.74
order_00003918,1,prod_00000676,sell_00000110,2024-10-28 00:31:57,29.12,3.03
order_00003919,1,prod_00000270,sell_00000227,2024-07-15 18:45:27,100.52,7.68
order_00003919,2,prod_00000324,sell_00000121,2024-07-12 18:45:27,86.52,11.52
order_00003920,1,prod_00000414,sell_00000039,2025-11-26 12:08:21,11.8,1.05
order_00003921,1,prod_00000564,sell_00000110,2024-09-30 02:12:49,76.19,5.02
order_00003922,1,prod_00000587,sell_00000084,2024-01-21 00:50:49,38.36,6.55
order_00003923,1,prod_00000032,sell_00000215,2025-02-25 17:40:12,146.24,4.64
order_00003923,2,prod_00000082,sell_00000034,2025-02-21 17:40:12,14.1,2.06
order_00003924,1,prod_00000236,sell_00000074,2024-05-28 12:05:46,121.33,3.97
order_00003924,2,prod_00000521,sell_00000129,2024-05-26 12:05:46,31.32,4.96
order_00003924,3,prod_00000322,sell_00000184,2024-05-28 12:05:46,24.22,2.37
order_00003924,4,prod_00000411,sell_00000032,2024-05-28 12:05:46,123.13,14.84
order_00003925,1,prod_00000102,sell_00000243,2025-10-31 11:18:55,71.23,10.58
order_00003926,1,prod_00000652,sell_00000129,2025-07-31 18:55:53,63.55,3.58
order_00003927,1,prod_00000173,sell_00000108,2025-05-23 04:57:59,116.67,14.82
order_00003927,2,prod_00000009,sell_00000078,2025-05-24 04:57:59,70.04,10.81
order_00003928,1,prod_00000574,sell_00000018,2024-05-29 19:55:01,18.6,2.52
order_00003929,1,prod_00000568,sell_00000122,2025-04-02 03:31:48,93.38,11.52
order_00003930,1,prod_00000229,sell_00000156,2024-04-12 16:17:14,79.67,5.82
order_00003931,1,prod_00000258,sell_00000030,2024-10-14 21:17:39,40.98,3.13
order_00003932,1,prod_00000025,sell_00000061,2024-06-01 16:07:23,38.05,5.74
order_00003933,1,prod_00000528,sell_00000083,2024-04-27 01:34:46,133.74,4.27
order_00003933,2,prod_00000170,sell_00000206,2024-04-24 01:34:46,23.66,1.78
order_00003934,1,prod_00000252,sell_00000146,2025-12-09 08:40:29,384.74,59.81
order_00003935,1,prod_00000404,sell_00000152,2025-01-12 16:41:59,49.98,7.3
order_00003935,2,prod_00000034,sell_00000211,2025-01-15 16:41:59,50.17,3.97
order_00003935,3,prod_00000548,sell_00000129,2025-01-13 16:41:59,84.22,3.95
order_00003936,1,prod_00000194,sell_00000106,2025-05-09 00:37:52,24.68,3.91
order_00003937,1,prod_00000773,sell_00000016,2024-08-04 18:38:32,14.37,1.02
order_00003938,1,prod_00000132,sell_00000162,2024-12-24 08:00:02,66.92,10.67
order_00003939,1,prod_00000201,sell_00000207,2025-11-05 01:14:03,14.98,0.61
order_00003939,2,prod_00000101,sell_00000017,2025-10-31 01:14:03,136.27,14.69
order_00003939,3,prod_00000438,sell_00000140,2025-11-04 01:14:03,132.98,23.88
order_00003939,4,prod_00000496,sell_00000050,2025-11-05 01:14:03,53.59,7.95
order_00003940,1,prod_00000685,sell_00000171,2025-10-06 03:28:52,208.68,25.47
order_00003940,2,prod_00000373,sell_00000128,2025-10-09 03:28:52,65.92,10.93
order_00003940,3,prod_00000632,sell_00000218,2025-10-11 03:28:52,91.87,16.16
order_00003940,4,prod_00000600,sell_00000002,2025-10-06 03:28:52,42.53,1.32
order_00003941,1,prod_00000191,sell_00000141,2024-10-04 09:12:13,88.11,12.95
order_00003942,1,prod_00000249,sell_00000062,2025-05-15 15:59:05,44.36,5.63
order_00003943,1,prod_00000392,sell_00000186,2025-12-04 01:26:38,121.7,5.16
order_00003943,2,prod_00000064,sell_00000131,2025-12-02 01:26:38,61.7,9.0
order_00003943,3,prod_00000157,sell_00000206,2025-12-04 01:26:38,26.93,3.17
order_00003944,1,prod_00000277,sell_00000157,2025-08-04 12:31:19,23.16,2.37
order_00003945,1,prod_00000186,sell_00000010,2025-10-05 14:46:07,60.92,2.16
order_00003945,2,prod_00000529,sell_00000155,2025-10-05 14:46:07,185.2,32.79
order_00003946,1,prod_00000507,sell_00000202,2025-09-01 14:47:55,217.94,16.17
order_00003947,1,prod_00000364,sell_00000178,2024-01-12 13:36:59,58.53,9.53
order_00003948,1,prod_00000577,sell_00000210,2024-10-23 22:24:57,48.53,6.86
order_00003949,1,prod_00000466,sell_00000081,2025-11-27 13:21:01,60.83,9.46
order_00003950,1,prod_00000353,sell_00000206,2025-12-30 04:58:22,80.52,13.92
order_00003951,1,prod_00000730,sell_00000040,2025-06-16 00:49:27,9.43,0.98
order_00003951,2,prod_00000786,sell_00000146,2025-06-19 00:49:27,420.63,20.43
order_00003951,3,prod_00000689,sell_00000104,2025-06-19 00:49:27,30.76,2.46
order_00003951,4,prod_00000168,sell_00000211,2025-06-19 00:49:27,59.89,9.9
order_00003952,1,prod_00000205,sell_00000209,2024-05-23 21:06:12,19.21,2.32
order_00003953,1,prod_00000092,sell_00000043,2024-12-22 16:57:35,42.57,3.43
order_00003953,2,prod_00000174,sell_00000127,2024-12-22 16:57:35,42.44,6.1
order_00003954,1,prod_00000584,sell_00000126,2024-03-02 06:32:48,45.13,7.4
order_00003955,1,prod_00000714,sell_00000129,2025-10-11 08:20:17,41.44,2.47
order_00003955,2,prod_00000482,sell_00000174,2025-10-11 08:20:17,71.08,7.41
order_00003955,3,prod_00000623,sell_00000178,2025-10-10 08:20:17,111.57,4.4
order_00003956,1,prod_00000314,sell_00000210,2024-08-05 19:21:52,117.26,6.71
order_00003957,1,prod_00000591,sell_00000198,2025-03-11 19:26:29,90.37,7.82
order_00003958,1,prod_00000563,sell_00000078,2024-06-30 01:42:09,184.65,31.91
order_00003959,1,prod_00000444,sell_00000150,2024-06-29 18:17:21,36.49,5.1
order_00003960,1,prod_00000786,sell_00000148,2024-06-29 09:02:19,107.63,4.04
order_00003960,2,prod_00000484,sell_00000096,2024-06-28 09:02:19,58.33,3.61
order_00003960,3,prod_00000545,sell_00000170,2024-06-25 09:02:19,32.87,3.97
order_00003960,4,prod_00000447,sell_00000095,2024-06-29 09:02:19,17.03,3.06
order_00003961,1,prod_00000114,sell_00000139,2024-02-29 17:48:41,36.14,2.69
order_00003961,2,prod_00000643,sell_00000238,2024-03-05 17:48:41,103.58,12.45
order_00003961,3,prod_00000793,sell_00000058,2024-02-29 17:48:41,16.62,1.36
order_00003961,4,prod_00000740,sell_00000095,2024-03-03 17:48:41,39.8,2.57
order_00003962,1,prod_00000295,sell_00000082,2025-08-23 03:51:06,56.6,8.86
order_00003963,1,prod_00000723,sell_00000204,2025-12-31 00:05:01,13.62,0.87
order_00003964,1,prod_00000232,sell_00000104,2024-02-12 17:18:45,76.03,9.47
order_00003965,1,prod_00000086,sell_00000146,2025-08-27 14:41:37,45.39,5.28
order_00003966,1,prod_00000106,sell_00000245,2024-03-05 04:17:09,61.28,8.73
order_00003967,1,prod_00000453,sell_00000231,2025-05-16 12:03:23,42.73,4.11
order_00003968,1,prod_00000510,sell_00000111,2024-09-03 05:25:17,43.04,2.78
order_00003969,1,prod_00000462,sell_00000244,2025-06-09 14:29:06,34.9,5.33
order_00003970,1,prod_00000093,sell_00000085,2025-01-23 23:33:54,52.66,5.15
order_00003971,1,prod_00000353,sell_00000223,2025-05-19 07:23:16,50.38,4.37
order_00003972,1,prod_00000203,sell_00000179,2025-12-04 09:38:47,139.4,15.81
order_00003973,1,prod_00000711,sell_00000174,2025-04-18 23:54:17,59.04,6.05
order_00003974,1,prod_00000209,sell_00000129,2025-08-30 08:27:53,9.97,1.59
order_00003975,1,prod_00000330,sell_00000072,2025-03-28 06:17:28,46.43,2.83
order_00003976,1,prod_00000012,sell_00000122,2025-10-12 11:34:12,42.36,7.18
order_00003977,1,prod_00000118,sell_00000038,2024-05-04 00:14:31,46.18,3.87
order_00003978,1,prod_00000622,sell_00000029,2024-07-30 10:13:35,60.08,6.02
order_00003979,1,prod_00000085,sell_00000213,2025-12-20 07:13:16,47.98,3.99
order_00003980,1,prod_00000057,sell_00000188,2025-03-31 21:27:12,18.28,2.68
order_00003981,1,prod_00000572,sell_00000028,2024-04-10 09:06:25,87.15,6.71
order_00003982,1,prod_00000741,sell_00000144,2025-05-21 23:04:58,51.55,8.83
order_00003982,2,prod_00000009,sell_00000159,2025-05-21 23:04:58,27.43,1.26
order_00003982,3,prod_00000069,sell_00000082,2025-05-25 23:04:58,123.75,11.7
order_00003982,4,prod_00000189,sell_00000004,2025-05-22 23:04:58,133.42,5.75
order_00003983,1,prod_00000648,sell_00000071,2025-06-20 04:02:54,62.32,2.18
order_00003984,1,prod_00000650,sell_00000131,2025-01-12 10:53:15,43.95,5.56
order_00003985,1,prod_00000140,sell_00000219,2025-12-12 04:56:03,47.51,2.39
order_00003986,1,prod_00000329,sell_00000054,2024-10-18 02:51:52,289.48,10.88
order_00003987,1,prod_00000089,sell_00000189,2025-02-10 06:18:49,49.57,4.41
order_00003987,2,prod_00000586,sell_00000029,2025-02-10 06:18:49,50.35,4.21
order_00003988,1,prod_00000315,sell_00000075,2024-04-16 17:12:21,46.5,2.57
order_00003989,1,prod_00000416,sell_00000214,2024-11-22 21:05:16,26.18,2.24
order_00003989,2,prod_00000010,sell_00000062,2024-11-24 21:05:16,129.39,15.51
order_00003989,3,prod_00000468,sell_00000108,2024-11-22 21:05:16,47.13,2.58
order_00003989,4,prod_00000062,sell_00000019,2024-11-25 21:05:16,45.86,5.37
order_00003990,1,prod_00000395,sell_00000237,2025-01-18 19:18:50,76.0,4.58
order_00003991,1,prod_00000110,sell_00000097,2025-05-31 00:02:23,58.09,9.38
order_00003991,2,prod_00000628,sell_00000220,2025-05-31 00:02:23,47.68,2.65
order_00003992,1,prod_00000022,sell_00000025,2025-07-29 19:04:13,197.11,30.01
order_00003993,1,prod_00000056,sell_00000111,2024-07-20 20:42:15,39.13,3.96
order_00003994,1,prod_00000268,sell_00000070,2024-08-26 15:44:22,164.14,16.83
order_00003995,1,prod_00000364,sell_00000147,2024-04-12 03:07:19,18.27,0.79
order_00003995,2,prod_00000763,sell_00000002,2024-04-12 03:07:19,20.7,1.26
order_00003995,3,prod_00000272,sell_00000151,2024-04-14 03:07:19,19.28,1.77
order_00003996,1,prod_00000510,sell_00000014,2024-04-14 20:17:05,35.7,6.17
order_00003996,2,prod_00000456,sell_00000057,2024-04-12 20:17:05,154.09,14.58
order_00003997,1,prod_00000294,sell_00000150,2025-10-29 05:09:47,42.04,2.23
order_00003998,1,prod_00000020,sell_00000077,2024-03-04 02:49:59,152.9,10.42
order_00003999,1,prod_00000319,sell_00000221,2024-04-15 11:20:07,59.24,6.94
order_00004000,1,prod_00000358,sell_00000066,2025-11-25 12:42:18,113.17,14.35
order_00004000,2,prod_00000264,sell_00000062,2025-11-27 12:42:18,37.78,4.7
order_00004000,3,prod_00000189,sell_00000007,2025-11-25 12:42:18,22.39,1.59
order_00004001,1,prod_00000414,sell_00000063,2025-09-06 06:34:11,34.27,1.74
order_00004002,1,prod_00000586,sell_00000110,2024-08-01 20:47:13,51.79,8.64
order_00004003,1,prod_00000259,sell_00000118,2025-04-21 17:21:06,140.15,10.11
order_00004004,1,prod_00000023,sell_00000180,2024-12-21 05:13:06,35.92,5.45
order_00004004,2,prod_00000727,sell_00000043,2024-12-22 05:13:06,17.24,0.94
order_00004005,1,prod_00000131,sell_00000026,2025-12-15 10:58:23,67.89,9.31
order_00004005,2,prod_00000014,sell_00000047,2025-12-16 10:58:23,23.47,2.78
order_00004005,3,prod_00000554,sell_00000167,2025-12-18 10:58:23,99.17,12.97
order_00004006,1,prod_00000339,sell_00000067,2025-07-23 02:25:14,18.39,2.21
order_00004007,1,prod_00000537,sell_00000167,2025-07-12 10:50:07,270.69,31.09
order_00004008,1,prod_00000614,sell_00000118,2024-01-23 11:00:25,121.45,7.89
order_00004009,1,prod_00000056,sell_00000005,2025-02-22 10:03:27,58.19,1.88
order_00004009,2,prod_00000120,sell_00000000,2025-02-19 10:03:27,23.64,1.37
order_00004009,3,prod_00000154,sell_00000228,2025-02-23 10:03:27,123.85,8.34
order_00004009,4,prod_00000212,sell_00000207,2025-02-21 10:03:27,8.72,1.51
order_00004010,1,prod_00000288,sell_00000244,2024-01-22 14:29:45,21.71,1.42
order_00004011,1,prod_00000182,sell_00000246,2025-06-24 05:55:35,35.34,3.72
order_00004011,2,prod_00000063,sell_00000123,2025-06-19 05:55:35,47.01,5.34
order_00004012,1,prod_00000015,sell_00000122,2024-08-16 20:10:52,61.09,8.77
order_00004013,1,prod_00000057,sell_00000184,2024-08-02 18:46:49,53.17,6.68
order_00004013,2,prod_00000113,sell_00000199,2024-08-03 18:46:49,33.3,4.09
order_00004014,1,prod_00000393,sell_00000181,2024-05-12 15:41:32,173.46,8.02
order_00004015,1,prod_00000237,sell_00000014,2024-08-18 09:44:25,77.77,10.41
order_00004016,1,prod_00000354,sell_00000147,2024-05-12 04:28:42,67.31,2.5
order_00004017,1,prod_00000196,sell_00000085,2025-01-19 22:46:37,112.19,17.29
order_00004017,2,prod_00000368,sell_00000071,2025-01-24 22:46:37,67.97,10.18
order_00004018,1,prod_00000785,sell_00000053,2024-01-28 01:26:55,175.26,7.88
order_00004019,1,prod_00000498,sell_00000178,2025-03-30 12:24:07,88.57,7.69
order_00004019,2,prod_00000667,sell_00000194,2025-04-03 12:24:07,51.33,3.25
order_00004020,1,prod_00000172,sell_00000072,2025-05-27 18:29:13,66.41,3.55
order_00004021,1,prod_00000589,sell_00000132,2024-10-20 08:46:46,91.7,10.68
order_00004022,1,prod_00000035,sell_00000157,2024-07-15 16:31:54,28.85,3.65
order_00004022,2,prod_00000574,sell_00000155,2024-07-12 16:31:54,128.64,15.69
order_00004023,1,prod_00000209,sell_00000218,2025-05-23 12:31:54,51.43,6.35
order_00004024,1,prod_00000422,sell_00000198,2024-03-01 04:00:43,76.58,12.79
order_00004025,1,prod_00000415,sell_00000066,2025-03-04 14:54:22,57.53,6.62
order_00004026,1,prod_00000267,sell_00000242,2024-07-19 12:26:33,211.85,19.89
order_00004026,2,prod_00000616,sell_00000200,2024-07-17 12:26:33,67.38,11.31
order_00004027,1,prod_00000419,sell_00000162,2025-01-30 15:24:36,33.21,3.2
order_00004028,1,prod_00000262,sell_00000192,2024-06-28 13:06:27,17.44,3.04
order_00004029,1,prod_00000563,sell_00000237,2025-08-02 16:49:49,44.27,5.59
order_00004030,1,prod_00000382,sell_00000159,2025-01-31 14:23:00,11.76,1.39
order_00004031,1,prod_00000129,sell_00000202,2025-06-03 15:31:00,37.07,4.55
order_00004031,2,prod_00000537,sell_00000189,2025-06-04 15:31:00,24.77,0.85
order_00004031,3,prod_00000047,sell_00000244,2025-06-01 15:31:00,31.85,5.1
order_00004032,1,prod_00000528,sell_00000133,2024-04-12 15:35:17,25.77,1.49
order_00004032,2,prod_00000547,sell_00000186,2024-04-10 15:35:17,36.84,5.29
order_00004033,1,prod_00000082,sell_00000110,2024-06-06 06:53:01,92.87,11.28
order_00004034,1,prod_00000486,sell_00000226,2025-03-13 14:29:47,79.74,3.64
order_00004035,1,prod_00000144,sell_00000138,2025-12-29 10:22:12,71.67,10.0
order_00004035,2,prod_00000684,sell_00000078,2026-01-01 10:22:12,83.73,12.47
order_00004036,1,prod_00000572,sell_00000056,2025-03-10 03:41:59,133.53,17.8
order_00004037,1,prod_00000008,sell_00000223,2025-01-08 11:02:38,73.3,5.02
order_00004037,2,prod_00000477,sell_00000024,2025-01-10 11:02:38,51.69,9.27
order_00004038,1,prod_00000543,sell_00000246,2024-11-07 10:43:36,25.25,1.16
order_00004039,1,prod_00000367,sell_00000234,2024-09-20 01:25:59,129.92,4.68
order_00004040,1,prod_00000175,sell_00000021,2024-01-21 20:42:37,72.76,7.44
order_00004041,1,prod_00000765,sell_00000055,2024-02-14 10:06:37,32.62,5.45
order_00004042,1,prod_00000276,sell_00000187,2024-10-28 08:07:04,203.18,28.32
order_00004043,1,prod_00000510,sell_00000182,2025-05-19 20:10:18,93.22,16.34
order_00004043,2,prod_00000636,sell_00000022,2025-05-17 20:10:18,125.68,18.6
order_00004043,3,prod_00000334,sell_00000172,2025-05-17 20:10:18,66.06,2.49
order_00004044,1,prod_00000047,sell_00000047,2024-11-23 13:50:02,134.46,14.61
order_00004045,1,prod_00000112,sell_00000022,2025-05-14 00:29:07,11.83,1.54
order_00004046,1,prod_00000312,sell_00000132,2025-06-14 03:19:04,108.42,15.35
order_00004047,1,prod_00000457,sell_00000030,2024-04-24 02:39:02,146.43,21.03
order_00004047,2,prod_00000256,sell_00000224,2024-04-24 02:39:02,72.04,2.26
order_00004047,3,prod_00000682,sell_00000171,2024-04-25 02:39:02,43.05,3.64
order_00004048,1,prod_00000036,sell_00000245,2024-01-19 10:59:58,43.93,7.44
order_00004049,1,prod_00000215,sell_00000160,2024-06-21 10:35:49,94.79,12.73
order_00004050,1,prod_00000151,sell_00000158,2025-12-17 05:53:37,108.94,3.52
order_00004051,1,prod_00000717,sell_00000108,2025-05-30 06:09:04,14.57,2.1
order_00004051,2,prod_00000129,sell_00000163,2025-06-01 06:09:04,217.58,29.03
order_00004052,1,prod_00000645,sell_00000249,2024-01-29 22:54:58,89.4,2.81
order_00004053,1,prod_00000715,sell_00000102,2024-02-03 02:35:57,72.06,7.65
order_00004053,2,prod_00000416,sell_00000211,2024-02-03 02:35:57,181.89,27.78
order_00004053,3,prod_00000480,sell_00000231,2024-02-04 02:35:57,69.5,8.88
order_00004054,1,prod_00000654,sell_00000108,2024-09-19 03:56:14,19.3,1.42
order_00004055,1,prod_00000613,sell_00000154,2024-09-05 05:11:17,234.61,33.18
order_00004056,1,prod_00000742,sell_00000108,2024-12-13 19:51:55,24.87,2.98
order_00004057,1,prod_00000750,sell_00000140,2024-09-22 20:29:48,10.95,1.75
order_00004057,2,prod_00000020,sell_00000036,2024-09-21 20:29:48,291.15,45.07
order_00004058,1,prod_00000419,sell_00000149,2024-07-13 00:52:36,9.7,0.41
order_00004059,1,prod_00000530,sell_00000153,2025-01-03 02:49:26,308.29,22.53
order_00004060,1,prod_00000672,sell_00000229,2025-07-31 13:37:26,129.15,4.05
order_00004061,1,prod_00000408,sell_00000227,2025-11-03 09:24:58,62.79,5.26
order_00004061,2,prod_00000419,sell_00000125,2025-10-29 09:24:58,66.54,3.11
order_00004062,1,prod_00000582,sell_00000242,2024-09-10 17:41:16,102.51,8.94
order_00004063,1,prod_00000047,sell_00000188,2024-04-17 14:12:35,14.93,1.72
order_00004064,1,prod_00000146,sell_00000102,2024-02-09 09:05:10,106.72,6.52
order_00004065,1,prod_00000365,sell_00000136,2024-06-28 23:54:03,256.3,45.08
order_00004065,2,prod_00000545,sell_00000175,2024-06-29 23:54:03,88.68,13.05
order_00004065,3,prod_00000431,sell_00000126,2024-06-28 23:54:03,283.63,19.72
order_00004066,1,prod_00000603,sell_00000073,2025-05-10 00:08:48,77.78,5.62
order_00004066,2,prod_00000791,sell_00000013,2025-05-10 00:08:48,26.25,3.79
order_00004067,1,prod_00000282,sell_00000227,2025-12-11 14:09:45,162.76,22.79
order_00004068,1,prod_00000128,sell_00000084,2024-04-16 06:22:58,34.72,3.55
order_00004068,2,prod_00000016,sell_00000249,2024-04-20 06:22:58,61.91,3.76
order_00004069,1,prod_00000274,sell_00000142,2024-04-06 05:27:20,88.33,6.52
order_00004069,2,prod_00000013,sell_00000201,2024-04-06 05:27:20,121.17,4.52
order_00004069,3,prod_00000312,sell_00000007,2024-04-03 05:27:20,98.88,7.3
order_00004070,1,prod_00000142,sell_00000201,2025-09-18 10:37:18,126.3,5.26
order_00004071,1,prod_00000316,sell_00000000,2025-11-06 22:44:03,14.46,1.77
order_00004072,1,prod_00000658,sell_00000033,2025-05-16 19:01:12,20.65,2.42
order_00004072,2,prod_00000017,sell_00000209,2025-05-17 19:01:12,10.65,1.63
order_00004072,3,prod_00000392,sell_00000074,2025-05-15 19:01:12,298.72,17.18
order_00004072,4,prod_00000598,sell_00000220,2025-05-14 19:01:12,114.22,11.36
order_00004073,1,prod_00000027,sell_00000123,2025-12-28 15:45:22,52.08,8.18
order_00004073,2,prod_00000737,sell_00000111,2025-12-27 15:45:22,95.16,5.57
order_00004073,3,prod_00000765,sell_00000002,2025-12-25 15:45:22,36.48,1.11
order_00004073,4,prod_00000570,sell_00000095,2025-12-25 15:45:22,34.26,3.86
order_00004074,1,prod_00000360,sell_00000072,2025-06-14 21:34:05,48.55,5.59
order_00004074,2,prod_00000642,sell_00000078,2025-06-17 21:34:05,164.56,13.44
order_00004074,3,prod_00000576,sell_00000110,2025-06-14 21:34:05,72.42,5.11
order_00004075,1,prod_00000587,sell_00000247,2025-12-04 21:50:48,330.68,45.93
order_00004075,2,prod_00000534,sell_00000205,2025-12-03 21:50:48,69.11,4.67
order_00004076,1,prod_00000450,sell_00000045,2025-07-15 16:56:39,28.34,1.74
order_00004077,1,prod_00000717,sell_00000146,2025-09-04 08:50:43,100.61,16.21
order_00004077,2,prod_00000774,sell_00000193,2025-09-03 08:50:43,234.03,7.33
order_00004077,3,prod_00000243,sell_00000166,2025-09-03 08:50:43,77.73,10.21
order_00004078,1,prod_00000583,sell_00000085,2024-07-10 09:19:23,71.83,4.57
order_00004079,1,prod_00000729,sell_00000186,2025-12-01 00:19:43,216.77,26.88
order_00004080,1,prod_00000021,sell_00000089,2025-12-05 19:43:41,32.03,4.85
order_00004080,2,prod_00000242,sell_00000191,2025-12-07 19:43:41,78.03,10.18
order_00004080,3,prod_00000578,sell_00000005,2025-12-08 19:43:41,79.03,6.07
order_00004081,1,prod_00000569,sell_00000172,2025-09-06 03:34:39,48.52,3.56
order_00004081,2,prod_00000590,sell_00000243,2025-09-05 03:34:39,24.6,0.88
order_00004082,1,prod_00000721,sell_00000107,2024-08-28 18:34:41,5.84,0.33
order_00004083,1,prod_00000506,sell_00000158,2025-03-16 05:11:49,76.09,2.95
order_00004084,1,prod_00000581,sell_00000021,2025-03-08 13:37:03,45.93,6.75
order_00004085,1,prod_00000401,sell_00000072,2025-08-20 17:10:27,80.4,10.7
order_00004086,1,prod_00000215,sell_00000208,2024-10-05 14:24:43,93.56,11.19
order_00004086,2,prod_00000697,sell_00000049,2024-10-03 14:24:43,116.67,8.59
order_00004086,3,prod_00000221,sell_00000147,2024-10-07 14:24:43,140.29,19.95
order_00004087,1,prod_00000263,sell_00000057,2024-03-06 22:13:29,8.67,0.77
order_00004087,2,prod_00000763,sell_00000079,2024-03-06 22:13:29,32.58,2.83
order_00004088,1,prod_00000394,sell_00000083,2024-04-15 09:17:56,63.06,8.48
order_00004089,1,prod_00000580,sell_00000088,2025-05-23 23:30:40,64.74,8.62
order_00004090,1,prod_00000316,sell_00000150,2024-09-27 00:43:17,20.74,1.4
order_00004091,1,prod_00000507,sell_00000000,2024-05-19 19:28:31,27.79,1.61
order_00004092,1,prod_00000459,sell_00000221,2024-10-11 03:08:53,15.19,2.39
order_00004093,1,prod_00000103,sell_00000035,2024-08-03 05:58:32,47.76,7.92
order_00004094,1,prod_00000622,sell_00000222,2024-11-19 03:42:39,130.38,15.08
order_00004095,1,prod_00000186,sell_00000046,2025-01-31 07:53:15,190.35,7.73
order_00004095,2,prod_00000077,sell_00000124,2025-01-29 07:53:15,139.79,10.03
order_00004096,1,prod_00000018,sell_00000191,2025-01-30 02:17:54,54.13,5.19
order_00004097,1,prod_00000014,sell_00000148,2025-02-20 11:59:12,139.16,19.01
order_00004097,2,prod_00000320,sell_00000056,2025-02-23 11:59:12,117.79,4.39
order_00004098,1,prod_00000073,sell_00000079,2024-06-15 17:52:30,101.05,7.69
order_00004099,1,prod_00000304,sell_00000136,2025-08-21 18:34:04,497.85,30.64
order_00004099,2,prod_00000553,sell_00000127,2025-08-20 18:34:04,21.17,3.4
order_00004099,3,prod_00000234,sell_00000116,2025-08-19 18:34:04,69.55,4.24
order_00004099,4,prod_00000353,sell_00000122,2025-08-23 18:34:04,39.58,2.86
order_00004100,1,prod_00000229,sell_00000050,2025-04-11 14:57:44,17.44,2.57
order_00004101,1,prod_00000019,sell_00000212,2025-10-24 17:53:35,26.65,3.83
order_00004102,1,prod_00000447,sell_00000235,2025-11-22 02:11:37,21.76,3.55
order_00004103,1,prod_00000161,sell_00000222,2025-03-03 14:20:49,57.61,5.3
order_00004104,1,prod_00000640,sell_00000232,2024-01-20 23:52:10,32.06,4.27
order_00004104,2,prod_00000026,sell_00000046,2024-01-20 23:52:10,270.07,28.45
order_00004105,1,prod_00000083,sell_00000097,2024-12-28 07:17:43,106.01,14.13
order_00004106,1,prod_00000027,sell_00000080,2025-05-23 17:37:06,34.75,5.89
order_00004107,1,prod_00000624,sell_00000029,2025-02-15 14:29:48,57.93,4.02
order_00004108,1,prod_00000738,sell_00000196,2025-05-22 07:53:33,101.68,6.87
order_00004109,1,prod_00000123,sell_00000190,2024-02-17 00:56:14,36.55,2.6
order_00004110,1,prod_00000202,sell_00000155,2025-04-05 20:25:20,397.18,38.07
order_00004111,1,prod_00000259,sell_00000084,2024-05-17 13:28:29,106.92,11.03
order_00004112,1,prod_00000368,sell_00000246,2025-02-12 07:06:00,39.75,2.86
order_00004113,1,prod_00000178,sell_00000171,2025-06-23 20:36:46,38.85,3.81
order_00004114,1,prod_00000365,sell_00000078,2025-08-20 19:16:13,34.16,1.92
order_00004115,1,prod_00000594,sell_00000053,2025-09-03 02:11:39,42.42,6.11
order_00004115,2,prod_00000783,sell_00000243,2025-08-30 02:11:39,40.19,3.31
order_00004115,3,prod_00000339,sell_00000049,2025-09-02 02:11:39,61.92,7.45
order_00004115,4,prod_00000323,sell_00000058,2025-08-31 02:11:39,97.65,7.17
order_00004116,1,prod_00000216,sell_00000070,2025-05-03 12:07:54,18.16,1.05
order_00004117,1,prod_00000163,sell_00000224,2025-09-27 10:50:44,27.88,3.9
order_00004118,1,prod_00000206,sell_00000101,2024-06-21 19:36:07,128.57,5.09
order_00004118,2,prod_00000065,sell_00000085,2024-06-20 19:36:07,48.56,7.48
order_00004118,3,prod_00000679,sell_00000100,2024-06-23 19:36:07,393.7,48.47
order_00004119,1,prod_00000572,sell_00000133,2024-06-02 11:22:58,118.25,10.29
order_00004120,1,prod_00000332,sell_00000142,2024-04-10 03:48:59,65.27,10.47
order_00004120,2,prod_00000276,sell_00000226,2024-04-08 03:48:59,153.92,25.0
order_00004120,3,prod_00000798,sell_00000112,2024-04-07 03:48:59,17.89,1.53
order_00004121,1,prod_00000021,sell_00000233,2025-03-02 15:12:33,48.62,7.33
order_00004122,1,prod_00000365,sell_00000120,2024-12-05 17:03:21,58.34,4.86
order_00004123,1,prod_00000557,sell_00000163,2026-01-01 18:17:45,70.1,6.19
order_00004123,2,prod_00000713,sell_00000160,2025-12-31 18:17:45,58.18,10.14
order_00004123,3,prod_00000593,sell_00000037,2025-12-30 18:17:45,22.1,2.61
order_00004124,1,prod_00000034,sell_00000075,2024-09-22 18:41:54,32.76,1.15
order_00004124,2,prod_00000723,sell_00000038,2024-09-19 18:41:54,36.32,5.62
order_00004125,1,prod_00000305,sell_00000177,2024-07-20 21:26:48,80.55,2.71
order_00004126,1,prod_00000277,sell_00000098,2024-02-17 15:13:10,91.1,3.45
order_00004126,2,prod_00000529,sell_00000093,2024-02-22 15:13:10,134.49,11.62
order_00004127,1,prod_00000227,sell_00000082,2024-05-02 12:40:32,72.91,9.11
order_00004128,1,prod_00000312,sell_00000086,2025-06-23 01:19:37,147.67,9.82
order_00004129,1,prod_00000585,sell_00000198,2024-12-11 01:08:13,89.8,3.23
order_00004130,1,prod_00000704,sell_00000103,2025-11-19 06:01:28,243.3,12.88
order_00004131,1,prod_00000172,sell_00000151,2024-05-26 02:11:14,352.81,59.94
order_00004132,1,prod_00000260,sell_00000214,2025-05-16 06:11:05,31.43,3.51
order_00004133,1,prod_00000156,sell_00000152,2024-06-22 02:31:14,335.84,37.27
order_00004134,1,prod_00000711,sell_00000018,2025-04-03 05:08:09,54.79,3.83
order_00004135,1,prod_00000682,sell_00000068,2025-01-02 02:12:23,50.74,5.58
order_00004136,1,prod_00000372,sell_00000057,2024-04-23 01:48:54,53.3,2.19
order_00004137,1,prod_00000788,sell_00000008,2025-05-10 19:12:05,109.22,19.34
order_00004138,1,prod_00000712,sell_00000109,2024-06-06 10:12:14,31.94,2.87
order_00004138,2,prod_00000096,sell_00000028,2024-06-06 10:12:14,58.74,6.36
order_00004138,3,prod_00000282,sell_00000139,2024-06-05 10:12:14,30.49,3.96
order_00004139,1,prod_00000412,sell_00000179,2025-09-20 12:58:24,6.46,1.07
order_00004140,1,prod_00000788,sell_00000007,2024-06-23 10:34:51,55.36,3.39
order_00004141,1,prod_00000025,sell_00000212,2024-03-03 09:55:16,30.27,3.62
order_00004141,2,prod_00000170,sell_00000132,2024-03-03 09:55:16,17.65,2.52
order_00004141,3,prod_00000259,sell_00000226,2024-03-03 09:55:16,39.49,1.46
order_00004142,1,prod_00000517,sell_00000152,2025-11-13 15:40:50,139.55,22.25
order_00004143,1,prod_00000112,sell_00000224,2025-06-02 13:29:57,8.58,0.41
order_00004143,2,prod_00000327,sell_00000067,2025-05-30 13:29:57,30.49,5.15
order_00004144,1,prod_00000352,sell_00000011,2025-05-17 15:23:51,14.72,2.64
order_00004144,2,prod_00000581,sell_00000216,2025-05-19 15:23:51,30.55,1.08
order_00004145,1,prod_00000573,sell_00000095,2024-07-21 04:28:48,41.55,4.99
order_00004145,2,prod_00000683,sell_00000048,2024-07-18 04:28:48,57.48,8.19
order_00004146,1,prod_00000612,sell_00000000,2025-05-22 22:22:21,20.75,2.81
order_00004147,1,prod_00000081,sell_00000039,2024-06-16 15:54:20,88.68,5.07
order_00004148,1,prod_00000329,sell_00000051,2024-02-08 16:12:56,140.63,6.87
order_00004149,1,prod_00000468,sell_00000078,2025-02-21 02:05:45,21.73,3.48
order_00004150,1,prod_00000507,sell_00000058,2024-02-11 04:18:04,24.41,4.15
order_00004151,1,prod_00000174,sell_00000004,2024-10-15 05:45:34,120.75,4.46
order_00004152,1,prod_00000350,sell_00000148,2025-07-06 03:19:29,58.96,8.07
order_00004153,1,prod_00000296,sell_00000134,2024-12-28 21:24:58,25.85,4.19
order_00004154,1,prod_00000138,sell_00000142,2024-03-07 14:31:04,24.58,1.95
order_00004155,1,prod_00000434,sell_00000181,2025-09-11 10:54:42,80.66,13.32
order_00004155,2,prod_00000508,sell_00000097,2025-09-15 10:54:42,290.42,18.31
order_00004155,3,prod_00000305,sell_00000248,2025-09-13 10:54:42,15.76,1.37
order_00004156,1,prod_00000584,sell_00000098,2024-08-27 02:26:57,27.14,2.47
order_00004156,2,prod_00000705,sell_00000021,2024-08-28 02:26:57,239.21,14.96
order_00004157,1,prod_00000518,sell_00000245,2025-05-26 00:42:49,29.13,2.39
order_00004158,1,prod_00000262,sell_00000195,2025-06-25 03:35:00,23.21,1.59
order_00004159,1,prod_00000359,sell_00000153,2025-05-19 12:44:01,87.28,8.2
order_00004159,2,prod_00000137,sell_00000078,2025-05-21 12:44:01,39.26,3.36
order_00004160,1,prod_00000637,sell_00000119,2025-03-02 04:32:25,22.33,2.31
order_00004161,1,prod_00000417,sell_00000041,2024-04-07 21:33:45,38.27,6.44
order_00004162,1,prod_00000628,sell_00000100,2025-08-23 11:57:01,164.86,23.82
order_00004163,1,prod_00000295,sell_00000167,2024-01-06 18:56:05,52.83,4.98
order_00004164,1,prod_00000688,sell_00000087,2024-06-28 16:00:49,31.32,2.22
order_00004165,1,prod_00000268,sell_00000242,2025-05-22 19:13:53,42.09,4.91
order_00004166,1,prod_00000658,sell_00000026,2024-05-09 14:28:47,63.18,11.32
order_00004167,1,prod_00000697,sell_00000226,2024-05-30 02:32:34,47.14,3.68
order_00004168,1,prod_00000551,sell_00000148,2024-05-17 02:15:29,68.9,2.13
order_00004168,2,prod_00000402,sell_00000076,2024-05-19 02:15:29,17.48,1.55
order_00004168,3,prod_00000523,sell_00000021,2024-05-15 02:15:29,180.51,17.95
order_00004169,1,prod_00000366,sell_00000194,2024-07-05 00:32:24,133.76,12.47
order_00004170,1,prod_00000235,sell_00000074,2024-09-09 02:34:08,246.49,7.97
order_00004171,1,prod_00000214,sell_00000074,2024-02-04 03:13:03,23.92,3.75
order_00004172,1,prod_00000536,sell_00000095,2025-04-08 20:36:21,63.33,10.02
order_00004173,1,prod_00000649,sell_00000014,2024-03-09 18:14:42,46.39,3.11
order_00004174,1,prod_00000175,sell_00000205,2024-09-17 11:17:37,219.24,12.06
order_00004174,2,prod_00000202,sell_00000062,2024-09-18 11:17:37,28.93,2.1
order_00004175,1,prod_00000055,sell_00000015,2025-01-19 04:06:07,194.68,30.16
order_00004176,1,prod_00000218,sell_00000224,2024-05-05 23:49:02,158.69,27.8
order_00004177,1,prod_00000508,sell_00000141,2024-12-02 21:56:37,48.85,3.76
order_00004177,2,prod_00000657,sell_00000028,2024-12-02 21:56:37,117.01,6.23
order_00004177,3,prod_00000118,sell_00000073,2024-12-01 21:56:37,58.7,10.29
order_00004178,1,prod_00000498,sell_00000086,2025-02-27 18:37:22,50.42,2.2
order_00004179,1,prod_00000536,sell_00000190,2024-11-15 00:02:05,76.23,3.49
order_00004180,1,prod_00000069,sell_00000073,2024-04-06 01:07:06,18.81,2.1
order_00004181,1,prod_00000473,sell_00000040,2024-11-30 06:53:13,48.63,1.61
order_00004182,1,prod_00000320,sell_00000137,2024-02-25 10:10:34,32.94,1.87
order_00004183,1,prod_00000717,sell_00000091,2024-05-30 09:59:36,92.06,5.94
order_00004183,2,prod_00000727,sell_00000113,2024-05-28 09:59:36,47.03,7.5
order_00004184,1,prod_00000318,sell_00000030,2025-11-09 06:47:04,12.53,0.58
order_00004184,2,prod_00000379,sell_00000079,2025-11-07 06:47:04,44.89,3.67
order_00004185,1,prod_00000126,sell_00000014,2024-11-21 14:33:35,158.68,23.45
order_00004185,2,prod_00000583,sell_00000105,2024-11-19 14:33:35,175.32,29.22
order_00004186,1,prod_00000089,sell_00000055,2025-09-18 04:41:05,7.11,1.19
order_00004187,1,prod_00000580,sell_00000076,2024-02-14 10:19:29,62.82,2.86
order_00004187,2,prod_00000593,sell_00000037,2024-02-13 10:19:29,35.94,5.25
order_00004187,3,prod_00000020,sell_00000228,2024-02-16 10:19:29,113.66,6.25
order_00004188,1,prod_00000104,sell_00000131,2025-08-16 08:22:24,123.11,14.19
order_00004189,1,prod_00000448,sell_00000206,2024-02-27 15:07:10,77.0,12.96
order_00004190,1,prod_00000182,sell_00000119,2025-05-28 11:01:18,78.6,7.74
order_00004191,1,prod_00000064,sell_00000211,2024-01-21 00:03:38,137.35,21.95
order_00004192,1,prod_00000625,sell_00000190,2024-03-31 17:26:59,73.46,10.54
order_00004193,1,prod_00000478,sell_00000069,2024-04-19 08:52:44,24.86,2.3
order_00004194,1,prod_00000240,sell_00000242,2024-12-30 03:30:51,116.48,7.62
order_00004195,1,prod_00000685,sell_00000044,2025-09-15 15:13:55,19.53,3.14
order_00004196,1,prod_00000454,sell_00000121,2024-05-28 17:24:56,80.83,11.57
order_00004196,2,prod_00000312,sell_00000046,2024-05-28 17:24:56,91.62,5.79
order_00004197,1,prod_00000324,sell_00000199,2025-09-13 15:26:40,79.34,12.52
order_00004197,2,prod_00000188,sell_00000247,2025-09-11 15:26:40,20.43,1.85
order_00004198,1,prod_00000711,sell_00000092,2024-02-24 23:24:09,21.72,0.84
order_00004199,1,prod_00000644,sell_00000081,2024-04-04 06:07:28,88.01,3.72
order_00004200,1,prod_00000557,sell_00000230,2025-07-13 09:48:04,347.02,40.16
order_00004200,2,prod_00000059,sell_00000090,2025-07-14 09:48:04,20.67,1.99
order_00004201,1,prod_00000429,sell_00000207,2025-03-06 18:26:45,32.4,3.45
order_00004202,1,prod_00000199,sell_00000200,2025-09-09 23:13:39,126.45,13.6
order_00004203,1,prod_00000592,sell_00000225,2025-08-27 01:35:58,29.27,1.13
order_00004203,2,prod_00000369,sell_00000064,2025-08-29 01:35:58,85.16,3.4
order_00004204,1,prod_00000589,sell_00000172,2025-07-23 01:08:37,15.89,0.51
order_00004205,1,prod_00000221,sell_00000014,2024-06-15 18:08:20,56.08,2.11
order_00004205,2,prod_00000504,sell_00000142,2024-06-12 18:08:20,30.29,2.84
order_00004206,1,prod_00000228,sell_00000161,2025-02-08 20:19:11,138.22,5.84
order_00004206,2,prod_00000552,sell_00000107,2025-02-05 20:19:11,18.27,1.6
order_00004206,3,prod_00000132,sell_00000042,2025-02-07 20:19:11,80.99,13.81
order_00004206,4,prod_00000376,sell_00000233,2025-02-09 20:19:11,65.21,7.24
order_00004207,1,prod_00000245,sell_00000104,2024-03-19 17:11:23,69.36,4.24
order_00004208,1,prod_00000269,sell_00000087,2025-02-02 01:36:45,326.3,45.8
order_00004209,1,prod_00000451,sell_00000231,2024-05-31 02:47:52,85.68,8.24
order_00004210,1,prod_00000747,sell_00000016,2024-10-02 20:48:52,103.02,18.29
order_00004211,1,prod_00000242,sell_00000156,2024-03-09 03:48:10,21.6,3.63
order_00004212,1,prod_00000093,sell_00000027,2024-09-01 22:26:21,41.9,1.49
order_00004213,1,prod_00000160,sell_00000171,2025-11-22 03:18:30,178.93,5.89
order_00004213,2,prod_00000691,sell_00000026,2025-11-23 03:18:30,60.37,4.05
order_00004214,1,prod_00000147,sell_00000119,2025-11-23 19:31:23,164.43,7.82
order_00004215,1,prod_00000379,sell_00000057,2025-11-11 21:12:54,19.6,1.21
order_00004216,1,prod_00000331,sell_00000199,2024-11-27 11:22:48,150.73,21.15
order_00004217,1,prod_00000130,sell_00000004,2025-03-13 10:00:18,352.49,60.88
order_00004218,1,prod_00000759,sell_00000027,2024-12-23 06:02:55,95.38,16.72
order_00004219,1,prod_00000520,sell_00000134,2025-10-22 22:10:40,75.34,4.6
order_00004219,2,prod_00000150,sell_00000089,2025-10-24 22:10:40,87.24,7.34
order_00004220,1,prod_00000356,sell_00000036,2024-03-27 07:28:11,64.81,8.19
order_00004221,1,prod_00000284,sell_00000102,2024-12-23 10:36:56,34.68,5.76
order_00004221,2,prod_00000541,sell_00000171,2024-12-26 10:36:56,93.07,12.9
order_00004222,1,prod_00000450,sell_00000154,2026-01-02 10:33:29,225.69,32.75
order_00004222,2,prod_00000317,sell_00000210,2026-01-01 10:33:29,29.33,1.34
order_00004222,3,prod_00000231,sell_00000249,2026-01-01 10:33:29,92.09,13.01
order_00004223,1,prod_00000763,sell_00000214,2024-08-03 22:42:37,72.77,5.94
order_00004223,2,prod_00000781,sell_00000134,2024-08-03 22:42:37,182.71,24.9
order_00004223,3,prod_00000590,sell_00000143,2024-08-03 22:42:37,50.46,4.17
order_00004224,1,prod_00000331,sell_00000014,2025-04-30 10:55:57,54.76,9.38
order_00004225,1,prod_00000138,sell_00000112,2025-07-02 10:30:39,135.51,6.97
order_00004226,1,prod_00000197,sell_00000138,2025-06-06 20:52:23,35.79,2.57
order_00004227,1,prod_00000319,sell_00000018,2025-07-31 23:18:04,67.58,2.56
order_00004228,1,prod_00000082,sell_00000057,2024-02-07 20:35:53,50.36,5.05
order_00004229,1,prod_00000443,sell_00000170,2025-02-17 15:07:36,124.89,14.97
order_00004230,1,prod_00000276,sell_00000039,2025-01-02 11:44:13,56.86,5.92
order_00004230,2,prod_00000396,sell_00000178,2025-01-04 11:44:13,42.35,6.89
order_00004231,1,prod_00000318,sell_00000167,2024-03-15 17:21:29,101.05,14.78
order_00004232,1,prod_00000448,sell_00000189,2024-02-25 05:42:55,108.04,9.7
order_00004233,1,prod_00000540,sell_00000211,2024-03-15 17:51:20,108.25,3.97
order_00004234,1,prod_00000606,sell_00000229,2025-01-25 13:20:55,119.62,3.87
order_00004235,1,prod_00000377,sell_00000183,2024-03-06 20:46:13,69.26,8.34
order_00004236,1,prod_00000312,sell_00000137,2024-12-31 03:49:10,57.49,5.71
order_00004236,2,prod_00000392,sell_00000223,2024-12-29 03:49:10,7.66,0.49
order_00004236,3,prod_00000741,sell_00000023,2024-12-27 03:49:10,70.39,11.7
order_00004237,1,prod_00000548,sell_00000170,2024-08-02 22:19:00,82.23,12.86
order_00004237,2,prod_00000456,sell_00000145,2024-07-30 22:19:00,31.44,3.18
order_00004238,1,prod_00000117,sell_00000095,2024-10-07 01:40:01,13.34,1.8
order_00004239,1,prod_00000740,sell_00000085,2025-10-09 16:40:37,35.32,5.22
order_00004240,1,prod_00000580,sell_00000215,2025-10-31 00:49:40,73.21,11.6
order_00004241,1,prod_00000462,sell_00000166,2024-09-01 21:09:01,353.06,53.38
order_00004242,1,prod_00000500,sell_00000066,2025-03-28 04:17:39,47.68,2.83
order_00004242,2,prod_00000054,sell_00000112,2025-03-30 04:17:39,48.7,7.42
order_00004242,3,prod_00000633,sell_00000042,2025-03-28 04:17:39,48.71,4.57
order_00004243,1,prod_00000630,sell_00000220,2025-10-11 22:02:49,63.21,7.4
order_00004244,1,prod_00000072,sell_00000110,2025-04-26 06:47:39,149.76,21.77
order_00004244,2,prod_00000092,sell_00000148,2025-04-27 06:47:39,81.99,12.28
order_00004244,3,prod_00000711,sell_00000097,2025-04-25 06:47:39,59.69,8.07
order_00004245,1,prod_00000774,sell_00000010,2025-08-15 04:57:21,18.07,0.84
order_00004246,1,prod_00000460,sell_00000081,2024-09-23 17:39:54,192.67,34.6
order_00004246,2,prod_00000604,sell_00000115,2024-09-21 17:39:54,71.99,3.19
order_00004246,3,prod_00000218,sell_00000101,2024-09-22 17:39:54,26.18,2.01
order_00004247,1,prod_00000470,sell_00000156,2024-09-21 07:47:46,113.75,8.01
order_00004248,1,prod_00000411,sell_00000192,2024-12-04 17:30:31,106.23,8.69
order_00004249,1,prod_00000746,sell_00000020,2024-04-25 23:00:51,33.36,4.58
order_00004250,1,prod_00000729,sell_00000031,2024-10-22 22:39:09,24.09,3.4
order_00004250,2,prod_00000264,sell_00000103,2024-10-27 22:39:09,31.53,3.94
order_00004251,1,prod_00000150,sell_00000120,2024-04-18 02:39:47,60.97,5.8
order_00004252,1,prod_00000057,sell_00000080,2024-06-07 07:17:57,26.17,2.68
order_00004253,1,prod_00000547,sell_00000176,2024-10-10 16:14:50,50.9,3.23
order_00004254,1,prod_00000783,sell_00000214,2024-09-04 02:18:31,17.78,2.33
order_00004255,1,prod_00000182,sell_00000216,2024-06-03 06:30:43,187.95,33.19
order_00004255,2,prod_00000743,sell_00000038,2024-06-02 06:30:43,40.01,5.54
order_00004256,1,prod_00000214,sell_00000228,2024-02-22 05:52:33,92.57,5.01
order_00004257,1,prod_00000459,sell_00000209,2024-02-01 22:54:58,86.8,8.69
order_00004258,1,prod_00000053,sell_00000086,2025-05-12 16:53:47,82.32,11.43
order_00004259,1,prod_00000587,sell_00000068,2025-12-19 20:58:23,126.32,21.06
order_00004260,1,prod_00000054,sell_00000108,2025-10-31 11:11:54,54.42,2.84
order_00004261,1,prod_00000054,sell_00000240,2026-01-01 11:37:43,11.51,2.0
order_00004262,1,prod_00000112,sell_00000229,2024-11-22 09:21:37,40.45,1.91
order_00004263,1,prod_00000506,sell_00000053,2024-11-13 09:55:41,56.94,9.16
order_00004263,2,prod_00000519,sell_00000034,2024-11-12 09:55:41,26.48,2.14
order_00004263,3,prod_00000751,sell_00000043,2024-11-11 09:55:41,25.69,3.4
order_00004264,1,prod_00000562,sell_00000160,2025-06-05 07:32:42,31.62,5.24
order_00004265,1,prod_00000618,sell_00000004,2025-01-25 10:14:48,27.92,5.02
order_00004266,1,prod_00000462,sell_00000028,2025-11-07 00:00:42,29.6,5.1
order_00004267,1,prod_00000688,sell_00000153,2025-10-09 23:08:02,17.98,1.11
order_00004268,1,prod_00000414,sell_00000111,2024-03-13 09:31:52,15.26,0.78
order_00004269,1,prod_00000427,sell_00000211,2024-12-15 11:16:45,72.6,4.21
order_00004270,1,prod_00000236,sell_00000105,2024-12-14 01:07:33,17.41,3.13
order_00004271,1,prod_00000455,sell_00000212,2025-04-20 13:41:56,26.3,1.74
order_00004272,1,prod_00000521,sell_00000091,2025-06-09 01:35:25,74.16,4.23
order_00004273,1,prod_00000451,sell_00000211,2025-08-05 23:46:44,31.03,2.47
order_00004274,1,prod_00000247,sell_00000085,2024-07-15 17:29:12,21.03,3.32
order_00004275,1,prod_00000202,sell_00000136,2025-06-17 04:15:14,64.61,3.95
order_00004275,2,prod_00000174,sell_00000182,2025-06-21 04:15:14,18.84,2.14
order_00004276,1,prod_00000083,sell_00000072,2024-03-11 08:42:25,8.1,0.96
order_00004277,1,prod_00000256,sell_00000241,2025-03-16 07:02:42,73.45,9.07
order_00004278,1,prod_00000270,sell_00000209,2024-02-29 01:51:39,87.35,7.53
order_00004278,2,prod_00000647,sell_00000064,2024-03-01 01:51:39,174.63,29.67
order_00004279,1,prod_00000339,sell_00000154,2024-12-19 08:38:10,77.33,2.79
order_00004280,1,prod_00000014,sell_00000023,2025-08-07 07:34:19,24.9,1.1
order_00004280,2,prod_00000310,sell_00000034,2025-08-09 07:34:19,25.68,2.83
order_00004281,1,prod_00000095,sell_00000102,2024-06-30 16:13:27,84.63,5.35
order_00004282,1,prod_00000140,sell_00000137,2024-07-11 16:54:16,67.31,9.29
order_00004283,1,prod_00000597,sell_00000132,2025-08-10 10:17:14,22.35,1.99
order_00004284,1,prod_00000413,sell_00000069,2025-10-04 07:47:39,55.94,9.88
order_00004284,2,prod_00000446,sell_00000143,2025-10-09 07:47:39,37.61,6.5
order_00004284,3,prod_00000191,sell_00000227,2025-10-07 07:47:39,33.51,5.65
order_00004285,1,prod_00000222,sell_00000093,2025-12-01 21:16:03,50.05,4.22
order_00004286,1,prod_00000111,sell_00000161,2025-03-29 06:09:22,18.6,1.07
order_00004286,2,prod_00000352,sell_00000127,2025-03-29 06:09:22,8.65,0.32
order_00004286,3,prod_00000300,sell_00000175,2025-03-30 06:09:22,26.23,1.49
order_00004286,4,prod_00000501,sell_00000141,2025-03-25 06:09:22,24.4,1.56
order_00004287,1,prod_00000017,sell_00000126,2024-06-06 13:56:46,68.75,9.86
order_00004288,1,prod_00000596,sell_00000102,2024-10-08 00:50:08,232.0,8.3
order_00004289,1,prod_00000087,sell_00000228,2025-07-07 19:23:28,67.8,10.87
order_00004290,1,prod_00000511,sell_00000245,2025-10-15 17:30:07,64.4,11.53
order_00004291,1,prod_00000365,sell_00000099,2024-02-12 13:08:38,123.24,16.63
order_00004291,2,prod_00000056,sell_00000067,2024-02-12 13:08:38,15.84,0.54
order_00004291,3,prod_00000086,sell_00000174,2024-02-13 13:08:38,84.32,9.86
order_00004292,1,prod_00000407,sell_00000063,2025-04-28 09:00:01,26.99,1.61
order_00004293,1,prod_00000674,sell_00000095,2024-06-03 05:29:15,88.64,13.66
order_00004293,2,prod_00000635,sell_00000219,2024-06-01 05:29:15,19.8,1.77
order_00004294,1,prod_00000484,sell_00000185,2025-06-13 18:31:38,83.26,9.89
order_00004295,1,prod_00000432,sell_00000211,2025-08-06 18:27:20,151.13,5.45
order_00004295,2,prod_00000055,sell_00000147,2025-08-09 18:27:20,58.79,1.93
order_00004295,3,prod_00000023,sell_00000187,2025-08-10 18:27:20,44.1,7.89
order_00004296,1,prod_00000049,sell_00000186,2024-04-26 07:46:01,80.27,9.69
order_00004297,1,prod_00000633,sell_00000174,2025-07-07 10:18:50,32.75,2.89
order_00004297,2,prod_00000014,sell_00000127,2025-07-09 10:18:50,44.12,6.36
order_00004297,3,prod_00000239,sell_00000011,2025-07-08 10:18:50,28.62,4.37
order_00004298,1,prod_00000421,sell_00000170,2024-01-10 01:30:57,42.97,3.43
order_00004299,1,prod_00000723,sell_00000183,2024-02-06 23:55:08,14.26,1.91
order_00004300,1,prod_00000192,sell_00000044,2024-05-18 19:07:05,30.05,1.18
order_00004301,1,prod_00000750,sell_00000217,2024-08-11 05:33:58,33.72,3.5
order_00004301,2,prod_00000711,sell_00000046,2024-08-14 05:33:58,113.96,8.05
order_00004302,1,prod_00000748,sell_00000017,2024-12-14 08:42:11,77.63,7.53
order_00004302,2,prod_00000037,sell_00000171,2024-12-14 08:42:11,48.57,1.88
order_00004303,1,prod_00000224,sell_00000113,2024-10-21 12:37:43,919.31,100.08
order_00004303,2,prod_00000763,sell_00000235,2024-10-19 12:37:43,82.5,6.01
order_00004303,3,prod_00000702,sell_00000084,2024-10-23 12:37:43,43.86,5.46
order_00004303,4,prod_00000221,sell_00000018,2024-10-19 12:37:43,95.07,14.81
order_00004304,1,prod_00000173,sell_00000188,2024-02-07 00:56:24,641.25,84.33
order_00004305,1,prod_00000358,sell_00000112,2024-05-30 08:38:15,74.83,10.29
order_00004305,2,prod_00000682,sell_00000042,2024-05-30 08:38:15,20.87,1.95
order_00004306,1,prod_00000577,sell_00000085,2025-01-28 14:06:40,83.06,14.92
order_00004307,1,prod_00000477,sell_00000061,2024-06-23 12:19:43,81.92,14.33
order_00004308,1,prod_00000552,sell_00000090,2024-04-01 07:44:12,75.41,3.12
order_00004309,1,prod_00000761,sell_00000231,2025-01-02 12:02:45,87.28,11.73
order_00004309,2,prod_00000368,sell_00000194,2025-01-04 12:02:45,38.95,3.17
order_00004309,3,prod_00000206,sell_00000131,2025-01-01 12:02:45,79.99,12.42
order_00004310,1,prod_00000504,sell_00000106,2024-09-22 20:51:47,569.04,67.24
order_00004311,1,prod_00000239,sell_00000220,2024-08-22 02:28:46,36.95,3.28
order_00004312,1,prod_00000172,sell_00000101,2024-11-04 17:49:59,41.01,2.8
order_00004312,2,prod_00000459,sell_00000172,2024-11-05 17:49:59,43.47,2.61
order_00004312,3,prod_00000682,sell_00000164,2024-11-06 17:49:59,47.1,4.35
order_00004312,4,prod_00000064,sell_00000068,2024-11-07 17:49:59,34.86,5.13
order_00004313,1,prod_00000519,sell_00000062,2025-01-26 10:45:22,30.61,4.42
order_00004313,2,prod_00000633,sell_00000216,2025-01-25 10:45:22,171.25,22.05
order_00004313,3,prod_00000431,sell_00000072,2025-01-25 10:45:22,24.32,2.39
order_00004313,4,prod_00000588,sell_00000170,2025-01-27 10:45:22,89.37,13.87
order_00004314,1,prod_00000152,sell_00000103,2025-02-22 20:10:44,71.36,2.8
order_00004315,1,prod_00000569,sell_00000060,2024-02-03 23:35:18,11.45,0.9
order_00004316,1,prod_00000302,sell_00000238,2024-06-07 16:52:26,75.74,9.81
order_00004316,2,prod_00000572,sell_00000156,2024-06-09 16:52:26,245.18,14.28
order_00004316,3,prod_00000676,sell_00000145,2024-06-09 16:52:26,54.82,4.24
order_00004317,1,prod_00000024,sell_00000138,2025-03-23 06:20:53,66.69,3.56
order_00004318,1,prod_00000089,sell_00000167,2024-05-13 20:49:38,57.45,7.62
order_00004319,1,prod_00000439,sell_00000241,2025-12-22 23:08:40,63.1,7.62
order_00004320,1,prod_00000535,sell_00000156,2024-06-12 15:18:43,83.7,3.94
order_00004320,2,prod_00000238,sell_00000224,2024-06-10 15:18:43,80.47,4.42
order_00004321,1,prod_00000799,sell_00000021,2025-10-28 09:43:46,76.83,4.86
order_00004321,2,prod_00000019,sell_00000044,2025-10-28 09:43:46,40.99,4.95
order_00004322,1,prod_00000496,sell_00000242,2025-04-12 12:11:56,146.86,16.45
order_00004322,2,prod_00000698,sell_00000074,2025-04-16 12:11:56,240.97,8.31
order_00004322,3,prod_00000532,sell_00000032,2025-04-15 12:11:56,70.52,3.11
order_00004323,1,prod_00000719,sell_00000116,2024-05-14 23:00:13,148.3,11.96
order_00004324,1,prod_00000572,sell_00000204,2024-06-07 20:59:29,84.88,7.26
order_00004325,1,prod_00000768,sell_00000011,2025-11-04 04:01:25,46.61,7.7
order_00004326,1,prod_00000636,sell_00000039,2025-12-15 15:00:43,78.12,13.98
order_00004327,1,prod_00000652,sell_00000021,2024-07-19 23:40:32,71.17,6.75
order_00004328,1,prod_00000493,sell_00000224,2024-02-21 22:28:56,65.0,6.55
order_00004329,1,prod_00000739,sell_00000032,2024-03-20 11:38:29,67.17,6.05
order_00004330,1,prod_00000344,sell_00000112,2025-05-09 13:36:06,27.35,4.14
order_00004330,2,prod_00000397,sell_00000129,2025-05-08 13:36:06,126.04,21.31
order_00004330,3,prod_00000462,sell_00000249,2025-05-09 13:36:06,41.02,4.58
order_00004331,1,prod_00000371,sell_00000107,2025-02-13 06:38:51,145.45,17.47
order_00004332,1,prod_00000091,sell_00000152,2024-07-25 06:39:38,66.9,11.29
order_00004332,2,prod_00000731,sell_00000171,2024-07-22 06:39:38,43.85,4.3
order_00004333,1,prod_00000488,sell_00000073,2024-09-02 02:06:11,42.36,5.89
order_00004334,1,prod_00000136,sell_00000099,2025-03-29 09:04:50,106.96,12.09
order_00004335,1,prod_00000745,sell_00000044,2025-08-28 08:30:27,13.01,1.55
order_00004336,1,prod_00000601,sell_00000073,2024-06-15 16:09:39,67.24,7.74
order_00004336,2,prod_00000262,sell_00000216,2024-06-12 16:09:39,135.27,9.29
order_00004336,3,prod_00000258,sell_00000219,2024-06-11 16:09:39,47.17,6.74
order_00004337,1,prod_00000295,sell_00000084,2024-01-19 08:44:57,95.37,11.91
order_00004338,1,prod_00000761,sell_00000218,2024-03-29 18:48:10,43.14,1.81
order_00004338,2,prod_00000562,sell_00000004,2024-03-31 18:48:10,122.59,6.78
order_00004338,3,prod_00000663,sell_00000104,2024-03-30 18:48:10,46.71,6.34
order_00004339,1,prod_00000667,sell_00000180,2024-06-09 19:40:33,31.52,2.66
order_00004339,2,prod_00000059,sell_00000008,2024-06-08 19:40:33,45.3,3.09
order_00004340,1,prod_00000553,sell_00000244,2025-02-22 04:42:24,53.8,6.89
order_00004341,1,prod_00000327,sell_00000110,2025-10-31 18:46:14,53.06,4.53
order_00004342,1,prod_00000057,sell_00000026,2025-01-17 07:31:37,32.98,4.69
order_00004342,2,prod_00000139,sell_00000049,2025-01-18 07:31:37,28.95,2.71
order_00004343,1,prod_00000151,sell_00000145,2025-11-27 06:43:53,50.76,8.8
order_00004343,2,prod_00000447,sell_00000108,2025-11-26 06:43:53,31.32,5.26
order_00004344,1,prod_00000684,sell_00000049,2025-06-10 07:10:32,46.02,3.23
order_00004345,1,prod_00000661,sell_00000137,2025-06-13 15:29:38,45.0,2.36
order_00004346,1,prod_00000600,sell_00000153,2024-04-25 19:06:31,133.52,6.8
order_00004347,1,prod_00000750,sell_00000230,2024-02-04 03:18:58,12.14,1.44
order_00004348,1,prod_00000175,sell_00000015,2024-06-17 20:59:34,39.8,5.82
order_00004348,2,prod_00000716,sell_00000226,2024-06-20 20:59:34,27.18,3.67
order_00004349,1,prod_00000216,sell_00000058,2025-07-21 11:54:47,71.97,8.7
order_00004349,2,prod_00000440,sell_00000218,2025-07-17 11:54:47,13.26,0.49
order_00004350,1,prod_00000174,sell_00000113,2025-05-20 17:55:07,26.1,3.01
order_00004351,1,prod_00000247,sell_00000104,2025-10-03 02:06:14,127.39,13.29
order_00004352,1,prod_00000642,sell_00000248,2024-01-11 02:51:05,95.01,8.68
order_00004352,2,prod_00000089,sell_00000195,2024-01-15 02:51:05,111.09,17.0
order_00004352,3,prod_00000556,sell_00000136,2024-01-14 02:51:05,193.48,21.15
order_00004352,4,prod_00000757,sell_00000210,2024-01-14 02:51:05,37.46,2.92
order_00004353,1,prod_00000366,sell_00000089,2025-07-19 14:21:44,50.87,8.76
order_00004354,1,prod_00000139,sell_00000216,2024-02-14 04:43:08,22.14,1.5
order_00004355,1,prod_00000695,sell_00000050,2024-03-03 21:42:10,31.28,5.24
order_00004356,1,prod_00000780,sell_00000097,2024-10-13 14:44:22,26.17,0.83
order_00004356,2,prod_00000603,sell_00000230,2024-10-12 14:44:22,61.84,9.28
order_00004357,1,prod_00000402,sell_00000216,2024-10-13 15:16:38,52.86,7.04
order_00004358,1,prod_00000305,sell_00000005,2025-06-29 02:19:56,184.48,31.26
order_00004359,1,prod_00000687,sell_00000032,2024-09-14 02:23:11,51.15,4.62
order_00004359,2,prod_00000717,sell_00000228,2024-09-15 02:23:11,98.3,5.06
order_00004359,3,prod_00000660,sell_00000200,2024-09-14 02:23:11,100.41,5.81
order_00004360,1,prod_00000188,sell_00000240,2024-10-12 15:58:09,26.53,3.97
order_00004361,1,prod_00000165,sell_00000154,2024-12-15 07:35:11,43.1,2.58
order_00004362,1,prod_00000639,sell_00000155,2025-07-15 18:17:57,51.18,3.35
order_00004363,1,prod_00000241,sell_00000097,2024-09-02 05:50:16,35.41,4.85
order_00004364,1,prod_00000565,sell_00000039,2024-04-27 02:45:55,16.58,1.9
order_00004365,1,prod_00000773,sell_00000238,2025-06-24 07:44:36,97.56,16.12
order_00004365,2,prod_00000162,sell_00000090,2025-06-25 07:44:36,36.27,1.56
order_00004365,3,prod_00000016,sell_00000106,2025-06-23 07:44:36,66.92,9.47
order_00004366,1,prod_00000138,sell_00000176,2024-07-18 04:24:07,200.71,24.92
order_00004367,1,prod_00000648,sell_00000195,2024-07-12 12:06:34,98.67,9.28
order_00004368,1,prod_00000234,sell_00000163,2025-05-05 07:49:30,91.31,4.56
order_00004368,2,prod_00000697,sell_00000016,2025-05-07 07:49:30,396.32,21.26
order_00004368,3,prod_00000197,sell_00000133,2025-05-06 07:49:30,40.95,5.27
order_00004368,4,prod_00000585,sell_00000239,2025-05-05 07:49:30,186.15,30.37
order_00004369,1,prod_00000054,sell_00000123,2024-02-29 07:29:03,13.55,0.45
order_00004370,1,prod_00000485,sell_00000167,2025-04-21 16:18:24,44.86,5.91
order_00004371,1,prod_00000335,sell_00000179,2025-09-12 09:40:06,45.0,6.55
order_00004371,2,prod_00000387,sell_00000159,2025-09-12 09:40:06,28.72,4.17
order_00004371,3,prod_00000392,sell_00000144,2025-09-13 09:40:06,20.49,0.66
order_00004372,1,prod_00000186,sell_00000084,2024-06-30 04:39:23,67.52,7.9
order_00004373,1,prod_00000620,sell_00000151,2024-02-01 02:38:18,62.13,6.3
order_00004374,1,prod_00000111,sell_00000035,2025-02-07 01:01:37,67.77,4.67
order_00004374,2,prod_00000289,sell_00000162,2025-02-09 01:01:37,150.31,10.56
order_00004375,1,prod_00000580,sell_00000087,2024-01-13 21:55:31,32.52,4.28
order_00004376,1,prod_00000538,sell_00000001,2025-03-23 01:23:29,25.7,1.43
order_00004377,1,prod_00000444,sell_00000188,2025-12-20 13:48:24,89.49,9.85
order_00004378,1,prod_00000178,sell_00000152,2024-10-28 21:24:50,63.49,4.85
order_00004379,1,prod_00000452,sell_00000167,2025-12-18 08:09:11,22.76,2.3
order_00004380,1,prod_00000285,sell_00000225,2025-04-18 15:19:45,124.69,14.53
order_00004381,1,prod_00000528,sell_00000236,2025-02-22 17:04:32,90.59,4.76
order_00004381,2,prod_00000728,sell_00000228,2025-02-21 17:04:32,42.86,1.96
order_00004381,3,prod_00000063,sell_00000198,2025-02-19 17:04:32,53.05,5.99
order_00004382,1,prod_00000302,sell_00000218,2025-05-21 05:27:18,171.45,20.59
order_00004383,1,prod_00000393,sell_00000243,2024-09-17 11:27:41,111.78,9.98
order_00004384,1,prod_00000694,sell_00000172,2024-12-27 12:56:13,56.55,3.93
order_00004385,1,prod_00000294,sell_00000200,2024-05-12 21:22:58,30.39,2.76
order_00004386,1,prod_00000059,sell_00000009,2025-09-12 07:04:32,24.09,2.25
order_00004387,1,prod_00000679,sell_00000044,2024-05-24 17:43:28,107.17,3.27
order_00004388,1,prod_00000701,sell_00000037,2025-07-28 09:14:25,14.5,2.41
order_00004388,2,prod_00000622,sell_00000137,2025-07-29 09:14:25,211.26,30.24
order_00004389,1,prod_00000195,sell_00000026,2025-06-01 06:28:14,82.54,9.96
order_00004390,1,prod_00000611,sell_00000060,2024-06-08 19:41:42,22.23,0.79
order_00004391,1,prod_00000138,sell_00000137,2024-11-05 17:40:18,165.87,25.47
order_00004392,1,prod_00000152,sell_00000027,2025-05-28 23:06:42,86.33,9.59
order_00004393,1,prod_00000320,sell_00000162,2024-12-08 14:52:58,35.21,4.15
order_00004394,1,prod_00000404,sell_00000031,2024-02-03 04:58:31,91.5,8.52
order_00004395,1,prod_00000794,sell_00000026,2025-07-07 00:01:48,21.81,3.25
order_00004396,1,prod_00000764,sell_00000222,2025-05-20 12:00:06,23.25,2.42
order_00004397,1,prod_00000127,sell_00000236,2025-08-27 19:11:12,49.49,7.72
order_00004398,1,prod_00000651,sell_00000007,2024-06-09 09:37:18,27.58,2.95
order_00004399,1,prod_00000653,sell_00000055,2024-03-05 09:10:00,36.5,4.12
order_00004400,1,prod_00000329,sell_00000161,2024-06-11 21:30:03,82.38,8.1
order_00004401,1,prod_00000491,sell_00000218,2024-05-11 18:13:30,90.77,8.55
order_00004401,2,prod_00000558,sell_00000068,2024-05-11 18:13:30,39.54,4.87
order_00004401,3,prod_00000139,sell_00000212,2024-05-13 18:13:30,46.96,8.31
order_00004402,1,prod_00000086,sell_00000099,2024-08-25 01:46:59,67.71,2.41
order_00004403,1,prod_00000337,sell_00000045,2025-12-11 12:20:49,127.14,18.15
order_00004404,1,prod_00000483,sell_00000111,2025-12-13 07:11:36,17.17,1.47
order_00004405,1,prod_00000398,sell_00000151,2025-02-10 08:37:22,90.1,7.14
order_00004405,2,prod_00000374,sell_00000238,2025-02-08 08:37:22,81.81,8.0
order_00004405,3,prod_00000796,sell_00000066,2025-02-08 08:37:22,46.3,6.54
order_00004406,1,prod_00000036,sell_00000128,2024-06-13 19:48:42,104.64,11.65
order_00004406,2,prod_00000534,sell_00000017,2024-06-16 19:48:42,40.95,3.58
order_00004407,1,prod_00000721,sell_00000134,2025-07-01 04:07:33,25.33,2.35
order_00004408,1,prod_00000311,sell_00000161,2025-08-27 05:19:51,23.65,3.8
order_00004409,1,prod_00000045,sell_00000240,2024-01-31 14:52:54,78.13,12.9
order_00004410,1,prod_00000626,sell_00000081,2025-04-01 04:04:15,28.0,3.22
order_00004411,1,prod_00000312,sell_00000063,2025-11-14 02:08:56,82.65,5.97
order_00004411,2,prod_00000111,sell_00000200,2025-11-12 02:08:56,80.42,3.77
order_00004411,3,prod_00000531,sell_00000233,2025-11-10 02:08:56,129.84,10.49
order_00004412,1,prod_00000043,sell_00000037,2024-10-25 12:08:15,28.53,5.01
order_00004413,1,prod_00000658,sell_00000032,2024-12-20 04:47:20,36.86,1.24
order_00004414,1,prod_00000492,sell_00000139,2025-02-19 13:01:04,16.69,1.84
order_00004415,1,prod_00000634,sell_00000127,2024-12-10 09:55:26,29.88,1.43
order_00004416,1,prod_00000360,sell_00000163,2024-05-14 12:02:15,30.46,3.03
order_00004416,2,prod_00000566,sell_00000153,2024-05-16 12:02:15,81.31,3.79
order_00004417,1,prod_00000032,sell_00000059,2025-07-21 17:49:54,27.77,0.84
order_00004418,1,prod_00000243,sell_00000073,2025-01-26 01:48:39,20.26,0.96
order_00004418,2,prod_00000268,sell_00000182,2025-01-22 01:48:39,20.07,3.0
order_00004418,3,prod_00000140,sell_00000227,2025-01-26 01:48:39,55.9,4.65
order_00004419,1,prod_00000313,sell_00000159,2024-12-12 03:58:47,16.53,1.66
order_00004420,1,prod_00000234,sell_00000189,2025-03-27 10:10:30,30.18,4.62
order_00004421,1,prod_00000210,sell_00000236,2024-07-26 05:24:07,156.47,6.42
order_00004422,1,prod_00000347,sell_00000018,2025-07-05 17:01:54,124.04,7.71
order_00004423,1,prod_00000626,sell_00000223,2025-12-11 13:02:33,61.07,3.47
order_00004424,1,prod_00000208,sell_00000001,2025-02-03 15:34:13,32.16,5.25
order_00004425,1,prod_00000696,sell_00000145,2025-03-17 18:00:00,70.02,4.01
order_00004425,2,prod_00000659,sell_00000092,2025-03-15 18:00:00,146.6,23.77
order_00004426,1,prod_00000075,sell_00000132,2025-08-13 21:31:58,20.08,1.37
order_00004427,1,prod_00000794,sell_00000142,2024-02-11 15:05:02,166.92,13.83
order_00004427,2,prod_00000532,sell_00000022,2024-02-11 15:05:02,25.98,1.86
order_00004428,1,prod_00000296,sell_00000217,2025-06-11 00:36:20,21.93,1.27
order_00004429,1,prod_00000288,sell_00000090,2024-10-19 05:11:37,56.32,9.92
order_00004430,1,prod_00000084,sell_00000147,2025-10-10 23:54:01,18.3,2.53
order_00004431,1,prod_00000219,sell_00000227,2024-08-24 21:04:53,132.21,9.12
order_00004432,1,prod_00000795,sell_00000111,2024-12-28 07:54:38,58.92,6.29
order_00004433,1,prod_00000663,sell_00000058,2025-01-01 06:19:27,28.08,4.83
order_00004434,1,prod_00000175,sell_00000137,2025-05-05 04:12:36,29.19,2.48
order_00004435,1,prod_00000767,sell_00000184,2025-03-02 10:04:32,27.31,2.03
order_00004436,1,prod_00000769,sell_00000114,2025-02-27 04:10:33,43.88,3.7
order_00004437,1,prod_00000658,sell_00000139,2024-07-07 23:59:26,174.01,21.29
order_00004438,1,prod_00000629,sell_00000062,2024-06-14 09:33:13,66.03,7.31
order_00004438,2,prod_00000150,sell_00000238,2024-06-12 09:33:13,211.09,35.75
order_00004438,3,prod_00000035,sell_00000137,2024-06-13 09:33:13,74.68,12.62
order_00004438,4,prod_00000148,sell_00000110,2024-06-14 09:33:13,23.36,0.81
order_00004439,1,prod_00000134,sell_00000100,2025-05-19 07:35:54,33.45,5.98
order_00004440,1,prod_00000351,sell_00000148,2024-12-15 10:27:26,21.86,1.15
order_00004441,1,prod_00000236,sell_00000140,2025-07-05 05:12:42,85.22,12.22
order_00004442,1,prod_00000537,sell_00000091,2025-01-06 22:17:38,23.55,1.78
order_00004442,2,prod_00000330,sell_00000071,2025-01-05 22:17:38,361.19,34.93
order_00004442,3,prod_00000315,sell_00000126,2025-01-01 22:17:38,64.62,11.21
order_00004443,1,prod_00000639,sell_00000106,2025-04-10 11:16:31,69.08,3.98
order_00004444,1,prod_00000001,sell_00000052,2025-08-30 20:09:57,17.17,1.91
order_00004444,2,prod_00000628,sell_00000132,2025-08-27 20:09:57,53.66,8.55
order_00004444,3,prod_00000034,sell_00000015,2025-08-28 20:09:57,119.07,6.87
order_00004444,4,prod_00000395,sell_00000029,2025-08-29 20:09:57,12.38,1.23
order_00004445,1,prod_00000156,sell_00000167,2025-05-18 10:48:09,37.86,5.09
order_00004446,1,prod_00000260,sell_00000130,2025-01-24 11:20:47,41.59,4.35
order_00004446,2,prod_00000156,sell_00000087,2025-01-26 11:20:47,67.8,9.33
order_00004446,3,prod_00000493,sell_00000118,2025-01-27 11:20:47,37.27,5.31
order_00004447,1,prod_00000634,sell_00000161,2024-12-21 00:44:09,61.23,9.2
order_00004448,1,prod_00000075,sell_00000190,2025-08-05 04:51:06,130.93,20.85
order_00004449,1,prod_00000052,sell_00000120,2025-10-29 15:24:44,15.85,2.77
order_00004450,1,prod_00000076,sell_00000213,2024-06-29 02:23:38,85.15,13.4
order_00004450,2,prod_00000349,sell_00000088,2024-07-03 02:23:38,38.82,2.98
order_00004451,1,prod_00000720,sell_00000064,2025-12-16 01:05:24,106.34,5.88
order_00004452,1,prod_00000744,sell_00000132,2025-11-25 02:13:53,30.05,2.23
order_00004453,1,prod_00000110,sell_00000007,2025-05-08 08:05:22,37.93,3.47
order_00004453,2,prod_00000171,sell_00000041,2025-05-10 08:05:22,77.86,5.1
order_00004454,1,prod_00000578,sell_00000147,2025-12-26 15:41:14,24.61,4.27
order_00004455,1,prod_00000279,sell_00000169,2025-05-03 12:26:16,77.26,11.32
order_00004455,2,prod_00000057,sell_00000149,2025-05-06 12:26:16,106.1,5.69
order_00004455,3,prod_00000581,sell_00000110,2025-05-03 12:26:16,10.24,1.64
order_00004456,1,prod_00000618,sell_00000226,2025-01-27 18:02:29,18.48,0.99
order_00004457,1,prod_00000673,sell_00000246,2025-09-02 16:06:30,21.66,1.99
order_00004458,1,prod_00000710,sell_00000176,2024-05-07 13:06:45,173.9,10.7
order_00004458,2,prod_00000761,sell_00000116,2024-05-04 13:06:45,39.82,5.81
order_00004458,3,prod_00000244,sell_00000164,2024-05-07 13:06:45,10.58,1.05
order_00004458,4,prod_00000231,sell_00000132,2024-05-07 13:06:45,44.32,4.88
order_00004459,1,prod_00000280,sell_00000222,2025-02-23 09:55:09,31.92,4.9
order_00004460,1,prod_00000586,sell_00000038,2024-09-12 02:17:09,45.99,8.11
order_00004460,2,prod_00000791,sell_00000212,2024-09-10 02:17:09,65.74,7.17
order_00004461,1,prod_00000293,sell_00000080,2025-02-02 20:08:19,51.28,4.17
order_00004461,2,prod_00000133,sell_00000171,2025-02-06 20:08:19,150.52,21.96
order_00004461,3,prod_00000778,sell_00000247,2025-02-03 20:08:19,81.29,14.49
order_00004461,4,prod_00000739,sell_00000079,2025-02-03 20:08:19,32.82,5.05
order_00004462,1,prod_00000049,sell_00000122,2025-06-06 23:32:31,83.77,4.64
order_00004463,1,prod_00000494,sell_00000215,2025-03-27 05:34:45,172.33,12.75
order_00004464,1,prod_00000565,sell_00000031,2024-07-19 19:39:02,106.08,16.34
order_00004465,1,prod_00000149,sell_00000057,2025-06-23 22:22:52,15.91,1.53
order_00004465,2,prod_00000495,sell_00000180,2025-06-22 22:22:52,27.3,4.89
order_00004466,1,prod_00000010,sell_00000151,2024-07-03 13:02:46,29.95,3.91
order_00004467,1,prod_00000235,sell_00000105,2025-02-25 04:00:19,75.75,8.58
order_00004468,1,prod_00000442,sell_00000158,2024-03-13 06:44:26,77.59,7.14
order_00004468,2,prod_00000796,sell_00000139,2024-03-14 06:44:26,11.21,1.98
order_00004469,1,prod_00000699,sell_00000162,2024-09-30 01:17:59,155.07,25.21
order_00004469,2,prod_00000602,sell_00000090,2024-09-30 01:17:59,34.0,2.63
order_00004469,3,prod_00000405,sell_00000242,2024-10-01 01:17:59,23.42,1.77
order_00004470,1,prod_00000306,sell_00000178,2024-04-15 21:26:00,38.53,2.86
order_00004470,2,prod_00000198,sell_00000063,2024-04-12 21:26:00,88.61,9.54
order_00004471,1,prod_00000133,sell_00000085,2024-03-12 09:19:31,138.55,19.93
order_00004472,1,prod_00000086,sell_00000150,2026-01-06 17:15:36,144.34,10.83
order_00004472,2,prod_00000068,sell_00000054,2026-01-02 17:15:36,68.26,8.51
order_00004472,3,prod_00000701,sell_00000132,2026-01-03 17:15:36,73.1,11.83
order_00004472,4,prod_00000325,sell_00000248,2026-01-01 17:15:36,57.25,5.7
order_00004473,1,prod_00000130,sell_00000093,2024-03-20 16:41:49,125.32,16.21
order_00004474,1,prod_00000742,sell_00000113,2024-02-27 05:48:52,31.89,3.77
order_00004474,2,prod_00000328,sell_00000129,2024-03-01 05:48:52,259.77,33.58
order_00004474,3,prod_00000480,sell_00000045,2024-02-27 05:48:52,35.77,5.63
order_00004474,4,prod_00000146,sell_00000060,2024-02-25 05:48:52,11.81,1.73
order_00004475,1,prod_00000482,sell_00000024,2025-01-01 14:08:46,48.68,1.61
order_00004475,2,prod_00000345,sell_00000161,2024-12-31 14:08:46,46.48,5.73
order_00004475,3,prod_00000225,sell_00000158,2025-01-01 14:08:46,74.84,3.1
order_00004475,4,prod_00000225,sell_00000192,2024-12-31 14:08:46,108.78,10.3
order_00004476,1,prod_00000414,sell_00000012,2024-12-08 16:49:57,29.37,3.14
order_00004477,1,prod_00000485,sell_00000132,2025-12-01 20:54:12,10.18,1.28
order_00004478,1,prod_00000546,sell_00000185,2024-03-30 12:55:28,64.46,3.47
order_00004479,1,prod_00000548,sell_00000114,2024-10-26 13:03:42,77.37,3.36
order_00004480,1,prod_00000495,sell_00000221,2025-04-06 16:25:28,47.18,1.58
order_00004480,2,prod_00000661,sell_00000205,2025-04-09 16:25:28,367.56,50.18
order_00004480,3,prod_00000176,sell_00000021,2025-04-05 16:25:28,47.02,1.53
order_00004480,4,prod_00000029,sell_00000196,2025-04-10 16:25:28,42.86,5.61
order_00004481,1,prod_00000355,sell_00000006,2025-01-19 02:06:48,127.85,8.83
order_00004482,1,prod_00000395,sell_00000184,2024-09-29 15:11:13,37.0,3.66
order_00004483,1,prod_00000722,sell_00000064,2025-07-04 09:25:41,111.34,9.06
order_00004484,1,prod_00000633,sell_00000053,2025-12-20 20:33:40,144.96,10.35
order_00004485,1,prod_00000216,sell_00000165,2025-02-22 03:54:13,86.67,14.81
order_00004486,1,prod_00000538,sell_00000229,2024-09-12 02:07:27,42.91,2.4
order_00004487,1,prod_00000798,sell_00000023,2024-03-08 05:33:14,103.36,4.77
order_00004488,1,prod_00000263,sell_00000217,2025-04-29 02:41:51,85.87,5.22
order_00004489,1,prod_00000530,sell_00000171,2025-01-17 22:24:23,423.0,53.87
order_00004490,1,prod_00000769,sell_00000136,2024-01-28 07:06:58,61.2,5.66
order_00004490,2,prod_00000761,sell_00000235,2024-02-02 07:06:58,48.24,1.72
order_00004491,1,prod_00000410,sell_00000117,2024-06-24 20:41:17,37.25,2.41
order_00004491,2,prod_00000644,sell_00000038,2024-06-20 20:41:17,25.18,3.97
order_00004492,1,prod_00000748,sell_00000170,2024-03-21 20:56:52,26.72,1.61
order_00004492,2,prod_00000082,sell_00000130,2024-03-23 20:56:52,12.61,1.27
order_00004493,1,prod_00000026,sell_00000178,2024-06-13 19:27:23,86.73,11.32
order_00004494,1,prod_00000761,sell_00000096,2025-09-01 19:34:47,176.62,19.42
order_00004495,1,prod_00000298,sell_00000012,2025-06-10 06:24:06,95.46,5.71
order_00004496,1,prod_00000736,sell_00000184,2025-10-29 11:56:15,131.84,18.97
order_00004496,2,prod_00000407,sell_00000081,2025-10-29 11:56:15,41.16,6.17
order_00004497,1,prod_00000598,sell_00000063,2024-07-04 06:36:25,137.92,14.16
order_00004498,1,prod_00000767,sell_00000061,2024-08-18 14:09:56,83.09,5.39
order_00004499,1,prod_00000745,sell_00000233,2024-12-17 13:44:47,51.47,7.12
order_00004499,2,prod_00000757,sell_00000127,2024-12-14 13:44:47,273.54,35.52
order_00004500,1,prod_00000493,sell_00000125,2024-06-04 18:24:17,115.75,6.33
order_00004501,1,prod_00000352,sell_00000115,2024-02-04 22:03:56,105.87,6.92
order_00004502,1,prod_00000082,sell_00000190,2024-02-12 01:54:16,34.24,2.17
order_00004503,1,prod_00000794,sell_00000081,2025-10-14 00:31:06,35.17,5.61
order_00004503,2,prod_00000462,sell_00000195,2025-10-13 00:31:06,66.18,7.63
order_00004503,3,prod_00000406,sell_00000126,2025-10-12 00:31:06,58.21,7.56
order_00004503,4,prod_00000402,sell_00000025,2025-10-16 00:31:06,29.74,2.0
order_00004504,1,prod_00000198,sell_00000230,2024-06-29 09:39:12,65.62,9.5
order_00004504,2,prod_00000366,sell_00000071,2024-06-30 09:39:12,308.52,22.44
order_00004504,3,prod_00000082,sell_00000081,2024-06-27 09:39:12,43.09,6.92
order_00004505,1,prod_00000609,sell_00000174,2025-03-03 16:43:13,255.71,24.53
order_00004506,1,prod_00000745,sell_00000055,2024-08-21 23:41:03,50.83,5.57
order_00004507,1,prod_00000496,sell_00000141,2024-05-07 08:17:59,48.88,3.2
order_00004507,2,prod_00000772,sell_00000130,2024-05-04 08:17:59,129.35,13.21
order_00004508,1,prod_00000556,sell_00000034,2024-05-03 21:48:50,33.52,4.05
order_00004509,1,prod_00000362,sell_00000195,2024-08-10 15:02:32,13.63,1.14
order_00004509,2,prod_00000665,sell_00000046,2024-08-15 15:02:32,75.32,8.57
order_00004509,3,prod_00000432,sell_00000097,2024-08-12 15:02:32,130.86,15.61
order_00004509,4,prod_00000130,sell_00000225,2024-08-15 15:02:32,28.04,1.33
order_00004510,1,prod_00000638,sell_00000007,2025-10-06 16:35:48,120.42,12.25
order_00004511,1,prod_00000503,sell_00000124,2025-12-17 23:50:21,100.54,9.11
order_00004512,1,prod_00000311,sell_00000158,2024-08-18 09:17:57,46.7,3.4
order_00004512,2,prod_00000508,sell_00000069,2024-08-15 09:17:57,80.23,12.16
order_00004513,1,prod_00000156,sell_00000213,2025-10-21 16:48:00,155.75,27.59
order_00004514,1,prod_00000005,sell_00000054,2025-06-09 01:25:12,17.08,2.76
order_00004514,2,prod_00000733,sell_00000107,2025-06-11 01:25:12,5.01,0.67
order_00004514,3,prod_00000169,sell_00000067,2025-06-07 01:25:12,73.01,9.89
order_00004514,4,prod_00000614,sell_00000209,2025-06-12 01:25:12,57.78,2.87
order_00004515,1,prod_00000016,sell_00000034,2024-03-25 23:47:33,22.28,1.88
order_00004516,1,prod_00000739,sell_00000188,2025-09-22 20:10:31,30.96,5.43
order_00004517,1,prod_00000134,sell_00000019,2024-09-11 03:18:32,236.07,16.91
order_00004517,2,prod_00000532,sell_00000156,2024-09-10 03:18:32,49.21,5.44
order_00004518,1,prod_00000673,sell_00000145,2024-04-21 16:08:06,130.75,16.58
order_00004519,1,prod_00000463,sell_00000236,2024-10-02 10:18:56,9.64,1.1
order_00004520,1,prod_00000563,sell_00000165,2024-09-16 13:47:47,22.25,2.98
order_00004521,1,prod_00000283,sell_00000224,2024-09-24 08:41:31,109.37,7.55
order_00004522,1,prod_00000297,sell_00000083,2025-11-21 14:04:35,37.93,2.39
order_00004522,2,prod_00000370,sell_00000058,2025-11-21 14:04:35,85.14,5.82
order_00004522,3,prod_00000580,sell_00000123,2025-11-22 14:04:35,74.6,6.61
order_00004523,1,prod_00000322,sell_00000005,2024-07-09 20:40:49,38.2,1.72
order_00004524,1,prod_00000264,sell_00000129,2024-05-23 02:51:55,271.53,13.65
order_00004525,1,prod_00000781,sell_00000066,2025-12-14 18:29:39,107.33,14.82
order_00004525,2,prod_00000642,sell_00000249,2025-12-14 18:29:39,78.83,12.23
order_00004526,1,prod_00000722,sell_00000198,2024-08-07 07:34:37,18.76,2.16
order_00004527,1,prod_00000208,sell_00000132,2024-12-24 08:05:31,164.76,28.45
order_00004528,1,prod_00000558,sell_00000007,2025-10-10 04:12:33,19.03,1.58
order_00004528,2,prod_00000111,sell_00000205,2025-10-07 04:12:33,140.43,16.67
order_00004529,1,prod_00000198,sell_00000117,2025-11-25 17:56:22,9.58,1.7
order_00004530,1,prod_00000261,sell_00000185,2024-08-01 02:57:08,138.07,11.94
order_00004530,2,prod_00000224,sell_00000206,2024-07-31 02:57:08,130.77,15.26
order_00004531,1,prod_00000323,sell_00000121,2024-10-15 06:57:56,20.21,1.99
order_00004531,2,prod_00000651,sell_00000199,2024-10-15 06:57:56,148.99,23.04
order_00004531,3,prod_00000544,sell_00000048,2024-10-11 06:57:56,45.44,5.2
order_00004531,4,prod_00000648,sell_00000051,2024-10-15 06:57:56,55.67,4.36
order_00004532,1,prod_00000076,sell_00000022,2025-01-15 08:12:08,73.69,13.22
order_00004532,2,prod_00000300,sell_00000199,2025-01-14 08:12:08,43.44,3.27
order_00004533,1,prod_00000274,sell_00000060,2024-06-20 11:14:19,34.32,6.05
order_00004534,1,prod_00000172,sell_00000245,2025-10-03 14:01:12,348.04,60.78
order_00004535,1,prod_00000255,sell_00000002,2024-10-13 09:16:33,212.12,26.86
order_00004535,2,prod_00000520,sell_00000173,2024-10-09 09:16:33,92.43,3.49
order_00004535,3,prod_00000399,sell_00000246,2024-10-09 09:16:33,69.87,5.74
order_00004536,1,prod_00000556,sell_00000150,2024-08-07 03:28:47,168.64,17.39
order_00004537,1,prod_00000186,sell_00000236,2025-10-29 09:39:32,26.62,1.01
order_00004537,2,prod_00000129,sell_00000082,2025-10-27 09:39:32,76.42,4.4
order_00004537,3,prod_00000146,sell_00000077,2025-10-25 09:39:32,52.95,5.52
order_00004538,1,prod_00000608,sell_00000112,2025-11-07 14:52:51,82.98,3.25
order_00004539,1,prod_00000425,sell_00000109,2025-11-08 20:56:34,121.17,17.67
order_00004540,1,prod_00000708,sell_00000096,2024-09-04 21:23:39,157.41,21.06
order_00004540,2,prod_00000288,sell_00000126,2024-09-04 21:23:39,37.37,2.45
order_00004541,1,prod_00000002,sell_00000221,2024-01-17 10:32:48,15.5,0.53
order_00004542,1,prod_00000319,sell_00000025,2024-06-27 08:19:45,9.89,1.52
order_00004542,2,prod_00000128,sell_00000024,2024-06-24 08:19:45,38.21,4.6
order_00004542,3,prod_00000295,sell_00000055,2024-06-22 08:19:45,36.69,5.06
order_00004542,4,prod_00000620,sell_00000223,2024-06-27 08:19:45,233.02,28.63
order_00004543,1,prod_00000685,sell_00000172,2024-10-18 21:01:41,133.04,11.38
order_00004543,2,prod_00000302,sell_00000198,2024-10-17 21:01:41,87.7,4.6
order_00004544,1,prod_00000297,sell_00000167,2024-11-28 11:27:01,33.41,4.56
order_00004545,1,prod_00000458,sell_00000201,2024-12-29 01:59:52,37.62,4.01
order_00004546,1,prod_00000222,sell_00000115,2024-05-23 11:14:44,28.72,3.59
order_00004547,1,prod_00000449,sell_00000221,2024-03-16 16:30:15,44.24,6.87
order_00004547,2,prod_00000284,sell_00000019,2024-03-14 16:30:15,40.84,6.73
order_00004548,1,prod_00000277,sell_00000062,2025-03-12 16:50:10,37.58,6.38
order_00004549,1,prod_00000441,sell_00000096,2025-06-24 00:59:20,73.15,5.57
order_00004549,2,prod_00000580,sell_00000176,2025-06-28 00:59:20,34.72,4.87
order_00004550,1,prod_00000368,sell_00000059,2025-08-16 10:40:52,27.8,3.63
order_00004551,1,prod_00000215,sell_00000030,2024-03-19 17:16:10,59.4,2.32
order_00004552,1,prod_00000695,sell_00000043,2025-10-23 10:53:03,51.36,7.94
order_00004553,1,prod_00000012,sell_00000016,2024-01-18 17:11:14,109.43,15.85
order_00004554,1,prod_00000712,sell_00000044,2024-02-27 15:37:57,56.74,2.27
order_00004554,2,prod_00000771,sell_00000053,2024-02-29 15:37:57,12.56,1.01
order_00004555,1,prod_00000700,sell_00000003,2024-08-17 10:07:28,69.38,10.05
order_00004555,2,prod_00000066,sell_00000061,2024-08-12 10:07:28,91.55,9.25
order_00004556,1,prod_00000748,sell_00000232,2024-11-30 18:42:40,33.15,1.77
order_00004556,2,prod_00000220,sell_00000081,2024-11-30 18:42:40,59.67,5.18
order_00004557,1,prod_00000444,sell_00000209,2024-10-11 02:56:19,45.72,2.8
order_00004557,2,prod_00000400,sell_00000221,2024-10-12 02:56:19,88.32,7.27
order_00004557,3,prod_00000083,sell_00000198,2024-10-08 02:56:19,57.32,10.29
order_00004558,1,prod_00000785,sell_00000157,2024-03-11 15:25:06,140.92,24.32
order_00004559,1,prod_00000084,sell_00000008,2025-08-05 20:11:30,45.14,2.09
order_00004559,2,prod_00000185,sell_00000249,2025-08-08 20:11:30,25.18,3.46
order_00004559,3,prod_00000574,sell_00000220,2025-08-03 20:11:30,345.85,35.93
order_00004560,1,prod_00000598,sell_00000067,2025-08-16 07:22:47,11.15,0.84
order_00004561,1,prod_00000362,sell_00000024,2024-07-11 15:18:13,62.12,6.96
order_00004562,1,prod_00000544,sell_00000129,2025-01-22 05:27:55,71.74,3.6
order_00004563,1,prod_00000760,sell_00000113,2025-08-25 09:16:17,33.42,2.3
order_00004563,2,prod_00000764,sell_00000201,2025-08-25 09:16:17,53.17,9.2
order_00004563,3,prod_00000166,sell_00000142,2025-08-22 09:16:17,58.01,7.94
order_00004564,1,prod_00000086,sell_00000248,2024-02-19 20:12:28,32.64,2.29
order_00004565,1,prod_00000130,sell_00000220,2024-01-05 23:24:13,253.02,31.13
order_00004566,1,prod_00000255,sell_00000155,2024-11-04 15:15:08,16.11,1.27
order_00004567,1,prod_00000176,sell_00000242,2025-05-09 08:42:18,175.47,22.88
order_00004568,1,prod_00000747,sell_00000207,2025-11-21 04:10:03,69.98,10.13
order_00004569,1,prod_00000330,sell_00000045,2024-06-18 14:07:15,53.5,3.35
order_00004570,1,prod_00000667,sell_00000206,2025-10-26 05:22:42,22.34,2.07
order_00004571,1,prod_00000056,sell_00000215,2024-10-11 05:00:59,47.88,5.1
order_00004572,1,prod_00000608,sell_00000215,2025-07-07 08:52:17,53.08,5.09
order_00004573,1,prod_00000045,sell_00000079,2024-04-06 17:18:49,75.02,10.1
order_00004573,2,prod_00000696,sell_00000174,2024-04-09 17:18:49,36.27,4.33
order_00004574,1,prod_00000145,sell_00000231,2024-09-11 23:07:51,68.44,5.08
order_00004574,2,prod_00000303,sell_00000211,2024-09-14 23:07:51,43.74,4.54
order_00004575,1,prod_00000056,sell_00000161,2025-10-26 16:41:52,28.5,1.92
order_00004576,1,prod_00000373,sell_00000073,2025-03-30 03:30:54,45.46,5.8
order_00004577,1,prod_00000253,sell_00000150,2024-05-07 16:02:30,3.36,0.22
order_00004578,1,prod_00000126,sell_00000072,2025-09-07 03:03:35,74.41,4.11
order_00004579,1,prod_00000165,sell_00000196,2024-09-14 23:04:21,112.98,4.12
order_00004579,2,prod_00000081,sell_00000176,2024-09-14 23:04:21,110.45,14.83
order_00004580,1,prod_00000207,sell_00000139,2024-03-15 04:47:44,37.6,3.96
order_00004581,1,prod_00000359,sell_00000209,2024-01-14 05:38:20,38.69,6.39
order_00004581,2,prod_00000658,sell_00000212,2024-01-12 05:38:20,154.88,20.79
order_00004581,3,prod_00000459,sell_00000200,2024-01-15 05:38:20,21.33,2.62
order_00004582,1,prod_00000581,sell_00000237,2025-07-28 17:01:10,73.2,3.99
order_00004583,1,prod_00000563,sell_00000005,2025-08-01 18:51:09,74.02,2.6
order_00004584,1,prod_00000796,sell_00000079,2024-10-10 17:00:00,93.02,8.02
order_00004585,1,prod_00000596,sell_00000175,2025-12-21 08:13:44,194.15,24.76
order_00004586,1,prod_00000301,sell_00000248,2025-06-30 18:20:45,91.09,4.01
order_00004586,2,prod_00000434,sell_00000233,2025-07-01 18:20:45,124.45,20.32
order_00004587,1,prod_00000382,sell_00000141,2025-09-30 16:52:08,100.99,11.26
order_00004588,1,prod_00000677,sell_00000222,2024-04-26 01:22:55,26.57,4.52
order_00004589,1,prod_00000787,sell_00000098,2025-10-11 20:45:16,29.49,1.28
order_00004589,2,prod_00000490,sell_00000073,2025-10-11 20:45:16,58.82,7.72
order_00004589,3,prod_00000198,sell_00000230,2025-10-07 20:45:16,49.71,7.53
order_00004589,4,prod_00000129,sell_00000218,2025-10-11 20:45:16,22.52,3.31
order_00004590,1,prod_00000547,sell_00000200,2024-11-21 10:12:55,99.07,10.26
order_00004591,1,prod_00000026,sell_00000226,2025-01-25 11:53:58,27.09,1.07
order_00004592,1,prod_00000063,sell_00000148,2025-12-02 12:54:27,57.56,5.87
order_00004593,1,prod_00000423,sell_00000200,2025-05-21 12:52:17,165.7,21.42
order_00004594,1,prod_00000223,sell_00000100,2025-06-15 10:19:07,87.7,13.61
order_00004594,2,prod_00000008,sell_00000134,2025-06-13 10:19:07,24.5,3.49
order_00004594,3,prod_00000797,sell_00000054,2025-06-15 10:19:07,44.27,7.37
order_00004595,1,prod_00000154,sell_00000025,2024-01-15 10:40:50,131.16,8.93
order_00004595,2,prod_00000423,sell_00000218,2024-01-10 10:40:50,81.25,8.24
order_00004596,1,prod_00000432,sell_00000056,2024-11-25 10:17:23,90.35,13.96
order_00004596,2,prod_00000607,sell_00000191,2024-11-28 10:17:23,62.04,11.16
order_00004596,3,prod_00000742,sell_00000122,2024-11-24 10:17:23,152.72,10.29
order_00004596,4,prod_00000776,sell_00000181,2024-11-27 10:17:23,30.37,5.01
order_00004597,1,prod_00000733,sell_00000002,2025-05-10 09:49:32,185.07,11.63
order_00004598,1,prod_00000634,sell_00000137,2025-10-05 20:44:07,86.49,4.77
order_00004598,2,prod_00000267,sell_00000032,2025-10-06 20:44:07,16.18,1.81
order_00004599,1,prod_00000267,sell_00000137,2025-04-14 00:12:24,38.5,1.78
order_00004600,1,prod_00000621,sell_00000242,2025-03-02 20:22:23,41.43,2.5
order_00004600,2,prod_00000498,sell_00000099,2025-02-25 20:22:23,49.77,2.89
order_00004601,1,prod_00000159,sell_00000071,2025-07-20 07:21:42,77.19,10.74
order_00004602,1,prod_00000385,sell_00000016,2024-12-29 07:43:54,317.95,50.25
order_00004603,1,prod_00000144,sell_00000209,2025-12-05 12:38:29,151.23,25.92
order_00004604,1,prod_00000135,sell_00000128,2025-03-24 17:09:10,69.12,5.04
order_00004604,2,prod_00000681,sell_00000060,2025-03-21 17:09:10,41.33,5.11
order_00004605,1,prod_00000185,sell_00000090,2024-07-14 01:02:42,37.82,5.86
order_00004606,1,prod_00000515,sell_00000055,2024-12-07 19:41:45,54.65,8.33
order_00004607,1,prod_00000695,sell_00000207,2024-08-04 08:25:29,82.82,11.96
order_00004608,1,prod_00000217,sell_00000130,2024-09-21 19:51:01,11.32,1.03
order_00004609,1,prod_00000202,sell_00000228,2025-10-08 13:51:20,38.61,6.39
order_00004610,1,prod_00000079,sell_00000155,2025-04-12 01:35:03,77.41,3.19
order_00004611,1,prod_00000743,sell_00000223,2025-06-03 12:02:42,40.81,3.8
order_00004612,1,prod_00000534,sell_00000166,2025-06-16 15:56:06,281.42,34.76
order_00004613,1,prod_00000766,sell_00000199,2025-04-20 01:29:26,32.31,3.44
order_00004613,2,prod_00000116,sell_00000197,2025-04-17 01:29:26,82.6,14.19
order_00004614,1,prod_00000371,sell_00000231,2024-07-01 19:12:53,36.8,1.6
order_00004614,2,prod_00000696,sell_00000034,2024-07-05 19:12:53,15.12,1.87
order_00004615,1,prod_00000051,sell_00000209,2024-07-09 21:03:12,102.36,5.02
order_00004616,1,prod_00000492,sell_00000022,2025-02-23 17:13:58,60.49,7.12
order_00004617,1,prod_00000594,sell_00000067,2024-12-26 08:41:17,88.57,14.64
order_00004618,1,prod_00000442,sell_00000246,2024-02-22 18:20:24,97.78,7.76
order_00004619,1,prod_00000729,sell_00000038,2025-06-30 21:02:57,55.22,2.19
order_00004619,2,prod_00000293,sell_00000007,2025-07-05 21:02:57,123.35,16.23
order_00004620,1,prod_00000210,sell_00000086,2025-02-01 04:12:42,39.83,1.22
order_00004621,1,prod_00000604,sell_00000031,2024-05-12 03:23:48,33.79,1.41
order_00004622,1,prod_00000148,sell_00000073,2025-09-30 00:48:21,72.22,12.3
order_00004623,1,prod_00000746,sell_00000153,2024-07-17 07:24:58,71.5,9.62
order_00004623,2,prod_00000325,sell_00000099,2024-07-15 07:24:58,52.57,4.39
order_00004624,1,prod_00000778,sell_00000245,2024-06-15 14:54:24,90.42,14.29
order_00004625,1,prod_00000500,sell_00000060,2025-06-08 16:24:23,287.96,45.55
order_00004625,2,prod_00000558,sell_00000021,2025-06-03 16:24:23,13.61,1.71
order_00004626,1,prod_00000085,sell_00000049,2024-06-17 21:36:28,163.68,18.98
order_00004626,2,prod_00000125,sell_00000096,2024-06-18 21:36:28,54.19,7.72
order_00004627,1,prod_00000796,sell_00000149,2025-08-07 02:42:09,151.28,15.89
order_00004627,2,prod_00000506,sell_00000085,2025-08-05 02:42:09,120.91,7.43
order_00004628,1,prod_00000388,sell_00000171,2025-08-15 02:11:51,87.28,15.23
order_00004629,1,prod_00000457,sell_00000066,2025-12-06 09:11:56,99.46,11.2
order_00004630,1,prod_00000382,sell_00000180,2024-01-12 19:56:55,50.15,4.47
order_00004630,2,prod_00000282,sell_00000220,2024-01-11 19:56:55,72.71,9.72
order_00004631,1,prod_00000402,sell_00000088,2025-06-19 22:28:16,42.97,2.35
order_00004631,2,prod_00000777,sell_00000099,2025-06-17 22:28:16,50.45,5.81
order_00004631,3,prod_00000404,sell_00000209,2025-06-14 22:28:16,30.23,4.98
order_00004631,4,prod_00000031,sell_00000052,2025-06-14 22:28:16,39.83,4.15
order_00004632,1,prod_00000747,sell_00000152,2024-06-07 02:50:03,141.88,12.2
order_00004633,1,prod_00000558,sell_00000018,2024-12-23 23:00:39,68.03,7.5
order_00004634,1,prod_00000659,sell_00000192,2025-08-02 11:53:56,32.24,3.68
order_00004634,2,prod_00000153,sell_00000172,2025-08-03 11:53:56,11.76,1.6
order_00004635,1,prod_00000148,sell_00000248,2025-10-21 12:42:01,32.44,4.53
order_00004635,2,prod_00000528,sell_00000221,2025-10-20 12:42:01,83.63,13.43
order_00004635,3,prod_00000774,sell_00000192,2025-10-19 12:42:01,98.79,9.99
order_00004635,4,prod_00000514,sell_00000166,2025-10-18 12:42:01,82.92,13.72
order_00004636,1,prod_00000285,sell_00000002,2025-11-20 21:53:03,55.7,6.85
order_00004637,1,prod_00000677,sell_00000053,2025-10-10 02:14:09,22.3,2.06
order_00004637,2,prod_00000266,sell_00000036,2025-10-13 02:14:09,119.37,6.68
order_00004638,1,prod_00000138,sell_00000127,2025-08-10 19:13:42,28.51,1.88
order_00004639,1,prod_00000774,sell_00000007,2025-07-01 16:06:51,104.48,3.97
order_00004639,2,prod_00000178,sell_00000233,2025-07-04 16:06:51,81.01,3.67
order_00004640,1,prod_00000226,sell_00000189,2024-07-22 13:37:05,82.57,14.76
order_00004641,1,prod_00000109,sell_00000196,2025-10-02 05:11:08,64.14,11.49
order_00004642,1,prod_00000031,sell_00000090,2024-07-07 17:15:10,37.06,3.55
order_00004643,1,prod_00000437,sell_00000122,2024-02-12 20:04:42,20.4,3.59
order_00004644,1,prod_00000682,sell_00000088,2025-09-02 11:31:57,116.8,17.42
order_00004645,1,prod_00000274,sell_00000159,2024-03-22 20:00:33,18.33,2.14
order_00004646,1,prod_00000499,sell_00000006,2024-10-18 18:00:38,41.04,6.77
order_00004647,1,prod_00000003,sell_00000103,2024-07-13 19:02:18,24.02,3.73
order_00004648,1,prod_00000046,sell_00000204,2024-05-31 19:27:05,84.84,13.27
order_00004649,1,prod_00000668,sell_00000229,2024-10-21 09:07:40,23.95,1.52
order_00004650,1,prod_00000428,sell_00000194,2025-05-02 06:07:28,42.31,5.55
order_00004651,1,prod_00000706,sell_00000085,2024-10-06 12:06:59,33.08,5.84
order_00004651,2,prod_00000537,sell_00000002,2024-10-03 12:06:59,49.19,4.24
order_00004651,3,prod_00000375,sell_00000242,2024-10-05 12:06:59,50.68,2.11
order_00004652,1,prod_00000211,sell_00000116,2025-02-21 08:00:53,63.3,3.29
order_00004653,1,prod_00000385,sell_00000064,2025-10-06 01:22:13,116.22,20.45
order_00004653,2,prod_00000276,sell_00000171,2025-10-07 01:22:13,29.85,2.4
order_00004654,1,prod_00000253,sell_00000103,2025-04-08 04:53:14,43.28,2.49
order_00004655,1,prod_00000795,sell_00000036,2025-02-06 21:50:23,71.66,3.01
order_00004656,1,prod_00000269,sell_00000031,2024-05-22 02:59:17,64.44,1.94
order_00004657,1,prod_00000250,sell_00000056,2024-09-20 17:25:14,54.57,2.59
order_00004658,1,prod_00000078,sell_00000009,2025-04-22 23:38:27,24.41,1.93
order_00004659,1,prod_00000332,sell_00000094,2024-12-27 18:44:27,77.4,6.38
order_00004660,1,prod_00000186,sell_00000127,2025-03-22 02:27:46,84.83,9.21
order_00004661,1,prod_00000497,sell_00000222,2024-12-16 11:43:03,183.2,27.88
order_00004661,2,prod_00000535,sell_00000163,2024-12-13 11:43:03,51.67,4.61
order_00004661,3,prod_00000531,sell_00000084,2024-12-16 11:43:03,132.05,15.5
order_00004662,1,prod_00000607,sell_00000014,2025-11-11 03:34:26,39.23,3.6
order_00004663,1,prod_00000188,sell_00000055,2025-05-15 21:27:53,11.19,1.59
order_00004664,1,prod_00000347,sell_00000108,2024-07-31 14:07:12,292.11,13.94
order_00004665,1,prod_00000387,sell_00000039,2025-09-20 21:46:12,132.67,6.51
order_00004666,1,prod_00000128,sell_00000222,2025-07-16 10:12:30,128.62,15.28
order_00004667,1,prod_00000167,sell_00000128,2024-06-01 03:31:08,167.73,9.54
order_00004668,1,prod_00000154,sell_00000236,2024-09-01 20:29:39,40.16,2.93
order_00004668,2,prod_00000446,sell_00000040,2024-08-31 20:29:39,163.21,13.25
order_00004668,3,prod_00000609,sell_00000116,2024-09-01 20:29:39,32.28,1.8
order_00004668,4,prod_00000035,sell_00000119,2024-09-01 20:29:39,12.99,0.7
order_00004669,1,prod_00000347,sell_00000098,2024-10-23 00:38:06,73.28,5.14
order_00004669,2,prod_00000338,sell_00000235,2024-10-22 00:38:06,66.34,7.2
order_00004670,1,prod_00000034,sell_00000114,2024-06-12 07:36:18,11.71,1.39
order_00004670,2,prod_00000629,sell_00000173,2024-06-09 07:36:18,13.18,0.57
order_00004670,3,prod_00000495,sell_00000218,2024-06-08 07:36:18,83.82,5.05
order_00004671,1,prod_00000213,sell_00000205,2025-05-15 09:17:18,144.97,9.44
order_00004672,1,prod_00000523,sell_00000052,2025-06-04 17:57:31,32.11,5.62
order_00004672,2,prod_00000183,sell_00000063,2025-06-05 17:57:31,79.76,5.93
order_00004672,3,prod_00000006,sell_00000166,2025-06-05 17:57:31,9.84,1.53
order_00004673,1,prod_00000289,sell_00000104,2025-03-10 12:51:17,12.39,0.66
order_00004674,1,prod_00000666,sell_00000008,2024-12-08 00:19:49,33.65,4.53
order_00004674,2,prod_00000716,sell_00000161,2024-12-07 00:19:49,166.75,25.82
order_00004674,3,prod_00000342,sell_00000022,2024-12-09 00:19:49,28.67,1.87
order_00004674,4,prod_00000280,sell_00000041,2024-12-06 00:19:49,13.08,0.4
order_00004675,1,prod_00000017,sell_00000059,2025-12-28 16:56:59,26.87,4.75
order_00004675,2,prod_00000519,sell_00000239,2025-12-28 16:56:59,16.87,0.95
order_00004675,3,prod_00000117,sell_00000025,2025-12-31 16:56:59,123.24,11.25
order_00004676,1,prod_00000318,sell_00000164,2025-07-03 23:21:55,57.86,3.79
order_00004677,1,prod_00000084,sell_00000076,2025-02-21 04:23:41,27.59,3.8
order_00004678,1,prod_00000725,sell_00000170,2024-08-17 13:33:42,155.61,19.38
order_00004678,2,prod_00000795,sell_00000148,2024-08-16 13:33:42,28.23,4.57
order_00004678,3,prod_00000622,sell_00000044,2024-08-13 13:33:42,85.34,3.79
order_00004678,4,prod_00000705,sell_00000022,2024-08-15 13:33:42,44.89,4.87
order_00004679,1,prod_00000658,sell_00000186,2024-07-30 05:36:53,4.26,0.61
order_00004680,1,prod_00000549,sell_00000145,2025-07-10 16:20:36,29.42,3.01
order_00004681,1,prod_00000093,sell_00000127,2024-02-09 13:15:11,71.89,9.88
order_00004682,1,prod_00000113,sell_00000182,2024-04-09 06:00:57,53.04,6.49
order_00004683,1,prod_00000424,sell_00000226,2024-03-24 20:43:44,140.56,22.16
order_00004683,2,prod_00000195,sell_00000125,2024-03-28 20:43:44,95.62,4.86
order_00004684,1,prod_00000779,sell_00000212,2024-02-24 14:35:05,52.67,5.12
order_00004685,1,prod_00000761,sell_00000039,2025-12-29 11:23:59,49.19,5.92
order_00004685,2,prod_00000589,sell_00000042,2026-01-01 11:23:59,46.13,6.5
order_00004685,3,prod_00000465,sell_00000060,2026-01-02 11:23:59,35.31,2.83
order_00004686,1,prod_00000635,sell_00000211,2024-07-06 23:44:05,41.47,1.59
order_00004687,1,prod_00000598,sell_00000242,2024-12-24 22:47:30,15.24,1.17
order_00004687,2,prod_00000733,sell_00000098,2024-12-26 22:47:30,34.74,3.63
order_00004687,3,prod_00000633,sell_00000101,2024-12-23 22:47:30,84.42,13.56
order_00004688,1,prod_00000051,sell_00000160,2025-03-22 05:21:31,11.39,1.93
order_00004689,1,prod_00000440,sell_00000098,2025-10-17 21:02:39,29.35,2.27
order_00004689,2,prod_00000214,sell_00000169,2025-10-15 21:02:39,11.42,2.02
order_00004689,3,prod_00000307,sell_00000196,2025-10-19 21:02:39,20.21,3.27
order_00004689,4,prod_00000130,sell_00000109,2025-10-20 21:02:39,121.71,8.81
order_00004690,1,prod_00000266,sell_00000154,2024-02-29 20:57:02,24.82,1.81
order_00004691,1,prod_00000746,sell_00000130,2024-01-13 12:35:09,17.24,2.78
order_00004691,2,prod_00000723,sell_00000149,2024-01-12 12:35:09,25.68,2.84
order_00004691,3,prod_00000476,sell_00000038,2024-01-15 12:35:09,33.31,4.89
order_00004692,1,prod_00000735,sell_00000163,2024-02-04 20:10:50,74.44,9.02
order_00004693,1,prod_00000412,sell_00000074,2024-01-12 04:23:02,60.81,2.91
order_00004693,2,prod_00000282,sell_00000180,2024-01-11 04:23:02,21.41,0.81
order_00004694,1,prod_00000172,sell_00000072,2024-02-29 22:42:49,50.77,8.49
order_00004695,1,prod_00000691,sell_00000118,2025-01-03 07:20:10,46.2,4.73
order_00004696,1,prod_00000785,sell_00000112,2024-04-12 15:13:42,87.96,8.69
order_00004696,2,prod_00000621,sell_00000010,2024-04-14 15:13:42,15.83,1.3
order_00004696,3,prod_00000241,sell_00000103,2024-04-16 15:13:42,181.21,22.86
order_00004697,1,prod_00000471,sell_00000017,2025-12-02 02:47:08,24.84,3.96
order_00004697,2,prod_00000039,sell_00000090,2025-12-04 02:47:08,88.7,13.15
order_00004698,1,prod_00000329,sell_00000050,2024-04-26 23:00:25,163.26,14.41
order_00004698,2,prod_00000384,sell_00000073,2024-04-26 23:00:25,100.08,12.04
order_00004699,1,prod_00000253,sell_00000142,2024-07-14 10:05:15,104.92,8.27
order_00004700,1,prod_00000228,sell_00000220,2024-05-06 04:26:26,68.41,8.56
order_00004701,1,prod_00000790,sell_00000050,2024-02-28 07:21:28,54.45,9.7
order_00004702,1,prod_00000068,sell_00000019,2025-07-03 09:29:18,275.82,43.68
order_00004703,1,prod_00000782,sell_00000139,2025-04-02 18:30:37,23.42,2.84
order_00004704,1,prod_00000431,sell_00000020,2025-08-25 14:30:18,82.58,14.54
order_00004705,1,prod_00000075,sell_00000211,2024-03-14 09:29:16,72.76,12.61
order_00004705,2,prod_00000026,sell_00000163,2024-03-18 09:29:16,142.55,24.33
order_00004706,1,prod_00000080,sell_00000196,2025-12-25 01:55:47,34.9,3.29
order_00004707,1,prod_00000203,sell_00000125,2024-06-06 22:50:06,10.48,1.28
order_00004707,2,prod_00000510,sell_00000155,2024-06-07 22:50:06,27.87,4.93
order_00004708,1,prod_00000126,sell_00000059,2024-03-19 07:05:29,113.16,4.01
order_00004709,1,prod_00000266,sell_00000088,2025-11-07 10:35:53,177.08,17.06
order_00004710,1,prod_00000795,sell_00000081,2024-02-22 14:45:51,27.74,1.71
order_00004711,1,prod_00000322,sell_00000097,2025-07-24 23:10:59,132.19,8.8
order_00004712,1,prod_00000735,sell_00000229,2025-05-31 09:33:47,22.36,1.67
order_00004713,1,prod_00000006,sell_00000166,2025-07-15 20:47:56,164.95,20.34
order_00004714,1,prod_00000192,sell_00000087,2025-05-19 14:38:35,44.09,2.95
order_00004715,1,prod_00000645,sell_00000000,2024-01-06 22:56:10,217.2,17.89
order_00004716,1,prod_00000779,sell_00000245,2024-09-28 18:24:32,85.08,8.7
order_00004717,1,prod_00000171,sell_00000209,2024-11-14 23:07:34,159.09,24.86
order_00004717,2,prod_00000333,sell_00000109,2024-11-13 23:07:34,201.84,35.97
order_00004718,1,prod_00000260,sell_00000067,2024-07-25 16:20:28,501.79,46.65
order_00004719,1,prod_00000294,sell_00000017,2025-06-25 02:41:20,225.68,33.84
order_00004720,1,prod_00000770,sell_00000160,2025-05-04 07:04:25,44.54,2.34
order_00004721,1,prod_00000715,sell_00000116,2024-08-01 12:19:49,162.89,16.29
order_00004722,1,prod_00000332,sell_00000062,2025-07-21 08:25:57,276.13,33.0
order_00004723,1,prod_00000179,sell_00000173,2024-02-23 20:46:32,18.13,2.45
order_00004724,1,prod_00000691,sell_00000097,2025-01-13 09:05:37,345.7,45.49
order_00004725,1,prod_00000447,sell_00000053,2025-12-07 21:54:53,186.63,15.3
order_00004726,1,prod_00000609,sell_00000121,2025-06-20 01:09:53,112.06,12.34
order_00004727,1,prod_00000063,sell_00000060,2025-02-14 22:20:22,160.08,17.41
order_00004728,1,prod_00000448,sell_00000211,2024-09-06 00:12:05,105.24,9.6
order_00004728,2,prod_00000534,sell_00000206,2024-09-07 00:12:05,78.91,9.38
order_00004729,1,prod_00000736,sell_00000028,2024-10-03 20:31:37,104.26,9.05
order_00004729,2,prod_00000255,sell_00000050,2024-10-04 20:31:37,30.39,2.48
order_00004729,3,prod_00000611,sell_00000227,2024-10-05 20:31:37,23.17,3.86
order_00004730,1,prod_00000267,sell_00000231,2024-09-03 11:53:20,46.79,7.17
order_00004731,1,prod_00000088,sell_00000151,2025-11-04 17:36:20,151.48,26.66
order_00004731,2,prod_00000060,sell_00000220,2025-11-03 17:36:20,102.47,6.42
order_00004732,1,prod_00000400,sell_00000116,2025-09-14 23:36:20,57.97,8.61
order_00004733,1,prod_00000291,sell_00000058,2024-07-27 12:40:49,81.46,4.9
order_00004734,1,prod_00000689,sell_00000115,2025-09-01 21:48:41,96.46,13.09
order_00004735,1,prod_00000446,sell_00000005,2025-09-05 13:02:03,40.88,4.62
order_00004736,1,prod_00000192,sell_00000136,2025-05-27 14:20:10,19.05,2.1
order_00004737,1,prod_00000167,sell_00000148,2025-10-20 06:30:58,94.6,16.93
order_00004737,2,prod_00000683,sell_00000172,2025-10-18 06:30:58,54.18,4.79
order_00004737,3,prod_00000398,sell_00000119,2025-10-20 06:30:58,32.34,1.18
order_00004737,4,prod_00000619,sell_00000070,2025-10-20 06:30:58,18.68,1.21
order_00004738,1,prod_00000415,sell_00000172,2024-07-09 00:52:40,23.17,3.67
order_00004739,1,prod_00000424,sell_00000248,2025-01-03 09:07:42,67.44,10.68
order_00004740,1,prod_00000421,sell_00000031,2025-03-31 11:03:49,32.83,1.9
order_00004741,1,prod_00000475,sell_00000137,2025-12-09 09:38:00,32.39,5.04
order_00004741,2,prod_00000683,sell_00000211,2025-12-05 09:38:00,29.72,1.12
order_00004742,1,prod_00000179,sell_00000139,2024-11-29 22:15:31,19.84,1.92
order_00004743,1,prod_00000186,sell_00000144,2024-10-31 11:59:08,11.3,1.36
order_00004743,2,prod_00000293,sell_00000170,2024-10-28 11:59:08,22.26,2.38
order_00004743,3,prod_00000761,sell_00000204,2024-10-31 11:59:08,10.56,1.69
order_00004743,4,prod_00000174,sell_00000086,2024-10-27 11:59:08,30.4,4.73
order_00004744,1,prod_00000092,sell_00000216,2024-06-04 09:08:02,53.06,7.26
order_00004745,1,prod_00000383,sell_00000225,2024-06-21 17:25:48,107.23,16.82
order_00004746,1,prod_00000491,sell_00000081,2024-12-21 07:20:07,31.41,1.76
order_00004747,1,prod_00000388,sell_00000124,2025-03-21 05:10:24,111.36,6.63
order_00004747,2,prod_00000224,sell_00000016,2025-03-22 05:10:24,30.97,2.23
order_00004747,3,prod_00000166,sell_00000135,2025-03-18 05:10:24,46.47,2.79
order_00004748,1,prod_00000341,sell_00000019,2024-02-02 03:21:13,62.63,9.03
order_00004748,2,prod_00000371,sell_00000162,2024-02-04 03:21:13,180.3,7.85
order_00004748,3,prod_00000251,sell_00000119,2024-02-01 03:21:13,82.93,11.7
order_00004749,1,prod_00000492,sell_00000112,2025-04-21 17:57:26,22.62,3.95
order_00004749,2,prod_00000032,sell_00000209,2025-04-26 17:57:26,69.64,7.94
order_00004750,1,prod_00000384,sell_00000092,2024-02-29 12:07:56,50.63,5.92
order_00004751,1,prod_00000251,sell_00000047,2024-09-26 07:46:03,37.29,5.77
order_00004752,1,prod_00000321,sell_00000073,2025-12-18 13:41:28,98.77,12.35
order_00004753,1,prod_00000171,sell_00000191,2024-02-05 11:00:17,60.67,4.01
order_00004754,1,prod_00000714,sell_00000039,2025-07-14 11:29:04,241.98,34.74
order_00004755,1,prod_00000351,sell_00000039,2024-04-10 07:16:14,9.1,0.76
order_00004756,1,prod_00000767,sell_00000125,2024-04-24 22:53:52,13.57,1.46
order_00004756,2,prod_00000277,sell_00000014,2024-04-22 22:53:52,17.08,0.83
order_00004757,1,prod_00000511,sell_00000225,2025-09-12 06:53:59,165.22,9.42
order_00004757,2,prod_00000368,sell_00000121,2025-09-12 06:53:59,40.73,7.16
order_00004758,1,prod_00000406,sell_00000016,2025-11-20 14:39:43,69.28,7.33
order_00004759,1,prod_00000780,sell_00000082,2025-05-05 10:03:21,38.12,6.26
order_00004760,1,prod_00000296,sell_00000071,2025-05-30 04:31:11,384.37,17.35
order_00004761,1,prod_00000147,sell_00000224,2025-06-23 22:12:30,20.2,2.45
order_00004762,1,prod_00000109,sell_00000088,2024-03-16 17:11:11,201.7,32.02
order_00004763,1,prod_00000008,sell_00000155,2025-08-15 20:53:13,30.03,3.24
order_00004764,1,prod_00000045,sell_00000126,2024-04-26 06:58:38,99.28,14.58
order_00004764,2,prod_00000267,sell_00000052,2024-04-25 06:58:38,17.61,1.62
order_00004765,1,prod_00000572,sell_00000063,2025-05-08 01:41:57,78.45,12.84
order_00004765,2,prod_00000047,sell_00000116,2025-05-11 01:41:57,71.08,7.54
order_00004765,3,prod_00000105,sell_00000245,2025-05-12 01:41:57,18.46,2.59
order_00004765,4,prod_00000781,sell_00000119,2025-05-09 01:41:57,75.02,3.59
order_00004766,1,prod_00000317,sell_00000096,2025-04-15 22:45:18,87.73,8.12
order_00004767,1,prod_00000618,sell_00000184,2025-06-10 18:13:57,164.88,5.67
order_00004768,1,prod_00000645,sell_00000045,2025-10-01 16:05:27,35.4,2.76
order_00004769,1,prod_00000028,sell_00000029,2025-09-12 10:32:12,40.55,1.3
order_00004769,2,prod_00000511,sell_00000248,2025-09-16 10:32:12,59.55,9.03
order_00004769,3,prod_00000589,sell_00000175,2025-09-15 10:32:12,29.5,3.52
order_00004769,4,prod_00000304,sell_00000056,2025-09-12 10:32:12,127.84,11.09
order_00004770,1,prod_00000032,sell_00000206,2024-03-07 23:13:16,127.85,14.0
order_00004771,1,prod_00000473,sell_00000189,2024-11-06 04:30:43,123.57,9.2
order_00004771,2,prod_00000299,sell_00000000,2024-11-05 04:30:43,29.87,5.11
order_00004772,1,prod_00000627,sell_00000012,2024-02-18 17:03:41,62.41,7.21
order_00004773,1,prod_00000730,sell_00000056,2025-02-22 13:24:52,30.98,3.05
order_00004774,1,prod_00000196,sell_00000176,2024-05-22 19:58:15,101.03,7.12
order_00004775,1,prod_00000788,sell_00000007,2024-07-29 03:10:37,23.5,2.27
order_00004776,1,prod_00000526,sell_00000049,2024-10-06 23:39:21,50.25,3.78
order_00004776,2,prod_00000143,sell_00000081,2024-10-04 23:39:21,39.71,1.96
order_00004776,3,prod_00000198,sell_00000012,2024-10-08 23:39:21,45.41,6.49
order_00004776,4,prod_00000545,sell_00000145,2024-10-09 23:39:21,97.62,12.71
order_00004777,1,prod_00000734,sell_00000174,2025-06-21 19:43:17,45.97,1.43
order_00004778,1,prod_00000340,sell_00000116,2024-04-02 05:52:17,80.51,11.26
order_00004778,2,prod_00000229,sell_00000235,2024-03-31 05:52:17,194.18,34.16
order_00004778,3,prod_00000369,sell_00000202,2024-03-29 05:52:17,28.93,2.76
order_00004779,1,prod_00000590,sell_00000239,2024-09-20 19:03:55,48.28,7.39
order_00004780,1,prod_00000264,sell_00000020,2024-04-07 00:05:43,38.63,6.46
order_00004780,2,prod_00000633,sell_00000149,2024-04-07 00:05:43,142.94,22.87
order_00004781,1,prod_00000576,sell_00000174,2025-05-31 12:45:40,103.81,5.59
order_00004782,1,prod_00000153,sell_00000002,2024-02-26 19:59:43,66.94,5.98
order_00004783,1,prod_00000193,sell_00000089,2025-05-04 11:23:56,9.71,1.06
order_00004784,1,prod_00000190,sell_00000019,2025-02-09 17:30:12,38.79,4.27
order_00004784,2,prod_00000496,sell_00000193,2025-02-07 17:30:12,30.29,2.23
order_00004784,3,prod_00000659,sell_00000174,2025-02-11 17:30:12,355.85,48.26
order_00004785,1,prod_00000726,sell_00000230,2025-02-09 19:46:19,78.4,13.84
order_00004786,1,prod_00000402,sell_00000145,2025-01-01 16:59:53,67.73,3.25
order_00004787,1,prod_00000426,sell_00000001,2025-10-22 17:35:59,65.99,6.06
order_00004788,1,prod_00000017,sell_00000096,2025-10-29 12:01:05,158.79,10.26
order_00004788,2,prod_00000251,sell_00000061,2025-10-27 12:01:05,58.24,10.01
order_00004788,3,prod_00000468,sell_00000029,2025-10-25 12:01:05,21.0,3.28
order_00004789,1,prod_00000259,sell_00000047,2025-09-17 04:15:53,29.04,3.88
order_00004790,1,prod_00000592,sell_00000235,2024-11-08 12:19:49,53.36,9.39
order_00004791,1,prod_00000433,sell_00000104,2025-01-29 11:00:48,63.77,10.45
order_00004792,1,prod_00000252,sell_00000181,2024-03-25 20:17:38,126.51,5.74
order_00004793,1,prod_00000762,sell_00000164,2025-04-16 02:37:51,120.12,8.92
order_00004794,1,prod_00000173,sell_00000150,2024-03-01 08:38:38,10.87,0.48
order_00004795,1,prod_00000158,sell_00000189,2025-07-06 11:15:02,12.71,1.81
order_00004796,1,prod_00000015,sell_00000176,2025-10-14 20:05:35,125.76,15.67
order_00004797,1,prod_00000184,sell_00000168,2024-05-21 00:59:18,75.43,8.99
order_00004797,2,prod_00000219,sell_00000021,2024-05-25 00:59:18,49.58,3.64
order_00004797,3,prod_00000671,sell_00000034,2024-05-22 00:59:18,49.92,4.08
order_00004798,1,prod_00000721,sell_00000065,2025-05-18 01:01:47,113.17,19.93
order_00004799,1,prod_00000246,sell_00000055,2025-04-02 07:59:02,47.82,3.48
order_00004799,2,prod_00000528,sell_00000053,2025-04-04 07:59:02,60.63,9.25
order_00004799,3,prod_00000048,sell_00000014,2025-04-04 07:59:02,13.78,0.96
order_00004800,1,prod_00000597,sell_00000171,2025-08-08 14:12:05,90.62,4.29
order_00004801,1,prod_00000395,sell_00000093,2024-12-11 15:51:52,33.96,1.07
order_00004802,1,prod_00000673,sell_00000195,2025-09-15 19:07:48,27.38,2.07
order_00004803,1,prod_00000356,sell_00000249,2024-07-26 21:48:18,34.76,2.87
order_00004804,1,prod_00000369,sell_00000023,2024-06-04 02:25:29,17.89,1.04
order_00004804,2,prod_00000268,sell_00000130,2024-06-05 02:25:29,54.07,5.89
order_00004805,1,prod_00000381,sell_00000032,2025-03-15 06:32:22,4.24,0.63
order_00004805,2,prod_00000723,sell_00000127,2025-03-13 06:32:22,25.56,2.22
order_00004805,3,prod_00000161,sell_00000092,2025-03-15 06:32:22,61.0,10.91
order_00004805,4,prod_00000727,sell_00000105,2025-03-12 06:32:22,34.58,1.26
order_00004806,1,prod_00000141,sell_00000139,2025-03-06 20:57:19,36.61,1.41
order_00004806,2,prod_00000121,sell_00000072,2025-03-03 20:57:19,59.47,2.38
order_00004807,1,prod_00000519,sell_00000189,2024-09-14 12:59:26,180.33,31.08
order_00004807,2,prod_00000732,sell_00000176,2024-09-12 12:59:26,29.11,1.86
order_00004807,3,prod_00000700,sell_00000001,2024-09-17 12:59:26,54.08,3.64
order_00004808,1,prod_00000766,sell_00000084,2024-04-12 03:54:41,20.94,2.76
order_00004809,1,prod_00000140,sell_00000038,2024-04-14 19:02:52,79.02,9.59
order_00004810,1,prod_00000448,sell_00000210,2024-12-31 03:08:16,13.16,1.64
order_00004811,1,prod_00000151,sell_00000032,2025-01-07 12:47:46,43.24,1.36
order_00004811,2,prod_00000368,sell_00000230,2025-01-08 12:47:46,71.02,5.01
order_00004811,3,prod_00000618,sell_00000014,2025-01-09 12:47:46,64.53,5.71
order_00004811,4,prod_00000434,sell_00000020,2025-01-05 12:47:46,40.32,6.27
order_00004812,1,prod_00000443,sell_00000074,2024-08-12 14:04:17,64.46,2.77
order_00004812,2,prod_00000385,sell_00000215,2024-08-09 14:04:17,40.26,6.14
order_00004813,1,prod_00000423,sell_00000226,2024-04-02 19:12:14,203.23,36.36
order_00004813,2,prod_00000485,sell_00000195,2024-04-06 19:12:14,48.89,7.7
order_00004813,3,prod_00000707,sell_00000231,2024-04-03 19:12:14,99.1,16.33
order_00004814,1,prod_00000436,sell_00000247,2025-08-30 09:29:57,87.29,3.95
order_00004814,2,prod_00000525,sell_00000149,2025-09-02 09:29:57,39.3,4.48
order_00004814,3,prod_00000200,sell_00000178,2025-08-31 09:29:57,55.27,5.87
order_00004815,1,prod_00000173,sell_00000047,2025-03-07 04:48:50,49.48,8.72
order_00004816,1,prod_00000623,sell_00000222,2024-04-12 09:13:18,109.93,11.21
order_00004817,1,prod_00000266,sell_00000060,2024-10-23 13:27:22,58.46,7.33
order_00004818,1,prod_00000210,sell_00000174,2025-11-23 01:33:46,26.73,3.67
order_00004819,1,prod_00000048,sell_00000094,2025-09-29 13:53:48,70.66,8.86
order_00004820,1,prod_00000109,sell_00000056,2024-03-15 17:56:49,136.62,18.11
order_00004821,1,prod_00000076,sell_00000052,2025-04-18 14:56:23,8.1,0.26
order_00004822,1,prod_00000063,sell_00000052,2024-02-14 21:52:50,43.27,1.81
order_00004823,1,prod_00000666,sell_00000180,2024-08-24 01:40:00,45.52,6.77
order_00004824,1,prod_00000355,sell_00000194,2025-12-13 21:27:33,107.82,10.49
order_00004824,2,prod_00000241,sell_00000164,2025-12-09 21:27:33,138.09,9.5
order_00004825,1,prod_00000127,sell_00000203,2025-05-23 17:26:54,60.69,4.84
order_00004826,1,prod_00000794,sell_00000160,2024-11-05 16:28:05,39.13,6.47
order_00004826,2,prod_00000244,sell_00000043,2024-11-05 16:28:05,77.04,11.23
order_00004826,3,prod_00000247,sell_00000106,2024-11-06 16:28:05,42.65,5.1
order_00004827,1,prod_00000414,sell_00000033,2024-09-18 10:59:19,25.71,2.53
order_00004827,2,prod_00000571,sell_00000144,2024-09-20 10:59:19,47.28,3.62
order_00004827,3,prod_00000702,sell_00000127,2024-09-16 10:59:19,46.52,3.74
order_00004827,4,prod_00000144,sell_00000034,2024-09-17 10:59:19,61.28,10.36
order_00004828,1,prod_00000690,sell_00000021,2024-01-27 03:45:25,119.53,13.89
order_00004829,1,prod_00000304,sell_00000076,2025-03-19 20:04:29,94.83,9.46
order_00004829,2,prod_00000050,sell_00000051,2025-03-22 20:04:29,19.9,2.97
order_00004830,1,prod_00000110,sell_00000157,2024-01-08 13:40:59,165.7,12.73
order_00004831,1,prod_00000356,sell_00000163,2025-01-01 09:07:38,72.21,10.71
order_00004832,1,prod_00000491,sell_00000124,2025-08-13 03:30:41,15.11,1.06
order_00004832,2,prod_00000744,sell_00000137,2025-08-12 03:30:41,27.35,2.19
order_00004832,3,prod_00000271,sell_00000068,2025-08-16 03:30:41,35.7,1.63
order_00004832,4,prod_00000318,sell_00000075,2025-08-14 03:30:41,44.77,6.99
order_00004833,1,prod_00000185,sell_00000018,2024-04-08 23:26:18,63.94,4.22
order_00004834,1,prod_00000777,sell_00000098,2024-04-15 11:07:18,40.44,5.7
order_00004835,1,prod_00000677,sell_00000144,2024-06-30 04:45:47,47.67,1.79
order_00004836,1,prod_00000363,sell_00000127,2024-12-15 07:48:21,30.66,3.77
order_00004837,1,prod_00000526,sell_00000081,2024-02-23 22:51:17,269.35,42.19
order_00004838,1,prod_00000588,sell_00000164,2024-06-16 06:57:09,93.2,4.22
order_00004838,2,prod_00000445,sell_00000215,2024-06-17 06:57:09,26.56,1.39
order_00004839,1,prod_00000063,sell_00000098,2025-09-03 20:26:18,94.11,16.32
order_00004839,2,prod_00000721,sell_00000032,2025-09-05 20:26:18,76.9,12.85
order_00004839,3,prod_00000607,sell_00000230,2025-09-04 20:26:18,321.38,44.71
order_00004840,1,prod_00000561,sell_00000023,2024-06-06 14:42:56,373.06,58.85
order_00004841,1,prod_00000513,sell_00000084,2025-12-23 15:27:01,151.81,10.83
order_00004842,1,prod_00000202,sell_00000182,2024-08-13 05:22:20,46.77,4.81
order_00004842,2,prod_00000679,sell_00000019,2024-08-11 05:22:20,31.91,2.47
order_00004843,1,prod_00000117,sell_00000159,2024-05-15 10:20:50,49.58,2.62
order_00004843,2,prod_00000159,sell_00000160,2024-05-18 10:20:50,46.0,5.42
order_00004843,3,prod_00000233,sell_00000198,2024-05-17 10:20:50,136.35,23.75
order_00004843,4,prod_00000399,sell_00000164,2024-05-18 10:20:50,245.73,28.76
order_00004844,1,prod_00000206,sell_00000011,2024-08-22 19:54:07,103.62,17.93
order_00004845,1,prod_00000368,sell_00000102,2025-11-20 15:29:57,36.39,6.26
order_00004846,1,prod_00000335,sell_00000107,2025-10-06 16:56:46,110.76,13.03
order_00004847,1,prod_00000492,sell_00000097,2025-03-05 03:56:06,50.87,8.7
order_00004848,1,prod_00000273,sell_00000144,2024-05-27 16:39:44,45.57,4.32
order_00004849,1,prod_00000523,sell_00000046,2024-07-31 02:48:43,91.63,8.99
order_00004849,2,prod_00000788,sell_00000004,2024-08-04 02:48:43,71.31,4.22
order_00004850,1,prod_00000202,sell_00000154,2025-06-14 04:48:19,32.46,3.91
order_00004851,1,prod_00000535,sell_00000193,2024-02-12 16:57:27,80.09,5.84
order_00004851,2,prod_00000462,sell_00000114,2024-02-14 16:57:27,46.41,2.83
order_00004852,1,prod_00000608,sell_00000208,2025-08-25 19:50:56,34.1,3.25
order_00004853,1,prod_00000464,sell_00000185,2025-02-13 16:55:28,18.36,3.28
order_00004853,2,prod_00000311,sell_00000180,2025-02-13 16:55:28,57.42,9.32
order_00004854,1,prod_00000221,sell_00000168,2024-05-23 19:09:32,75.12,4.56
order_00004854,2,prod_00000341,sell_00000248,2024-05-23 19:09:32,199.61,20.61
order_00004855,1,prod_00000646,sell_00000060,2025-06-16 10:03:47,139.34,15.09
order_00004856,1,prod_00000619,sell_00000054,2024-06-19 12:11:46,39.62,5.68
order_00004857,1,prod_00000660,sell_00000203,2025-06-13 18:12:26,122.62,12.53
order_00004857,2,prod_00000227,sell_00000239,2025-06-16 18:12:26,40.19,5.14
order_00004857,3,prod_00000583,sell_00000115,2025-06-17 18:12:26,93.77,12.09
order_00004858,1,prod_00000012,sell_00000175,2025-03-26 06:53:46,66.98,8.49
order_00004859,1,prod_00000767,sell_00000048,2025-06-28 02:01:14,16.5,1.22
order_00004859,2,prod_00000706,sell_00000239,2025-06-28 02:01:14,7.98,1.38
order_00004860,1,prod_00000013,sell_00000037,2024-03-28 20:01:00,243.08,19.02
order_00004861,1,prod_00000348,sell_00000201,2024-12-07 17:51:42,21.21,3.51
order_00004862,1,prod_00000110,sell_00000051,2024-04-12 08:26:17,110.68,6.22
order_00004863,1,prod_00000298,sell_00000155,2025-11-06 17:37:51,55.0,9.28
order_00004864,1,prod_00000420,sell_00000241,2024-12-25 08:33:17,70.18,3.55
order_00004865,1,prod_00000245,sell_00000151,2024-10-15 01:58:35,97.11,13.01
order_00004866,1,prod_00000273,sell_00000248,2025-02-19 06:30:19,60.76,10.68
order_00004866,2,prod_00000474,sell_00000174,2025-02-18 06:30:19,38.22,2.48
order_00004867,1,prod_00000450,sell_00000068,2024-08-03 17:14:08,68.15,2.4
order_00004868,1,prod_00000146,sell_00000245,2024-06-22 13:44:40,219.63,10.45
order_00004869,1,prod_00000705,sell_00000128,2024-04-14 21:25:03,35.94,3.82
order_00004870,1,prod_00000709,sell_00000061,2025-08-29 20:16:14,32.7,4.32
order_00004871,1,prod_00000432,sell_00000234,2024-10-01 03:22:04,47.06,7.6
order_00004871,2,prod_00000610,sell_00000165,2024-10-02 03:22:04,23.92,2.03
order_00004872,1,prod_00000577,sell_00000055,2024-09-11 19:26:04,63.99,11.2
order_00004873,1,prod_00000204,sell_00000082,2025-06-05 04:35:16,122.75,16.65
order_00004874,1,prod_00000613,sell_00000204,2025-11-18 16:51:16,18.86,3.0
order_00004875,1,prod_00000543,sell_00000041,2024-05-20 06:00:50,78.07,10.52
order_00004876,1,prod_00000726,sell_00000023,2024-03-29 21:49:59,70.54,12.13
order_00004876,2,prod_00000578,sell_00000170,2024-03-28 21:49:59,45.96,5.38
order_00004876,3,prod_00000157,sell_00000001,2024-03-31 21:49:59,28.09,1.81
order_00004877,1,prod_00000515,sell_00000218,2024-08-23 05:34:11,48.44,3.8
order_00004878,1,prod_00000459,sell_00000015,2025-10-19 15:16:41,12.89,0.99
order_00004879,1,prod_00000095,sell_00000184,2024-05-19 12:45:29,191.49,19.2
order_00004879,2,prod_00000702,sell_00000047,2024-05-23 12:45:29,45.95,4.57
order_00004879,3,prod_00000028,sell_00000127,2024-05-18 12:45:29,61.88,7.93
order_00004879,4,prod_00000684,sell_00000053,2024-05-20 12:45:29,18.24,2.74
order_00004880,1,prod_00000632,sell_00000007,2025-06-09 02:26:20,29.59,5.12
order_00004881,1,prod_00000277,sell_00000052,2025-01-16 01:32:50,75.77,5.17
order_00004881,2,prod_00000468,sell_00000214,2025-01-13 01:32:50,217.58,22.47
order_00004882,1,prod_00000132,sell_00000062,2025-12-18 16:17:51,39.39,6.17
order_00004883,1,prod_00000431,sell_00000099,2024-02-16 03:55:39,26.56,0.89
order_00004884,1,prod_00000294,sell_00000224,2025-11-06 06:49:38,40.79,2.33
order_00004884,2,prod_00000440,sell_00000169,2025-11-10 06:49:38,54.36,8.84
order_00004885,1,prod_00000331,sell_00000081,2025-05-27 05:58:29,83.25,7.51
order_00004886,1,prod_00000043,sell_00000019,2024-12-31 21:31:53,215.22,13.41
order_00004886,2,prod_00000294,sell_00000184,2024-12-31 21:31:53,21.42,2.72
order_00004886,3,prod_00000706,sell_00000219,2025-01-02 21:31:53,75.49,7.33
order_00004887,1,prod_00000091,sell_00000138,2024-06-27 20:31:14,44.54,4.92
order_00004888,1,prod_00000328,sell_00000220,2024-07-11 08:43:37,31.17,5.61
order_00004889,1,prod_00000346,sell_00000195,2024-05-14 19:05:38,40.79,5.11
order_00004890,1,prod_00000696,sell_00000053,2024-06-18 01:31:00,32.56,1.4
order_00004891,1,prod_00000492,sell_00000140,2025-09-27 17:33:02,59.38,7.43
order_00004892,1,prod_00000011,sell_00000199,2025-06-17 02:01:37,37.91,2.76
order_00004892,2,prod_00000353,sell_00000123,2025-06-17 02:01:37,92.65,3.78
order_00004893,1,prod_00000539,sell_00000024,2025-07-07 17:55:18,25.32,1.57
order_00004894,1,prod_00000196,sell_00000083,2024-12-29 10:34:20,324.34,48.48
order_00004895,1,prod_00000628,sell_00000246,2024-03-28 02:40:53,56.11,4.17
order_00004896,1,prod_00000093,sell_00000086,2024-06-24 11:31:05,109.58,10.67
order_00004896,2,prod_00000726,sell_00000089,2024-06-29 11:31:05,38.73,1.97
order_00004896,3,prod_00000344,sell_00000092,2024-06-27 11:31:05,59.8,5.98
order_00004897,1,prod_00000510,sell_00000195,2026-01-02 18:58:10,41.36,7.44
order_00004898,1,prod_00000201,sell_00000103,2025-05-13 21:51:12,102.68,14.77
order_00004899,1,prod_00000309,sell_00000193,2025-08-04 12:15:11,86.02,12.28
order_00004900,1,prod_00000375,sell_00000055,2024-02-16 17:57:30,47.22,3.88
order_00004901,1,prod_00000462,sell_00000205,2025-09-14 11:13:30,295.4,39.75
order_00004901,2,prod_00000090,sell_00000150,2025-09-14 11:13:30,28.71,3.81
order_00004901,3,prod_00000536,sell_00000047,2025-09-11 11:13:30,56.7,7.33
order_00004901,4,prod_00000348,sell_00000239,2025-09-16 11:13:30,123.43,8.92
order_00004902,1,prod_00000006,sell_00000095,2024-01-28 18:53:58,24.09,2.08
order_00004903,1,prod_00000255,sell_00000122,2025-07-23 08:49:07,41.37,6.54
order_00004904,1,prod_00000725,sell_00000119,2024-11-02 07:44:06,28.9,3.63
order_00004905,1,prod_00000266,sell_00000068,2025-09-02 09:46:47,80.96,2.69
order_00004906,1,prod_00000474,sell_00000185,2024-07-06 10:49:18,76.09,8.37
order_00004906,2,prod_00000614,sell_00000127,2024-07-05 10:49:18,149.64,19.76
order_00004906,3,prod_00000240,sell_00000243,2024-07-06 10:49:18,66.23,4.7
order_00004907,1,prod_00000747,sell_00000182,2024-07-01 14:41:47,99.01,3.79
order_00004908,1,prod_00000404,sell_00000119,2025-08-18 00:28:14,85.72,12.13
order_00004909,1,prod_00000101,sell_00000065,2024-07-10 15:55:57,82.51,12.54
order_00004909,2,prod_00000445,sell_00000155,2024-07-10 15:55:57,110.87,13.72
order_00004909,3,prod_00000158,sell_00000145,2024-07-11 15:55:57,28.77,3.46
order_00004909,4,prod_00000190,sell_00000240,2024-07-14 15:55:57,32.54,4.66
order_00004910,1,prod_00000359,sell_00000068,2025-06-07 12:20:56,51.42,2.28
order_00004910,2,prod_00000685,sell_00000047,2025-06-08 12:20:56,33.64,3.83
order_00004910,3,prod_00000404,sell_00000202,2025-06-06 12:20:56,115.21,11.51
order_00004911,1,prod_00000367,sell_00000023,2026-01-05 12:51:41,45.03,5.03
order_00004912,1,prod_00000720,sell_00000086,2024-04-14 01:19:31,37.22,4.14
order_00004912,2,prod_00000751,sell_00000148,2024-04-18 01:19:31,144.34,12.64
order_00004912,3,prod_00000555,sell_00000009,2024-04-18 01:19:31,22.79,3.68
order_00004913,1,prod_00000188,sell_00000088,2024-06-07 14:31:48,26.11,1.69
order_00004914,1,prod_00000303,sell_00000145,2025-05-22 17:28:17,43.44,3.8
order_00004915,1,prod_00000546,sell_00000106,2024-02-29 14:33:25,46.62,3.07
order_00004916,1,prod_00000779,sell_00000115,2025-10-17 21:23:03,45.9,6.72
order_00004917,1,prod_00000626,sell_00000184,2024-04-28 15:25:46,37.73,2.2
order_00004918,1,prod_00000301,sell_00000133,2025-11-29 07:21:29,65.24,9.73
order_00004919,1,prod_00000478,sell_00000091,2024-01-08 08:50:36,66.6,3.86
order_00004919,2,prod_00000333,sell_00000055,2024-01-06 08:50:36,8.01,1.03
order_00004919,3,prod_00000024,sell_00000081,2024-01-05 08:50:36,12.83,0.9
order_00004920,1,prod_00000454,sell_00000170,2024-08-29 07:14:32,141.62,24.51
order_00004921,1,prod_00000284,sell_00000083,2024-03-05 23:21:23,110.16,8.57
order_00004922,1,prod_00000328,sell_00000164,2024-07-12 23:46:00,14.82,0.61
order_00004922,2,prod_00000473,sell_00000230,2024-07-12 23:46:00,48.94,8.07
order_00004923,1,prod_00000567,sell_00000217,2025-12-27 13:08:14,52.44,6.67
order_00004924,1,prod_00000766,sell_00000025,2024-10-16 17:42:32,285.25,33.01
order_00004924,2,prod_00000012,sell_00000017,2024-10-16 17:42:32,59.45,8.57
order_00004925,1,prod_00000089,sell_00000198,2024-07-29 11:50:42,29.72,2.99
order_00004926,1,prod_00000718,sell_00000246,2024-04-18 09:54:31,93.13,13.73
order_00004927,1,prod_00000100,sell_00000005,2024-08-04 15:17:39,7.4,0.28
order_00004928,1,prod_00000401,sell_00000055,2024-10-05 09:43:51,418.41,65.92
order_00004929,1,prod_00000799,sell_00000137,2025-09-03 10:47:15,126.58,8.65
order_00004929,2,prod_00000745,sell_00000089,2025-09-06 10:47:15,34.3,3.15
order_00004929,3,prod_00000670,sell_00000130,2025-09-01 10:47:15,59.98,7.08
order_00004929,4,prod_00000308,sell_00000213,2025-09-02 10:47:15,23.23,3.5
order_00004930,1,prod_00000747,sell_00000168,2024-03-03 14:21:46,20.86,1.9
order_00004931,1,prod_00000551,sell_00000024,2024-10-13 16:51:32,88.37,13.08
order_00004932,1,prod_00000112,sell_00000140,2025-09-07 06:39:26,137.63,15.78
order_00004932,2,prod_00000190,sell_00000093,2025-09-04 06:39:26,66.83,6.3
order_00004933,1,prod_00000589,sell_00000026,2025-06-05 02:41:51,25.67,1.1
order_00004934,1,prod_00000734,sell_00000245,2024-03-11 04:10:45,69.96,5.86
order_00004935,1,prod_00000649,sell_00000184,2024-07-30 12:28:28,37.33,2.7
order_00004936,1,prod_00000351,sell_00000047,2024-07-26 17:58:45,76.6,11.67
order_00004936,2,prod_00000783,sell_00000193,2024-07-23 17:58:45,162.75,12.93
order_00004937,1,prod_00000155,sell_00000146,2024-10-15 13:37:21,85.72,9.12
order_00004938,1,prod_00000363,sell_00000177,2024-09-16 01:16:28,7.54,0.54
order_00004939,1,prod_00000445,sell_00000042,2024-06-19 20:19:37,102.63,7.94
order_00004940,1,prod_00000326,sell_00000027,2025-09-03 12:22:11,24.61,3.13
order_00004941,1,prod_00000200,sell_00000202,2025-02-04 02:04:12,21.17,1.69
order_00004942,1,prod_00000381,sell_00000073,2024-02-28 12:35:48,27.88,0.91
order_00004943,1,prod_00000083,sell_00000061,2024-04-15 13:39:45,240.18,8.13
order_00004944,1,prod_00000245,sell_00000041,2024-07-06 13:49:10,32.53,5.51
order_00004945,1,prod_00000253,sell_00000047,2024-12-25 21:08:49,34.9,5.21
order_00004946,1,prod_00000321,sell_00000159,2025-04-22 20:46:30,33.14,5.48
order_00004946,2,prod_00000457,sell_00000026,2025-04-23 20:46:30,53.81,5.87
order_00004947,1,prod_00000398,sell_00000046,2024-01-26 10:39:39,335.05,26.89
order_00004948,1,prod_00000571,sell_00000158,2024-10-23 01:23:57,152.15,11.28
order_00004949,1,prod_00000404,sell_00000064,2024-11-20 18:02:08,32.01,3.37
order_00004950,1,prod_00000710,sell_00000190,2025-01-28 12:35:46,32.28,2.51
order_00004950,2,prod_00000553,sell_00000047,2025-01-30 12:35:46,49.77,7.82
order_00004950,3,prod_00000302,sell_00000172,2025-01-31 12:35:46,80.33,8.25
order_00004951,1,prod_00000522,sell_00000201,2024-09-30 11:49:33,67.98,9.17
order_00004951,2,prod_00000306,sell_00000052,2024-09-29 11:49:33,14.97,1.16
order_00004952,1,prod_00000755,sell_00000086,2024-07-19 22:27:02,46.71,1.49
order_00004953,1,prod_00000186,sell_00000198,2025-08-20 18:26:24,40.6,4.57
order_00004954,1,prod_00000450,sell_00000139,2024-10-02 04:11:42,19.31,3.41
order_00004954,2,prod_00000463,sell_00000188,2024-10-03 04:11:42,148.02,17.12
order_00004954,3,prod_00000173,sell_00000167,2024-10-03 04:11:42,139.18,22.6
order_00004954,4,prod_00000132,sell_00000134,2024-09-30 04:11:42,74.75,10.66
order_00004955,1,prod_00000372,sell_00000086,2025-12-09 09:29:33,22.39,3.15
order_00004956,1,prod_00000179,sell_00000126,2025-12-22 20:14:50,75.23,5.95
order_00004956,2,prod_00000152,sell_00000235,2025-12-24 20:14:50,58.14,1.82
order_00004957,1,prod_00000654,sell_00000216,2024-10-16 01:10:14,36.38,2.55
order_00004958,1,prod_00000354,sell_00000106,2024-11-05 17:48:22,28.86,3.47
order_00004959,1,prod_00000725,sell_00000012,2025-12-06 20:04:34,59.76,4.18
order_00004960,1,prod_00000558,sell_00000109,2024-06-09 19:48:50,96.24,5.14
order_00004961,1,prod_00000111,sell_00000151,2024-08-12 15:35:46,39.84,1.73
order_00004962,1,prod_00000180,sell_00000062,2024-08-02 01:11:59,118.41,20.86
order_00004963,1,prod_00000695,sell_00000125,2025-02-20 20:11:44,20.4,2.99
order_00004964,1,prod_00000536,sell_00000068,2025-02-11 11:13:36,69.94,2.29
order_00004964,2,prod_00000289,sell_00000178,2025-02-11 11:13:36,3.62,0.2
order_00004965,1,prod_00000537,sell_00000114,2024-03-14 13:55:55,32.63,4.0
order_00004966,1,prod_00000751,sell_00000028,2025-08-29 22:22:15,65.75,2.27
order_00004967,1,prod_00000302,sell_00000088,2025-01-22 21:29:03,29.49,4.92
order_00004967,2,prod_00000695,sell_00000027,2025-01-20 21:29:03,151.38,24.3
order_00004968,1,prod_00000774,sell_00000201,2024-07-12 07:01:28,39.6,6.31
order_00004969,1,prod_00000559,sell_00000200,2025-04-14 00:55:16,62.59,2.66
order_00004970,1,prod_00000311,sell_00000239,2025-01-28 01:19:18,108.57,17.98
order_00004971,1,prod_00000205,sell_00000170,2024-05-28 09:04:27,82.87,10.28
order_00004971,2,prod_00000176,sell_00000087,2024-06-01 09:04:27,19.92,2.3
order_00004971,3,prod_00000319,sell_00000010,2024-05-28 09:04:27,217.68,12.28
order_00004971,4,prod_00000306,sell_00000005,2024-05-29 09:04:27,37.04,4.41
order_00004972,1,prod_00000411,sell_00000172,2025-12-21 13:05:39,26.54,2.16
order_00004973,1,prod_00000411,sell_00000075,2025-10-01 08:47:12,86.35,6.28
order_00004974,1,prod_00000552,sell_00000121,2024-05-30 22:54:53,58.82,7.84
order_00004975,1,prod_00000123,sell_00000247,2024-01-10 10:01:10,99.1,17.69
order_00004975,2,prod_00000682,sell_00000068,2024-01-09 10:01:10,49.73,4.1
order_00004975,3,prod_00000372,sell_00000034,2024-01-09 10:01:10,107.73,16.99
order_00004976,1,prod_00000518,sell_00000138,2024-12-28 09:35:38,42.17,7.03
order_00004977,1,prod_00000565,sell_00000072,2024-11-03 12:57:01,50.94,8.75
order_00004978,1,prod_00000463,sell_00000188,2024-02-27 14:04:44,19.47,1.19
order_00004978,2,prod_00000342,sell_00000021,2024-02-23 14:04:44,272.87,35.76
order_00004978,3,prod_00000618,sell_00000034,2024-02-27 14:04:44,95.6,10.23
order_00004979,1,prod_00000561,sell_00000240,2024-11-10 22:06:55,21.8,1.47
order_00004979,2,prod_00000407,sell_00000200,2024-11-08 22:06:55,12.35,2.2
order_00004980,1,prod_00000058,sell_00000075,2024-03-02 14:35:40,70.02,6.91
order_00004980,2,prod_00000048,sell_00000060,2024-03-05 14:35:40,341.63,31.04
order_00004981,1,prod_00000472,sell_00000102,2024-09-03 04:01:01,40.07,4.08
order_00004982,1,prod_00000493,sell_00000113,2024-03-24 20:59:06,62.09,9.01
order_00004983,1,prod_00000525,sell_00000199,2025-06-14 09:13:05,36.69,2.47
order_00004984,1,prod_00000542,sell_00000085,2025-08-05 20:10:45,60.57,6.19
order_00004984,2,prod_00000389,sell_00000204,2025-08-02 20:10:45,91.66,8.37
order_00004984,3,prod_00000020,sell_00000036,2025-08-07 20:10:45,247.41,10.02
order_00004985,1,prod_00000405,sell_00000163,2024-04-10 05:10:16,39.63,5.7
order_00004986,1,prod_00000182,sell_00000087,2025-04-29 18:44:11,17.31,0.71
order_00004986,2,prod_00000649,sell_00000130,2025-04-29 18:44:11,223.43,30.34
order_00004987,1,prod_00000198,sell_00000096,2025-04-05 05:33:06,86.57,8.72
order_00004987,2,prod_00000358,sell_00000002,2025-04-08 05:33:06,29.37,2.05
order_00004987,3,prod_00000466,sell_00000039,2025-04-03 05:33:06,51.94,1.8
order_00004988,1,prod_00000511,sell_00000168,2025-09-27 02:32:43,65.03,11.16
order_00004988,2,prod_00000221,sell_00000008,2025-09-22 02:32:43,214.16,20.52
order_00004988,3,prod_00000556,sell_00000063,2025-09-27 02:32:43,29.91,4.25
order_00004988,4,prod_00000291,sell_00000003,2025-09-26 02:32:43,43.7,4.0
order_00004989,1,prod_00000249,sell_00000091,2025-02-23 13:31:21,43.12,7.06
order_00004990,1,prod_00000598,sell_00000223,2024-07-20 08:56:21,38.15,4.91
order_00004991,1,prod_00000138,sell_00000213,2025-01-21 18:10:51,44.47,6.46
order_00004992,1,prod_00000322,sell_00000180,2024-05-16 06:50:18,127.07,13.27
order_00004993,1,prod_00000502,sell_00000058,2025-12-09 06:13:39,105.56,4.13
order_00004994,1,prod_00000021,sell_00000154,2025-07-06 02:22:37,13.6,1.46
order_00004995,1,prod_00000728,sell_00000082,2025-09-02 23:35:03,72.52,13.03
order_00004996,1,prod_00000392,sell_00000126,2025-03-06 19:23:46,21.24,3.63
order_00004997,1,prod_00000011,sell_00000084,2024-04-22 03:11:16,40.13,2.46
order_00004997,2,prod_00000144,sell_00000165,2024-04-21 03:11:16,118.74,17.98
order_00004997,3,prod_00000181,sell_00000240,2024-04-18 03:11:16,21.1,3.0
order_00004998,1,prod_00000290,sell_00000079,2025-09-30 21:17:52,30.46,4.24
order_00004998,2,prod_00000520,sell_00000181,2025-09-27 21:17:52,115.0,12.48
order_00004998,3,prod_00000061,sell_00000020,2025-09-26 21:17:52,35.9,4.69
order_00004999,1,prod_00000726,sell_00000241,2024-02-04 09:36:28,108.72,19.37
